Viewer_Block_Index,Source_Row,Block_Number,Block_Label,Block_Duration_Minutes,Trial_Number,Sequence_Number,Trial_In_Sequence,Contrast,Delay,DiameterX,DiameterY,Duration,Orientation,Spatial_Frequency,Temporal_Frequency,X,Y,Phase,Trial_Type,Block_Type
0,2,1,Control block 1.1,6.4,1,0,0,1,0.343,360,360,0.343,45.0,0.04,2,0,0,0,single,standard_control
0,3,1,Control block 1.1,6.4,2,0,0,1,0.343,360,360,0.343,45.0,0.04,2,0,0,0,single,standard_control
0,4,1,Control block 1.1,6.4,3,0,0,1,0.343,360,360,0.343,247.5,0.04,2,0,0,0,single,standard_control
0,5,1,Control block 1.1,6.4,4,0,0,1,0.343,360,360,0.343,90.0,0.04,2,0,0,0,single,standard_control
0,6,1,Control block 1.1,6.4,5,0,0,1,0.343,360,360,0.343,45.0,0.04,2,0,0,0,single,standard_control
0,7,1,Control block 1.1,6.4,6,0,0,1,0.343,360,360,0.343,45.0,0.04,2,0,0,0,single,standard_control
0,8,1,Control block 1.1,6.4,7,0,0,1,0.343,360,360,0.343,135.0,0.04,2,0,0,0,single,standard_control
0,9,1,Control block 1.1,6.4,8,0,0,1,0.343,360,360,0.343,22.5,0.04,2,0,0,0,single,standard_control
0,10,1,Control block 1.1,6.4,9,0,0,1,0.343,360,360,0.343,22.5,0.04,2,0,0,0,single,standard_control
0,11,1,Control block 1.1,6.4,10,0,0,1,0.343,360,360,0.343,0.0,0.04,2,0,0,0,single,standard_control
0,12,1,Control block 1.1,6.4,11,0,0,1,0.343,360,360,0.343,45.0,0.04,2,0,0,0,single,standard_control
0,13,1,Control block 1.1,6.4,12,0,0,1,0.343,360,360,0.343,225.0,0.04,2,0,0,0,single,standard_control
0,14,1,Control block 1.1,6.4,13,0,0,1,0.343,360,360,0.343,247.5,0.04,2,0,0,0,single,standard_control
0,15,1,Control block 1.1,6.4,14,0,0,1,0.343,360,360,0.343,90.0,0.04,2,0,0,0,single,standard_control
0,16,1,Control block 1.1,6.4,15,0,0,0,0.343,360,360,0.343,0,0.04,2,0,0,0,omission,standard_control
0,17,1,Control block 1.1,6.4,16,0,0,1,0.343,360,360,0.343,270.0,0.04,2,0,0,0,single,standard_control
0,18,1,Control block 1.1,6.4,17,0,0,1,0.343,360,360,0.343,180.0,0.04,2,0,0,0,single,standard_control
0,19,1,Control block 1.1,6.4,18,0,0,1,0.343,360,360,0.343,225.0,0.04,2,0,0,0,single,standard_control
0,20,1,Control block 1.1,6.4,19,0,0,1,0.343,360,360,0.343,157.5,0.04,2,0,0,0,single,standard_control
0,21,1,Control block 1.1,6.4,20,0,0,1,0.343,360,360,0.343,0.0,0.04,2,0,0,0,single,standard_control
0,22,1,Control block 1.1,6.4,21,0,0,1,0.343,360,360,0.343,45.0,0.04,2,0,0,0,single,standard_control
0,23,1,Control block 1.1,6.4,22,0,0,1,0.343,360,360,0.343,157.5,0.04,2,0,0,0,single,standard_control
0,24,1,Control block 1.1,6.4,23,0,0,1,0.343,360,360,0.343,247.5,0.04,2,0,0,0,single,standard_control
0,25,1,Control block 1.1,6.4,24,0,0,1,0.343,360,360,0.343,0.0,0.04,2,0,0,0,single,standard_control
0,26,1,Control block 1.1,6.4,25,0,0,1,0.343,360,360,0.343,22.5,0.04,2,0,0,0,single,standard_control
0,27,1,Control block 1.1,6.4,26,0,0,1,0.343,360,360,0.343,157.5,0.04,2,0,0,0,single,standard_control
0,28,1,Control block 1.1,6.4,27,0,0,1,0.343,360,360,0.343,0,0.04,0,0,0,0,halt,standard_control
0,29,1,Control block 1.1,6.4,28,0,0,1,0.343,360,360,0.343,22.5,0.04,2,0,0,0,single,standard_control
0,30,1,Control block 1.1,6.4,29,0,0,1,0.343,360,360,0.343,0,0.04,0,0,0,0,halt,standard_control
0,31,1,Control block 1.1,6.4,30,0,0,1,0.343,360,360,0.343,292.5,0.04,2,0,0,0,single,standard_control
0,32,1,Control block 1.1,6.4,31,0,0,1,0.343,360,360,0.343,90.0,0.04,2,0,0,0,single,standard_control
0,33,1,Control block 1.1,6.4,32,0,0,1,0.343,360,360,0.343,202.5,0.04,2,0,0,0,single,standard_control
0,34,1,Control block 1.1,6.4,33,0,0,1,0.343,360,360,0.343,112.5,0.04,2,0,0,0,single,standard_control
0,35,1,Control block 1.1,6.4,34,0,0,1,0.343,360,360,0.343,112.5,0.04,2,0,0,0,single,standard_control
0,36,1,Control block 1.1,6.4,35,0,0,1,0.343,360,360,0.343,0,0.04,0,0,0,0,halt,standard_control
2,2820,3,Control block 1.2,6.4,2819,0,0,1,0.343,360,360,0.343,45.0,0.04,2,0,0,0,single,standard_control
2,2821,3,Control block 1.2,6.4,2820,0,0,1,0.343,360,360,0.343,45.0,0.04,2,0,0,0,single,standard_control
2,2822,3,Control block 1.2,6.4,2821,0,0,1,0.343,360,360,0.343,247.5,0.04,2,0,0,0,single,standard_control
2,2823,3,Control block 1.2,6.4,2822,0,0,1,0.343,360,360,0.343,90.0,0.04,2,0,0,0,single,standard_control
2,2824,3,Control block 1.2,6.4,2823,0,0,1,0.343,360,360,0.343,45.0,0.04,2,0,0,0,single,standard_control
2,2825,3,Control block 1.2,6.4,2824,0,0,1,0.343,360,360,0.343,45.0,0.04,2,0,0,0,single,standard_control
2,2826,3,Control block 1.2,6.4,2825,0,0,1,0.343,360,360,0.343,135.0,0.04,2,0,0,0,single,standard_control
2,2827,3,Control block 1.2,6.4,2826,0,0,1,0.343,360,360,0.343,22.5,0.04,2,0,0,0,single,standard_control
2,2828,3,Control block 1.2,6.4,2827,0,0,1,0.343,360,360,0.343,22.5,0.04,2,0,0,0,single,standard_control
2,2829,3,Control block 1.2,6.4,2828,0,0,1,0.343,360,360,0.343,0.0,0.04,2,0,0,0,single,standard_control
2,2830,3,Control block 1.2,6.4,2829,0,0,1,0.343,360,360,0.343,45.0,0.04,2,0,0,0,single,standard_control
2,2831,3,Control block 1.2,6.4,2830,0,0,1,0.343,360,360,0.343,225.0,0.04,2,0,0,0,single,standard_control
2,2832,3,Control block 1.2,6.4,2831,0,0,1,0.343,360,360,0.343,247.5,0.04,2,0,0,0,single,standard_control
2,2833,3,Control block 1.2,6.4,2832,0,0,1,0.343,360,360,0.343,90.0,0.04,2,0,0,0,single,standard_control
2,2834,3,Control block 1.2,6.4,2833,0,0,0,0.343,360,360,0.343,0,0.04,2,0,0,0,omission,standard_control
2,2835,3,Control block 1.2,6.4,2834,0,0,1,0.343,360,360,0.343,270.0,0.04,2,0,0,0,single,standard_control
2,2836,3,Control block 1.2,6.4,2835,0,0,1,0.343,360,360,0.343,180.0,0.04,2,0,0,0,single,standard_control
2,2837,3,Control block 1.2,6.4,2836,0,0,1,0.343,360,360,0.343,225.0,0.04,2,0,0,0,single,standard_control
2,2838,3,Control block 1.2,6.4,2837,0,0,1,0.343,360,360,0.343,157.5,0.04,2,0,0,0,single,standard_control
2,2839,3,Control block 1.2,6.4,2838,0,0,1,0.343,360,360,0.343,0.0,0.04,2,0,0,0,single,standard_control
2,2840,3,Control block 1.2,6.4,2839,0,0,1,0.343,360,360,0.343,45.0,0.04,2,0,0,0,single,standard_control
2,2841,3,Control block 1.2,6.4,2840,0,0,1,0.343,360,360,0.343,157.5,0.04,2,0,0,0,single,standard_control
2,2842,3,Control block 1.2,6.4,2841,0,0,1,0.343,360,360,0.343,247.5,0.04,2,0,0,0,single,standard_control
2,2843,3,Control block 1.2,6.4,2842,0,0,1,0.343,360,360,0.343,0.0,0.04,2,0,0,0,single,standard_control
2,2844,3,Control block 1.2,6.4,2843,0,0,1,0.343,360,360,0.343,22.5,0.04,2,0,0,0,single,standard_control
2,2845,3,Control block 1.2,6.4,2844,0,0,1,0.343,360,360,0.343,157.5,0.04,2,0,0,0,single,standard_control
2,2846,3,Control block 1.2,6.4,2845,0,0,1,0.343,360,360,0.343,0,0.04,0,0,0,0,halt,standard_control
2,2847,3,Control block 1.2,6.4,2846,0,0,1,0.343,360,360,0.343,22.5,0.04,2,0,0,0,single,standard_control
2,2848,3,Control block 1.2,6.4,2847,0,0,1,0.343,360,360,0.343,0,0.04,0,0,0,0,halt,standard_control
2,2849,3,Control block 1.2,6.4,2848,0,0,1,0.343,360,360,0.343,292.5,0.04,2,0,0,0,single,standard_control
2,2850,3,Control block 1.2,6.4,2849,0,0,1,0.343,360,360,0.343,90.0,0.04,2,0,0,0,single,standard_control
2,2851,3,Control block 1.2,6.4,2850,0,0,1,0.343,360,360,0.343,202.5,0.04,2,0,0,0,single,standard_control
2,2852,3,Control block 1.2,6.4,2851,0,0,1,0.343,360,360,0.343,112.5,0.04,2,0,0,0,single,standard_control
2,2853,3,Control block 1.2,6.4,2852,0,0,1,0.343,360,360,0.343,112.5,0.04,2,0,0,0,single,standard_control
2,2854,3,Control block 1.2,6.4,2853,0,0,1,0.343,360,360,0.343,0,0.04,0,0,0,0,halt,standard_control
3,3364,4,Control block 2,4.7,3363,0,0,1,0,360,360,0.25,0.0,0.04,2,0,0,0,single,sequential_control_block
3,3365,4,Control block 2,4.7,3364,0,0,1,0,360,360,0.25,135.0,0.04,2,0,0,0,single,sequential_control_block
3,3366,4,Control block 2,4.7,3365,0,0,1,0,360,360,0.25,135.0,0.04,2,0,0,0,single,sequential_control_block
3,3367,4,Control block 2,4.7,3366,0,0,1,0,360,360,0.25,135.0,0.04,2,0,0,0,single,sequential_control_block
3,3368,4,Control block 2,4.7,3367,0,0,1,0,360,360,0.25,247.5,0.04,2,0,0,0,single,sequential_control_block
3,3369,4,Control block 2,4.7,3368,0,0,1,0,360,360,0.25,0.0,0.04,2,0,0,0,single,sequential_control_block
3,3370,4,Control block 2,4.7,3369,0,0,1,0,360,360,0.25,0.0,0.04,2,0,0,0,single,sequential_control_block
3,3371,4,Control block 2,4.7,3370,0,0,1,0,360,360,0.25,292.5,0.04,2,0,0,0,single,sequential_control_block
3,3372,4,Control block 2,4.7,3371,0,0,1,0,360,360,0.25,0,0.04,0,0,0,0,halt,sequential_control_block
3,3373,4,Control block 2,4.7,3372,0,0,0,0,360,360,0.25,0,0.04,2,0,0,0,omission,sequential_control_block
3,3374,4,Control block 2,4.7,3373,0,0,1,0,360,360,0.25,90.0,0.04,2,0,0,0,single,sequential_control_block
3,3375,4,Control block 2,4.7,3374,0,0,1,0,360,360,0.25,180.0,0.04,2,0,0,0,single,sequential_control_block
3,3376,4,Control block 2,4.7,3375,0,0,1,0,360,360,0.25,0.0,0.04,2,0,0,0,single,sequential_control_block
3,3377,4,Control block 2,4.7,3376,0,0,1,0,360,360,0.25,22.5,0.04,2,0,0,0,single,sequential_control_block
3,3378,4,Control block 2,4.7,3377,0,0,1,0,360,360,0.25,135.0,0.04,2,0,0,0,single,sequential_control_block
3,3379,4,Control block 2,4.7,3378,0,0,1,0,360,360,0.25,180.0,0.04,2,0,0,0,single,sequential_control_block
3,3380,4,Control block 2,4.7,3379,0,0,1,0,360,360,0.25,157.5,0.04,2,0,0,0,single,sequential_control_block
3,3381,4,Control block 2,4.7,3380,0,0,0,0,360,360,0.25,0,0.04,2,0,0,0,omission,sequential_control_block
3,3382,4,Control block 2,4.7,3381,0,0,1,0,360,360,0.25,270.0,0.04,2,0,0,0,single,sequential_control_block
3,3383,4,Control block 2,4.7,3382,0,0,1,0,360,360,0.25,202.5,0.04,2,0,0,0,single,sequential_control_block
3,3384,4,Control block 2,4.7,3383,0,0,1,0,360,360,0.25,270.0,0.04,2,0,0,0,single,sequential_control_block
3,3385,4,Control block 2,4.7,3384,0,0,1,0,360,360,0.25,202.5,0.04,2,0,0,0,single,sequential_control_block
3,3386,4,Control block 2,4.7,3385,0,0,1,0,360,360,0.25,247.5,0.04,2,0,0,0,single,sequential_control_block
3,3387,4,Control block 2,4.7,3386,0,0,1,0,360,360,0.25,67.5,0.04,2,0,0,0,single,sequential_control_block
3,3388,4,Control block 2,4.7,3387,0,0,1,0,360,360,0.25,225.0,0.04,2,0,0,0,single,sequential_control_block
3,3389,4,Control block 2,4.7,3388,0,0,1,0,360,360,0.25,180.0,0.04,2,0,0,0,single,sequential_control_block
3,3390,4,Control block 2,4.7,3389,0,0,1,0,360,360,0.25,0.0,0.04,2,0,0,0,single,sequential_control_block
3,3391,4,Control block 2,4.7,3390,0,0,1,0,360,360,0.25,180.0,0.04,2,0,0,0,single,sequential_control_block
3,3392,4,Control block 2,4.7,3391,0,0,1,0,360,360,0.25,67.5,0.04,2,0,0,0,single,sequential_control_block
3,3393,4,Control block 2,4.7,3392,0,0,1,0,360,360,0.25,247.5,0.04,2,0,0,0,single,sequential_control_block
3,3394,4,Control block 2,4.7,3393,0,0,1,0,360,360,0.25,112.5,0.04,2,0,0,0,single,sequential_control_block
3,3395,4,Control block 2,4.7,3394,0,0,1,0,360,360,0.25,247.5,0.04,2,0,0,0,single,sequential_control_block
3,3396,4,Control block 2,4.7,3395,0,0,1,0,360,360,0.25,112.5,0.04,2,0,0,0,single,sequential_control_block
3,3397,4,Control block 2,4.7,3396,0,0,1,0,360,360,0.25,225.0,0.04,2,0,0,0,single,sequential_control_block
3,3398,4,Control block 2,4.7,3397,0,0,1,0,360,360,0.25,67.5,0.04,2,0,0,0,single,sequential_control_block
3,3399,4,Control block 2,4.7,3398,0,0,1,0,360,360,0.25,225.0,0.04,2,0,0,0,single,sequential_control_block
3,3400,4,Control block 2,4.7,3399,0,0,1,0,360,360,0.25,292.5,0.04,2,0,0,0,single,sequential_control_block
3,3401,4,Control block 2,4.7,3400,0,0,1,0,360,360,0.25,112.5,0.04,2,0,0,0,single,sequential_control_block
3,3402,4,Control block 2,4.7,3401,0,0,1,0,360,360,0.25,225.0,0.04,2,0,0,0,single,sequential_control_block
3,3403,4,Control block 2,4.7,3402,0,0,1,0,360,360,0.25,247.5,0.04,2,0,0,0,single,sequential_control_block
3,3404,4,Control block 2,4.7,3403,0,0,1,0,360,360,0.25,292.5,0.04,2,0,0,0,single,sequential_control_block
3,3405,4,Control block 2,4.7,3404,0,0,1,0,360,360,0.25,67.5,0.04,2,0,0,0,single,sequential_control_block
3,3406,4,Control block 2,4.7,3405,0,0,1,0,360,360,0.25,247.5,0.04,2,0,0,0,single,sequential_control_block
3,3407,4,Control block 2,4.7,3406,0,0,1,0,360,360,0.25,157.5,0.04,2,0,0,0,single,sequential_control_block
3,3408,4,Control block 2,4.7,3407,0,0,1,0,360,360,0.25,0,0.04,0,0,0,0,halt,sequential_control_block
3,3409,4,Control block 2,4.7,3408,0,0,1,0,360,360,0.25,0,0.04,0,0,0,0,halt,sequential_control_block
3,3410,4,Control block 2,4.7,3409,0,0,1,0,360,360,0.25,135.0,0.04,2,0,0,0,single,sequential_control_block
3,3411,4,Control block 2,4.7,3410,0,0,1,0,360,360,0.25,292.5,0.04,2,0,0,0,single,sequential_control_block
3,3412,4,Control block 2,4.7,3411,0,0,1,0,360,360,0.25,45.0,0.04,2,0,0,0,single,sequential_control_block
3,3413,4,Control block 2,4.7,3412,0,0,1,0,360,360,0.25,225.0,0.04,2,0,0,0,single,sequential_control_block
3,3414,4,Control block 2,4.7,3413,0,0,1,0,360,360,0.25,225.0,0.04,2,0,0,0,single,sequential_control_block
3,3415,4,Control block 2,4.7,3414,0,0,1,0,360,360,0.25,22.5,0.04,2,0,0,0,single,sequential_control_block
3,3416,4,Control block 2,4.7,3415,0,0,1,0,360,360,0.25,0,0.04,0,0,0,0,halt,sequential_control_block
3,3417,4,Control block 2,4.7,3416,0,0,1,0,360,360,0.25,22.5,0.04,2,0,0,0,single,sequential_control_block
3,3418,4,Control block 2,4.7,3417,0,0,1,0,360,360,0.25,67.5,0.04,2,0,0,0,single,sequential_control_block
3,3419,4,Control block 2,4.7,3418,0,0,1,0,360,360,0.25,202.5,0.04,2,0,0,0,single,sequential_control_block
3,3420,4,Control block 2,4.7,3419,0,0,1,0,360,360,0.25,112.5,0.04,2,0,0,0,single,sequential_control_block
3,3421,4,Control block 2,4.7,3420,0,0,1,0,360,360,0.25,270.0,0.04,2,0,0,0,single,sequential_control_block
3,3422,4,Control block 2,4.7,3421,0,0,1,0,360,360,0.25,90.0,0.04,2,0,0,0,single,sequential_control_block
3,3423,4,Control block 2,4.7,3422,0,0,1,0,360,360,0.25,157.5,0.04,2,0,0,0,single,sequential_control_block
3,3424,4,Control block 2,4.7,3423,0,0,1,0,360,360,0.25,45.0,0.04,2,0,0,0,single,sequential_control_block
3,3425,4,Control block 2,4.7,3424,0,0,1,0,360,360,0.25,247.5,0.04,2,0,0,0,single,sequential_control_block
3,3426,4,Control block 2,4.7,3425,0,0,1,0,360,360,0.25,22.5,0.04,2,0,0,0,single,sequential_control_block
3,3427,4,Control block 2,4.7,3426,0,0,1,0,360,360,0.25,0.0,0.04,2,0,0,0,single,sequential_control_block
3,3428,4,Control block 2,4.7,3427,0,0,1,0,360,360,0.25,270.0,0.04,2,0,0,0,single,sequential_control_block
3,3429,4,Control block 2,4.7,3428,0,0,0,0,360,360,0.25,0,0.04,2,0,0,0,omission,sequential_control_block
3,3430,4,Control block 2,4.7,3429,0,0,1,0,360,360,0.25,247.5,0.04,2,0,0,0,single,sequential_control_block
3,3431,4,Control block 2,4.7,3430,0,0,1,0,360,360,0.25,292.5,0.04,2,0,0,0,single,sequential_control_block
3,3432,4,Control block 2,4.7,3431,0,0,1,0,360,360,0.25,67.5,0.04,2,0,0,0,single,sequential_control_block
3,3433,4,Control block 2,4.7,3432,0,0,1,0,360,360,0.25,202.5,0.04,2,0,0,0,single,sequential_control_block
3,3434,4,Control block 2,4.7,3433,0,0,1,0,360,360,0.25,202.5,0.04,2,0,0,0,single,sequential_control_block
3,3435,4,Control block 2,4.7,3434,0,0,1,0,360,360,0.25,112.5,0.04,2,0,0,0,single,sequential_control_block
3,3436,4,Control block 2,4.7,3435,0,0,1,0,360,360,0.25,67.5,0.04,2,0,0,0,single,sequential_control_block
3,3437,4,Control block 2,4.7,3436,0,0,1,0,360,360,0.25,225.0,0.04,2,0,0,0,single,sequential_control_block
3,3438,4,Control block 2,4.7,3437,0,0,1,0,360,360,0.25,157.5,0.04,2,0,0,0,single,sequential_control_block
3,3439,4,Control block 2,4.7,3438,0,0,1,0,360,360,0.25,0,0.04,0,0,0,0,halt,sequential_control_block
3,3440,4,Control block 2,4.7,3439,0,0,1,0,360,360,0.25,45.0,0.04,2,0,0,0,single,sequential_control_block
3,3441,4,Control block 2,4.7,3440,0,0,1,0,360,360,0.25,22.5,0.04,2,0,0,0,single,sequential_control_block
3,3442,4,Control block 2,4.7,3441,0,0,1,0,360,360,0.25,90.0,0.04,2,0,0,0,single,sequential_control_block
3,3443,4,Control block 2,4.7,3442,0,0,1,0,360,360,0.25,67.5,0.04,2,0,0,0,single,sequential_control_block
3,3444,4,Control block 2,4.7,3443,0,0,1,0,360,360,0.25,180.0,0.04,2,0,0,0,single,sequential_control_block
3,3445,4,Control block 2,4.7,3444,0,0,1,0,360,360,0.25,0.0,0.04,2,0,0,0,single,sequential_control_block
3,3446,4,Control block 2,4.7,3445,0,0,1,0,360,360,0.25,202.5,0.04,2,0,0,0,single,sequential_control_block
3,3447,4,Control block 2,4.7,3446,0,0,1,0,360,360,0.25,22.5,0.04,2,0,0,0,single,sequential_control_block
3,3448,4,Control block 2,4.7,3447,0,0,1,0,360,360,0.25,292.5,0.04,2,0,0,0,single,sequential_control_block
3,3449,4,Control block 2,4.7,3448,0,0,1,0,360,360,0.25,90.0,0.04,2,0,0,0,single,sequential_control_block
3,3450,4,Control block 2,4.7,3449,0,0,1,0,360,360,0.25,0,0.04,0,0,0,0,halt,sequential_control_block
3,3451,4,Control block 2,4.7,3450,0,0,1,0,360,360,0.25,225.0,0.04,2,0,0,0,single,sequential_control_block
3,3452,4,Control block 2,4.7,3451,0,0,1,0,360,360,0.25,45.0,0.04,2,0,0,0,single,sequential_control_block
3,3453,4,Control block 2,4.7,3452,0,0,1,0,360,360,0.25,225.0,0.04,2,0,0,0,single,sequential_control_block
3,3454,4,Control block 2,4.7,3453,0,0,1,0,360,360,0.25,270.0,0.04,2,0,0,0,single,sequential_control_block
3,3455,4,Control block 2,4.7,3454,0,0,1,0,360,360,0.25,90.0,0.04,2,0,0,0,single,sequential_control_block
3,3456,4,Control block 2,4.7,3455,0,0,1,0,360,360,0.25,225.0,0.04,2,0,0,0,single,sequential_control_block
3,3457,4,Control block 2,4.7,3456,0,0,1,0,360,360,0.25,247.5,0.04,2,0,0,0,single,sequential_control_block
3,3458,4,Control block 2,4.7,3457,0,0,1,0,360,360,0.25,270.0,0.04,2,0,0,0,single,sequential_control_block
3,3459,4,Control block 2,4.7,3458,0,0,1,0,360,360,0.25,292.5,0.04,2,0,0,0,single,sequential_control_block
4,4484,5,Control block 3,6.4,4483,0,0,1,0.343,360,360,0.05,0,0.04,2,0,0,0,single,jitter_control
4,4485,5,Control block 3,6.4,4484,0,0,1,0.343,360,360,0.2,0,0.04,2,0,0,0,single,jitter_control
4,4486,5,Control block 3,6.4,4485,0,0,1,0.343,360,360,0.1,0,0.04,2,0,0,0,single,jitter_control
4,4487,5,Control block 3,6.4,4486,0,0,1,0.343,360,360,0.1,0,0.04,2,0,0,0,single,jitter_control
4,4488,5,Control block 3,6.4,4487,0,0,1,0.343,360,360,0.1,0,0.04,2,0,0,0,single,jitter_control
4,4489,5,Control block 3,6.4,4488,0,0,1,0.343,360,360,0.05,0,0.04,2,0,0,0,single,jitter_control
4,4490,5,Control block 3,6.4,4489,0,0,1,0.343,360,360,0.05,0,0.04,2,0,0,0,single,jitter_control
4,4491,5,Control block 3,6.4,4490,0,0,1,0.343,360,360,0.2,0,0.04,2,0,0,0,single,jitter_control
4,4492,5,Control block 3,6.4,4491,0,0,1,0.343,360,360,0.2,0,0.04,2,0,0,0,single,jitter_control
4,4493,5,Control block 3,6.4,4492,0,0,1,0.343,360,360,0.2,0,0.04,2,0,0,0,single,jitter_control
4,4494,5,Control block 3,6.4,4493,0,0,1,0.343,360,360,0.05,0,0.04,2,0,0,0,single,jitter_control
4,4495,5,Control block 3,6.4,4494,0,0,1,0.343,360,360,0.1,0,0.04,2,0,0,0,single,jitter_control
4,4496,5,Control block 3,6.4,4495,0,0,1,0.343,360,360,0.2,0,0.04,2,0,0,0,single,jitter_control
4,4497,5,Control block 3,6.4,4496,0,0,1,0.343,360,360,0.1,0,0.04,2,0,0,0,single,jitter_control
4,4498,5,Control block 3,6.4,4497,0,0,1,0.343,360,360,0.343,0,0.04,2,0,0,0,single,jitter_control
4,4499,5,Control block 3,6.4,4498,0,0,1,0.343,360,360,0.1,0,0.04,2,0,0,0,single,jitter_control
4,4500,5,Control block 3,6.4,4499,0,0,1,0.343,360,360,0.2,0,0.04,2,0,0,0,single,jitter_control
4,4501,5,Control block 3,6.4,4500,0,0,1,0.343,360,360,0.05,0,0.04,2,0,0,0,single,jitter_control
4,4502,5,Control block 3,6.4,4501,0,0,1,0.343,360,360,0.343,0,0.04,2,0,0,0,single,jitter_control
4,4503,5,Control block 3,6.4,4502,0,0,1,0.343,360,360,0.05,0,0.04,2,0,0,0,single,jitter_control
4,4504,5,Control block 3,6.4,4503,0,0,1,0.343,360,360,0.343,0,0.04,2,0,0,0,single,jitter_control
4,4505,5,Control block 3,6.4,4504,0,0,1,0.343,360,360,0.1,0,0.04,2,0,0,0,single,jitter_control
4,4506,5,Control block 3,6.4,4505,0,0,1,0.343,360,360,0.2,0,0.04,2,0,0,0,single,jitter_control
4,4507,5,Control block 3,6.4,4506,0,0,1,0.343,360,360,0.05,0,0.04,2,0,0,0,single,jitter_control
4,4508,5,Control block 3,6.4,4507,0,0,1,0.343,360,360,0.343,0,0.04,2,0,0,0,single,jitter_control
4,4509,5,Control block 3,6.4,4508,0,0,1,0.343,360,360,0.2,0,0.04,2,0,0,0,single,jitter_control
4,4510,5,Control block 3,6.4,4509,0,0,1,0.343,360,360,0.05,0,0.04,2,0,0,0,single,jitter_control
4,4511,5,Control block 3,6.4,4510,0,0,1,0.343,360,360,0.343,0,0.04,2,0,0,0,single,jitter_control
4,4512,5,Control block 3,6.4,4511,0,0,1,0.343,360,360,0.2,0,0.04,2,0,0,0,single,jitter_control
4,4513,5,Control block 3,6.4,4512,0,0,1,0.343,360,360,0.343,0,0.04,2,0,0,0,single,jitter_control
4,4514,5,Control block 3,6.4,4513,0,0,1,0.343,360,360,0.343,0,0.04,2,0,0,0,single,jitter_control
4,4515,5,Control block 3,6.4,4514,0,0,1,0.343,360,360,0.05,0,0.04,2,0,0,0,single,jitter_control
4,4516,5,Control block 3,6.4,4515,0,0,1,0.343,360,360,0.05,0,0.04,2,0,0,0,single,jitter_control
4,4517,5,Control block 3,6.4,4516,0,0,1,0.343,360,360,0.2,0,0.04,2,0,0,0,single,jitter_control
4,4518,5,Control block 3,6.4,4517,0,0,1,0.343,360,360,0.343,0,0.04,2,0,0,0,single,jitter_control
4,4519,5,Control block 3,6.4,4518,0,0,1,0.343,360,360,0.1,0,0.04,2,0,0,0,single,jitter_control
4,4520,5,Control block 3,6.4,4519,0,0,1,0.343,360,360,0.343,0,0.04,2,0,0,0,single,jitter_control
4,4521,5,Control block 3,6.4,4520,0,0,1,0.343,360,360,0.343,0,0.04,2,0,0,0,single,jitter_control
4,4522,5,Control block 3,6.4,4521,0,0,1,0.343,360,360,0.2,0,0.04,2,0,0,0,single,jitter_control
4,4523,5,Control block 3,6.4,4522,0,0,1,0.343,360,360,0.1,0,0.04,2,0,0,0,single,jitter_control
4,4524,5,Control block 3,6.4,4523,0,0,1,0.343,360,360,0.1,0,0.04,2,0,0,0,single,jitter_control
4,4525,5,Control block 3,6.4,4524,0,0,1,0.343,360,360,0.05,0,0.04,2,0,0,0,single,jitter_control
4,4526,5,Control block 3,6.4,4525,0,0,1,0.343,360,360,0.05,0,0.04,2,0,0,0,single,jitter_control
4,4527,5,Control block 3,6.4,4526,0,0,1,0.343,360,360,0.2,0,0.04,2,0,0,0,single,jitter_control
4,4528,5,Control block 3,6.4,4527,0,0,1,0.343,360,360,0.1,0,0.04,2,0,0,0,single,jitter_control
4,4529,5,Control block 3,6.4,4528,0,0,1,0.343,360,360,0.343,0,0.04,2,0,0,0,single,jitter_control
4,4530,5,Control block 3,6.4,4529,0,0,1,0.343,360,360,0.2,0,0.04,2,0,0,0,single,jitter_control
5,5040,6,Control block 4,6.4,5039,1,1,1,0,360,360,0.03333333333333333,0,0.04,0,0,0,4.590695619180301,prerecorded,open_loop_prerecorded
5,5041,6,Control block 4,6.4,5040,1,2,1,0,360,360,0.03333333333333333,0,0.04,0,0,0,4.925539414145662,prerecorded,open_loop_prerecorded
5,5042,6,Control block 4,6.4,5041,1,3,1,0,360,360,0.03333333333333333,0,0.04,0,0,0,5.260383209106961,prerecorded,open_loop_prerecorded
5,5043,6,Control block 4,6.4,5042,1,4,1,0,360,360,0.03333333333333333,0,0.04,0,0,0,5.59522700407029,prerecorded,open_loop_prerecorded
5,5044,6,Control block 4,6.4,5043,1,5,1,0,360,360,0.03333333333333333,0,0.04,0,0,0,5.933791285683267,prerecorded,open_loop_prerecorded
5,5045,6,Control block 4,6.4,5044,2,1,1,0,360,360,0.03333333333333333,0,0.04,0,0,0,0.32401405499871444,prerecorded,open_loop_prerecorded
5,5046,6,Control block 4,6.4,5045,2,2,1,0,360,360,0.03333333333333333,0,0.04,0,0,0,0.6625783366137231,prerecorded,open_loop_prerecorded
5,5047,6,Control block 4,6.4,5046,2,3,1,0,360,360,0.03333333333333333,0,0.04,0,0,0,1.332265926538351,prerecorded,open_loop_prerecorded
5,5048,6,Control block 4,6.4,5047,2,4,1,0,360,360,0.03333333333333333,0,0.04,0,0,0,2.0131149762514053,prerecorded,open_loop_prerecorded
5,5049,6,Control block 4,6.4,5048,2,5,1,0,360,360,0.03333333333333333,0,0.04,0,0,0,2.344238284646361,prerecorded,open_loop_prerecorded
5,5050,6,Control block 4,6.4,5049,3,1,1,0,360,360,0.03333333333333333,0,0.04,0,0,0,3.0139258745709885,prerecorded,open_loop_prerecorded
5,5051,6,Control block 4,6.4,5050,3,2,1,0,360,360,0.03333333333333333,0,0.04,0,0,0,3.3413286963102022,prerecorded,open_loop_prerecorded
5,5052,6,Control block 4,6.4,5051,3,3,1,0,360,360,0.03333333333333333,0,0.04,0,0,0,3.672452004621853,prerecorded,open_loop_prerecorded
5,5053,6,Control block 4,6.4,5052,3,4,1,0,360,360,0.03333333333333333,0,0.04,0,0,0,3.9961343397926923,prerecorded,open_loop_prerecorded
5,5054,6,Control block 4,6.4,5053,3,5,1,0,360,360,0.03333333333333333,0,0.04,0,0,0,4.3235371615359695,prerecorded,open_loop_prerecorded
5,5055,6,Control block 4,6.4,5054,4,1,1,0,360,360,0.03333333333333333,0,0.04,0,0,0,4.650939983275183,prerecorded,open_loop_prerecorded
5,5056,6,Control block 4,6.4,5055,4,2,1,0,360,360,0.03333333333333333,0,0.04,0,0,0,5.305745626757673,prerecorded,open_loop_prerecorded
5,5057,6,Control block 4,6.4,5056,4,3,1,0,360,360,0.03333333333333333,0,0.04,0,0,0,5.644309908287345,prerecorded,open_loop_prerecorded
5,5058,6,Control block 4,6.4,5057,4,4,1,0,360,360,0.03333333333333333,0,0.04,0,0,0,0.03453267768609686,prerecorded,open_loop_prerecorded
5,5059,6,Control block 4,6.4,5058,4,5,1,0,360,360,0.03333333333333333,0,0.04,0,0,0,0.693058807736961,prerecorded,open_loop_prerecorded
5,5060,6,Control block 4,6.4,5059,5,1,1,0,360,360,0.03333333333333333,0,0.04,0,0,0,1.0130206562561217,prerecorded,open_loop_prerecorded
5,5061,6,Control block 4,6.4,5060,5,2,1,0,360,360,0.03333333333333333,0,0.04,0,0,0,1.3329825047752821,prerecorded,open_loop_prerecorded
5,5062,6,Control block 4,6.4,5061,5,3,1,0,360,360,0.03333333333333333,0,0.04,0,0,0,1.6380624068523053,prerecorded,open_loop_prerecorded
5,5063,6,Control block 4,6.4,5062,5,4,1,0,360,360,0.03333333333333333,0,0.04,0,0,0,1.9468627955810074,prerecorded,open_loop_prerecorded
5,5064,6,Control block 4,6.4,5063,5,5,1,0,360,360,0.03333333333333333,0,0.04,0,0,0,2.2519426976580306,prerecorded,open_loop_prerecorded
5,5065,6,Control block 4,6.4,5064,6,1,1,0,360,360,0.03333333333333333,0,0.04,0,0,0,2.5346996800708315,prerecorded,open_loop_prerecorded
5,5066,6,Control block 4,6.4,5065,6,2,1,0,360,360,0.03333333333333333,0,0.04,0,0,0,2.821177149052007,prerecorded,open_loop_prerecorded
5,5067,6,Control block 4,6.4,5066,6,3,1,0,360,360,0.03333333333333333,0,0.04,0,0,0,3.1002136448944024,prerecorded,open_loop_prerecorded
5,5068,6,Control block 4,6.4,5067,6,4,1,0,360,360,0.03333333333333333,0,0.04,0,0,0,3.654566149846241,prerecorded,open_loop_prerecorded
5,5069,6,Control block 4,6.4,5068,6,5,1,0,360,360,0.03333333333333333,0,0.04,0,0,0,3.9522050787032117,prerecorded,open_loop_prerecorded
5,5070,6,Control block 4,6.4,5069,7,1,1,0,360,360,0.03333333333333333,0,0.04,0,0,0,4.618172182059466,prerecorded,open_loop_prerecorded
5,5071,6,Control block 4,6.4,5070,7,2,1,0,360,360,0.03333333333333333,0,0.04,0,0,0,4.997661816349208,prerecorded,open_loop_prerecorded
5,5072,6,Control block 4,6.4,5071,7,3,1,0,360,360,0.03333333333333333,0,0.04,0,0,0,5.399474370303171,prerecorded,open_loop_prerecorded
5,5073,6,Control block 4,6.4,5072,7,4,1,0,360,360,0.03333333333333333,0,0.04,0,0,0,5.805007410827541,prerecorded,open_loop_prerecorded
5,5074,6,Control block 4,6.4,5073,7,5,1,0,360,360,0.03333333333333333,0,0.04,0,0,0,6.221701911225673,prerecorded,open_loop_prerecorded
5,5075,6,Control block 4,6.4,5074,8,1,1,0,360,360,0.03333333333333333,0,0.04,0,0,0,0.3440496446517302,prerecorded,open_loop_prerecorded
5,5076,6,Control block 4,6.4,5075,8,2,1,0,360,360,0.03333333333333333,0,0.04,0,0,0,0.7458621986077258,prerecorded,open_loop_prerecorded
5,5077,6,Control block 4,6.4,5076,8,3,1,0,360,360,0.03333333333333333,0,0.04,0,0,0,1.1253518328994996,prerecorded,open_loop_prerecorded
5,5078,6,Control block 4,6.4,5077,8,4,1,0,360,360,0.03333333333333333,0,0.04,0,0,0,1.493680007315478,prerecorded,open_loop_prerecorded
5,5079,6,Control block 4,6.4,5078,8,5,1,0,360,360,0.03333333333333333,0,0.04,0,0,0,1.8582876951630827,prerecorded,open_loop_prerecorded
5,5080,6,Control block 4,6.4,5079,9,1,1,0,360,360,0.03333333333333333,0,0.04,0,0,0,2.211733923220229,prerecorded,open_loop_prerecorded
5,5081,6,Control block 4,6.4,5080,9,2,1,0,360,360,0.03333333333333333,0,0.04,0,0,0,2.9149058925995366,prerecorded,open_loop_prerecorded
5,5082,6,Control block 4,6.4,5081,9,3,1,0,360,360,0.03333333333333333,0,0.04,0,0,0,3.257190660784951,prerecorded,open_loop_prerecorded
5,5083,6,Control block 4,6.4,5082,9,4,1,0,360,360,0.03333333333333333,0,0.04,0,0,0,3.926878250707547,prerecorded,open_loop_prerecorded
5,5084,6,Control block 4,6.4,5083,9,5,1,0,360,360,0.03333333333333333,0,0.04,0,0,0,4.250560585880418,prerecorded,open_loop_prerecorded
5,5085,6,Control block 4,6.4,5084,10,1,1,0,360,360,0.03333333333333333,0,0.04,0,0,0,4.570522434399579,prerecorded,open_loop_prerecorded
5,5086,6,Control block 4,6.4,5085,10,2,1,0,360,360,0.03333333333333333,0,0.04,0,0,0,4.875602336476602,prerecorded,open_loop_prerecorded
5,5087,6,Control block 4,6.4,5086,10,3,1,0,360,360,0.03333333333333333,0,0.04,0,0,0,5.176961751901946,prerecorded,open_loop_prerecorded
5,5088,6,Control block 4,6.4,5087,10,4,1,0,360,360,0.03333333333333333,0,0.04,0,0,0,5.4671597075348,prerecorded,open_loop_prerecorded
5,5089,6,Control block 4,6.4,5088,10,5,1,0,360,360,0.03333333333333333,0,0.04,0,0,0,5.7461962033792275,prerecorded,open_loop_prerecorded
5,5090,6,Control block 4,6.4,5089,11,1,1,0,360,360,0.03333333333333333,0,0.04,0,0,0,5.7461962033792275,prerecorded,open_loop_prerecorded
5,5091,6,Control block 4,6.4,5090,11,2,1,0,360,360,0.03333333333333333,0,0.04,0,0,0,6.2707848154427275,prerecorded,open_loop_prerecorded
5,5092,6,Control block 4,6.4,5091,11,3,1,0,360,360,0.03333333333333333,0,0.04,0,0,0,0.22199016478115677,prerecorded,open_loop_prerecorded
5,5093,6,Control block 4,6.4,5092,11,4,1,0,360,360,0.03333333333333333,0,0.04,0,0,0,0.4340579015475812,prerecorded,open_loop_prerecorded
5,5094,6,Control block 4,6.4,5093,11,5,1,0,360,360,0.03333333333333333,0,0.04,0,0,0,0.8321499689331713,prerecorded,open_loop_prerecorded
5,5095,6,Control block 4,6.4,5094,12,1,1,0,360,360,0.03333333333333333,0,0.04,0,0,0,1.0181742994690317,prerecorded,open_loop_prerecorded
5,5096,6,Control block 4,6.4,5095,12,2,1,0,360,360,0.03333333333333333,0,0.04,0,0,0,1.38650247388501,prerecorded,open_loop_prerecorded
5,5097,6,Control block 4,6.4,5096,12,3,1,0,360,360,0.03333333333333333,0,0.04,0,0,0,1.587408750863008,prerecorded,open_loop_prerecorded
5,5098,6,Control block 4,6.4,5097,12,4,1,0,360,360,0.03333333333333333,0,0.04,0,0,0,2.033867144143384,prerecorded,open_loop_prerecorded
5,5099,6,Control block 4,6.4,5098,12,5,1,0,360,360,0.03333333333333333,0,0.04,0,0,0,2.2756987738834837,prerecorded,open_loop_prerecorded
5,5100,6,Control block 4,6.4,5099,13,1,1,0,360,360,0.03333333333333333,0,0.04,0,0,0,2.532412349978352,prerecorded,open_loop_prerecorded
5,5101,6,Control block 4,6.4,5100,13,2,1,0,360,360,0.03333333333333333,0,0.04,0,0,0,2.8151693323911533,prerecorded,open_loop_prerecorded
5,5102,6,Control block 4,6.4,5101,13,3,1,0,360,360,0.03333333333333333,0,0.04,0,0,0,3.4104471901010305,prerecorded,open_loop_prerecorded
5,5103,6,Control block 4,6.4,5102,13,4,1,0,360,360,0.03333333333333333,0,0.04,0,0,0,3.730409038622223,prerecorded,open_loop_prerecorded
5,5104,6,Control block 4,6.4,5103,13,5,1,0,360,360,0.03333333333333333,0,0.04,0,0,0,4.054091373795094,prerecorded,open_loop_prerecorded
5,5105,6,Control block 4,6.4,5104,14,1,1,0,360,360,0.03333333333333333,0,0.04,0,0,0,4.686574097611331,prerecorded,open_loop_prerecorded
5,5106,6,Control block 4,6.4,5105,14,2,1,0,360,360,0.03333333333333333,0,0.04,0,0,0,4.991653999686322,prerecorded,open_loop_prerecorded
5,5107,6,Control block 4,6.4,5106,14,3,1,0,360,360,0.03333333333333333,0,0.04,0,0,0,5.527404071627649,prerecorded,open_loop_prerecorded
5,5108,6,Control block 4,6.4,5107,14,4,1,0,360,360,0.03333333333333333,0,0.04,0,0,0,5.758074241489922,prerecorded,open_loop_prerecorded
5,5109,6,Control block 4,6.4,5108,14,5,1,0,360,360,0.03333333333333333,0,0.04,0,0,0,5.970141978258378,prerecorded,open_loop_prerecorded
5,5110,6,Control block 4,6.4,5109,15,1,1,0,360,360,0.03333333333333333,0,0.04,0,0,0,6.1859302016764826,prerecorded,open_loop_prerecorded
5,5111,6,Control block 4,6.4,5110,15,2,1,0,360,360,0.03333333333333333,0,0.04,0,0,0,0.11109214469697813,prerecorded,open_loop_prerecorded
5,5112,6,Control block 4,6.4,5111,15,3,1,0,360,360,0.03333333333333333,0,0.04,0,0,0,0.33060085477082407,prerecorded,open_loop_prerecorded
5,5113,6,Control block 4,6.4,5112,15,4,1,0,360,360,0.03333333333333333,0,0.04,0,0,0,0.5575505379814177,prerecorded,open_loop_prerecorded
5,5114,6,Control block 4,6.4,5113,15,5,1,0,360,360,0.03333333333333333,0,0.04,0,0,0,1.0486547705922695,prerecorded,open_loop_prerecorded
5,5115,6,Control block 4,6.4,5114,16,1,1,0,360,360,0.03333333333333333,0,0.04,0,0,0,1.3202502932146123,prerecorded,open_loop_prerecorded
5,5116,6,Control block 4,6.4,5115,16,2,1,0,360,360,0.03333333333333333,0,0.04,0,0,0,1.595566302403297,prerecorded,open_loop_prerecorded
5,5117,6,Control block 4,6.4,5116,16,3,1,0,360,360,0.03333333333333333,0,0.04,0,0,0,2.146198320786762,prerecorded,open_loop_prerecorded
5,5118,6,Control block 4,6.4,5117,16,4,1,0,360,360,0.03333333333333333,0,0.04,0,0,0,2.4140733567574255,prerecorded,open_loop_prerecorded
5,5119,6,Control block 4,6.4,5118,16,5,1,0,360,360,0.03333333333333333,0,0.04,0,0,0,2.912618562590362,prerecorded,open_loop_prerecorded
5,5120,6,Control block 4,6.4,5119,17,1,1,0,360,360,0.03333333333333333,0,0.04,0,0,0,3.158170678894772,prerecorded,open_loop_prerecorded
5,5121,6,Control block 4,6.4,5120,17,2,1,0,360,360,0.03333333333333333,0,0.04,0,0,0,3.4037227952012143,prerecorded,open_loop_prerecorded
5,5122,6,Control block 4,6.4,5121,17,3,1,0,360,360,0.03333333333333333,0,0.04,0,0,0,3.645554424853945,prerecorded,open_loop_prerecorded
5,5123,6,Control block 4,6.4,5122,17,4,1,0,360,360,0.03333333333333333,0,0.04,0,0,0,3.8911065411624186,prerecorded,open_loop_prerecorded
5,5124,6,Control block 4,6.4,5123,17,5,1,0,360,360,0.03333333333333333,0,0.04,0,0,0,4.151540603908966,prerecorded,open_loop_prerecorded
5,5125,6,Control block 4,6.4,5124,18,1,1,0,360,360,0.03333333333333333,0,0.04,0,0,0,4.415695153309224,prerecorded,open_loop_prerecorded
5,5126,6,Control block 4,6.4,5125,18,2,1,0,360,360,0.03333333333333333,0,0.04,0,0,0,4.683570189279888,prerecorded,open_loop_prerecorded
5,5127,6,Control block 4,6.4,5126,18,3,1,0,360,360,0.03333333333333333,0,0.04,0,0,0,4.9551657118168935,prerecorded,open_loop_prerecorded
5,5128,6,Control block 4,6.4,5127,18,4,1,0,360,360,0.03333333333333333,0,0.04,0,0,0,5.505797730200359,prerecorded,open_loop_prerecorded
5,5129,6,Control block 4,6.4,5128,18,5,1,0,360,360,0.03333333333333333,0,0.04,0,0,0,6.034106828919603,prerecorded,open_loop_prerecorded
5,5130,6,Control block 4,6.4,5129,19,1,1,0,360,360,0.03333333333333333,0,0.04,0,0,0,0.003914611266510226,prerecorded,open_loop_prerecorded
5,5131,6,Control block 4,6.4,5130,19,2,1,0,360,360,0.03333333333333333,0,0.04,0,0,0,0.4987393305310727,prerecorded,open_loop_prerecorded
5,5132,6,Control block 4,6.4,5131,19,3,1,0,360,360,0.03333333333333333,0,0.04,0,0,0,0.7517324200575674,prerecorded,open_loop_prerecorded
5,5133,6,Control block 4,6.4,5132,19,4,1,0,360,360,0.03333333333333333,0,0.04,0,0,0,1.2726005455547258,prerecorded,open_loop_prerecorded
5,5134,6,Control block 4,6.4,5133,19,5,1,0,360,360,0.03333333333333333,0,0.04,0,0,0,1.5404755815253894,prerecorded,open_loop_prerecorded
5,5135,6,Control block 4,6.4,5134,20,1,1,0,360,360,0.03333333333333333,0,0.04,0,0,0,1.81951207728448,prerecorded,open_loop_prerecorded
5,5136,6,Control block 4,6.4,5135,20,2,1,0,360,360,0.03333333333333333,0,0.04,0,0,0,2.091107599906823,prerecorded,open_loop_prerecorded
5,5137,6,Control block 4,6.4,5136,20,3,1,0,360,360,0.03333333333333333,0,0.04,0,0,0,2.3552621492237757,prerecorded,open_loop_prerecorded
5,5138,6,Control block 4,6.4,5137,20,4,1,0,360,360,0.03333333333333333,0,0.04,0,0,0,2.611975725403981,prerecorded,open_loop_prerecorded
5,5139,6,Control block 4,6.4,5138,20,5,1,0,360,360,0.03333333333333333,0,0.04,0,0,0,3.062154605254763,prerecorded,open_loop_prerecorded
5,5140,6,Control block 4,6.4,5139,21,1,1,0,360,360,0.03333333333333333,0,0.04,0,0,0,3.4230418065360255,prerecorded,open_loop_prerecorded
5,5141,6,Control block 4,6.4,5140,21,2,1,0,360,360,0.03333333333333333,0,0.04,0,0,0,3.743003655055186,prerecorded,open_loop_prerecorded
5,5142,6,Control block 4,6.4,5141,21,3,1,0,360,360,0.03333333333333333,0,0.04,0,0,0,3.9029845792710818,prerecorded,open_loop_prerecorded
5,5143,6,Control block 4,6.4,5142,21,4,1,0,360,360,0.03333333333333333,0,0.04,0,0,0,4.230387401012327,prerecorded,open_loop_prerecorded
5,5144,6,Control block 4,6.4,5143,21,5,1,0,360,360,0.03333333333333333,0,0.04,0,0,0,4.420132218199866,prerecorded,open_loop_prerecorded
5,5145,6,Control block 4,6.4,5144,22,1,1,0,360,360,0.03333333333333333,0,0.04,0,0,0,4.825665258724236,prerecorded,open_loop_prerecorded
5,5146,6,Control block 4,6.4,5145,22,2,1,0,360,360,0.03333333333333333,0,0.04,0,0,0,5.034012508924318,prerecorded,open_loop_prerecorded
5,5147,6,Control block 4,6.4,5146,22,3,1,0,360,360,0.03333333333333333,0,0.04,0,0,0,5.469309442416268,prerecorded,open_loop_prerecorded
5,5148,6,Control block 4,6.4,5147,22,4,1,0,360,360,0.03333333333333333,0,0.04,0,0,0,5.688818152404776,prerecorded,open_loop_prerecorded
5,5149,6,Control block 4,6.4,5148,22,5,1,0,360,360,0.03333333333333333,0,0.04,0,0,0,5.897165402604859,prerecorded,open_loop_prerecorded
5,5150,6,Control block 4,6.4,5149,23,1,1,0,360,360,0.03333333333333333,0,0.04,0,0,0,0.03067459582137423,prerecorded,open_loop_prerecorded
5,5151,6,Control block 4,6.4,5150,23,2,1,0,360,360,0.03333333333333333,0,0.04,0,0,0,0.4324871497753381,prerecorded,open_loop_prerecorded
5,5152,6,Control block 4,6.4,5151,23,3,1,0,360,360,0.03333333333333333,0,0.04,0,0,0,0.6185114803111985,prerecorded,open_loop_prerecorded
5,5153,6,Control block 4,6.4,5152,23,4,1,0,360,360,0.03333333333333333,0,0.04,0,0,0,0.8008153242766534,prerecorded,open_loop_prerecorded
5,5154,6,Control block 4,6.4,5153,23,5,1,0,360,360,0.03333333333333333,0,0.04,0,0,0,1.1691434986946636,prerecorded,open_loop_prerecorded
5,5155,6,Control block 4,6.4,5154,24,1,1,0,360,360,0.03333333333333333,0,0.04,0,0,0,1.3514473426580866,prerecorded,open_loop_prerecorded
5,5156,6,Control block 4,6.4,5155,24,2,1,0,360,360,0.03333333333333333,0,0.04,0,0,0,1.5374716731919151,prerecorded,open_loop_prerecorded
5,5157,6,Control block 4,6.4,5156,24,3,1,0,360,360,0.03333333333333333,0,0.04,0,0,0,1.7346574635202658,prerecorded,open_loop_prerecorded
5,5158,6,Control block 4,6.4,5157,24,4,1,0,360,360,0.03333333333333333,0,0.04,0,0,0,2.1773953702343,prerecorded,open_loop_prerecorded
5,5159,6,Control block 4,6.4,5158,24,5,1,0,360,360,0.03333333333333333,0,0.04,0,0,0,2.42294748653871,prerecorded,open_loop_prerecorded
5,5160,6,Control block 4,6.4,5159,25,1,1,0,360,360,0.03333333333333333,0,0.04,0,0,0,2.6833815492872892,prerecorded,open_loop_prerecorded
5,5161,6,Control block 4,6.4,5160,25,2,1,0,360,360,0.03333333333333333,0,0.04,0,0,0,3.245175027459181,prerecorded,open_loop_prerecorded
5,5162,6,Control block 4,6.4,5161,25,3,1,0,360,360,0.03333333333333333,0,0.04,0,0,0,3.5316524965256924,prerecorded,open_loop_prerecorded
5,5163,6,Control block 4,6.4,5162,25,4,1,0,360,360,0.03333333333333333,0,0.04,0,0,0,4.108327921139722,prerecorded,open_loop_prerecorded
5,5164,6,Control block 4,6.4,5163,25,5,1,0,360,360,0.03333333333333333,0,0.04,0,0,0,4.387364416984149,prerecorded,open_loop_prerecorded
5,5165,6,Control block 4,6.4,5164,26,1,1,0,360,360,0.03333333333333333,0,0.04,0,0,0,4.387364416984149,prerecorded,open_loop_prerecorded
5,5166,6,Control block 4,6.4,5165,26,2,1,0,360,360,0.03333333333333333,0,0.04,0,0,0,4.937996435367614,prerecorded,open_loop_prerecorded
5,5167,6,Control block 4,6.4,5166,26,3,1,0,360,360,0.03333333333333333,0,0.04,0,0,0,5.194710011462482,prerecorded,open_loop_prerecorded
5,5168,6,Control block 4,6.4,5167,26,4,1,0,360,360,0.03333333333333333,0,0.04,0,0,0,5.194710011462482,prerecorded,open_loop_prerecorded
5,5169,6,Control block 4,6.4,5168,26,5,1,0,360,360,0.03333333333333333,0,0.04,0,0,0,5.65605035118906,prerecorded,open_loop_prerecorded
5,5170,6,Control block 4,6.4,5169,27,1,1,0,360,360,0.03333333333333333,0,0.04,0,0,0,5.8681180880387895,prerecorded,open_loop_prerecorded
5,5171,6,Control block 4,6.4,5170,27,2,1,0,360,360,0.03333333333333333,0,0.04,0,0,0,5.8681180880387895,prerecorded,open_loop_prerecorded
5,5172,6,Control block 4,6.4,5171,27,3,1,0,360,360,0.03333333333333333,0,0.04,0,0,0,0.001627281257335804,prerecorded,open_loop_prerecorded
5,5173,6,Control block 4,6.4,5172,27,4,1,0,360,360,0.03333333333333333,0,0.04,0,0,0,0.19509258501324905,prerecorded,open_loop_prerecorded
5,5174,6,Control block 4,6.4,5173,27,5,1,0,360,360,0.03333333333333333,0,0.04,0,0,0,0.570861732651312,prerecorded,open_loop_prerecorded
5,5175,6,Control block 4,6.4,5174,28,1,1,0,360,360,0.03333333333333333,0,0.04,0,0,0,0.7568860631871724,prerecorded,open_loop_prerecorded
5,5176,6,Control block 4,6.4,5175,28,2,1,0,360,360,0.03333333333333333,0,0.04,0,0,0,0.7568860631871724,prerecorded,open_loop_prerecorded
5,5177,6,Control block 4,6.4,5176,28,3,1,0,360,360,0.03333333333333333,0,0.04,0,0,0,1.1475371573506778,prerecorded,open_loop_prerecorded
5,5178,6,Control block 4,6.4,5177,28,4,1,0,360,360,0.03333333333333333,0,0.04,0,0,0,1.3633253807708132,prerecorded,open_loop_prerecorded
5,5179,6,Control block 4,6.4,5178,28,5,1,0,360,360,0.03333333333333333,0,0.04,0,0,0,1.3633253807708132,prerecorded,open_loop_prerecorded
5,5180,6,Control block 4,6.4,5179,29,1,1,0,360,360,0.03333333333333333,0,0.04,0,0,0,1.8469886401595803,prerecorded,open_loop_prerecorded
5,5181,6,Control block 4,6.4,5180,29,2,1,0,360,360,0.03333333333333333,0,0.04,0,0,0,2.118584162698618,prerecorded,open_loop_prerecorded
5,5182,6,Control block 4,6.4,5181,29,3,1,0,360,360,0.03333333333333333,0,0.04,0,0,0,2.4162230915535567,prerecorded,open_loop_prerecorded
5,5183,6,Control block 4,6.4,5182,29,4,1,0,360,360,0.03333333333333333,0,0.04,0,0,0,2.7287439668546964,prerecorded,open_loop_prerecorded
5,5184,6,Control block 4,6.4,5183,29,5,1,0,360,360,0.03333333333333333,0,0.04,0,0,0,3.048705815373857,prerecorded,open_loop_prerecorded
5,5185,6,Control block 4,6.4,5184,30,1,1,0,360,360,0.03333333333333333,0,0.04,0,0,0,3.658865619525871,prerecorded,open_loop_prerecorded
5,5186,6,Control block 4,6.4,5185,30,2,1,0,360,360,0.03333333333333333,0,0.04,0,0,0,3.9416226019407037,prerecorded,open_loop_prerecorded
5,5187,6,Control block 4,6.4,5186,30,3,1,0,360,360,0.03333333333333333,0,0.04,0,0,0,4.4327268345515565,prerecorded,open_loop_prerecorded
5,5188,6,Control block 4,6.4,5187,30,4,1,0,360,360,0.03333333333333333,0,0.04,0,0,0,4.6447945714012855,prerecorded,open_loop_prerecorded
5,5189,6,Control block 4,6.4,5188,30,5,1,0,360,360,0.03333333333333333,0,0.04,0,0,0,5.039166152135197,prerecorded,open_loop_prerecorded
5,5190,6,Control block 4,6.4,5189,31,1,1,0,360,360,0.03333333333333333,0,0.04,0,0,0,5.243792915681569,prerecorded,open_loop_prerecorded
5,5191,6,Control block 4,6.4,5190,31,2,1,0,360,360,0.03333333333333333,0,0.04,0,0,0,5.682810335743923,prerecorded,open_loop_prerecorded
5,5192,6,Control block 4,6.4,5191,31,3,1,0,360,360,0.03333333333333333,0,0.04,0,0,0,5.906039532384111,prerecorded,open_loop_prerecorded
5,5193,6,Control block 4,6.4,5192,31,4,1,0,360,360,0.03333333333333333,0,0.04,0,0,0,6.1292687290263315,prerecorded,open_loop_prerecorded
5,5194,6,Control block 4,6.4,5193,31,5,0,0,360,360,0.343,0,0.04,2,0,0,0.2776598686870155,motor_omission,open_loop_prerecorded
5,5195,6,Control block 4,6.4,5194,32,1,1,0,360,360,0.03333333333333333,0,0.04,0,0,0,0.49716857875882964,prerecorded,open_loop_prerecorded
5,5196,6,Control block 4,6.4,5195,32,2,1,0,360,360,0.03333333333333333,0,0.04,0,0,0,0.7241182619694233,prerecorded,open_loop_prerecorded
5,5197,6,Control block 4,6.4,5196,32,3,1,0,360,360,0.03333333333333333,0,0.04,0,0,0,0.9585089184854066,prerecorded,open_loop_prerecorded
5,5198,6,Control block 4,6.4,5197,32,4,1,0,360,360,0.03333333333333333,0,0.04,0,0,0,1.4310107180024423,prerecorded,open_loop_prerecorded
5,5199,6,Control block 4,6.4,5198,32,5,1,0,360,360,0.03333333333333333,0,0.04,0,0,0,1.6505194280742563,prerecorded,open_loop_prerecorded
5,5200,6,Control block 4,6.4,5199,33,1,1,0,360,360,0.03333333333333333,0,0.04,0,0,0,2.093257334704985,prerecorded,open_loop_prerecorded
5,5201,6,Control block 4,6.4,5200,33,2,1,0,360,360,0.03333333333333333,0,0.04,0,0,0,2.301604584903036,prerecorded,open_loop_prerecorded
5,5202,6,Control block 4,6.4,5201,33,3,1,0,360,360,0.03333333333333333,0,0.04,0,0,0,2.699696652288626,prerecorded,open_loop_prerecorded
5,5203,6,Control block 4,6.4,5202,33,4,1,0,360,360,0.03333333333333333,0,0.04,0,0,0,2.896882442612913,prerecorded,open_loop_prerecorded
5,5204,6,Control block 4,6.4,5203,33,5,1,0,360,360,0.03333333333333333,0,0.04,0,0,0,3.283813050126771,prerecorded,open_loop_prerecorded
5,5205,6,Control block 4,6.4,5204,34,1,1,0,360,360,0.03333333333333333,0,0.04,0,0,0,3.4735578673143106,prerecorded,open_loop_prerecorded
5,5206,6,Control block 4,6.4,5205,34,2,1,0,360,360,0.03333333333333333,0,0.04,0,0,0,3.6633026844165135,prerecorded,open_loop_prerecorded
5,5207,6,Control block 4,6.4,5206,34,3,1,0,360,360,0.03333333333333333,0,0.04,0,0,0,3.853047501604052,prerecorded,open_loop_prerecorded
5,5208,6,Control block 4,6.4,5207,34,4,1,0,360,360,0.03333333333333333,0,0.04,0,0,0,4.039071832139913,prerecorded,open_loop_prerecorded
5,5209,6,Control block 4,6.4,5208,34,5,1,0,360,360,0.03333333333333333,0,0.04,0,0,0,4.418561466427623,prerecorded,open_loop_prerecorded
5,5210,6,Control block 4,6.4,5209,35,1,1,0,360,360,0.03333333333333333,0,0.04,0,0,0,4.626908716627706,prerecorded,open_loop_prerecorded
5,5211,6,Control block 4,6.4,5210,35,2,1,0,360,360,0.03333333333333333,0,0.04,0,0,0,4.626908716627706,prerecorded,open_loop_prerecorded
5,5212,6,Control block 4,6.4,5211,35,3,1,0,360,360,0.03333333333333333,0,0.04,0,0,0,5.088249056354282,prerecorded,open_loop_prerecorded
5,5213,6,Control block 4,6.4,5212,35,4,1,0,360,360,0.03333333333333333,0,0.04,0,0,0,5.352403605671236,prerecorded,open_loop_prerecorded
5,5214,6,Control block 4,6.4,5213,35,5,1,0,360,360,0.03333333333333333,0,0.04,0,0,0,5.352403605671236,prerecorded,open_loop_prerecorded
5,5215,6,Control block 4,6.4,5214,36,1,1,0,360,360,0.03333333333333333,0,0.04,0,0,0,5.988606816141182,prerecorded,open_loop_prerecorded
5,5216,6,Control block 4,6.4,5215,36,2,1,0,360,360,0.03333333333333333,0,0.04,0,0,0,0.07374968337960688,prerecorded,open_loop_prerecorded
5,5217,6,Control block 4,6.4,5216,36,3,1,0,360,360,0.03333333333333333,0,0.04,0,0,0,0.07374968337960688,prerecorded,open_loop_prerecorded
5,5218,6,Control block 4,6.4,5217,36,4,1,0,360,360,0.03333333333333333,0,0.04,0,0,0,0.8996977109537885,prerecorded,open_loop_prerecorded
5,5219,6,Control block 4,6.4,5218,36,5,1,0,360,360,0.03333333333333333,0,0.04,0,0,0,1.3238331845699425,prerecorded,open_loop_prerecorded
5,5220,6,Control block 4,6.4,5219,37,1,1,0,360,360,0.03333333333333333,0,0.04,0,0,0,1.7479686581901601,prerecorded,open_loop_prerecorded
5,5221,6,Control block 4,6.4,5220,37,2,1,0,360,360,0.03333333333333333,0,0.04,0,0,0,2.5739166857643414,prerecorded,open_loop_prerecorded
5,5222,6,Control block 4,6.4,5221,37,3,1,0,360,360,0.03333333333333333,0,0.04,0,0,0,3.344057414217589,prerecorded,open_loop_prerecorded
5,5223,6,Control block 4,6.4,5222,37,4,1,0,360,360,0.03333333333333333,0,0.04,0,0,0,3.712385588637631,prerecorded,open_loop_prerecorded
5,5224,6,Control block 4,6.4,5223,37,5,1,0,360,360,0.03333333333333333,0,0.04,0,0,0,3.712385588637631,prerecorded,open_loop_prerecorded
5,5225,6,Control block 4,6.4,5224,38,1,1,0,360,360,0.03333333333333333,0,0.04,0,0,0,4.434159991108724,prerecorded,open_loop_prerecorded
5,5226,6,Control block 4,6.4,5225,38,2,1,0,360,360,0.03333333333333333,0,0.04,0,0,0,4.780165245945817,prerecorded,open_loop_prerecorded
5,5227,6,Control block 4,6.4,5226,38,3,1,0,360,360,0.03333333333333333,0,0.04,0,0,0,4.780165245945817,prerecorded,open_loop_prerecorded
5,5228,6,Control block 4,6.4,5227,38,4,1,0,360,360,0.03333333333333333,0,0.04,0,0,0,5.47589624210304,prerecorded,open_loop_prerecorded
5,5229,6,Control block 4,6.4,5228,38,5,1,0,360,360,0.03333333333333333,0,0.04,0,0,0,5.8256219835085075,prerecorded,open_loop_prerecorded
5,5230,6,Control block 4,6.4,5229,39,1,1,0,360,360,0.03333333333333333,0,0.04,0,0,0,6.193950158009823,prerecorded,open_loop_prerecorded
5,5231,6,Control block 4,6.4,5230,39,2,1,0,360,360,0.03333333333333333,0,0.04,0,0,0,0.6548621729696148,prerecorded,open_loop_prerecorded
5,5232,6,Control block 4,6.4,5231,39,3,1,0,360,360,0.03333333333333333,0,0.04,0,0,0,1.0343518072593567,prerecorded,open_loop_prerecorded
5,5233,6,Control block 4,6.4,5232,39,4,1,0,360,360,0.03333333333333333,0,0.04,0,0,0,1.7970515624072145,prerecorded,open_loop_prerecorded
5,5234,6,Control block 4,6.4,5233,39,5,1,0,360,360,0.03333333333333333,0,0.04,0,0,0,2.176541196698988,prerecorded,open_loop_prerecorded
5,5235,6,Control block 4,6.4,5234,40,1,1,0,360,360,0.03333333333333333,0,0.04,0,0,0,2.556030830990762,prerecorded,open_loop_prerecorded
5,5236,6,Control block 4,6.4,5235,40,2,1,0,360,360,0.03333333333333333,0,0.04,0,0,0,2.93179997871213,prerecorded,open_loop_prerecorded
5,5237,6,Control block 4,6.4,5236,40,3,1,0,360,360,0.03333333333333333,0,0.04,0,0,0,3.3075691263501925,prerecorded,open_loop_prerecorded
5,5238,6,Control block 4,6.4,5237,40,4,1,0,360,360,0.03333333333333333,0,0.04,0,0,0,4.077709854805471,prerecorded,open_loop_prerecorded
5,5239,6,Control block 4,6.4,5238,40,5,1,0,360,360,0.03333333333333333,0,0.04,0,0,0,4.4720814355393825,prerecorded,open_loop_prerecorded
5,5240,6,Control block 4,6.4,5239,41,1,1,0,360,360,0.03333333333333333,0,0.04,0,0,0,5.286868003237769,prerecorded,open_loop_prerecorded
5,5241,6,Control block 4,6.4,5240,41,2,1,0,360,360,0.03333333333333333,0,0.04,0,0,0,5.286868003237769,prerecorded,open_loop_prerecorded
5,5242,6,Control block 4,6.4,5241,41,3,1,0,360,360,0.03333333333333333,0,0.04,0,0,0,5.6961215304138175,prerecorded,open_loop_prerecorded
5,5243,6,Control block 4,6.4,5242,41,4,1,0,360,360,0.03333333333333333,0,0.04,0,0,0,0.21284084457581712,prerecorded,open_loop_prerecorded
5,5244,6,Control block 4,6.4,5243,41,5,1,0,360,360,0.03333333333333333,0,0.04,0,0,0,0.6072124253097282,prerecorded,open_loop_prerecorded
5,5245,6,Control block 4,6.4,5244,42,1,1,0,360,360,0.03333333333333333,0,0.04,0,0,0,1.3922351001238398,prerecorded,open_loop_prerecorded
5,5246,6,Control block 4,6.4,5245,42,2,1,0,360,360,0.03333333333333333,0,0.04,0,0,0,1.782886194287345,prerecorded,open_loop_prerecorded
5,5247,6,Control block 4,6.4,5246,42,3,1,0,360,360,0.03333333333333333,0,0.04,0,0,0,2.1884192348117146,prerecorded,open_loop_prerecorded
5,5248,6,Control block 4,6.4,5247,42,4,1,0,360,360,0.03333333333333333,0,0.04,0,0,0,3.021808235605949,prerecorded,open_loop_prerecorded
5,5249,6,Control block 4,6.4,5248,42,5,1,0,360,360,0.03333333333333333,0,0.04,0,0,0,3.445943709226167,prerecorded,open_loop_prerecorded
5,5250,6,Control block 4,6.4,5249,43,1,1,0,360,360,0.03333333333333333,0,0.04,0,0,0,4.305376116336301,prerecorded,open_loop_prerecorded
5,5251,6,Control block 4,6.4,5250,43,2,1,0,360,360,0.03333333333333333,0,0.04,0,0,0,4.722070616734435,prerecorded,open_loop_prerecorded
5,5252,6,Control block 4,6.4,5251,43,3,1,0,360,360,0.03333333333333333,0,0.04,0,0,0,5.138765117132568,prerecorded,open_loop_prerecorded
5,5253,6,Control block 4,6.4,5252,43,4,1,0,360,360,0.03333333333333333,0,0.04,0,0,0,5.544298157656938,prerecorded,open_loop_prerecorded
5,5254,6,Control block 4,6.4,5253,43,5,1,0,360,360,0.03333333333333333,0,0.04,0,0,0,5.953551684830954,prerecorded,open_loop_prerecorded
5,5255,6,Control block 4,6.4,5254,44,1,1,0,360,360,0.03333333333333333,0,0.04,0,0,0,0.06845844503898987,prerecorded,open_loop_prerecorded
5,5256,6,Control block 4,6.4,5255,44,2,1,0,360,360,0.03333333333333333,0,0.04,0,0,0,0.4702709989929537,prerecorded,open_loop_prerecorded
5,5257,6,Control block 4,6.4,5256,44,3,1,0,360,360,0.03333333333333333,0,0.04,0,0,0,0.8906859859594607,prerecorded,open_loop_prerecorded
5,5258,6,Control block 4,6.4,5257,44,4,1,0,360,360,0.03333333333333333,0,0.04,0,0,0,1.768720826082139,prerecorded,open_loop_prerecorded
5,5259,6,Control block 4,6.4,5258,44,5,1,0,360,360,0.03333333333333333,0,0.04,0,0,0,2.2188997060182576,prerecorded,open_loop_prerecorded
5,5260,6,Control block 4,6.4,5259,45,1,1,0,360,360,0.03333333333333333,0,0.04,0,0,0,3.1304189255956163,prerecorded,open_loop_prerecorded
5,5261,6,Control block 4,6.4,5260,45,2,1,0,360,360,0.03333333333333333,0,0.04,0,0,0,3.5731568323116822,prerecorded,open_loop_prerecorded
5,5262,6,Control block 4,6.4,5261,45,3,1,0,360,360,0.03333333333333333,0,0.04,0,0,0,4.406545833105916,prerecorded,open_loop_prerecorded
5,5263,6,Control block 4,6.4,5262,45,4,1,0,360,360,0.03333333333333333,0,0.04,0,0,0,4.800917413837795,prerecorded,open_loop_prerecorded
5,5264,6,Control block 4,6.4,5263,45,5,1,0,360,360,0.03333333333333333,0,0.04,0,0,0,5.169245588257838,prerecorded,open_loop_prerecorded
5,5265,6,Control block 4,6.4,5264,46,1,1,0,360,360,0.03333333333333333,0,0.04,0,0,0,5.51153035644122,prerecorded,open_loop_prerecorded
5,5266,6,Control block 4,6.4,5265,46,2,1,0,360,360,0.03333333333333333,0,0.04,0,0,0,5.816610258516212,prerecorded,open_loop_prerecorded
5,5267,6,Control block 4,6.4,5266,46,3,1,0,360,360,0.03333333333333333,0,0.04,0,0,0,6.091926267706928,prerecorded,open_loop_prerecorded
5,5268,6,Control block 4,6.4,5267,46,4,1,0,360,360,0.03333333333333333,0,0.04,0,0,0,0.07289550992760006,prerecorded,open_loop_prerecorded
5,5269,6,Control block 4,6.4,5268,46,5,1,0,360,360,0.03333333333333333,0,0.04,0,0,0,0.3184476262340419,prerecorded,open_loop_prerecorded
5,5270,6,Control block 4,6.4,5269,47,1,1,0,360,360,0.03333333333333333,0,0.04,0,0,0,0.7946699124027563,prerecorded,open_loop_prerecorded
5,5271,6,Control block 4,6.4,5270,47,2,1,0,360,360,0.03333333333333333,0,0.04,0,0,0,1.0327810554871135,prerecorded,open_loop_prerecorded
5,5272,6,Control block 4,6.4,5271,47,3,1,0,360,360,0.03333333333333333,0,0.04,0,0,0,1.4904009085620118,prerecorded,open_loop_prerecorded
5,5273,6,Control block 4,6.4,5272,47,4,1,0,360,360,0.03333333333333333,0,0.04,0,0,0,1.706189131980115,prerecorded,open_loop_prerecorded
5,5274,6,Control block 4,6.4,5273,47,5,1,0,360,360,0.03333333333333333,0,0.04,0,0,0,2.1340450922540435,prerecorded,open_loop_prerecorded
5,5275,6,Control block 4,6.4,5274,48,1,1,0,360,360,0.03333333333333333,0,0.04,0,0,0,2.338671855800415,prerecorded,open_loop_prerecorded
5,5276,6,Control block 4,6.4,5275,48,2,1,0,360,360,0.03333333333333333,0,0.04,0,0,0,2.7256024633102096,prerecorded,open_loop_prerecorded
5,5277,6,Control block 4,6.4,5276,48,3,1,0,360,360,0.03333333333333333,0,0.04,0,0,0,2.9079063072756646,prerecorded,open_loop_prerecorded
5,5278,6,Control block 4,6.4,5277,48,4,1,0,360,360,0.03333333333333333,0,0.04,0,0,0,3.0864896645894406,prerecorded,open_loop_prerecorded
5,5279,6,Control block 4,6.4,5278,48,5,1,0,360,360,0.03333333333333333,0,0.04,0,0,0,3.261352535249505,prerecorded,open_loop_prerecorded
5,5280,6,Control block 4,6.4,5279,49,1,1,0,360,360,0.03333333333333333,0,0.04,0,0,0,3.4362154059949077,prerecorded,open_loop_prerecorded
5,5281,6,Control block 4,6.4,5280,49,2,1,0,360,360,0.03333333333333333,0,0.04,0,0,0,3.8194255268550554,prerecorded,open_loop_prerecorded
5,5282,6,Control block 4,6.4,5281,49,3,1,0,360,360,0.03333333333333333,0,0.04,0,0,0,4.0240522904847325,prerecorded,open_loop_prerecorded
5,5283,6,Control block 4,6.4,5282,49,4,1,0,360,360,0.03333333333333333,0,0.04,0,0,0,4.455628737325002,prerecorded,open_loop_prerecorded
5,5284,6,Control block 4,6.4,5283,49,5,1,0,360,360,0.03333333333333333,0,0.04,0,0,0,4.6788579339672225,prerecorded,open_loop_prerecorded
5,5285,6,Control block 4,6.4,5284,50,1,1,0,360,360,0.03333333333333333,0,0.04,0,0,0,5.151359733484258,prerecorded,open_loop_prerecorded
5,5286,6,Control block 4,6.4,5285,50,2,1,0,360,360,0.03333333333333333,0,0.04,0,0,0,5.385750389998209,prerecorded,open_loop_prerecorded
5,5287,6,Control block 4,6.4,5286,50,3,1,0,360,360,0.03333333333333333,0,0.04,0,0,0,5.8656931627352975,prerecorded,open_loop_prerecorded
5,5288,6,Control block 4,6.4,5287,50,4,1,0,360,360,0.03333333333333333,0,0.04,0,0,0,6.096363332597571,prerecorded,open_loop_prerecorded
5,5289,6,Control block 4,6.4,5288,50,5,1,0,360,360,0.03333333333333333,0,0.04,0,0,0,0.028966248840151032,prerecorded,open_loop_prerecorded
5,5290,6,Control block 4,6.4,5289,51,1,1,0,360,360,0.03333333333333333,0,0.04,0,0,0,0.23731349903820168,prerecorded,open_loop_prerecorded
5,5291,6,Control block 4,6.4,5290,51,2,1,0,360,360,0.03333333333333333,0,0.04,0,0,0,0.4419402626678784,prerecorded,open_loop_prerecorded
5,5292,6,Control block 4,6.4,5291,51,3,1,0,360,360,0.03333333333333333,0,0.04,0,0,0,0.6391260529921655,prerecorded,open_loop_prerecorded
5,5293,6,Control block 4,6.4,5292,51,4,1,0,360,360,0.03333333333333333,0,0.04,0,0,0,0.8251503835259942,prerecorded,open_loop_prerecorded
5,5294,6,Control block 4,6.4,5293,51,5,1,0,360,360,0.03333333333333333,0,0.04,0,0,0,0.9925722810493116,prerecorded,open_loop_prerecorded
5,5295,6,Control block 4,6.4,5294,52,1,1,0,360,360,0.03333333333333333,0,0.04,0,0,0,1.3125341295684723,prerecorded,open_loop_prerecorded
5,5296,6,Control block 4,6.4,5295,52,2,1,0,360,360,0.03333333333333333,0,0.04,0,0,0,1.4725150537884315,prerecorded,open_loop_prerecorded
5,5297,6,Control block 4,6.4,5296,52,3,1,0,360,360,0.03333333333333333,0,0.04,0,0,0,1.8185203086234931,prerecorded,open_loop_prerecorded
5,5298,6,Control block 4,6.4,5297,52,4,1,0,360,360,0.03333333333333333,0,0.04,0,0,0,2.004544639157322,prerecorded,open_loop_prerecorded
5,5299,6,Control block 4,6.4,5298,52,5,1,0,360,360,0.03333333333333333,0,0.04,0,0,0,2.198009942913235,prerecorded,open_loop_prerecorded
5,5300,6,Control block 4,6.4,5299,53,1,1,0,360,360,0.03333333333333333,0,0.04,0,0,0,2.6147044433134,prerecorded,open_loop_prerecorded
5,5301,6,Control block 4,6.4,5300,53,2,1,0,360,360,0.03333333333333333,0,0.04,0,0,0,2.837933639953588,prerecorded,open_loop_prerecorded
5,5302,6,Control block 4,6.4,5301,53,3,1,0,360,360,0.03333333333333333,0,0.04,0,0,0,3.2843920332359957,prerecorded,open_loop_prerecorded
5,5303,6,Control block 4,6.4,5302,53,4,1,0,360,360,0.03333333333333333,0,0.04,0,0,0,3.6676021540961434,prerecorded,open_loop_prerecorded
5,5304,6,Control block 4,6.4,5303,53,5,1,0,360,360,0.03333333333333333,0,0.04,0,0,0,3.83130356496575,prerecorded,open_loop_prerecorded
5,5305,6,Control block 4,6.4,5304,54,1,1,0,360,360,0.03333333333333333,0,0.04,0,0,0,4.136383467042773,prerecorded,open_loop_prerecorded
5,5306,6,Control block 4,6.4,5305,54,2,1,0,360,360,0.03333333333333333,0,0.04,0,0,0,4.281482444901869,prerecorded,open_loop_prerecorded
5,5307,6,Control block 4,6.4,5306,54,3,1,0,360,360,0.03333333333333333,0,0.04,0,0,0,4.560518940662991,prerecorded,open_loop_prerecorded
5,5308,6,Control block 4,6.4,5307,54,4,1,0,360,360,0.03333333333333333,0,0.04,0,0,0,4.6944564586462905,prerecorded,open_loop_prerecorded
5,5309,6,Control block 4,6.4,5308,54,5,1,0,360,360,0.03333333333333333,0,0.04,0,0,0,4.8321144632853334,prerecorded,open_loop_prerecorded
5,5310,6,Control block 4,6.4,5309,55,1,1,0,360,360,0.03333333333333333,0,0.04,0,0,0,5.129753392140272,prerecorded,open_loop_prerecorded
5,5311,6,Control block 4,6.4,5310,55,2,1,0,360,360,0.03333333333333333,0,0.04,0,0,0,5.2897343163582,prerecorded,open_loop_prerecorded
5,5312,6,Control block 4,6.4,5311,55,3,1,0,360,360,0.03333333333333333,0,0.04,0,0,0,5.2897343163582,prerecorded,open_loop_prerecorded
5,5313,6,Control block 4,6.4,5312,55,4,1,0,360,360,0.03333333333333333,0,0.04,0,0,0,5.632019084541582,prerecorded,open_loop_prerecorded
5,5314,6,Control block 4,6.4,5313,55,5,1,0,360,360,0.03333333333333333,0,0.04,0,0,0,6.011508718831324,prerecorded,open_loop_prerecorded
5,5315,6,Control block 4,6.4,5314,56,1,1,0,360,360,0.03333333333333333,0,0.04,0,0,0,6.212414995809322,prerecorded,open_loop_prerecorded
5,5316,6,Control block 4,6.4,5315,56,2,1,0,360,360,0.03333333333333333,0,0.04,0,0,0,0.35708564889960065,prerecorded,open_loop_prerecorded
5,5317,6,Control block 4,6.4,5316,56,3,1,0,360,360,0.03333333333333333,0,0.04,0,0,0,0.5840353321101943,prerecorded,open_loop_prerecorded
5,5318,6,Control block 4,6.4,5317,56,4,1,0,360,360,0.03333333333333333,0,0.04,0,0,0,1.0825805379451625,prerecorded,open_loop_prerecorded
5,5319,6,Control block 4,6.4,5318,56,5,1,0,360,360,0.03333333333333333,0,0.04,0,0,0,1.3541760605675053,prerecorded,open_loop_prerecorded
5,5320,6,Control block 4,6.4,5319,57,1,1,0,360,360,0.03333333333333333,0,0.04,0,0,0,1.6294920697582218,prerecorded,open_loop_prerecorded
5,5321,6,Control block 4,6.4,5320,57,2,1,0,360,360,0.03333333333333333,0,0.04,0,0,0,2.1912855479301134,prerecorded,open_loop_prerecorded
5,5322,6,Control block 4,6.4,5321,57,3,1,0,360,360,0.03333333333333333,0,0.04,0,0,0,2.4740425303449465,prerecorded,open_loop_prerecorded
5,5323,6,Control block 4,6.4,5322,57,4,1,0,360,360,0.03333333333333333,0,0.04,0,0,0,3.0469974683906016,prerecorded,open_loop_prerecorded
5,5324,6,Control block 4,6.4,5323,57,5,1,0,360,360,0.03333333333333333,0,0.04,0,0,0,3.333474937455082,prerecorded,open_loop_prerecorded
5,5325,6,Control block 4,6.4,5324,58,1,1,0,360,360,0.03333333333333333,0,0.04,0,0,0,3.6199524064362567,prerecorded,open_loop_prerecorded
5,5326,6,Control block 4,6.4,5325,58,2,1,0,360,360,0.03333333333333333,0,0.04,0,0,0,3.8952684156269735,prerecorded,open_loop_prerecorded
5,5327,6,Control block 4,6.4,5326,58,3,1,0,360,360,0.03333333333333333,0,0.04,0,0,0,4.431018487566269,prerecorded,open_loop_prerecorded
5,5328,6,Control block 4,6.4,5327,58,4,1,0,360,360,0.03333333333333333,0,0.04,0,0,0,4.695173036968559,prerecorded,open_loop_prerecorded
5,5329,6,Control block 4,6.4,5328,58,5,1,0,360,360,0.03333333333333333,0,0.04,0,0,0,5.193718242801495,prerecorded,open_loop_prerecorded
5,5330,6,Control block 4,6.4,5329,59,1,1,0,360,360,0.03333333333333333,0,0.04,0,0,0,5.428108899234174,prerecorded,open_loop_prerecorded
5,5331,6,Control block 4,6.4,5330,59,2,1,0,360,360,0.03333333333333333,0,0.04,0,0,0,5.428108899234174,prerecorded,open_loop_prerecorded
5,5332,6,Control block 4,6.4,5331,59,3,1,0,360,360,0.03333333333333333,0,0.04,0,0,0,5.855964859506071,prerecorded,open_loop_prerecorded
5,5333,6,Control block 4,6.4,5332,59,4,1,0,360,360,0.03333333333333333,0,0.04,0,0,0,6.045709676608273,prerecorded,open_loop_prerecorded
5,5334,6,Control block 4,6.4,5333,59,5,1,0,360,360,0.03333333333333333,0,0.04,0,0,0,6.045709676608273,prerecorded,open_loop_prerecorded
5,5335,6,Control block 4,6.4,5334,60,1,1,0,360,360,0.03333333333333333,0,0.04,0,0,0,0.08248621794784722,prerecorded,open_loop_prerecorded
5,5336,6,Control block 4,6.4,5335,60,2,1,0,360,360,0.03333333333333333,0,0.04,0,0,0,0.34292028069642644,prerecorded,open_loop_prerecorded
5,5337,6,Control block 4,6.4,5336,60,3,1,0,360,360,0.03333333333333333,0,0.04,0,0,0,0.4694168254596737,prerecorded,open_loop_prerecorded
5,5338,6,Control block 4,6.4,5337,60,4,1,0,360,360,0.03333333333333333,0,0.04,0,0,0,0.7186894284177945,prerecorded,open_loop_prerecorded
5,5339,6,Control block 4,6.4,5338,60,5,1,0,360,360,0.03333333333333333,0,0.04,0,0,0,0.8451859731810417,prerecorded,open_loop_prerecorded
5,5340,6,Control block 4,6.4,5339,61,1,1,0,360,360,0.03333333333333333,0,0.04,0,0,0,0.9642415447242363,prerecorded,open_loop_prerecorded
5,5341,6,Control block 4,6.4,5340,61,2,1,0,360,360,0.03333333333333333,0,0.04,0,0,0,1.0832971162653988,prerecorded,open_loop_prerecorded
5,5342,6,Control block 4,6.4,5341,61,3,1,0,360,360,0.03333333333333333,0,0.04,0,0,0,1.1986322011569146,prerecorded,open_loop_prerecorded
5,5343,6,Control block 4,6.4,5342,61,4,1,0,360,360,0.03333333333333333,0,0.04,0,0,0,1.3065263129076188,prerecorded,open_loop_prerecorded
5,5344,6,Control block 4,6.4,5343,61,5,1,0,360,360,0.03333333333333333,0,0.04,0,0,0,1.499991616663532,prerecorded,open_loop_prerecorded
5,5345,6,Control block 4,6.4,5344,62,1,1,0,360,360,0.03333333333333333,0,0.04,0,0,0,1.585562808666709,prerecorded,open_loop_prerecorded
5,5346,6,Control block 4,6.4,5345,62,2,1,0,360,360,0.03333333333333333,0,0.04,0,0,0,1.7529847061900266,prerecorded,open_loop_prerecorded
5,5347,6,Control block 4,6.4,5346,62,3,1,0,360,360,0.03333333333333333,0,0.04,0,0,0,1.8385558981952357,prerecorded,open_loop_prerecorded
5,5348,6,Control block 4,6.4,5347,62,4,1,0,360,360,0.03333333333333333,0,0.04,0,0,0,1.9241270902817178,prerecorded,open_loop_prerecorded
5,5349,6,Control block 4,6.4,5348,62,5,1,0,360,360,0.03333333333333333,0,0.04,0,0,0,2.005977795718553,prerecorded,open_loop_prerecorded
5,5350,6,Control block 4,6.4,5349,63,1,1,0,360,360,0.03333333333333333,0,0.04,0,0,0,2.091548987723762,prerecorded,open_loop_prerecorded
5,5351,6,Control block 4,6.4,5350,63,2,1,0,360,360,0.03333333333333333,0,0.04,0,0,0,2.173399693156534,prerecorded,open_loop_prerecorded
5,5352,6,Control block 4,6.4,5351,63,3,1,0,360,360,0.03333333333333333,0,0.04,0,0,0,2.2589708852450476,prerecorded,open_loop_prerecorded
5,5353,6,Control block 4,6.4,5352,63,4,1,0,360,360,0.03333333333333333,0,0.04,0,0,0,2.3482625639019354,prerecorded,open_loop_prerecorded
5,5354,6,Control block 4,6.4,5353,63,5,1,0,360,360,0.03333333333333333,0,0.04,0,0,0,2.4338337559071443,prerecorded,open_loop_prerecorded
5,5355,6,Control block 4,6.4,5354,64,1,1,0,360,360,0.03333333333333333,0,0.04,0,0,0,2.5268459212157115,prerecorded,open_loop_prerecorded
5,5356,6,Control block 4,6.4,5355,64,2,1,0,360,360,0.03333333333333333,0,0.04,0,0,0,2.6161375998705676,prerecorded,open_loop_prerecorded
5,5357,6,Control block 4,6.4,5356,64,3,1,0,360,360,0.03333333333333333,0,0.04,0,0,0,2.71287025174954,prerecorded,open_loop_prerecorded
5,5358,6,Control block 4,6.4,5357,64,4,1,0,360,360,0.03333333333333333,0,0.04,0,0,0,2.902615068853774,prerecorded,open_loop_prerecorded
5,5359,6,Control block 4,6.4,5358,64,5,1,0,360,360,0.03333333333333333,0,0.04,0,0,0,3.070036966377092,prerecorded,open_loop_prerecorded
5,5360,6,Control block 4,6.4,5359,65,1,1,0,360,360,0.03333333333333333,0,0.04,0,0,0,3.1407262119381314,prerecorded,open_loop_prerecorded
5,5361,6,Control block 4,6.4,5360,65,2,1,0,360,360,0.03333333333333333,0,0.04,0,0,0,3.207694970928766,prerecorded,open_loop_prerecorded
5,5362,6,Control block 4,6.4,5361,65,3,1,0,360,360,0.03333333333333333,0,0.04,0,0,0,3.2672227567013787,prerecorded,open_loop_prerecorded
5,5363,6,Control block 4,6.4,5362,65,4,1,0,360,360,0.03333333333333333,0,0.04,0,0,0,3.3230300559035864,prerecorded,open_loop_prerecorded
5,5364,6,Control block 4,6.4,5363,65,5,1,0,360,360,0.03333333333333333,0,0.04,0,0,0,3.3788373550204573,prerecorded,open_loop_prerecorded
5,5365,6,Control block 4,6.4,5364,66,1,1,0,360,360,0.03333333333333333,0,0.04,0,0,0,3.4383651407930698,prerecorded,open_loop_prerecorded
5,5366,6,Control block 4,6.4,5365,66,2,1,0,360,360,0.03333333333333333,0,0.04,0,0,0,3.512774873005789,prerecorded,open_loop_prerecorded
5,5367,6,Control block 4,6.4,5366,66,3,1,0,360,360,0.03333333333333333,0,0.04,0,0,0,3.5983460650943027,prerecorded,open_loop_prerecorded
5,5368,6,Control block 4,6.4,5367,66,4,1,0,360,360,0.03333333333333333,0,0.04,0,0,0,3.6987992035396178,prerecorded,open_loop_prerecorded
5,5369,6,Control block 4,6.4,5368,66,5,1,0,360,360,0.03333333333333333,0,0.04,0,0,0,3.810413801862759,prerecorded,open_loop_prerecorded
5,5370,6,Control block 4,6.4,5369,67,1,1,0,360,360,0.03333333333333333,0,0.04,0,0,0,4.018761052058778,prerecorded,open_loop_prerecorded
5,5371,6,Control block 4,6.4,5370,67,2,1,0,360,360,0.03333333333333333,0,0.04,0,0,0,4.104332244149324,prerecorded,open_loop_prerecorded
5,5372,6,Control block 4,6.4,5371,67,3,1,0,360,360,0.03333333333333333,0,0.04,0,0,0,4.175021489710364,prerecorded,open_loop_prerecorded
5,5373,6,Control block 4,6.4,5372,67,4,1,0,360,360,0.03333333333333333,0,0.04,0,0,0,4.182462462932448,prerecorded,open_loop_prerecorded
5,5374,6,Control block 4,6.4,5373,67,5,1,0,360,360,0.03333333333333333,0,0.04,0,0,0,4.189903436152501,prerecorded,open_loop_prerecorded
5,5375,6,Control block 4,6.4,5374,68,1,1,0,360,360,0.03333333333333333,0,0.04,0,0,0,4.234549275480945,prerecorded,open_loop_prerecorded
5,5376,6,Control block 4,6.4,5375,68,2,1,0,360,360,0.03333333333333333,0,0.04,0,0,0,4.468939931996928,prerecorded,open_loop_prerecorded
5,5377,6,Control block 4,6.4,5376,68,3,1,0,360,360,0.03333333333333333,0,0.04,0,0,0,4.658684749101163,prerecorded,open_loop_prerecorded
5,5378,6,Control block 4,6.4,5377,68,4,1,0,360,360,0.03333333333333333,0,0.04,0,0,0,4.885634432393029,prerecorded,open_loop_prerecorded
5,5379,6,Control block 4,6.4,5378,68,5,1,0,360,360,0.03333333333333333,0,0.04,0,0,0,5.369297691783829,prerecorded,open_loop_prerecorded
5,5380,6,Control block 4,6.4,5379,69,1,1,0,360,360,0.03333333333333333,0,0.04,0,0,0,5.6074088348681865,prerecorded,open_loop_prerecorded
5,5381,6,Control block 4,6.4,5380,69,2,1,0,360,360,0.03333333333333333,0,0.04,0,0,0,5.6074088348681865,prerecorded,open_loop_prerecorded
5,5382,6,Control block 4,6.4,5381,69,3,1,0,360,360,0.03333333333333333,0,0.04,0,0,0,6.109674527269497,prerecorded,open_loop_prerecorded
5,5383,6,Control block 4,6.4,5382,69,4,1,0,360,360,0.03333333333333333,0,0.04,0,0,0,0.10552571593433735,prerecorded,open_loop_prerecorded
5,5384,6,Control block 4,6.4,5383,69,5,1,0,360,360,0.03333333333333333,0,0.04,0,0,0,0.778933792427339,prerecorded,open_loop_prerecorded
5,5385,6,Control block 4,6.4,5384,70,1,1,0,360,360,0.03333333333333333,0,0.04,0,0,0,1.6086023066531994,prerecorded,open_loop_prerecorded
5,5386,6,Control block 4,6.4,5385,70,2,1,0,360,360,0.03333333333333333,0,0.04,0,0,0,2.077383619599829,prerecorded,open_loop_prerecorded
5,5387,6,Control block 4,6.4,5386,70,3,1,0,360,360,0.03333333333333333,0,0.04,0,0,0,3.0781945178361076,prerecorded,open_loop_prerecorded
5,5388,6,Control block 4,6.4,5387,70,4,1,0,360,360,0.03333333333333333,0,0.04,0,0,0,3.584180696889097,prerecorded,open_loop_prerecorded
5,5389,6,Control block 4,6.4,5388,70,5,1,0,360,360,0.03333333333333333,0,0.04,0,0,0,4.075284929501981,prerecorded,open_loop_prerecorded
5,5390,6,Control block 4,6.4,5389,71,1,1,0,360,360,0.03333333333333333,0,0.04,0,0,0,5.024009015269003,prerecorded,open_loop_prerecorded
5,5391,6,Control block 4,6.4,5390,71,2,1,0,360,360,0.03333333333333333,0,0.04,0,0,0,5.470467408553443,prerecorded,open_loop_prerecorded
5,5392,6,Control block 4,6.4,5391,71,3,1,0,360,360,0.03333333333333333,0,0.04,0,0,0,5.470467408553443,prerecorded,open_loop_prerecorded
5,5393,6,Control block 4,6.4,5392,71,4,1,0,360,360,0.03333333333333333,0,0.04,0,0,0,0.0318325619585499,prerecorded,open_loop_prerecorded
5,5394,6,Control block 4,6.4,5393,71,5,1,0,360,360,0.03333333333333333,0,0.04,0,0,0,0.8094142636338818,prerecorded,open_loop_prerecorded
5,5395,6,Control block 4,6.4,5394,72,1,1,0,360,360,0.03333333333333333,0,0.04,0,0,0,1.1703014648298073,prerecorded,open_loop_prerecorded
5,5396,6,Control block 4,6.4,5395,72,2,1,0,360,360,0.03333333333333333,0,0.04,0,0,0,1.8139456485198076,prerecorded,open_loop_prerecorded
5,5397,6,Control block 4,6.4,5396,72,3,1,0,360,360,0.03333333333333333,0,0.04,0,0,0,2.1004231175030146,prerecorded,open_loop_prerecorded
5,5398,6,Control block 4,6.4,5397,72,4,1,0,360,360,0.03333333333333333,0,0.04,0,0,0,2.5952478367675766,prerecorded,open_loop_prerecorded
5,5399,6,Control block 4,6.4,5398,72,5,1,0,360,360,0.03333333333333333,0,0.04,0,0,0,2.8259180066298493,prerecorded,open_loop_prerecorded
5,5400,6,Control block 4,6.4,5399,73,1,1,0,360,360,0.03333333333333333,0,0.04,0,0,0,3.0491472032700377,prerecorded,open_loop_prerecorded
5,5401,6,Control block 4,6.4,5400,73,2,1,0,360,360,0.03333333333333333,0,0.04,0,0,0,3.261214940038494,prerecorded,open_loop_prerecorded
5,5402,6,Control block 4,6.4,5401,73,3,1,0,360,360,0.03333333333333333,0,0.04,0,0,0,3.6704684672145422,prerecorded,open_loop_prerecorded
5,5403,6,Control block 4,6.4,5402,73,4,1,0,360,360,0.03333333333333333,0,0.04,0,0,0,3.6704684672145422,prerecorded,open_loop_prerecorded
5,5404,6,Control block 4,6.4,5403,73,5,1,0,360,360,0.03333333333333333,0,0.04,0,0,0,4.068560534602164,prerecorded,open_loop_prerecorded
5,5405,6,Control block 4,6.4,5404,74,1,1,0,360,360,0.03333333333333333,0,0.04,0,0,0,4.436888709018143,prerecorded,open_loop_prerecorded
5,5406,6,Control block 4,6.4,5405,74,2,1,0,360,360,0.03333333333333333,0,0.04,0,0,0,4.62663352620365,prerecorded,open_loop_prerecorded
5,5407,6,Control block 4,6.4,5406,74,3,1,0,360,360,0.03333333333333333,0,0.04,0,0,0,5.028446080159646,prerecorded,open_loop_prerecorded
5,5408,6,Control block 4,6.4,5407,74,4,1,0,360,360,0.03333333333333333,0,0.04,0,0,0,5.247954790148155,prerecorded,open_loop_prerecorded
5,5409,6,Control block 4,6.4,5408,74,5,1,0,360,360,0.03333333333333333,0,0.04,0,0,0,5.783704862089483,prerecorded,open_loop_prerecorded
5,5410,6,Control block 4,6.4,5409,75,1,1,0,360,360,0.03333333333333333,0,0.04,0,0,0,6.122269143704491,prerecorded,open_loop_prerecorded
5,5411,6,Control block 4,6.4,5410,75,2,1,0,360,360,0.03333333333333333,0,0.04,0,0,0,0.2334554172567841,prerecorded,open_loop_prerecorded
5,5412,6,Control block 4,6.4,5411,75,3,1,0,360,360,0.03333333333333333,0,0.04,0,0,0,0.6724728373191391,prerecorded,open_loop_prerecorded
5,5413,6,Control block 4,6.4,5412,75,4,1,0,360,360,0.03333333333333333,0,0.04,0,0,0,1.5653896238859868,prerecorded,open_loop_prerecorded
5,5414,6,Control block 4,6.4,5413,75,5,1,0,360,360,0.03333333333333333,0,0.04,0,0,0,1.5653896238859868,prerecorded,open_loop_prerecorded
5,5415,6,Control block 4,6.4,5414,76,1,1,0,360,360,0.03333333333333333,0,0.04,0,0,0,2.402499111248595,prerecorded,open_loop_prerecorded
5,5416,6,Control block 4,6.4,5415,76,2,1,0,360,360,0.03333333333333333,0,0.04,0,0,0,3.1763603262742794,prerecorded,open_loop_prerecorded
5,5417,6,Control block 4,6.4,5416,76,3,1,0,360,360,0.03333333333333333,0,0.04,0,0,0,3.5484089873439686,prerecorded,open_loop_prerecorded
5,5418,6,Control block 4,6.4,5417,76,4,1,0,360,360,0.03333333333333333,0,0.04,0,0,0,3.9204576484095943,prerecorded,open_loop_prerecorded
5,5419,6,Control block 4,6.4,5418,76,5,1,0,360,360,0.03333333333333333,0,0.04,0,0,0,4.285065336259231,prerecorded,open_loop_prerecorded
5,5420,6,Control block 4,6.4,5419,77,1,1,0,360,360,0.03333333333333333,0,0.04,0,0,0,4.649673024106835,prerecorded,open_loop_prerecorded
5,5421,6,Control block 4,6.4,5420,77,2,1,0,360,360,0.03333333333333333,0,0.04,0,0,0,5.37516791323367,prerecorded,open_loop_prerecorded
5,5422,6,Control block 4,6.4,5421,77,3,1,0,360,360,0.03333333333333333,0,0.04,0,0,0,5.728614141207512,prerecorded,open_loop_prerecorded
5,5423,6,Control block 4,6.4,5422,77,4,1,0,360,360,0.03333333333333333,0,0.04,0,0,0,6.082060369266689,prerecorded,open_loop_prerecorded
5,5424,6,Control block 4,6.4,5423,77,5,1,0,360,360,0.03333333333333333,0,0.04,0,0,0,0.14860080349257002,prerecorded,open_loop_prerecorded
5,5425,6,Control block 4,6.4,5424,78,1,1,0,360,360,0.343,0,0.04,0,0,0,0.8331703398593351,motor_halt,open_loop_prerecorded
5,5426,6,Control block 4,6.4,5425,78,2,1,0,360,360,0.03333333333333333,0,0.04,0,0,0,0.8331703398593351,prerecorded,open_loop_prerecorded
5,5427,6,Control block 4,6.4,5426,78,3,1,0,360,360,0.03333333333333333,0,0.04,0,0,0,1.4916964699081672,prerecorded,open_loop_prerecorded
5,5428,6,Control block 4,6.4,5427,78,4,1,0,360,360,0.03333333333333333,0,0.04,0,0,0,1.8153788050810389,prerecorded,open_loop_prerecorded
5,5429,6,Control block 4,6.4,5428,78,5,1,0,360,360,0.03333333333333333,0,0.04,0,0,0,2.4627434753414446,prerecorded,open_loop_prerecorded
5,5430,6,Control block 4,6.4,5429,79,1,1,0,360,360,0.03333333333333333,0,0.04,0,0,0,3.1621949581503466,prerecorded,open_loop_prerecorded
5,5431,6,Control block 4,6.4,5430,79,2,1,0,360,360,0.03333333333333333,0,0.04,0,0,0,3.8802488739717926,prerecorded,open_loop_prerecorded
5,5432,6,Control block 4,6.4,5431,79,3,1,0,360,360,0.03333333333333333,0,0.04,0,0,0,4.226254128808885,prerecorded,open_loop_prerecorded
5,5433,6,Control block 4,6.4,5432,79,4,1,0,360,360,0.03333333333333333,0,0.04,0,0,0,4.568538896992268,prerecorded,open_loop_prerecorded
5,5434,6,Control block 4,6.4,5433,79,5,1,0,360,360,0.03333333333333333,0,0.04,0,0,0,4.892221232081835,prerecorded,open_loop_prerecorded
5,5435,6,Control block 4,6.4,5434,80,1,1,0,360,360,0.03333333333333333,0,0.04,0,0,0,5.197301134158858,prerecorded,open_loop_prerecorded
5,5436,6,Control block 4,6.4,5435,80,2,1,0,360,360,0.03333333333333333,0,0.04,0,0,0,5.766535585636139,prerecorded,open_loop_prerecorded
5,5437,6,Control block 4,6.4,5436,80,3,1,0,360,360,0.03333333333333333,0,0.04,0,0,0,5.766535585636139,prerecorded,open_loop_prerecorded
5,5438,6,Control block 4,6.4,5437,80,4,1,0,360,360,0.03333333333333333,0,0.04,0,0,0,6.272521764689127,prerecorded,open_loop_prerecorded
5,5439,6,Control block 4,6.4,5438,80,5,1,0,360,360,0.03333333333333333,0,0.04,0,0,0,0.22000662737384616,prerecorded,open_loop_prerecorded
5,5440,6,Control block 4,6.4,5439,81,1,1,0,360,360,0.03333333333333333,0,0.04,0,0,0,0.443235824016066,prerecorded,open_loop_prerecorded
5,5441,6,Control block 4,6.4,5440,81,2,1,0,360,360,0.03333333333333333,0,0.04,0,0,0,0.8822532440763892,prerecorded,open_loop_prerecorded
5,5442,6,Control block 4,6.4,5441,81,3,1,0,360,360,0.03333333333333333,0,0.04,0,0,0,1.0980414674965244,prerecorded,open_loop_prerecorded
5,5443,6,Control block 4,6.4,5442,81,4,1,0,360,360,0.03333333333333333,0,0.04,0,0,0,1.306388717696607,prerecorded,open_loop_prerecorded
5,5444,6,Control block 4,6.4,5443,81,5,1,0,360,360,0.03333333333333333,0,0.04,0,0,0,1.5035745080208938,prerecorded,open_loop_prerecorded
5,5445,6,Control block 4,6.4,5444,82,1,1,0,360,360,0.03333333333333333,0,0.04,0,0,0,1.6970398117768073,prerecorded,open_loop_prerecorded
5,5446,6,Control block 4,6.4,5445,82,2,1,0,360,360,0.03333333333333333,0,0.04,0,0,0,2.069088472846496,prerecorded,open_loop_prerecorded
5,5447,6,Control block 4,6.4,5446,82,3,1,0,360,360,0.03333333333333333,0,0.04,0,0,0,2.069088472846496,prerecorded,open_loop_prerecorded
5,5448,6,Control block 4,6.4,5447,82,4,1,0,360,360,0.03333333333333333,0,0.04,0,0,0,2.240230856938188,prerecorded,open_loop_prerecorded
5,5449,6,Control block 4,6.4,5448,82,5,1,0,360,360,0.03333333333333333,0,0.04,0,0,0,2.5378697857931263,prerecorded,open_loop_prerecorded
5,5450,6,Control block 4,6.4,5449,83,1,1,0,360,360,0.03333333333333333,0,0.04,0,0,0,2.5378697857931263,prerecorded,open_loop_prerecorded
5,5451,6,Control block 4,6.4,5450,83,2,1,0,360,360,0.03333333333333333,0,0.04,0,0,0,2.783421902099568,prerecorded,open_loop_prerecorded
5,5452,6,Control block 4,6.4,5451,83,3,1,0,360,360,0.03333333333333333,0,0.04,0,0,0,3.006651098739756,prerecorded,open_loop_prerecorded
5,5453,6,Control block 4,6.4,5452,83,4,1,0,360,360,0.03333333333333333,0,0.04,0,0,0,3.114545210492492,prerecorded,open_loop_prerecorded
5,5454,6,Control block 4,6.4,5453,83,5,1,0,360,360,0.03333333333333333,0,0.04,0,0,0,3.330333433912627,prerecorded,open_loop_prerecorded
5,5455,6,Control block 4,6.4,5454,84,1,1,0,360,360,0.03333333333333333,0,0.04,0,0,0,3.4270660857915995,prerecorded,open_loop_prerecorded
5,5456,6,Control block 4,6.4,5455,84,2,1,0,360,360,0.03333333333333333,0,0.04,0,0,0,3.516357764446456,prerecorded,open_loop_prerecorded
5,5457,6,Control block 4,6.4,5456,84,3,1,0,360,360,0.03333333333333333,0,0.04,0,0,0,3.59448798322958,prerecorded,open_loop_prerecorded
5,5458,6,Control block 4,6.4,5457,84,4,1,0,360,360,0.03333333333333333,0,0.04,0,0,0,3.668897715442299,prerecorded,open_loop_prerecorded
5,5459,6,Control block 4,6.4,5458,84,5,1,0,360,360,0.03333333333333333,0,0.04,0,0,0,3.732145987868623,prerecorded,open_loop_prerecorded
5,5460,6,Control block 4,6.4,5459,85,1,1,0,360,360,0.03333333333333333,0,0.04,0,0,0,3.787953286987525,prerecorded,open_loop_prerecorded
5,5461,6,Control block 4,6.4,5460,85,2,1,0,360,360,0.03333333333333333,0,0.04,0,0,0,3.847481072756075,prerecorded,open_loop_prerecorded
5,5462,6,Control block 4,6.4,5461,85,3,1,0,360,360,0.03333333333333333,0,0.04,0,0,0,3.8995678853066034,prerecorded,open_loop_prerecorded
5,5463,6,Control block 4,6.4,5462,85,4,1,0,360,360,0.03333333333333333,0,0.04,0,0,0,3.988859563963491,prerecorded,open_loop_prerecorded
5,5464,6,Control block 4,6.4,5463,85,5,1,0,360,360,0.03333333333333333,0,0.04,0,0,0,4.111635622158365,prerecorded,open_loop_prerecorded
5,5465,6,Control block 4,6.4,5464,86,1,1,0,360,360,0.03333333333333333,0,0.04,0,0,0,4.204647787383627,prerecorded,open_loop_prerecorded
5,5466,6,Control block 4,6.4,5465,86,2,1,0,360,360,0.03333333333333333,0,0.04,0,0,0,4.204647787383627,prerecorded,open_loop_prerecorded
5,5467,6,Control block 4,6.4,5466,86,3,1,0,360,360,0.03333333333333333,0,0.04,0,0,0,4.513448176112329,prerecorded,open_loop_prerecorded
5,5468,6,Control block 4,6.4,5467,86,4,1,0,360,360,0.03333333333333333,0,0.04,0,0,0,4.751559319196686,prerecorded,open_loop_prerecorded
5,5469,6,Control block 4,6.4,5468,86,5,1,0,360,360,0.03333333333333333,0,0.04,0,0,0,5.443569828785535,prerecorded,open_loop_prerecorded
5,5470,6,Control block 4,6.4,5469,87,1,1,0,360,360,0.03333333333333333,0,0.04,0,0,0,5.863984815752043,prerecorded,open_loop_prerecorded
5,5471,6,Control block 4,6.4,5470,87,2,1,0,360,360,0.03333333333333333,0,0.04,0,0,0,0.027257901854864174,prerecorded,open_loop_prerecorded
5,5472,6,Control block 4,6.4,5471,87,3,1,0,360,360,0.03333333333333333,0,0.04,0,0,0,0.4662753219192511,prerecorded,open_loop_prerecorded
5,5473,6,Control block 4,6.4,5472,87,4,1,0,360,360,0.03333333333333333,0,0.04,0,0,0,0.9052927419795742,prerecorded,open_loop_prerecorded
5,5474,6,Control block 4,6.4,5473,87,5,1,0,360,360,0.03333333333333333,0,0.04,0,0,0,1.3219872423777075,prerecorded,open_loop_prerecorded
5,5475,6,Control block 4,6.4,5474,88,1,1,0,360,360,0.03333333333333333,0,0.04,0,0,0,2.1553762431719417,prerecorded,open_loop_prerecorded
5,5476,6,Control block 4,6.4,5475,88,2,1,0,360,360,0.03333333333333333,0,0.04,0,0,0,3.011088163630398,prerecorded,open_loop_prerecorded
5,5477,6,Control block 4,6.4,5476,88,3,1,0,360,360,0.03333333333333333,0,0.04,0,0,0,3.4575465569148376,prerecorded,open_loop_prerecorded
5,5478,6,Control block 4,6.4,5477,88,4,1,0,360,360,0.03333333333333333,0,0.04,0,0,0,3.91144592341933,prerecorded,open_loop_prerecorded
5,5479,6,Control block 4,6.4,5478,88,5,1,0,360,360,0.03333333333333333,0,0.04,0,0,0,4.845288062744216,prerecorded,open_loop_prerecorded
5,5480,6,Control block 4,6.4,5479,89,1,1,0,360,360,0.03333333333333333,0,0.04,0,0,0,5.8014531216500185,prerecorded,open_loop_prerecorded
5,5481,6,Control block 4,6.4,5480,89,2,1,0,360,360,0.03333333333333333,0,0.04,0,0,0,6.277675407818734,prerecorded,open_loop_prerecorded
5,5482,6,Control block 4,6.4,5481,89,3,1,0,360,360,0.03333333333333333,0,0.04,0,0,0,0.46327141358780843,prerecorded,open_loop_prerecorded
5,5483,6,Control block 4,6.4,5482,89,4,1,0,360,360,0.03333333333333333,0,0.04,0,0,0,0.9171707800923008,prerecorded,open_loop_prerecorded
5,5484,6,Control block 4,6.4,5483,89,5,1,0,360,360,0.03333333333333333,0,0.04,0,0,0,1.3487472269305394,prerecorded,open_loop_prerecorded
5,5485,6,Control block 4,6.4,5484,90,1,1,0,360,360,0.03333333333333333,0,0.04,0,0,0,1.7617212407602987,prerecorded,open_loop_prerecorded
5,5486,6,Control block 4,6.4,5485,90,2,1,0,360,360,0.03333333333333333,0,0.04,0,0,0,2.528141482561867,prerecorded,open_loop_prerecorded
5,5487,6,Control block 4,6.4,5486,90,3,1,0,360,360,0.03333333333333333,0,0.04,0,0,0,3.268518318047535,prerecorded,open_loop_prerecorded
5,5488,6,Control block 4,6.4,5487,90,4,1,0,360,360,0.03333333333333333,0,0.04,0,0,0,3.63684649254885,prerecorded,open_loop_prerecorded
5,5489,6,Control block 4,6.4,5488,90,5,1,0,360,360,0.03333333333333333,0,0.04,0,0,0,4.388384787910312,prerecorded,open_loop_prerecorded
5,5490,6,Control block 4,6.4,5489,91,1,1,0,360,360,0.03333333333333333,0,0.04,0,0,0,4.764153935548376,prerecorded,open_loop_prerecorded
5,5491,6,Control block 4,6.4,5490,91,2,1,0,360,360,0.03333333333333333,0,0.04,0,0,0,5.132482110047659,prerecorded,open_loop_prerecorded
5,5492,6,Control block 4,6.4,5491,91,3,1,0,360,360,0.03333333333333333,0,0.04,0,0,0,5.132482110047659,prerecorded,open_loop_prerecorded
5,5493,6,Control block 4,6.4,5492,91,4,1,0,360,360,0.03333333333333333,0,0.04,0,0,0,5.8616974857428685,prerecorded,open_loop_prerecorded
5,5494,6,Control block 4,6.4,5493,91,5,1,0,360,360,0.03333333333333333,0,0.04,0,0,0,6.207702740494624,prerecorded,open_loop_prerecorded
5,5495,6,Control block 4,6.4,5494,92,1,1,0,360,360,0.03333333333333333,0,0.04,0,0,0,0.27052268815213154,prerecorded,open_loop_prerecorded
5,5496,6,Control block 4,6.4,5495,92,2,1,0,360,360,0.03333333333333333,0,0.04,0,0,0,0.6239689161259726,prerecorded,open_loop_prerecorded
5,5497,6,Control block 4,6.4,5496,92,3,1,0,360,360,0.03333333333333333,0,0.04,0,0,0,0.988576603973577,prerecorded,open_loop_prerecorded
5,5498,6,Control block 4,6.4,5497,92,4,1,0,360,360,0.03333333333333333,0,0.04,0,0,0,1.7959221985352156,prerecorded,open_loop_prerecorded
5,5499,6,Control block 4,6.4,5498,92,5,1,0,360,360,0.03333333333333333,0,0.04,0,0,0,2.2237781587238072,prerecorded,open_loop_prerecorded
5,5500,6,Control block 4,6.4,5499,93,1,1,0,360,360,0.03333333333333333,0,0.04,0,0,0,2.2237781587238072,prerecorded,open_loop_prerecorded
5,5501,6,Control block 4,6.4,5500,93,2,1,0,360,360,0.03333333333333333,0,0.04,0,0,0,3.0980925122781118,prerecorded,open_loop_prerecorded
5,5502,6,Control block 4,6.4,5501,93,3,1,0,360,360,0.03333333333333333,0,0.04,0,0,0,3.5333894456887878,prerecorded,open_loop_prerecorded
5,5503,6,Control block 4,6.4,5502,93,4,1,0,360,360,0.03333333333333333,0,0.04,0,0,0,3.9426429728628043,prerecorded,open_loop_prerecorded
5,5504,6,Control block 4,6.4,5503,93,5,1,0,360,360,0.03333333333333333,0,0.04,0,0,0,4.3444555268188,prerecorded,open_loop_prerecorded
5,5505,6,Control block 4,6.4,5504,94,1,1,0,360,360,0.03333333333333333,0,0.04,0,0,0,4.731386134330626,prerecorded,open_loop_prerecorded
5,5506,6,Control block 4,6.4,5505,94,2,1,0,360,360,0.03333333333333333,0,0.04,0,0,0,5.4382785903636455,prerecorded,open_loop_prerecorded
5,5507,6,Control block 4,6.4,5506,94,3,1,0,360,360,0.03333333333333333,0,0.04,0,0,0,5.750799465660721,prerecorded,open_loop_prerecorded
5,5508,6,Control block 4,6.4,5507,94,4,1,0,360,360,0.03333333333333333,0,0.04,0,0,0,6.04843839451566,prerecorded,open_loop_prerecorded
5,5509,6,Control block 4,6.4,5508,94,5,1,0,360,360,0.03333333333333333,0,0.04,0,0,0,0.32704656559330214,prerecorded,open_loop_prerecorded
5,5510,6,Control block 4,6.4,5509,95,1,1,0,360,360,0.03333333333333333,0,0.04,0,0,0,0.8962810169872784,prerecorded,open_loop_prerecorded
5,5511,6,Control block 4,6.4,5510,95,2,1,0,360,360,0.03333333333333333,0,0.04,0,0,0,1.1790379994000795,prerecorded,open_loop_prerecorded
5,5512,6,Control block 4,6.4,5511,95,3,1,0,360,360,0.03333333333333333,0,0.04,0,0,0,1.1790379994000795,prerecorded,open_loop_prerecorded
5,5513,6,Control block 4,6.4,5512,95,4,1,0,360,360,0.03333333333333333,0,0.04,0,0,0,1.7371109910035973,prerecorded,open_loop_prerecorded
5,5514,6,Control block 4,6.4,5513,95,5,1,0,360,360,0.03333333333333333,0,0.04,0,0,0,2.00870651362594,prerecorded,open_loop_prerecorded
5,5515,6,Control block 4,6.4,5514,96,1,1,0,360,360,0.03333333333333333,0,0.04,0,0,0,2.518413179247303,prerecorded,open_loop_prerecorded
5,5516,6,Control block 4,6.4,5515,96,2,1,0,360,360,0.03333333333333333,0,0.04,0,0,0,2.756524322333692,prerecorded,open_loop_prerecorded
5,5517,6,Control block 4,6.4,5516,96,3,1,0,360,360,0.03333333333333333,0,0.04,0,0,0,2.9909149788476435,prerecorded,open_loop_prerecorded
5,5518,6,Control block 4,6.4,5517,96,4,1,0,360,360,0.03333333333333333,0,0.04,0,0,0,3.4559758051425944,prerecorded,open_loop_prerecorded
5,5519,6,Control block 4,6.4,5518,96,5,1,0,360,360,0.03333333333333333,0,0.04,0,0,0,3.690366461658578,prerecorded,open_loop_prerecorded
5,5520,6,Control block 4,6.4,5519,97,1,1,0,360,360,0.03333333333333333,0,0.04,0,0,0,4.155427287953529,prerecorded,open_loop_prerecorded
5,5521,6,Control block 4,6.4,5520,97,2,1,0,360,360,0.03333333333333333,0,0.04,0,0,0,4.642811033996007,prerecorded,open_loop_prerecorded
5,5522,6,Control block 4,6.4,5521,97,3,1,0,360,360,0.03333333333333333,0,0.04,0,0,0,4.899524610092906,prerecorded,open_loop_prerecorded
5,5523,6,Control block 4,6.4,5522,97,4,1,0,360,360,0.03333333333333333,0,0.04,0,0,0,5.431554195461797,prerecorded,open_loop_prerecorded
5,5524,6,Control block 4,6.4,5523,97,5,1,0,360,360,0.03333333333333333,0,0.04,0,0,0,5.714311177876629,prerecorded,open_loop_prerecorded
5,5525,6,Control block 4,6.4,5524,98,1,1,0,360,360,0.03333333333333333,0,0.04,0,0,0,0.00036032209102012004,prerecorded,open_loop_prerecorded
5,5526,6,Control block 4,6.4,5525,98,2,1,0,360,360,0.03333333333333333,0,0.04,0,0,0,0.28311730450178946,prerecorded,open_loop_prerecorded
5,5527,6,Control block 4,6.4,5526,98,3,1,0,360,360,0.03333333333333333,0,0.04,0,0,0,0.5621538003462168,prerecorded,open_loop_prerecorded
5,5528,6,Control block 4,6.4,5527,98,4,1,0,360,360,0.03333333333333333,0,0.04,0,0,0,1.0979038722855126,prerecorded,open_loop_prerecorded
5,5529,6,Control block 4,6.4,5528,98,5,1,0,360,360,0.03333333333333333,0,0.04,0,0,0,1.354617448382413,prerecorded,open_loop_prerecorded
5,5530,6,Control block 4,6.4,5529,99,1,1,0,360,360,0.03333333333333333,0,0.04,0,0,0,1.8308397345511271,prerecorded,open_loop_prerecorded
5,5531,6,Control block 4,6.4,5530,99,2,1,0,360,360,0.03333333333333333,0,0.04,0,0,0,2.277298127835567,prerecorded,open_loop_prerecorded
5,5532,6,Control block 4,6.4,5531,99,3,1,0,360,360,0.03333333333333333,0,0.04,0,0,0,2.4782044048095013,prerecorded,open_loop_prerecorded
5,5533,6,Control block 4,6.4,5532,99,4,1,0,360,360,0.03333333333333333,0,0.04,0,0,0,2.853973552532901,prerecorded,open_loop_prerecorded
5,5534,6,Control block 4,6.4,5533,99,5,1,0,360,360,0.03333333333333333,0,0.04,0,0,0,3.0362773964150507,prerecorded,open_loop_prerecorded
5,5535,6,Control block 4,6.4,5534,100,1,1,0,360,360,0.03333333333333333,0,0.04,0,0,0,3.4120465441364187,prerecorded,open_loop_prerecorded
5,5536,6,Control block 4,6.4,5535,100,2,1,0,360,360,0.03333333333333333,0,0.04,0,0,0,3.609232334462738,prerecorded,open_loop_prerecorded
5,5537,6,Control block 4,6.4,5536,100,3,1,0,360,360,0.03333333333333333,0,0.04,0,0,0,3.8250205578828727,prerecorded,open_loop_prerecorded
5,5538,6,Control block 4,6.4,5537,100,4,1,0,360,360,0.03333333333333333,0,0.04,0,0,0,4.301242844049556,prerecorded,open_loop_prerecorded
5,5539,6,Control block 4,6.4,5538,100,5,1,0,360,360,0.03333333333333333,0,0.04,0,0,0,4.5467949603539655,prerecorded,open_loop_prerecorded
5,5540,6,Control block 4,6.4,5539,101,1,1,0,360,360,0.03333333333333333,0,0.04,0,0,0,5.019296759954306,prerecorded,open_loop_prerecorded
5,5541,6,Control block 4,6.4,5540,101,2,1,0,360,360,0.03333333333333333,0,0.04,0,0,0,5.231364496724794,prerecorded,open_loop_prerecorded
5,5542,6,Control block 4,6.4,5541,101,3,1,0,360,360,0.03333333333333333,0,0.04,0,0,0,5.573649264908177,prerecorded,open_loop_prerecorded
5,5543,6,Control block 4,6.4,5542,101,4,1,0,360,360,0.03333333333333333,0,0.04,0,0,0,5.733630189207377,prerecorded,open_loop_prerecorded
5,5544,6,Control block 4,6.4,5543,101,5,1,0,360,360,0.03333333333333333,0,0.04,0,0,0,6.042430577854807,prerecorded,open_loop_prerecorded
5,5545,6,Control block 4,6.4,5544,102,1,1,0,360,360,0.03333333333333333,0,0.04,0,0,0,6.202411502156039,prerecorded,open_loop_prerecorded
5,5546,6,Control block 4,6.4,5545,102,2,1,0,360,360,0.03333333333333333,0,0.04,0,0,0,0.2652314497282095,prerecorded,open_loop_prerecorded
5,5547,6,Control block 4,6.4,5546,102,3,1,0,360,360,0.03333333333333333,0,0.04,0,0,0,0.46241724013783353,prerecorded,open_loop_prerecorded
5,5548,6,Control block 4,6.4,5547,102,4,1,0,360,360,0.03333333333333333,0,0.04,0,0,0,0.9200370932106998,prerecorded,open_loop_prerecorded
5,5549,6,Control block 4,6.4,5548,102,5,1,0,360,360,0.03333333333333333,0,0.04,0,0,0,1.1655892095171416,prerecorded,open_loop_prerecorded
5,5550,6,Control block 4,6.4,5549,103,1,0,0,360,360,0.343,0,0.04,2,0,0,1.6752958752238416,motor_omission,open_loop_prerecorded
5,5551,6,Control block 4,6.4,5550,103,2,1,0,360,360,0.03333333333333333,0,0.04,0,0,0,1.909686531654488,prerecorded,open_loop_prerecorded
5,5552,6,Control block 4,6.4,5551,103,3,1,0,360,360,0.03333333333333333,0,0.04,0,0,0,2.3375424919263845,prerecorded,open_loop_prerecorded
5,5553,6,Control block 4,6.4,5552,103,4,1,0,360,360,0.03333333333333333,0,0.04,0,0,0,2.5310077956822976,prerecorded,open_loop_prerecorded
5,5554,6,Control block 4,6.4,5553,103,5,1,0,360,360,0.03333333333333333,0,0.04,0,0,0,2.8770130504360862,prerecorded,open_loop_prerecorded
5,5555,6,Control block 4,6.4,5554,104,1,1,0,360,360,0.03333333333333333,0,0.04,0,0,0,3.0295530015152345,prerecorded,open_loop_prerecorded
5,5556,6,Control block 4,6.4,5555,104,2,1,0,360,360,0.03333333333333333,0,0.04,0,0,0,3.2974280374838663,prerecorded,open_loop_prerecorded
5,5557,6,Control block 4,6.4,5556,104,3,1,0,360,360,0.03333333333333333,0,0.04,0,0,0,3.4239245822471136,prerecorded,open_loop_prerecorded
5,5558,6,Control block 4,6.4,5557,104,4,1,0,360,360,0.03333333333333333,0,0.04,0,0,0,3.6657562119018765,prerecorded,open_loop_prerecorded
5,5559,6,Control block 4,6.4,5558,104,5,1,0,360,360,0.03333333333333333,0,0.04,0,0,0,3.792252756665124,prerecorded,open_loop_prerecorded
5,5560,6,Control block 4,6.4,5559,105,1,1,0,360,360,0.03333333333333333,0,0.04,0,0,0,4.052686819413703,prerecorded,open_loop_prerecorded
5,5561,6,Control block 4,6.4,5560,105,2,1,0,360,360,0.03333333333333333,0,0.04,0,0,0,4.1903448240507135,prerecorded,open_loop_prerecorded
5,5562,6,Control block 4,6.4,5561,105,3,1,0,360,360,0.03333333333333333,0,0.04,0,0,0,4.480542779683568,prerecorded,open_loop_prerecorded
5,5563,6,Control block 4,6.4,5562,105,4,1,0,360,360,0.03333333333333333,0,0.04,0,0,0,4.621921270893016,prerecorded,open_loop_prerecorded
5,5564,6,Control block 4,6.4,5563,105,5,1,0,360,360,0.03333333333333333,0,0.04,0,0,0,4.900957766650075,prerecorded,open_loop_prerecorded
5,5565,6,Control block 4,6.4,5564,106,1,1,0,360,360,0.03333333333333333,0,0.04,0,0,0,5.04605674450917,prerecorded,open_loop_prerecorded
5,5566,6,Control block 4,6.4,5565,106,2,1,0,360,360,0.03333333333333333,0,0.04,0,0,0,5.354857133156599,prerecorded,open_loop_prerecorded
5,5567,6,Control block 4,6.4,5566,106,3,1,0,360,360,0.03333333333333333,0,0.04,0,0,0,5.522279030677884,prerecorded,open_loop_prerecorded
5,5568,6,Control block 4,6.4,5567,106,4,1,0,360,360,0.03333333333333333,0,0.04,0,0,0,5.875725258653757,prerecorded,open_loop_prerecorded
5,5569,6,Control block 4,6.4,5568,106,5,1,0,360,360,0.03333333333333333,0,0.04,0,0,0,6.0691905624076385,prerecorded,open_loop_prerecorded
5,5570,6,Control block 4,6.4,5569,107,1,1,0,360,360,0.03333333333333333,0,0.04,0,0,0,0.2175817020703548,prerecorded,open_loop_prerecorded
5,5571,6,Control block 4,6.4,5570,107,2,1,0,360,360,0.03333333333333333,0,0.04,0,0,0,0.45569284515471203,prerecorded,open_loop_prerecorded
5,5572,6,Control block 4,6.4,5571,107,3,1,0,360,360,0.03333333333333333,0,0.04,0,0,0,0.9653995108593801,prerecorded,open_loop_prerecorded
5,5573,6,Control block 4,6.4,5572,107,4,1,0,360,360,0.03333333333333333,0,0.04,0,0,0,1.233274546830044,prerecorded,open_loop_prerecorded
5,5574,6,Control block 4,6.4,5573,107,5,1,0,360,360,0.03333333333333333,0,0.04,0,0,0,1.80250899822402,prerecorded,open_loop_prerecorded
5,5575,6,Control block 4,6.4,5574,108,1,1,0,360,360,0.03333333333333333,0,0.04,0,0,0,2.096427440510585,prerecorded,open_loop_prerecorded
5,5576,6,Control block 4,6.4,5575,108,2,1,0,360,360,0.03333333333333333,0,0.04,0,0,0,2.3866253961454706,prerecorded,open_loop_prerecorded
5,5577,6,Control block 4,6.4,5576,108,3,1,0,360,360,0.03333333333333333,0,0.04,0,0,0,2.669382378558272,prerecorded,open_loop_prerecorded
5,5578,6,Control block 4,6.4,5577,108,4,1,0,360,360,0.03333333333333333,0,0.04,0,0,0,2.9595803341911258,prerecorded,open_loop_prerecorded
5,5579,6,Control block 4,6.4,5578,108,5,1,0,360,360,0.03333333333333333,0,0.04,0,0,0,3.539976245460897,prerecorded,open_loop_prerecorded
5,5580,6,Control block 4,6.4,5579,109,1,1,0,360,360,0.03333333333333333,0,0.04,0,0,0,3.8264537144400403,prerecorded,open_loop_prerecorded
5,5581,6,Control block 4,6.4,5580,109,2,1,0,360,360,0.03333333333333333,0,0.04,0,0,0,4.105490210284468,prerecorded,open_loop_prerecorded
5,5582,6,Control block 4,6.4,5581,109,3,1,0,360,360,0.03333333333333333,0,0.04,0,0,0,4.644960768794169,prerecorded,open_loop_prerecorded
5,5583,6,Control block 4,6.4,5582,109,4,1,0,360,360,0.03333333333333333,0,0.04,0,0,0,5.17326986751138,prerecorded,open_loop_prerecorded
5,5584,6,Control block 4,6.4,5583,109,5,1,0,360,360,0.03333333333333333,0,0.04,0,0,0,5.429983443691586,prerecorded,open_loop_prerecorded
5,5585,6,Control block 4,6.4,5584,110,1,1,0,360,360,0.03333333333333333,0,0.04,0,0,0,5.679256046566402,prerecorded,open_loop_prerecorded
5,5586,6,Control block 4,6.4,5585,110,2,1,0,360,360,0.03333333333333333,0,0.04,0,0,0,6.1629193059572005,prerecorded,open_loop_prerecorded
5,5587,6,Control block 4,6.4,5586,110,3,1,0,360,360,0.03333333333333333,0,0.04,0,0,0,0.1066836820694812,prerecorded,open_loop_prerecorded
5,5588,6,Control block 4,6.4,5587,110,4,1,0,360,360,0.03333333333333333,0,0.04,0,0,0,0.5531420753539209,prerecorded,open_loop_prerecorded
5,5589,6,Control block 4,6.4,5588,110,5,1,0,360,360,0.03333333333333333,0,0.04,0,0,0,0.7726507853444617,prerecorded,open_loop_prerecorded
5,5590,6,Control block 4,6.4,5589,111,1,1,0,360,360,0.03333333333333333,0,0.04,0,0,0,1.193065772392242,prerecorded,open_loop_prerecorded
5,5591,6,Control block 4,6.4,5590,111,2,1,0,360,360,0.03333333333333333,0,0.04,0,0,0,1.4051335091606982,prerecorded,open_loop_prerecorded
5,5592,6,Control block 4,6.4,5591,111,3,1,0,360,360,0.03333333333333333,0,0.04,0,0,0,1.8181075229884256,prerecorded,open_loop_prerecorded
5,5593,6,Control block 4,6.4,5592,111,4,1,0,360,360,0.03333333333333333,0,0.04,0,0,0,2.026454773188508,prerecorded,open_loop_prerecorded
5,5594,6,Control block 4,6.4,5593,111,5,1,0,360,360,0.03333333333333333,0,0.04,0,0,0,2.4840746262613744,prerecorded,open_loop_prerecorded
5,5595,6,Control block 4,6.4,5594,112,1,1,0,360,360,0.03333333333333333,0,0.04,0,0,0,2.7259062559974105,prerecorded,open_loop_prerecorded
5,5596,6,Control block 4,6.4,5595,112,2,1,0,360,360,0.03333333333333333,0,0.04,0,0,0,2.978899345525937,prerecorded,open_loop_prerecorded
5,5597,6,Control block 4,6.4,5596,112,3,1,0,360,360,0.03333333333333333,0,0.04,0,0,0,3.235612921620805,prerecorded,open_loop_prerecorded
5,5598,6,Control block 4,6.4,5597,112,4,1,0,360,360,0.03333333333333333,0,0.04,0,0,0,3.496046984369385,prerecorded,open_loop_prerecorded
5,5599,6,Control block 4,6.4,5598,112,5,1,0,360,360,0.03333333333333333,0,0.04,0,0,0,3.987151216980237,prerecorded,open_loop_prerecorded
5,5600,6,Control block 4,6.4,5599,113,1,1,0,360,360,0.03333333333333333,0,0.04,0,0,0,4.2215418734962205,prerecorded,open_loop_prerecorded
5,5601,6,Control block 4,6.4,5600,113,2,1,0,360,360,0.03333333333333333,0,0.04,0,0,0,4.65311832033649,prerecorded,open_loop_prerecorded
5,5602,6,Control block 4,6.4,5601,113,3,1,0,360,360,0.03333333333333333,0,0.04,0,0,0,4.850304110660778,prerecorded,open_loop_prerecorded
5,5603,6,Control block 4,6.4,5602,113,4,1,0,360,360,0.03333333333333333,0,0.04,0,0,0,5.1963093654978705,prerecorded,open_loop_prerecorded
5,5604,6,Control block 4,6.4,5603,113,5,1,0,360,360,0.03333333333333333,0,0.04,0,0,0,5.34512882992534,prerecorded,open_loop_prerecorded
5,5605,6,Control block 4,6.4,5604,114,1,1,0,360,360,0.03333333333333333,0,0.04,0,0,0,5.590680946231782,prerecorded,open_loop_prerecorded
5,5606,6,Control block 4,6.4,5605,114,2,1,0,360,360,0.03333333333333333,0,0.04,0,0,0,5.679972624886638,prerecorded,open_loop_prerecorded
5,5607,6,Control block 4,6.4,5606,114,3,1,0,360,360,0.03333333333333333,0,0.04,0,0,0,5.813910142871969,prerecorded,open_loop_prerecorded
5,5608,6,Control block 4,6.4,5607,114,4,1,0,360,360,0.03333333333333333,0,0.04,0,0,0,5.877158415212956,prerecorded,open_loop_prerecorded
5,5609,6,Control block 4,6.4,5608,114,5,1,0,360,360,0.03333333333333333,0,0.04,0,0,0,6.014816419849967,prerecorded,open_loop_prerecorded
5,5610,6,Control block 4,6.4,5609,115,1,1,0,360,360,0.03333333333333333,0,0.04,0,0,0,6.100387611855177,prerecorded,open_loop_prerecorded
5,5611,6,Control block 4,6.4,5610,115,2,1,0,360,360,0.03333333333333333,0,0.04,0,0,0,0.02927004152531989,prerecorded,open_loop_prerecorded
5,5612,6,Control block 4,6.4,5611,115,3,1,0,360,360,0.03333333333333333,0,0.04,0,0,0,0.1483256130685144,prerecorded,open_loop_prerecorded
5,5613,6,Control block 4,6.4,5612,115,4,1,0,360,360,0.03333333333333333,0,0.04,0,0,0,0.4050391891654147,prerecorded,open_loop_prerecorded
5,5614,6,Control block 4,6.4,5613,115,5,1,0,360,360,0.03333333333333333,0,0.04,0,0,0,0.5501381670224783,prerecorded,open_loop_prerecorded
5,5615,6,Control block 4,6.4,5614,116,1,1,0,360,360,0.03333333333333333,0,0.04,0,0,0,0.884981961985808,prerecorded,open_loop_prerecorded
5,5616,6,Control block 4,6.4,5615,116,2,1,0,360,360,0.03333333333333333,0,0.04,0,0,0,1.0747267790900423,prerecorded,open_loop_prerecorded
5,5617,6,Control block 4,6.4,5616,116,3,1,0,360,360,0.03333333333333333,0,0.04,0,0,0,1.4988622527061966,prerecorded,open_loop_prerecorded
5,5618,6,Control block 4,6.4,5617,116,4,1,0,360,360,0.03333333333333333,0,0.04,0,0,0,1.7332529092242115,prerecorded,open_loop_prerecorded
5,5619,6,Control block 4,6.4,5618,116,5,1,0,360,360,0.03333333333333333,0,0.04,0,0,0,1.9750845388769427,prerecorded,open_loop_prerecorded
5,5620,6,Control block 4,6.4,5619,117,1,1,0,360,360,0.03333333333333333,0,0.04,0,0,0,2.213195681959268,prerecorded,open_loop_prerecorded
5,5621,6,Control block 4,6.4,5620,117,2,1,0,360,360,0.03333333333333333,0,0.04,0,0,0,2.4438658518235723,prerecorded,open_loop_prerecorded
5,5622,6,Control block 4,6.4,5621,117,3,1,0,360,360,0.03333333333333333,0,0.04,0,0,0,2.879162785315522,prerecorded,open_loop_prerecorded
5,5623,6,Control block 4,6.4,5622,117,4,1,0,360,360,0.03333333333333333,0,0.04,0,0,0,3.083789548861893,prerecorded,open_loop_prerecorded
5,5624,6,Control block 4,6.4,5623,117,5,1,0,360,360,0.03333333333333333,0,0.04,0,0,0,3.4707201563737202,prerecorded,open_loop_prerecorded
5,5625,6,Control block 4,6.4,5624,118,1,1,0,360,360,0.03333333333333333,0,0.04,0,0,0,3.682787893225481,prerecorded,open_loop_prerecorded
5,5626,6,Control block 4,6.4,5625,118,2,1,0,360,360,0.03333333333333333,0,0.04,0,0,0,4.129246286509921,prerecorded,open_loop_prerecorded
5,5627,6,Control block 4,6.4,5626,118,3,1,0,360,360,0.03333333333333333,0,0.04,0,0,0,4.352475483152141,prerecorded,open_loop_prerecorded
5,5628,6,Control block 4,6.4,5627,118,4,1,0,360,360,0.03333333333333333,0,0.04,0,0,0,4.791492903212464,prerecorded,open_loop_prerecorded
5,5629,6,Control block 4,6.4,5628,118,5,1,0,360,360,0.03333333333333333,0,0.04,0,0,0,4.996119666758836,prerecorded,open_loop_prerecorded
5,5630,6,Control block 4,6.4,5629,119,1,1,0,360,360,0.03333333333333333,0,0.04,0,0,0,5.19330545716846,prerecorded,open_loop_prerecorded
5,5631,6,Control block 4,6.4,5630,119,2,1,0,360,360,0.03333333333333333,0,0.04,0,0,0,5.587677037900339,prerecorded,open_loop_prerecorded
5,5632,6,Control block 4,6.4,5631,119,3,1,0,360,360,0.03333333333333333,0,0.04,0,0,0,5.784862828226658,prerecorded,open_loop_prerecorded
5,5633,6,Control block 4,6.4,5632,119,4,1,0,360,360,0.03333333333333333,0,0.04,0,0,0,6.168072949168079,prerecorded,open_loop_prerecorded
5,5634,6,Control block 4,6.4,5633,119,5,1,0,360,360,0.03333333333333333,0,0.04,0,0,0,0.2383338699623336,prerecorded,open_loop_prerecorded
5,5635,6,Control block 4,6.4,5634,120,1,1,0,360,360,0.03333333333333333,0,0.04,0,0,0,0.4131967407077356,prerecorded,open_loop_prerecorded
5,5636,6,Control block 4,6.4,5635,120,2,1,0,360,360,0.03333333333333333,0,0.04,0,0,0,0.5806186381457162,prerecorded,open_loop_prerecorded
5,5637,6,Control block 4,6.4,5636,120,3,1,0,360,360,0.03333333333333333,0,0.04,0,0,0,0.7405995624469489,prerecorded,open_loop_prerecorded
5,5638,6,Control block 4,6.4,5637,120,4,1,0,360,360,0.03333333333333333,0,0.04,0,0,0,0.8968600000965029,prerecorded,open_loop_prerecorded
5,5639,6,Control block 4,6.4,5638,120,5,1,0,360,360,0.03333333333333333,0,0.04,0,0,0,1.1796169825113358,prerecorded,open_loop_prerecorded
5,5640,6,Control block 4,6.4,5639,121,1,1,0,360,360,0.03333333333333333,0,0.04,0,0,0,1.3023930406208724,prerecorded,open_loop_prerecorded
5,5641,6,Control block 4,6.4,5640,121,2,1,0,360,360,0.03333333333333333,0,0.04,0,0,0,1.4177281255936611,prerecorded,open_loop_prerecorded
5,5642,6,Control block 4,6.4,5641,121,3,1,0,360,360,0.03333333333333333,0,0.04,0,0,0,1.6483982954579657,prerecorded,open_loop_prerecorded
5,5643,6,Control block 4,6.4,5642,121,4,1,0,360,360,0.03333333333333333,0,0.04,0,0,0,1.7711743535675024,prerecorded,open_loop_prerecorded
5,5644,6,Control block 4,6.4,5643,121,5,1,0,360,360,0.03333333333333333,0,0.04,0,0,0,2.0539313359803035,prerecorded,open_loop_prerecorded
5,5645,6,Control block 4,6.4,5644,122,1,1,0,360,360,0.03333333333333333,0,0.04,0,0,0,2.373893184499464,prerecorded,open_loop_prerecorded
5,5646,6,Control block 4,6.4,5645,122,2,1,0,360,360,0.03333333333333333,0,0.04,0,0,0,2.5338741088027286,prerecorded,open_loop_prerecorded
5,5647,6,Control block 4,6.4,5646,122,3,1,0,360,360,0.03333333333333333,0,0.04,0,0,0,2.8166310912134978,prerecorded,open_loop_prerecorded
5,5648,6,Control block 4,6.4,5647,122,4,1,0,360,360,0.03333333333333333,0,0.04,0,0,0,2.939407149325066,prerecorded,open_loop_prerecorded
5,5649,6,Control block 4,6.4,5648,122,5,1,0,360,360,0.03333333333333333,0,0.04,0,0,0,3.047301261077802,prerecorded,open_loop_prerecorded
5,5650,6,Control block 4,6.4,5649,123,1,1,0,360,360,0.03333333333333333,0,0.04,0,0,0,3.207282185293699,prerecorded,open_loop_prerecorded
5,5651,6,Control block 4,6.4,5650,123,2,1,0,360,360,0.03333333333333333,0,0.04,0,0,0,3.255648511275853,prerecorded,open_loop_prerecorded
5,5652,6,Control block 4,6.4,5651,123,3,1,0,360,360,0.03333333333333333,0,0.04,0,0,0,3.255648511275853,prerecorded,open_loop_prerecorded
5,5653,6,Control block 4,6.4,5652,123,4,1,0,360,360,0.03333333333333333,0,0.04,0,0,0,3.3002943506042968,prerecorded,open_loop_prerecorded
5,5654,6,Control block 4,6.4,5653,123,5,1,0,360,360,0.03333333333333333,0,0.04,0,0,0,3.304014837174703,prerecorded,open_loop_prerecorded
5,5655,6,Control block 4,6.4,5654,124,1,1,0,360,360,0.03333333333333333,0,0.04,0,0,0,3.3151762970464342,prerecorded,open_loop_prerecorded
5,5656,6,Control block 4,6.4,5655,124,2,1,0,360,360,0.03333333333333333,0,0.04,0,0,0,3.326337756838925,prerecorded,open_loop_prerecorded
5,5657,6,Control block 4,6.4,5656,124,3,1,0,360,360,0.03333333333333333,0,0.04,0,0,0,3.3412197032790303,prerecorded,open_loop_prerecorded
5,5658,6,Control block 4,6.4,5657,124,4,1,0,360,360,0.03333333333333333,0,0.04,0,0,0,3.344940189932741,prerecorded,open_loop_prerecorded
5,5659,6,Control block 4,6.4,5658,124,5,1,0,360,360,0.03333333333333333,0,0.04,0,0,0,3.344940189932741,prerecorded,open_loop_prerecorded
5,5660,6,Control block 4,6.4,5659,125,1,1,0,360,360,0.03333333333333333,0,0.04,0,0,0,3.3412197032790303,prerecorded,open_loop_prerecorded
5,5661,6,Control block 4,6.4,5660,125,2,1,0,360,360,0.03333333333333333,0,0.04,0,0,0,3.3374992167106567,prerecorded,open_loop_prerecorded
5,5662,6,Control block 4,6.4,5661,125,3,1,0,360,360,0.03333333333333333,0,0.04,0,0,0,3.3374992167106567,prerecorded,open_loop_prerecorded
5,5663,6,Control block 4,6.4,5662,125,4,1,0,360,360,0.03333333333333333,0,0.04,0,0,0,3.3374992167106567,prerecorded,open_loop_prerecorded
5,5664,6,Control block 4,6.4,5663,125,5,1,0,360,360,0.03333333333333333,0,0.04,0,0,0,3.3970270024832696,prerecorded,open_loop_prerecorded
5,5665,6,Control block 4,6.4,5664,126,1,1,0,360,360,0.03333333333333333,0,0.04,0,0,0,3.5756103597950135,prerecorded,open_loop_prerecorded
5,5666,6,Control block 4,6.4,5665,126,2,1,0,360,360,0.03333333333333333,0,0.04,0,0,0,3.694665931338208,prerecorded,open_loop_prerecorded
5,5667,6,Control block 4,6.4,5666,126,3,1,0,360,360,0.03333333333333333,0,0.04,0,0,0,4.003466319983605,prerecorded,open_loop_prerecorded
5,5668,6,Control block 4,6.4,5667,126,4,1,0,360,360,0.03333333333333333,0,0.04,0,0,0,4.196931623739518,prerecorded,open_loop_prerecorded
5,5669,6,Control block 4,6.4,5668,126,5,1,0,360,360,0.03333333333333333,0,0.04,0,0,0,4.4052788739375695,prerecorded,open_loop_prerecorded
5,5670,6,Control block 4,6.4,5669,127,1,1,0,360,360,0.03333333333333333,0,0.04,0,0,0,4.621067097357704,prerecorded,open_loop_prerecorded
5,5671,6,Control block 4,6.4,5670,127,2,1,0,360,360,0.03333333333333333,0,0.04,0,0,0,4.855457753873687,prerecorded,open_loop_prerecorded
5,5672,6,Control block 4,6.4,5671,127,3,1,0,360,360,0.03333333333333333,0,0.04,0,0,0,5.101009870180129,prerecorded,open_loop_prerecorded
5,5673,6,Control block 4,6.4,5672,127,4,1,0,360,360,0.03333333333333333,0,0.04,0,0,0,5.331680040042402,prerecorded,open_loop_prerecorded
5,5674,6,Control block 4,6.4,5673,127,5,1,0,360,360,0.03333333333333333,0,0.04,0,0,0,5.543747776810859,prerecorded,open_loop_prerecorded
5,5675,6,Control block 4,6.4,5674,128,1,1,0,360,360,0.03333333333333333,0,0.04,0,0,0,5.726051620774282,prerecorded,open_loop_prerecorded
5,5676,6,Control block 4,6.4,5675,128,2,1,0,360,360,0.03333333333333333,0,0.04,0,0,0,5.878591571772156,prerecorded,open_loop_prerecorded
5,5677,6,Control block 4,6.4,5676,128,3,1,0,360,360,0.03333333333333333,0,0.04,0,0,0,6.005088116535403,prerecorded,open_loop_prerecorded
5,5678,6,Control block 4,6.4,5677,128,4,1,0,360,360,0.03333333333333333,0,0.04,0,0,0,6.105541255066055,prerecorded,open_loop_prerecorded
5,5679,6,Control block 4,6.4,5678,128,5,1,0,360,360,0.03333333333333333,0,0.04,0,0,0,6.213435366735486,prerecorded,open_loop_prerecorded
5,5680,6,Control block 4,6.4,5679,129,1,1,0,360,360,0.03333333333333333,0,0.04,0,0,0,6.261801692715609,prerecorded,open_loop_prerecorded
5,5681,6,Control block 4,6.4,5680,129,2,1,0,360,360,0.03333333333333333,0,0.04,0,0,0,0.023262224864466555,prerecorded,open_loop_prerecorded
5,5682,6,Control block 4,6.4,5681,129,3,1,0,360,360,0.03333333333333333,0,0.04,0,0,0,0.09767195707921711,prerecorded,open_loop_prerecorded
5,5683,6,Control block 4,6.4,5682,129,4,1,0,360,360,0.03333333333333333,0,0.04,0,0,0,0.22044801518875368,prerecorded,open_loop_prerecorded
5,5684,6,Control block 4,6.4,5683,129,5,1,0,360,360,0.03333333333333333,0,0.04,0,0,0,0.4213542921667515,prerecorded,open_loop_prerecorded
5,5685,6,Control block 4,6.4,5684,130,1,1,0,360,360,0.03333333333333333,0,0.04,0,0,0,0.6892293281374153,prerecorded,open_loop_prerecorded
5,5686,6,Control block 4,6.4,5685,130,2,1,0,360,360,0.03333333333333333,0,0.04,0,0,0,0.9868682569923539,prerecorded,open_loop_prerecorded
5,5687,6,Control block 4,6.4,5686,130,3,1,0,360,360,0.03333333333333333,0,0.04,0,0,0,1.2882276725010031,prerecorded,open_loop_prerecorded
5,5688,6,Control block 4,6.4,5687,130,4,1,0,360,360,0.03333333333333333,0,0.04,0,0,0,1.589587087922284,prerecorded,open_loop_prerecorded
5,5689,6,Control block 4,6.4,5688,130,5,1,0,360,360,0.03333333333333333,0,0.04,0,0,0,1.8835055302088484,prerecorded,open_loop_prerecorded
5,5690,6,Control block 4,6.4,5689,131,1,1,0,360,360,0.03333333333333333,0,0.04,0,0,0,2.158821539401597,prerecorded,open_loop_prerecorded
5,5691,6,Control block 4,6.4,5690,131,2,1,0,360,360,0.03333333333333333,0,0.04,0,0,0,2.6982920979092664,prerecorded,open_loop_prerecorded
5,5692,6,Control block 4,6.4,5691,131,3,1,0,360,360,0.03333333333333333,0,0.04,0,0,0,2.9624466473115567,prerecorded,open_loop_prerecorded
5,5693,6,Control block 4,6.4,5692,131,4,1,0,360,360,0.03333333333333333,0,0.04,0,0,0,3.5391220719255854,prerecorded,open_loop_prerecorded
5,5694,6,Control block 4,6.4,5693,131,5,1,0,360,360,0.03333333333333333,0,0.04,0,0,0,3.851642947224693,prerecorded,open_loop_prerecorded
5,5695,6,Control block 4,6.4,5694,132,1,1,0,360,360,0.03333333333333333,0,0.04,0,0,0,4.190207228839702,prerecorded,open_loop_prerecorded
5,5696,6,Control block 4,6.4,5695,132,2,1,0,360,360,0.03333333333333333,0,0.04,0,0,0,4.551094430033595,prerecorded,open_loop_prerecorded
5,5697,6,Control block 4,6.4,5696,132,3,1,0,360,360,0.03333333333333333,0,0.04,0,0,0,4.9231430911032845,prerecorded,open_loop_prerecorded
5,5698,6,Control block 4,6.4,5697,132,4,1,0,360,360,0.03333333333333333,0,0.04,0,0,0,5.2914712656046,prerecorded,open_loop_prerecorded
5,5699,6,Control block 4,6.4,5698,132,5,1,0,360,360,0.03333333333333333,0,0.04,0,0,0,5.648637980232152,prerecorded,open_loop_prerecorded
5,5700,6,Control block 4,6.4,5699,133,1,1,0,360,360,0.03333333333333333,0,0.04,0,0,0,5.998363721637618,prerecorded,open_loop_prerecorded
5,5701,6,Control block 4,6.4,5700,133,2,1,0,360,360,0.03333333333333333,0,0.04,0,0,0,0.050022209419330554,prerecorded,open_loop_prerecorded
5,5702,6,Control block 4,6.4,5701,133,3,1,0,360,360,0.03333333333333333,0,0.04,0,0,0,0.3625430847164065,prerecorded,open_loop_prerecorded
5,5703,6,Control block 4,6.4,5702,133,4,1,0,360,360,0.03333333333333333,0,0.04,0,0,0,0.6453000671292077,prerecorded,open_loop_prerecorded
5,5704,6,Control block 4,6.4,5703,133,5,1,0,360,360,0.03333333333333333,0,0.04,0,0,0,1.21081403195481,prerecorded,open_loop_prerecorded
5,5705,6,Control block 4,6.4,5704,134,1,1,0,360,360,0.03333333333333333,0,0.04,0,0,0,1.7688870235583278,prerecorded,open_loop_prerecorded
5,5706,6,Control block 4,6.4,5705,134,2,1,0,360,360,0.03333333333333333,0,0.04,0,0,0,2.0590849791932135,prerecorded,open_loop_prerecorded
5,5707,6,Control block 4,6.4,5706,134,3,1,0,360,360,0.03333333333333333,0,0.04,0,0,0,2.341841961606015,prerecorded,open_loop_prerecorded
5,5708,6,Control block 4,6.4,5707,134,4,1,0,360,360,0.03333333333333333,0,0.04,0,0,0,2.903635439779938,prerecorded,open_loop_prerecorded
5,5709,6,Control block 4,6.4,5708,134,5,1,0,360,360,0.03333333333333333,0,0.04,0,0,0,3.182671935622334,prerecorded,open_loop_prerecorded
5,5710,6,Control block 4,6.4,5709,135,1,1,0,360,360,0.03333333333333333,0,0.04,0,0,0,3.45426745815934,prerecorded,open_loop_prerecorded
5,5711,6,Control block 4,6.4,5710,135,2,1,0,360,360,0.03333333333333333,0,0.04,0,0,0,3.9788560703102087,prerecorded,open_loop_prerecorded
5,5712,6,Control block 4,6.4,5711,135,3,1,0,360,360,0.03333333333333333,0,0.04,0,0,0,4.228128673185024,prerecorded,open_loop_prerecorded
5,5713,6,Control block 4,6.4,5712,135,4,1,0,360,360,0.03333333333333333,0,0.04,0,0,0,4.469960302921061,prerecorded,open_loop_prerecorded
5,5714,6,Control block 4,6.4,5713,135,5,1,0,360,360,0.03333333333333333,0,0.04,0,0,0,4.708071446005418,prerecorded,open_loop_prerecorded
5,5715,6,Control block 4,6.4,5714,136,1,1,0,360,360,0.03333333333333333,0,0.04,0,0,0,5.165691299080316,prerecorded,open_loop_prerecorded
5,5716,6,Control block 4,6.4,5715,136,2,1,0,360,360,0.03333333333333333,0,0.04,0,0,0,5.396361468940556,prerecorded,open_loop_prerecorded
5,5717,6,Control block 4,6.4,5716,136,3,1,0,360,360,0.03333333333333333,0,0.04,0,0,0,5.872583755109271,prerecorded,open_loop_prerecorded
5,5718,6,Control block 4,6.4,5717,136,4,1,0,360,360,0.03333333333333333,0,0.04,0,0,0,6.099533438405202,prerecorded,open_loop_prerecorded
5,5719,6,Control block 4,6.4,5718,136,5,1,0,360,360,0.03333333333333333,0,0.04,0,0,0,0.2330426316217166,prerecorded,open_loop_prerecorded
5,5720,6,Control block 4,6.4,5719,137,1,1,0,360,360,0.03333333333333333,0,0.04,0,0,0,0.43022842194803557,prerecorded,open_loop_prerecorded
5,5721,6,Control block 4,6.4,5720,137,2,1,0,360,360,0.03333333333333333,0,0.04,0,0,0,0.6199732391335431,prerecorded,open_loop_prerecorded
5,5722,6,Control block 4,6.4,5721,137,3,1,0,360,360,0.03333333333333333,0,0.04,0,0,0,0.9771399537610949,prerecorded,open_loop_prerecorded
5,5723,6,Control block 4,6.4,5722,137,4,1,0,360,360,0.03333333333333333,0,0.04,0,0,0,1.15200282442116,prerecorded,open_loop_prerecorded
5,5724,6,Control block 4,6.4,5723,137,5,1,0,360,360,0.03333333333333333,0,0.04,0,0,0,1.3268656951665618,prerecorded,open_loop_prerecorded
5,5725,6,Control block 4,6.4,5724,138,1,1,0,360,360,0.03333333333333333,0,0.04,0,0,0,1.501728565826627,prerecorded,open_loop_prerecorded
5,5726,6,Control block 4,6.4,5725,138,2,1,0,360,360,0.03333333333333333,0,0.04,0,0,0,1.8923796599921645,prerecorded,open_loop_prerecorded
5,5727,6,Control block 4,6.4,5726,138,3,1,0,360,360,0.03333333333333333,0,0.04,0,0,0,2.1342112896448953,prerecorded,open_loop_prerecorded
5,5728,6,Control block 4,6.4,5727,138,4,1,0,360,360,0.03333333333333333,0,0.04,0,0,0,2.759253040241079,prerecorded,open_loop_prerecorded
5,5729,6,Control block 4,6.4,5728,138,5,1,0,360,360,0.03333333333333333,0,0.04,0,0,0,3.1499041344066163,prerecorded,open_loop_prerecorded
5,5730,6,Control block 4,6.4,5729,139,1,1,0,360,360,0.03333333333333333,0,0.04,0,0,0,3.9944545949913093,prerecorded,open_loop_prerecorded
5,5731,6,Control block 4,6.4,5730,139,2,1,0,360,360,0.03333333333333333,0,0.04,0,0,0,4.8166821359950855,prerecorded,open_loop_prerecorded
5,5732,6,Control block 4,6.4,5731,139,3,1,0,360,360,0.03333333333333333,0,0.04,0,0,0,4.8166821359950855,prerecorded,open_loop_prerecorded
7,16563,9,RF mapping,5,16562,0,0,0.8,0.0,20,20,0.25,90,0.08,4.0,10,0,0,rf_mapping,rf_mapping
7,16564,9,RF mapping,5,16563,0,0,0.8,0.0,20,20,0.25,90,0.08,4.0,40,40,0,rf_mapping,rf_mapping
7,16565,9,RF mapping,5,16564,0,0,0.8,0.0,20,20,0.25,0,0.08,4.0,-30,10,0,rf_mapping,rf_mapping
7,16566,9,RF mapping,5,16565,0,0,0.8,0.0,20,20,0.25,45,0.08,4.0,0,10,0,rf_mapping,rf_mapping
7,16567,9,RF mapping,5,16566,0,0,0.8,0.0,20,20,0.25,90,0.08,4.0,40,10,0,rf_mapping,rf_mapping
7,16568,9,RF mapping,5,16567,0,0,0.8,0.0,20,20,0.25,90,0.08,4.0,30,0,0,rf_mapping,rf_mapping
7,16569,9,RF mapping,5,16568,0,0,0.8,0.0,20,20,0.25,45,0.08,4.0,-10,10,0,rf_mapping,rf_mapping
7,16570,9,RF mapping,5,16569,0,0,0.8,0.0,20,20,0.25,90,0.08,4.0,-20,-20,0,rf_mapping,rf_mapping
7,16571,9,RF mapping,5,16570,0,0,0.8,0.0,20,20,0.25,90,0.08,4.0,-40,-30,0,rf_mapping,rf_mapping
7,16572,9,RF mapping,5,16571,0,0,0.8,0.0,20,20,0.25,45,0.08,4.0,20,-10,0,rf_mapping,rf_mapping
7,16573,9,RF mapping,5,16572,0,0,0.8,0.0,20,20,0.25,0,0.08,4.0,-30,30,0,rf_mapping,rf_mapping
7,16574,9,RF mapping,5,16573,0,0,0.8,0.0,20,20,0.25,0,0.08,4.0,10,-10,0,rf_mapping,rf_mapping
7,16575,9,RF mapping,5,16574,0,0,0.8,0.0,20,20,0.25,90,0.08,4.0,10,10,0,rf_mapping,rf_mapping
7,16576,9,RF mapping,5,16575,0,0,0.8,0.0,20,20,0.25,45,0.08,4.0,40,0,0,rf_mapping,rf_mapping
7,16577,9,RF mapping,5,16576,0,0,0.8,0.0,20,20,0.25,90,0.08,4.0,40,-30,0,rf_mapping,rf_mapping
7,16578,9,RF mapping,5,16577,0,0,0.8,0.0,20,20,0.25,45,0.08,4.0,0,40,0,rf_mapping,rf_mapping
7,16579,9,RF mapping,5,16578,0,0,0.8,0.0,20,20,0.25,45,0.08,4.0,0,0,0,rf_mapping,rf_mapping
7,16580,9,RF mapping,5,16579,0,0,0.8,0.0,20,20,0.25,45,0.08,4.0,-20,10,0,rf_mapping,rf_mapping
7,16581,9,RF mapping,5,16580,0,0,0.8,0.0,20,20,0.25,90,0.08,4.0,-40,-20,0,rf_mapping,rf_mapping
7,16582,9,RF mapping,5,16581,0,0,0.8,0.0,20,20,0.25,45,0.08,4.0,-10,20,0,rf_mapping,rf_mapping
7,16583,9,RF mapping,5,16582,0,0,0.8,0.0,20,20,0.25,45,0.08,4.0,40,-20,0,rf_mapping,rf_mapping
7,16584,9,RF mapping,5,16583,0,0,0.8,0.0,20,20,0.25,90,0.08,4.0,20,30,0,rf_mapping,rf_mapping
7,16585,9,RF mapping,5,16584,0,0,0.8,0.0,20,20,0.25,90,0.08,4.0,0,20,0,rf_mapping,rf_mapping
7,16586,9,RF mapping,5,16585,0,0,0.8,0.0,20,20,0.25,45,0.08,4.0,20,-20,0,rf_mapping,rf_mapping
7,16587,9,RF mapping,5,16586,0,0,0.8,0.0,20,20,0.25,90,0.08,4.0,-20,0,0,rf_mapping,rf_mapping
7,16588,9,RF mapping,5,16587,0,0,0.8,0.0,20,20,0.25,0,0.08,4.0,30,20,0,rf_mapping,rf_mapping
7,16589,9,RF mapping,5,16588,0,0,0.8,0.0,20,20,0.25,0,0.08,4.0,-20,-20,0,rf_mapping,rf_mapping
7,16590,9,RF mapping,5,16589,0,0,0.8,0.0,20,20,0.25,0,0.08,4.0,0,40,0,rf_mapping,rf_mapping
7,16591,9,RF mapping,5,16590,0,0,0.8,0.0,20,20,0.25,90,0.08,4.0,-10,-20,0,rf_mapping,rf_mapping
7,16592,9,RF mapping,5,16591,0,0,0.8,0.0,20,20,0.25,45,0.08,4.0,30,0,0,rf_mapping,rf_mapping
7,16593,9,RF mapping,5,16592,0,0,0.8,0.0,20,20,0.25,0,0.08,4.0,0,-20,0,rf_mapping,rf_mapping
7,16594,9,RF mapping,5,16593,0,0,0.8,0.0,20,20,0.25,45,0.08,4.0,20,20,0,rf_mapping,rf_mapping
7,16595,9,RF mapping,5,16594,0,0,0.8,0.0,20,20,0.25,0,0.08,4.0,10,0,0,rf_mapping,rf_mapping
7,16596,9,RF mapping,5,16595,0,0,0.8,0.0,20,20,0.25,0,0.08,4.0,-10,-10,0,rf_mapping,rf_mapping
7,16597,9,RF mapping,5,16596,0,0,0.8,0.0,20,20,0.25,45,0.08,4.0,-30,30,0,rf_mapping,rf_mapping
7,16598,9,RF mapping,5,16597,0,0,0.8,0.0,20,20,0.25,0,0.08,4.0,30,40,0,rf_mapping,rf_mapping
7,16599,9,RF mapping,5,16598,0,0,0.8,0.0,20,20,0.25,90,0.08,4.0,20,-30,0,rf_mapping,rf_mapping
7,16600,9,RF mapping,5,16599,0,0,0.8,0.0,20,20,0.25,45,0.08,4.0,40,-10,0,rf_mapping,rf_mapping
7,16601,9,RF mapping,5,16600,0,0,0.8,0.0,20,20,0.25,90,0.08,4.0,30,40,0,rf_mapping,rf_mapping
7,16602,9,RF mapping,5,16601,0,0,0.8,0.0,20,20,0.25,45,0.08,4.0,0,40,0,rf_mapping,rf_mapping
7,16603,9,RF mapping,5,16602,0,0,0.8,0.0,20,20,0.25,90,0.08,4.0,40,20,0,rf_mapping,rf_mapping
7,16604,9,RF mapping,5,16603,0,0,0.8,0.0,20,20,0.25,45,0.08,4.0,10,20,0,rf_mapping,rf_mapping
7,16605,9,RF mapping,5,16604,0,0,0.8,0.0,20,20,0.25,90,0.08,4.0,-40,40,0,rf_mapping,rf_mapping
7,16606,9,RF mapping,5,16605,0,0,0.8,0.0,20,20,0.25,0,0.08,4.0,0,-20,0,rf_mapping,rf_mapping
7,16607,9,RF mapping,5,16606,0,0,0.8,0.0,20,20,0.25,45,0.08,4.0,-30,-20,0,rf_mapping,rf_mapping
7,16608,9,RF mapping,5,16607,0,0,0.8,0.0,20,20,0.25,0,0.08,4.0,20,-10,0,rf_mapping,rf_mapping
7,16609,9,RF mapping,5,16608,0,0,0.8,0.0,20,20,0.25,90,0.08,4.0,-20,20,0,rf_mapping,rf_mapping
7,16610,9,RF mapping,5,16609,0,0,0.8,0.0,20,20,0.25,45,0.08,4.0,-40,-20,0,rf_mapping,rf_mapping
7,16611,9,RF mapping,5,16610,0,0,0.8,0.0,20,20,0.25,45,0.08,4.0,10,-10,0,rf_mapping,rf_mapping
7,16612,9,RF mapping,5,16611,0,0,0.8,0.0,20,20,0.25,90,0.08,4.0,-10,-20,0,rf_mapping,rf_mapping
7,16613,9,RF mapping,5,16612,0,0,0.8,0.0,20,20,0.25,45,0.08,4.0,-40,-20,0,rf_mapping,rf_mapping
7,16614,9,RF mapping,5,16613,0,0,0.8,0.0,20,20,0.25,0,0.08,4.0,-10,-40,0,rf_mapping,rf_mapping
7,16615,9,RF mapping,5,16614,0,0,0.8,0.0,20,20,0.25,90,0.08,4.0,30,-10,0,rf_mapping,rf_mapping
7,16616,9,RF mapping,5,16615,0,0,0.8,0.0,20,20,0.25,0,0.08,4.0,-10,30,0,rf_mapping,rf_mapping
7,16617,9,RF mapping,5,16616,0,0,0.8,0.0,20,20,0.25,90,0.08,4.0,30,10,0,rf_mapping,rf_mapping
7,16618,9,RF mapping,5,16617,0,0,0.8,0.0,20,20,0.25,90,0.08,4.0,-20,0,0,rf_mapping,rf_mapping
7,16619,9,RF mapping,5,16618,0,0,0.8,0.0,20,20,0.25,90,0.08,4.0,0,-40,0,rf_mapping,rf_mapping
7,16620,9,RF mapping,5,16619,0,0,0.8,0.0,20,20,0.25,90,0.08,4.0,40,-10,0,rf_mapping,rf_mapping
7,16621,9,RF mapping,5,16620,0,0,0.8,0.0,20,20,0.25,90,0.08,4.0,30,-30,0,rf_mapping,rf_mapping
7,16622,9,RF mapping,5,16621,0,0,0.8,0.0,20,20,0.25,45,0.08,4.0,30,-30,0,rf_mapping,rf_mapping
7,16623,9,RF mapping,5,16622,0,0,0.8,0.0,20,20,0.25,0,0.08,4.0,10,30,0,rf_mapping,rf_mapping
7,16624,9,RF mapping,5,16623,0,0,0.8,0.0,20,20,0.25,0,0.08,4.0,-10,40,0,rf_mapping,rf_mapping
7,16625,9,RF mapping,5,16624,0,0,0.8,0.0,20,20,0.25,45,0.08,4.0,30,10,0,rf_mapping,rf_mapping
7,16626,9,RF mapping,5,16625,0,0,0.8,0.0,20,20,0.25,90,0.08,4.0,40,40,0,rf_mapping,rf_mapping
7,16627,9,RF mapping,5,16626,0,0,0.8,0.0,20,20,0.25,45,0.08,4.0,10,40,0,rf_mapping,rf_mapping
7,16628,9,RF mapping,5,16627,0,0,0.8,0.0,20,20,0.25,45,0.08,4.0,20,-30,0,rf_mapping,rf_mapping
7,16629,9,RF mapping,5,16628,0,0,0.8,0.0,20,20,0.25,0,0.08,4.0,30,30,0,rf_mapping,rf_mapping
7,16630,9,RF mapping,5,16629,0,0,0.8,0.0,20,20,0.25,45,0.08,4.0,-30,10,0,rf_mapping,rf_mapping
7,16631,9,RF mapping,5,16630,0,0,0.8,0.0,20,20,0.25,45,0.08,4.0,-20,-10,0,rf_mapping,rf_mapping
7,16632,9,RF mapping,5,16631,0,0,0.8,0.0,20,20,0.25,45,0.08,4.0,-40,-10,0,rf_mapping,rf_mapping
7,16633,9,RF mapping,5,16632,0,0,0.8,0.0,20,20,0.25,45,0.08,4.0,30,10,0,rf_mapping,rf_mapping
7,16634,9,RF mapping,5,16633,0,0,0.8,0.0,20,20,0.25,90,0.08,4.0,-30,10,0,rf_mapping,rf_mapping
7,16635,9,RF mapping,5,16634,0,0,0.8,0.0,20,20,0.25,90,0.08,4.0,30,30,0,rf_mapping,rf_mapping
7,16636,9,RF mapping,5,16635,0,0,0.8,0.0,20,20,0.25,0,0.08,4.0,40,30,0,rf_mapping,rf_mapping
7,16637,9,RF mapping,5,16636,0,0,0.8,0.0,20,20,0.25,90,0.08,4.0,-10,40,0,rf_mapping,rf_mapping
7,16638,9,RF mapping,5,16637,0,0,0.8,0.0,20,20,0.25,0,0.08,4.0,30,10,0,rf_mapping,rf_mapping
7,16639,9,RF mapping,5,16638,0,0,0.8,0.0,20,20,0.25,45,0.08,4.0,-20,-30,0,rf_mapping,rf_mapping
7,16640,9,RF mapping,5,16639,0,0,0.8,0.0,20,20,0.25,0,0.08,4.0,-10,-40,0,rf_mapping,rf_mapping
7,16641,9,RF mapping,5,16640,0,0,0.8,0.0,20,20,0.25,45,0.08,4.0,20,40,0,rf_mapping,rf_mapping
7,16642,9,RF mapping,5,16641,0,0,0.8,0.0,20,20,0.25,45,0.08,4.0,-10,-30,0,rf_mapping,rf_mapping
7,16643,9,RF mapping,5,16642,0,0,0.8,0.0,20,20,0.25,90,0.08,4.0,-40,10,0,rf_mapping,rf_mapping
7,16644,9,RF mapping,5,16643,0,0,0.8,0.0,20,20,0.25,45,0.08,4.0,40,10,0,rf_mapping,rf_mapping
7,16645,9,RF mapping,5,16644,0,0,0.8,0.0,20,20,0.25,0,0.08,4.0,30,-40,0,rf_mapping,rf_mapping
7,16646,9,RF mapping,5,16645,0,0,0.8,0.0,20,20,0.25,90,0.08,4.0,0,-20,0,rf_mapping,rf_mapping
7,16647,9,RF mapping,5,16646,0,0,0.8,0.0,20,20,0.25,90,0.08,4.0,0,20,0,rf_mapping,rf_mapping
7,16648,9,RF mapping,5,16647,0,0,0.8,0.0,20,20,0.25,45,0.08,4.0,-10,0,0,rf_mapping,rf_mapping
7,16649,9,RF mapping,5,16648,0,0,0.8,0.0,20,20,0.25,45,0.08,4.0,-40,40,0,rf_mapping,rf_mapping
7,16650,9,RF mapping,5,16649,0,0,0.8,0.0,20,20,0.25,45,0.08,4.0,0,-40,0,rf_mapping,rf_mapping
7,16651,9,RF mapping,5,16650,0,0,0.8,0.0,20,20,0.25,0,0.08,4.0,20,-40,0,rf_mapping,rf_mapping
7,16652,9,RF mapping,5,16651,0,0,0.8,0.0,20,20,0.25,90,0.08,4.0,0,0,0,rf_mapping,rf_mapping
7,16653,9,RF mapping,5,16652,0,0,0.8,0.0,20,20,0.25,45,0.08,4.0,10,10,0,rf_mapping,rf_mapping
7,16654,9,RF mapping,5,16653,0,0,0.8,0.0,20,20,0.25,45,0.08,4.0,-20,-10,0,rf_mapping,rf_mapping
7,16655,9,RF mapping,5,16654,0,0,0.8,0.0,20,20,0.25,90,0.08,4.0,-40,-10,0,rf_mapping,rf_mapping
7,16656,9,RF mapping,5,16655,0,0,0.8,0.0,20,20,0.25,45,0.08,4.0,20,0,0,rf_mapping,rf_mapping
7,16657,9,RF mapping,5,16656,0,0,0.8,0.0,20,20,0.25,45,0.08,4.0,20,-10,0,rf_mapping,rf_mapping
7,16658,9,RF mapping,5,16657,0,0,0.8,0.0,20,20,0.25,45,0.08,4.0,-30,-40,0,rf_mapping,rf_mapping
