subject,session,layout,has_calcium,dmd,roi,n_events,duration_valid_s,event_rate_hz,false_pos_frac,noise_dff,robust_snr,qc_flag,median_event_sd,frac_events_gt4sd_filtered,median_event_raw_sd,frac_events_lt2sd,frac_events_2_4sd,frac_events_gt4sd,quality_class_session,quality_class
776270,sub-776270_ses-SLAP2-776270-2025-07-02-11-50-06,fluorescence,False,1,0,4395,3495.398098369915,1.2573675090255432,0.0,0.2631241336941718,3.502909358376888,ok,4.276516437530518,0.575881683731513,4.678381876036643,0.1403148528405202,0.2402464065708419,0.6194387405886379,High SNR,Intermediate
776270,sub-776270_ses-SLAP2-776270-2025-07-02-11-50-06,fluorescence,False,1,1,5781,3495.52809829919,1.6538273581073046,0.0003459609064175,0.361047599941492,3.7096976087847846,ok,4.255329132080078,0.582598166407196,4.151829123182853,0.2019414109897729,0.2724908996359854,0.5255676893742416,Intermediate,Low SNR
776270,sub-776270_ses-SLAP2-776270-2025-07-02-11-50-06,fluorescence,False,1,2,2696,3495.52809829919,0.7712711567993934,0.0,0.3906164156377315,2.929008192556642,ok,3.5841550827026367,0.2859792284866468,4.41458004689379,0.1174284652545522,0.2972872538089929,0.5852842809364549,High SNR,Intermediate
776270,sub-776270_ses-SLAP2-776270-2025-07-02-11-50-06,fluorescence,False,1,3,4570,3495.328098407997,1.3074595206331214,0.0002188183807439,0.2818095842242241,3.0988234515738764,ok,4.131127834320068,0.5479212253829322,4.9328480007999485,0.1014238773274917,0.2201533406352683,0.6784227820372398,High SNR,High SNR
776270,sub-776270_ses-SLAP2-776270-2025-07-02-11-50-06,fluorescence,False,1,4,4336,3495.078098544007,1.2406017484434204,0.0,0.3960079925179481,3.4914776562560426,ok,4.96661376953125,0.6819649446494465,5.307653378519392,0.1253758963682627,0.1862132778163312,0.6884108258154059,High SNR,High SNR
776270,sub-776270_ses-SLAP2-776270-2025-07-02-11-50-06,fluorescence,False,1,5,4303,3495.398098369915,1.2310471880174998,0.0,0.3034777379930019,3.137514426127262,ok,3.952171802520752,0.484545665814548,4.79121194272869,0.0981351981351981,0.2349650349650349,0.6668997668997669,High SNR,High SNR
776270,sub-776270_ses-SLAP2-776270-2025-07-02-11-50-06,fluorescence,False,1,6,3818,3494.8030986936174,1.0924792877250211,0.0,0.3060217291295528,2.9080834158273308,ok,4.127626419067383,0.5366684127815611,4.184604954148851,0.1655299055613851,0.2982686253934942,0.5362014690451207,Intermediate,Intermediate
776270,sub-776270_ses-SLAP2-776270-2025-07-02-11-50-06,fluorescence,False,1,7,5587,3494.4630988785902,1.5988149944387529,0.0,0.4263665695309638,4.401892911559995,ok,5.377634525299072,0.7563987828888491,6.471137821054247,0.10021513087128,0.1107923987092147,0.7889924704195052,High SNR,High SNR
776270,sub-776270_ses-SLAP2-776270-2025-07-02-11-50-06,fluorescence,False,1,8,4440,3495.52809829919,1.2701943383491494,0.0,0.3850138557493686,3.3437306174010923,ok,4.072761535644531,0.5240990990990991,4.415948896368634,0.1332129148792052,0.2824565364642131,0.5843305486565816,High SNR,Intermediate
776270,sub-776270_ses-SLAP2-776270-2025-07-02-11-50-06,fluorescence,False,1,9,1585,3495.398098369915,0.4534533564972663,0.0044164037854889,0.2058966165304183,2.160926372469287,ok,3.5300004482269287,0.2618296529968454,3.513430941333602,0.1696202531645569,0.4594936708860759,0.370886075949367,Low SNR,Low SNR
776270,sub-776270_ses-SLAP2-776270-2025-07-02-11-50-06,fluorescence,False,1,10,1974,3495.398098369915,0.5647425398899709,0.0010131712259371,0.2195476810991763,2.3086310102458114,ok,3.682050228118897,0.364741641337386,3.53257425164815,0.2028469750889679,0.4067107269954245,0.3904422979156075,Low SNR,Low SNR
776270,sub-776270_ses-SLAP2-776270-2025-07-02-11-50-06,fluorescence,False,1,11,932,3495.52809829919,0.2666263791309475,0.0107296137339055,0.2480517947942018,2.028702935634049,ok,3.357746124267578,0.1405579399141631,3.619848588614532,0.1235230934479054,0.4983888292158969,0.3780880773361976,Low SNR,Low SNR
776270,sub-776270_ses-SLAP2-776270-2025-07-02-11-50-06,fluorescence,False,1,12,2252,3495.128098516805,0.6443254543247385,0.0004440497335701,0.2296142658680677,2.334463261702471,ok,3.709628343582153,0.3867673179396092,3.873845744775507,0.1533660276415515,0.3789567543468569,0.4676772180115916,Low SNR,Low SNR
776270,sub-776270_ses-SLAP2-776270-2025-07-02-11-50-06,fluorescence,False,1,13,1888,3494.9080986364934,0.540214491115399,0.0021186440677966,0.2367243490576744,2.23069253457643,ok,3.5842509269714355,0.3188559322033898,3.693006179748056,0.1651619755708975,0.4259160913436006,0.4089219330855018,Low SNR,Low SNR
776270,sub-776270_ses-SLAP2-776270-2025-07-02-11-50-06,fluorescence,False,1,14,2310,3495.52809829919,0.6608443517086791,0.0,0.2986883132457733,2.36065405012023,ok,3.768119335174561,0.4099567099567099,3.800134954346488,0.16796875,0.3793402777777778,0.4526909722222222,Low SNR,Low SNR
776270,sub-776270_ses-SLAP2-776270-2025-07-02-11-50-06,fluorescence,False,1,15,3350,3495.52809829919,0.958367349880552,0.0,0.3776347084701061,2.818838386652898,ok,4.364972114562988,0.5838805970149253,4.974275231097583,0.1122418437593534,0.2095181083507931,0.6782400478898534,High SNR,High SNR
776270,sub-776270_ses-SLAP2-776270-2025-07-02-11-50-06,fluorescence,False,1,16,2398,3495.26809844064,0.6860704050341176,0.0,0.3072396865367889,2.431353545949686,ok,3.646960496902466,0.3398665554628857,4.03277088223968,0.124215809284818,0.3680468423253868,0.5077373483897951,Low SNR,Intermediate
776270,sub-776270_ses-SLAP2-776270-2025-07-02-11-50-06,fluorescence,False,1,17,1737,3494.9080986364934,0.4970087770484365,0.0,0.2902220622092485,2.259754546939792,ok,3.59916353225708,0.3177892918825561,3.886106297506061,0.1239907727797001,0.4065743944636678,0.469434832756632,Low SNR,Low SNR
776270,sub-776270_ses-SLAP2-776270-2025-07-02-11-50-06,fluorescence,False,1,18,2991,3495.0630985521675,0.8557785412340693,0.0,0.4427392486274242,2.651485539226293,ok,3.830776691436768,0.4413239719157472,4.464325733415502,0.1088777219430485,0.2864321608040201,0.6046901172529313,High SNR,Intermediate
776270,sub-776270_ses-SLAP2-776270-2025-07-02-11-50-06,fluorescence,False,1,19,2124,3495.52809829919,0.6076335078048634,0.0009416195856873,0.2972130670309066,2.311041767474256,ok,3.6885013580322266,0.3606403013182674,4.023769156032334,0.1328934967012252,0.3642789820923657,0.5028275212064091,Low SNR,Intermediate
776270,sub-776270_ses-SLAP2-776270-2025-07-02-11-50-06,fluorescence,False,1,20,1772,3495.52809829919,0.5069334161159218,0.0016930022573363,0.2929960137784481,2.2494215833330773,ok,3.6025094985961914,0.3154627539503386,3.763884147262174,0.1464932126696832,0.4140271493212669,0.4394796380090497,Low SNR,Low SNR
776270,sub-776270_ses-SLAP2-776270-2025-07-02-11-50-06,fluorescence,False,1,21,2885,3495.0880985385666,0.8254441429405833,0.0,0.5300771560907364,2.673716507898731,ok,3.951407909393311,0.4842287694974003,4.704582700771768,0.1087183049670024,0.2441820076415422,0.6470996873914554,High SNR,Intermediate
776270,sub-776270_ses-SLAP2-776270-2025-07-02-11-50-06,fluorescence,False,2,0,5963,3797.3429341003903,1.5703085298016848,0.0,0.39643928155303,5.416739296521602,ok,6.010233879089356,0.7774610095589468,5.872771916363726,0.1869740828004039,0.1171322786940424,0.6958936385055536,Intermediate,High SNR
776270,sub-776270_ses-SLAP2-776270-2025-07-02-11-50-06,fluorescence,False,2,1,5695,3792.657936649208,1.5015854567236562,0.0,0.4832091476440429,4.057670143025576,ok,4.923491954803467,0.6879719051799824,5.173310889317401,0.178917680239732,0.1674598977613255,0.6536224219989424,Intermediate,Intermediate
776270,sub-776270_ses-SLAP2-776270-2025-07-02-11-50-06,fluorescence,False,2,2,5890,3797.902933795729,1.5508558545790352,0.0,0.3419757964432239,4.201428769457059,ok,4.990176200866699,0.7086587436332767,4.881065847948815,0.1636828644501279,0.2037510656436487,0.6325660699062233,Intermediate,Intermediate
776270,sub-776270_ses-SLAP2-776270-2025-07-02-11-50-06,fluorescence,False,2,3,986,3798.297933580834,0.25958995772363,0.0101419878296146,0.2291994799017906,2.037689669820993,ok,3.406463146209717,0.1815415821501014,3.522219128992461,0.1327885597548518,0.5178753830439223,0.3493360572012257,Low SNR,Low SNR
776270,sub-776270_ses-SLAP2-776270-2025-07-02-11-50-06,fluorescence,False,2,4,3885,3796.29793466891,1.0233654120033722,0.0,0.3827375810623168,2.840888346644592,ok,3.937537670135498,0.4733590733590733,3.832733385074068,0.1885478462728914,0.3461439257157596,0.4653082280113489,Low SNR,Low SNR
776270,sub-776270_ses-SLAP2-776270-2025-07-02-11-50-06,fluorescence,False,2,5,3054,3792.9079365131984,0.80518695711015,0.0,0.4658604235947132,2.632995383998632,ok,3.8841962814331055,0.4597249508840864,4.53460250987624,0.1119868637110016,0.2807881773399014,0.6072249589490969,High SNR,Intermediate
776270,sub-776270_ses-SLAP2-776270-2025-07-02-11-50-06,fluorescence,False,2,6,3236,3797.957933765807,0.8520368199000545,0.0,0.3898732694149017,2.727023032121685,ok,3.6506409645080566,0.3420889987639061,4.670382173100993,0.0722032847846296,0.2708397892779671,0.6569569259374032,High SNR,High SNR
776270,sub-776270_ses-SLAP2-776270-2025-07-02-11-50-06,fluorescence,False,2,7,1182,3797.722933893656,0.3112391347591389,0.0050761421319796,0.2696789891391992,2.0782887547953286,ok,3.439014196395874,0.1802030456852792,3.6539183265667625,0.1341256366723259,0.4830220713073005,0.3828522920203735,Low SNR,Low SNR
776270,sub-776270_ses-SLAP2-776270-2025-07-02-11-50-06,fluorescence,False,2,8,2400,3797.902933795729,0.6319276826807614,0.0008333333333333,0.2663487935721874,2.3301924898006083,ok,3.714611053466797,0.37875,4.053336951790947,0.1227557411273486,0.364509394572025,0.5127348643006263,Low SNR,Intermediate
776270,sub-776270_ses-SLAP2-776270-2025-07-02-11-50-06,fluorescence,False,2,9,1361,3798.212933627077,0.3583264087040856,0.0110213078618662,0.2346710314929485,2.09210960674877,ok,3.487297534942627,0.2637766348273328,3.752225305355926,0.1208548268238762,0.4465733235077376,0.4325718496683861,Low SNR,Low SNR
776270,sub-776270_ses-SLAP2-776270-2025-07-02-11-50-06,fluorescence,False,2,10,2257,3798.062933708683,0.5942502900540708,0.002658396101019,0.2837495895534753,2.3067428959786827,ok,3.827834129333496,0.4426229508196721,4.266777202771695,0.11788256227758,0.320729537366548,0.5613879003558719,High SNR,Intermediate
776270,sub-776270_ses-SLAP2-776270-2025-07-02-11-50-06,fluorescence,False,2,11,2736,3798.387933531871,0.7203055738058787,0.0,0.3034304601252078,2.4271145299649426,ok,3.799895763397217,0.4232456140350877,4.309845959489816,0.0988648846576345,0.3255217868912486,0.5756133284511168,High SNR,Intermediate
776270,sub-776270_ses-SLAP2-776270-2025-07-02-11-50-06,fluorescence,False,2,12,1275,3798.062933708683,0.3356974389982012,0.0031372549019607,0.2721667107760906,2.105521788974597,ok,3.4321305751800537,0.1843137254901961,3.607392383456024,0.1337529504327301,0.4862313139260424,0.3800157356412273,Low SNR,Low SNR
776270,sub-776270_ses-SLAP2-776270-2025-07-02-11-50-06,fluorescence,False,2,13,2387,3797.797933852853,0.6285221177047713,0.0004189359028068,0.3103093898892402,2.3596769806525115,ok,3.758653163909912,0.3958944281524926,3.8590236944249225,0.1585570469798657,0.3850671140939597,0.4563758389261745,Low SNR,Low SNR
776270,sub-776270_ses-SLAP2-776270-2025-07-02-11-50-06,fluorescence,False,2,14,1827,3798.217933624357,0.4810150528294277,0.0,0.2976557557761669,2.231418349749453,ok,3.579118490219116,0.2933771209633278,3.9892107700415873,0.112938596491228,0.3908991228070175,0.4961622807017544,Low SNR,Intermediate
776270,sub-776270_ses-SLAP2-776270-2025-07-02-11-50-06,fluorescence,False,2,15,1431,3797.7629338718943,0.3768007705897185,0.0076869322152341,0.3045026072859764,2.123493849156243,ok,3.488367080688477,0.2508735150244584,3.778785262514269,0.134453781512605,0.4264705882352941,0.4390756302521008,Low SNR,Low SNR
776270,sub-776270_ses-SLAP2-776270-2025-07-02-11-50-06,fluorescence,False,2,16,1527,3797.797933852853,0.4020751042040996,0.0,0.3653646436750888,2.204513649300669,ok,3.451998472213745,0.2180746561886051,3.846983270860054,0.1011162179908076,0.4451739986868023,0.45370978332239,Low SNR,Low SNR
776270,sub-776270_ses-SLAP2-776270-2025-07-02-11-50-06,fluorescence,False,2,17,1618,3798.117933678761,0.4260004634539734,0.0012360939431396,0.2978068240284919,2.1664500670899454,ok,3.4799680709838867,0.2453646477132262,3.531788493077944,0.1508379888268156,0.4835505896958411,0.3656114214773432,Low SNR,Low SNR
794237,sub-794237_ses-20250403T103830,dff,False,1,0,4096,1950.1376394636773,2.100364567665322,0.0,0.4782496551275253,3.4010829913904312,ok,4.411373138427734,0.612060546875,4.214549573800585,0.1957321559970566,0.2675987245523669,0.5366691194505764,Intermediate,Low SNR
794237,sub-794237_ses-20250403T103830,dff,False,1,1,4044,1950.1376394636773,2.073699783114884,0.0,0.5908263883709908,3.356351526815064,ok,4.681636810302734,0.6444114737883284,4.730019394026529,0.136329774025329,0.2488204618822945,0.6148497640923765,High SNR,Intermediate
794237,sub-794237_ses-20250403T103830,dff,False,1,2,5320,1950.1376394636773,2.7280125732371863,0.0,0.4299539434432983,4.520710977979768,ok,5.10997200012207,0.7218045112781954,4.926295412474768,0.1838581934753912,0.1974354139166509,0.6187063926079578,High SNR,Intermediate
794237,sub-794237_ses-20250403T103830,dff,False,1,3,2197,1950.1376394636773,1.1265871472560336,0.0127446517979062,0.2388371395289897,2.3450801733622018,ok,4.362375736236572,0.5780609922621757,4.228225056312064,0.1453965360072926,0.316317228805834,0.5382862351868732,High SNR,Intermediate
794237,sub-794237_ses-20250403T103830,dff,False,1,4,5371,1950.1376394636773,2.7541645734693474,0.0,0.4684618993163109,3.9245198916661854,ok,4.874195575714111,0.6907466021225098,3.990267571467084,0.2235074626865671,0.2774253731343283,0.4990671641791044,Intermediate,Low SNR
794237,sub-794237_ses-20250403T103830,dff,False,1,5,2278,1950.1376394636773,1.1681226770365245,0.010974539069359,0.2523424601286649,2.3145661695388142,ok,3.999268531799317,0.4995610184372256,3.713501463578345,0.1811785400175901,0.3891820580474934,0.4296394019349164,Intermediate,Low SNR
794237,sub-794237_ses-20250403T103830,dff,False,1,6,2599,1949.5576594970128,1.3331229201348902,0.0046171604463255,0.3753961677074432,2.519919018495393,ok,4.3172783851623535,0.5709888418622547,4.356871550225376,0.1506373117033603,0.2846658941676322,0.5646967941290073,High SNR,Intermediate
794237,sub-794237_ses-20250403T103830,dff,False,1,7,4201,1950.1376394636773,2.1542069210844774,0.000238038562247,0.3835299934744834,3.6089666574711896,ok,4.886851787567139,0.6893596762675553,4.74345094412849,0.163392429324389,0.2237661715380929,0.612841399137518,High SNR,Intermediate
794237,sub-794237_ses-20250403T103830,dff,False,1,8,2608,1950.1376394636773,1.3373415020681545,0.0015337423312883,0.361157797139883,2.489235181061537,ok,3.880192756652832,0.455521472392638,3.322172180162145,0.223760092272203,0.4398308342945021,0.3364090734332949,Intermediate,Low SNR
794237,sub-794237_ses-20250403T103830,dff,False,1,9,2798,1950.1376394636773,1.4347705225409113,0.0010721944245889,0.511752608013153,2.597860706462266,ok,3.956202268600464,0.4857040743388134,3.677680202661075,0.1854375896700143,0.3859397417503586,0.428622668579627,Intermediate,Low SNR
794237,sub-794237_ses-20250403T103830,dff,False,1,10,3552,1950.1376394636773,1.821409898522272,0.0,0.5277227624595165,3.135799059017365,ok,4.362327575683594,0.5940315315315315,5.049371359274319,0.0771186440677966,0.2310734463276836,0.6918079096045198,High SNR,High SNR
794237,sub-794237_ses-20250403T103830,dff,False,1,11,2751,1950.1376394636773,1.4106696595818609,0.0058160668847691,0.3461550274014472,2.4941324482385894,ok,4.131809711456299,0.5463467829880043,3.7273229719882153,0.1958424507658643,0.3606856309263311,0.4434719183078045,Intermediate,Low SNR
794237,sub-794237_ses-20250403T103830,dff,False,1,12,3550,1950.1376394636773,1.8203843298857163,0.0,0.3765834165930747,3.162082554201229,ok,4.3689680099487305,0.6056338028169014,4.514368430473798,0.1546071226681741,0.2574901074053137,0.5879027699265121,High SNR,Intermediate
794237,sub-794237_ses-20250403T103830,dff,False,1,13,3488,1950.1376394636773,1.7885917021525013,0.0020068807339449,0.3342463952779769,2.8144367183872734,ok,4.284111976623535,0.5731077981651376,3.995064328532552,0.1876436781609195,0.3137931034482759,0.4985632183908046,Intermediate,Low SNR
794237,sub-794237_ses-20250403T103830,dff,False,1,14,4046,1950.1376394636773,2.074725351751439,0.0,0.4296375352084636,3.413284545118432,ok,4.667918205261231,0.6606524962926347,5.361027109143467,0.1029957910373854,0.1797474622431294,0.717256746719485,High SNR,High SNR
794237,sub-794237_ses-20250403T103830,dff,False,1,15,1701,1950.1376394636773,0.8722461253903109,0.0099941211052322,0.349303203177452,2.1508074415518035,ok,3.630778551101685,0.3415637860082304,3.35078302365881,0.1774764150943396,0.5029481132075472,0.3195754716981132,Low SNR,Low SNR
794237,sub-794237_ses-20250403T103830,dff,False,1,16,1364,1950.1376394636773,0.6994378101307372,0.0139296187683284,0.3946252695322036,2.08143310192827,ok,3.529078960418701,0.2866568914956012,3.2480457537208363,0.1653196179279941,0.5282880235121235,0.3063923585598824,Low SNR,Low SNR
794237,sub-794237_ses-20250403T103830,dff,False,1,17,1963,1950.1376394636773,1.0065956167790595,0.0117167600611309,0.2919570936799049,2.2117149748067773,ok,3.9525723457336426,0.4824248599083036,3.644346247295817,0.162826420890937,0.4249871991807475,0.4121863799283154,Intermediate,Low SNR
794237,sub-794237_ses-20250403T103830,dff,False,1,18,1670,1950.007643953908,0.8564068993154539,0.0101796407185628,0.4494235879898071,2.1802704067463927,ok,3.68170166015625,0.3730538922155688,3.2660226506744703,0.1896758703481392,0.5162064825930373,0.2941176470588235,Low SNR,Low SNR
794237,sub-794237_ses-20250403T103830,dff,False,1,19,2639,1950.1376394636773,1.3532378159347622,0.0037893141341417,0.296497448015213,2.453082735427502,ok,4.052286148071289,0.5157256536566881,3.929122146858643,0.1753518448079117,0.3362495245340434,0.4883986306580449,Intermediate,Low SNR
794237,sub-794237_ses-20250403T103830,dff,False,1,20,1228,1950.1376394636773,0.6296991428449746,0.02442996742671,0.3174337227165699,2.043557229002018,ok,3.484383344650269,0.2320846905537459,3.178075703274646,0.1795918367346938,0.5722448979591837,0.2481632653061224,Low SNR,Low SNR
794237,sub-794237_ses-20250403T103830,dff,False,1,21,2156,1950.1376394636773,1.1055629902066493,0.0078849721706864,0.3523843062400817,2.298819266707172,ok,3.964288234710693,0.4897959183673469,3.5804518107335297,0.2055944055944056,0.3682983682983683,0.4261072261072261,Intermediate,Low SNR
794237,sub-794237_ses-20250403T103830,dff,False,1,22,1533,1950.1376394636773,0.7860983599196629,0.0052185257664709,0.4167607672333717,2.1372699443752943,ok,3.5632779598236084,0.3150684931506849,3.3337341616749194,0.1764705882352941,0.5196078431372549,0.3039215686274509,Low SNR,Low SNR
794237,sub-794237_ses-20250403T103830,dff,False,1,23,2950,1950.1376394636773,1.5127137389191163,0.0016949152542372,0.2540751939833164,2.5955244728106406,ok,4.06301736831665,0.5227118644067796,3.756782939733611,0.1913369713506139,0.3656207366984993,0.4430422919508868,Intermediate,Low SNR
794237,sub-794237_ses-20250403T103830,dff,False,1,24,2266,1950.1376394636773,1.161969265217193,0.0039717563989408,0.3048652550429105,2.3072000430877493,ok,3.887122631072998,0.468225948808473,3.7946048829407473,0.1701466015104398,0.368725011106175,0.4611283873833852,Intermediate,Low SNR
794237,sub-794237_ses-20250403T103830,dff,False,1,25,2500,1950.1376394636773,1.2819607956941663,0.002,0.2964891633421182,2.4960829194872027,ok,3.8881449699401855,0.4588,3.4860064543465863,0.2138263665594855,0.4011254019292604,0.385048231511254,Intermediate,Low SNR
794237,sub-794237_ses-20250403T103830,dff,False,1,26,2158,1950.1376394636773,1.1065885588432045,0.0009267840593141,0.4220745786488056,2.375010536509242,ok,3.906452894210816,0.468952734012975,3.475321779966396,0.2046511627906976,0.4106976744186046,0.3846511627906976,Intermediate,Low SNR
794237,sub-794237_ses-20250403T103830,dff,False,1,27,2060,1950.1376394636773,1.0563356956519931,0.0019417475728155,0.4637624792575835,2.340090057843052,ok,3.858372211456299,0.4655339805825242,3.701041024123716,0.1435523114355231,0.4340632603406326,0.4223844282238442,Low SNR,Low SNR
794237,sub-794237_ses-20250403T103830,dff,False,1,28,2263,1950.1376394636773,1.1604309122623595,0.0039770216526734,0.3829359713673591,2.3349162055093844,ok,3.824616432189941,0.4374723817940786,3.476055119052772,0.1989366415595923,0.4417368187859991,0.3593265396544085,Intermediate,Low SNR
794237,sub-794237_ses-20250403T103830,dff,False,1,29,1852,1950.1376394636773,0.9496765574502386,0.0021598272138228,0.4966315552353859,2.2461341693373904,ok,3.6056103706359854,0.3191144708423326,3.515737211454436,0.1536796536796536,0.4891774891774891,0.3571428571428571,Low SNR,Low SNR
794237,sub-794237_ses-20250403T103830,dff,False,1,30,1289,1950.1376394636773,0.6609789862599122,0.0294802172226532,0.2437068924665451,2.022057839312334,ok,3.5973589420318604,0.3250581846392552,3.173984993027954,0.2082683307332293,0.5202808112324493,0.2714508580343214,Low SNR,Low SNR
794237,sub-794237_ses-20250403T103830,dff,False,1,31,1707,1950.1376394636773,0.8753228312999769,0.0046865846514352,0.4285161660432815,2.172115021068748,ok,3.562546730041504,0.3028705330990041,3.292392409304042,0.174220129487934,0.5285462036492055,0.2972336668628605,Low SNR,Low SNR
794237,sub-794237_ses-20250403T103830,dff,False,1,32,1773,1950.1376394636773,0.9091665963063028,0.0045121263395375,0.3330175683796406,2.231119609960501,ok,3.7060935497283936,0.3919909757473209,3.424453779631752,0.1879954699886749,0.44960362400906,0.362400906002265,Intermediate,Low SNR
794237,sub-794237_ses-20250403T103830,dff,False,1,33,2946,1950.1376394636773,1.510662601646006,0.0016972165648336,0.309837936758995,2.556834722123688,ok,4.022523880004883,0.5071283095723014,3.961050698452914,0.1587193460490463,0.3494550408719346,0.491825613079019,High SNR,Low SNR
794237,sub-794237_ses-20250403T103830,dff,False,1,34,1301,1950.1376394636773,0.6671323980792443,0.0253651037663335,0.3906263572454452,2.0684007493378016,ok,3.5501909255981445,0.2836279784780938,3.3355897592090926,0.1525423728813559,0.5362095531587057,0.3112480739599383,Low SNR,Low SNR
794237,sub-794237_ses-20250403T103830,dff,False,1,35,1442,1950.1376394636773,0.7394349869563953,0.0097087378640776,0.4262295078992843,2.1491280568429936,ok,3.575674533843994,0.3065187239944521,3.2439437806318736,0.1590277777777777,0.5673611111111111,0.2736111111111111,Low SNR,Low SNR
794237,sub-794237_ses-20250403T103830,dff,False,1,36,2060,1949.7276536251727,1.0565578203549582,0.0063106796116504,0.2723803448796272,2.2263798391171887,ok,3.738574504852295,0.3907766990291262,3.202949501270378,0.2084754018509498,0.4987822698490015,0.2927423283000487,Intermediate,Low SNR
794237,sub-794237_ses-20250403T103830,dff,False,1,37,2834,1949.177672622302,1.4539464717894666,0.0,0.6130105778574944,2.633894245415481,ok,4.024881839752197,0.5077628793225123,4.077047202818941,0.1278328611898017,0.3580028328611898,0.5141643059490085,High SNR,Intermediate
794237,sub-794237_ses-20250403T103830,dff,False,1,38,2143,1950.1376394636773,1.0988967940690395,0.0051329911339244,0.3152246532976627,2.2965488786929327,ok,3.81611442565918,0.4409706019598693,3.54845460874175,0.1683816651075771,0.441066417212348,0.3905519176800748,Intermediate,Low SNR
794237,sub-794237_ses-20250403T103830,dff,False,1,39,2798,1950.1376394636773,1.4347705225409113,0.0003573981415296,0.3759902781844139,2.5974341140293014,ok,4.115268707275391,0.5332380271622588,4.094832420292356,0.1426012182013615,0.3371551415263346,0.5202436402723039,High SNR,Intermediate
794237,sub-794237_ses-20250403T103830,dff,False,1,40,2935,1950.1376394636773,1.5050219741449515,0.0013628620102214,0.3838934586524963,2.5924628045146494,ok,3.987377405166626,0.4947189097103918,4.265656496254343,0.12,0.3254700854700855,0.5545299145299145,High SNR,Intermediate
794237,sub-794237_ses-20250403T103830,dff,False,1,41,1760,1949.7626524162647,0.9026739730699532,0.0073863636363636,0.2893094888985157,2.1502198294477286,ok,3.6704297065734863,0.3511363636363636,3.2544558202813336,0.1909920182440136,0.5062713797035348,0.3027366020524515,Low SNR,Low SNR
794237,sub-794237_ses-20250403T103830,dff,False,1,42,2417,1950.1376394636773,1.2393996972771202,0.0037236243276789,0.3827755359113216,2.4002864679538014,ok,3.9255685806274414,0.4778651220521307,4.237158902718795,0.1158637873754152,0.3367940199335548,0.5473421926910299,High SNR,Intermediate
794237,sub-794237_ses-20250403T103830,dff,False,1,43,2132,1950.1376394636773,1.0932561665679852,0.0121951219512195,0.2720590100258588,2.3161994966131307,ok,3.975965976715088,0.4924953095684803,3.771712217824392,0.1768579492003762,0.3635936030103481,0.4595484477892756,Intermediate,Low SNR
794237,sub-794237_ses-20250403T103830,dff,False,1,44,2438,1950.1376394636773,1.250168167960951,0.0012305168170631,0.393594965493679,2.3921336905337465,ok,3.785167694091797,0.411402789171452,3.495929215082362,0.1864197530864197,0.4316872427983539,0.3818930041152263,Intermediate,Low SNR
794237,sub-794237_ses-20250403T103830,dff,False,1,45,1252,1950.1376394636773,0.6420059664836386,0.0399361022364217,0.2384089434385299,1.9794024348514645,ok,3.5156402587890625,0.2643769968051118,3.0889078379013784,0.1956696070569366,0.5693664795509222,0.2349639133921411,Low SNR,Low SNR
794237,sub-794237_ses-20250403T103830,dff,False,1,46,1850,1950.1376394636773,0.9486509888136831,0.0075675675675675,0.3585450984477996,2.188964788127749,ok,3.7055983543396,0.3864864864864865,3.317464165945432,0.1978319783197832,0.4672086720867208,0.3349593495934959,Intermediate,Low SNR
794237,sub-794237_ses-20250403T103830,dff,False,1,47,2615,1949.982644817414,1.3410375763856377,0.0,0.5929118725597858,2.563061684172771,ok,3.7648558616638175,0.401529636711281,3.834738074745471,0.1281657712970069,0.4128933231005372,0.4589409056024559,High SNR,Low SNR
794237,sub-794237_ses-20250403T103830,dff,False,1,48,2337,1950.1376394636773,1.198376951814907,0.001711596063329,0.3047790723502636,2.358056679535652,ok,3.7830209732055664,0.3970902866923406,3.416567881137571,0.1935483870967742,0.4460215053763441,0.3604301075268817,Intermediate,Low SNR
794237,sub-794237_ses-20250403T103830,dff,False,1,49,1983,1950.007643953908,1.0169190906242784,0.0070600100857286,0.3748305123209953,2.278307277088362,ok,3.895409345626831,0.4654563792233989,3.662913896350824,0.1620111731843575,0.4154393092940579,0.4225495175215845,Intermediate,Low SNR
794237,sub-794237_ses-20250403T103830,dff,False,1,50,2098,1950.1376394636773,1.0758214997465445,0.0028598665395614,0.4292678399562835,2.3077171335104945,ok,3.704345703125,0.3803622497616777,3.338096983507749,0.1937022900763358,0.4852099236641221,0.321087786259542,Low SNR,Low SNR
794237,sub-794237_ses-20250403T103830,dff,False,1,51,3178,1950.007643953908,1.629737201212283,0.0,0.7590153263568877,2.920050312953728,ok,4.024832725524902,0.5081812460667087,4.285606787177935,0.1362630414163768,0.3038254821372115,0.5599114764464116,High SNR,Intermediate
794237,sub-794237_ses-20250403T103830,dff,False,1,52,2033,1950.1376394636773,1.0424905190584963,0.0,0.3496824865579604,2.456919634385492,ok,3.614063262939453,0.307919331037875,3.74417052352902,0.1154415392205229,0.4454859398125308,0.4390725209669462,Low SNR,Low SNR
794237,sub-794237_ses-20250403T103830,dff,False,1,53,1963,1949.7276536251727,1.0068072822120304,0.0096790626591951,0.3518567161649465,2.2188059809939618,ok,3.683505296707153,0.3790117167600611,3.318292318365714,0.2064549180327868,0.4702868852459016,0.3232581967213114,Intermediate,Low SNR
794237,sub-794237_ses-20250403T103830,dff,False,1,54,2770,1950.1376394636773,1.4204125616291363,0.0025270758122743,0.4170629037380218,2.5364303016113388,ok,4.092733383178711,0.5274368231046931,3.791568743731325,0.1706521739130434,0.3728260869565217,0.4565217391304347,Intermediate,Low SNR
794237,sub-794237_ses-20250403T103830,dff,False,1,55,1201,1950.1376394636773,0.6158539662514776,0.0124895920066611,0.4294705161988735,2.0887389182277287,ok,3.4728102684021,0.2298084929225645,3.2783311857359574,0.1631799163179916,0.5581589958158996,0.2786610878661087,Low SNR,Low SNR
794237,sub-794237_ses-20250403T103830,dff,False,1,56,2198,1950.1376394636773,1.127099931574311,0.0104640582347588,0.2520487408518791,2.23563004705522,ok,3.870067596435547,0.4476797088262056,3.163792513097626,0.2604118993135011,0.4306636155606407,0.3089244851258581,Intermediate,Low SNR
794237,sub-794237_ses-20250403T103830,dff,False,1,57,3030,1950.1376394636773,1.55373648438133,0.0033003300330033,0.2668246210098266,2.680809631118008,ok,4.4622087478637695,0.6033003300330033,4.774260084587581,0.1254966887417218,0.2552980132450331,0.6192052980132451,High SNR,Intermediate
794237,sub-794237_ses-20250403T103830,dff,False,1,58,2230,1950.1376394636773,1.1435090297591963,0.0026905829596412,0.3887855249762534,2.3881982161689868,ok,3.866447925567627,0.4542600896860986,3.8360251782203134,0.1395767672219721,0.4025213867627195,0.4579018460153084,High SNR,Low SNR
794237,sub-794237_ses-20250403T103830,dff,False,1,59,1891,1950.1376394636773,0.9696751458630676,0.0137493389740877,0.2688186424076557,2.1706552198510165,ok,3.710181474685669,0.3997884717080909,3.0957139675156267,0.2490706319702602,0.4599044078597982,0.2910249601699415,Intermediate,Low SNR
794237,sub-794237_ses-20250403T103830,dff,False,1,60,3642,1950.1376394636773,1.8675604871672613,0.0,0.5110137477278709,2.7412358956069176,ok,4.050988674163818,0.5151015925315761,3.459941497443652,0.2224669603524229,0.3967511013215859,0.3807819383259911,Intermediate,Low SNR
794237,sub-794237_ses-20250403T103830,dff,False,1,61,1745,1950.1376394636773,0.8948086353945283,0.0011461318051575,0.4425006942272186,2.2530000437259528,ok,3.606579065322876,0.3340974212034384,3.509899468004221,0.1488505747126436,0.4942528735632184,0.3568965517241379,Low SNR,Low SNR
794237,sub-794237_ses-20250403T103830,dff,False,1,62,1410,1950.1376394636773,0.72302588877151,0.0120567375886524,0.36524152238667,2.108900853911975,ok,3.550926685333252,0.2808510638297872,3.4562981009354616,0.1468282252316464,0.5167498218104063,0.3364219529579472,Low SNR,Low SNR
794237,sub-794237_ses-20250403T103830,dff,False,1,63,2427,1950.1376394636773,1.244527540459897,0.0061804697156983,0.2916790821433067,2.418971634280947,ok,4.01702880859375,0.5047383601153688,3.6416823757717847,0.1889210417527904,0.3836295990078545,0.4274493592393551,Intermediate,Low SNR
794237,sub-794237_ses-20250403T103830,dff,False,1,64,1911,1950.1376394636773,0.9799308322286208,0.0010465724751439,0.4319893661141395,2.295906635596677,ok,3.7500193119049072,0.3867085295656724,3.5461585636921056,0.1584470094438615,0.4433368310598111,0.3982161594963274,Low SNR,Low SNR
794237,sub-794237_ses-20250403T103830,dff,False,1,65,2201,1950.1376394636773,1.1286382845291445,0.0013630168105406,0.4277156236052513,2.3895850688474107,ok,3.763214111328125,0.4029986369831894,3.5447843613562604,0.1517775752051048,0.4667274384685506,0.3814949863263446,Low SNR,Low SNR
794237,sub-794237_ses-20250403T103830,dff,False,1,66,1620,1950.1376394636773,0.83071059560982,0.015432098765432,0.2316771715611219,2.1042060033880987,ok,3.661111831665039,0.3691358024691358,3.2624275616672915,0.2100371747211896,0.4745972738537794,0.315365551425031,Intermediate,Low SNR
794237,sub-794237_ses-20250403T103830,dff,False,1,67,2310,1949.982644817414,1.184625927897064,0.0047619047619047,0.4096446969866752,2.353329482051976,ok,3.833452224731445,0.4380952380952381,3.6783900007785895,0.1573229030856149,0.4241634072142546,0.4185136897001303,Intermediate,Low SNR
794237,sub-794237_ses-20250403T103830,dff,False,1,68,2078,1950.1376394636773,1.065565813380991,0.0,0.534423715353012,2.406826396466033,ok,3.77848219871521,0.4138594802694899,3.6769544362434727,0.1362977283711938,0.444659255679072,0.4190430159497341,Low SNR,Low SNR
794237,sub-794237_ses-20250403T103830,dff,False,1,69,1851,1950.1376394636773,0.9491637731319608,0.0102647217720151,0.3688316136717796,2.213492623795036,ok,3.707268953323364,0.375472717450027,3.415525289521657,0.1748781808337845,0.4699512723335138,0.3551705468327016,Low SNR,Low SNR
794237,sub-794237_ses-20250403T103830,dff,False,1,70,2129,1950.1376394636773,1.0917178136131522,0.0079849694692343,0.2978970938265323,2.3142466906220327,ok,4.0667243003845215,0.5194927195866604,3.702238469584067,0.1898257183231276,0.3683466792275082,0.4418276024493641,Intermediate,Low SNR
794237,sub-794237_ses-20250403T103830,dff,False,1,71,1457,1950.1376394636773,0.7471267517305603,0.004118050789293,0.5628336046993733,2.175367202855587,ok,3.5298399925231934,0.2793411118737131,3.492775290070508,0.1155433287482806,0.548143053645117,0.3363136176066025,Low SNR,Low SNR
794237,sub-794237_ses-20250403T103830,dff,False,1,72,2054,1950.1376394636773,1.0532589897423272,0.0068159688412852,0.3576655533671379,2.264078799734149,ok,3.672848701477051,0.3519961051606621,3.4039489786066,0.1795121951219512,0.4721951219512195,0.3482926829268292,Low SNR,Low SNR
794237,sub-794237_ses-20250403T103830,dff,False,1,73,2224,1950.1376394636773,1.1404323238495306,0.0049460431654676,0.317983780825138,2.2800234265864776,ok,3.751160144805908,0.3997302158273381,3.237532364750313,0.2072072072072072,0.4788288288288288,0.313963963963964,Intermediate,Low SNR
794237,sub-794237_ses-20250403T103830,dff,False,1,74,1659,1950.1376394636773,0.850709184022649,0.0054249547920434,0.4840724326729774,2.21111391610873,ok,3.559235095977783,0.2724532851115129,3.30938329576762,0.1670702179176755,0.5393462469733656,0.2935835351089588,Low SNR,Low SNR
794237,sub-794237_ses-20250403T103830,dff,False,1,75,1301,1950.1376394636773,0.6671323980792443,0.0169100691775557,0.3913334043860435,2.071477718612272,ok,3.4863502979278564,0.2298232129131437,3.221229479312853,0.1555042340261739,0.5919938414164743,0.2525019245573518,Low SNR,Low SNR
794237,sub-794237_ses-20250403T103830,dff,False,1,76,2383,1950.1376394636773,1.2219650304556795,0.0008392782207301,0.4965426551699638,2.4598851448932963,ok,3.803877830505371,0.4301300881242131,3.791276881530192,0.14743049705139,0.3997472620050548,0.4528222409435551,High SNR,Low SNR
794237,sub-794237_ses-20250403T103830,dff,False,1,77,1773,1950.1376394636773,0.9091665963063028,0.0118443316412859,0.2588814752787352,2.1970220999993013,ok,3.695326089859009,0.3705583756345177,3.411155440459613,0.1726089417091114,0.4821731748726655,0.3452178834182229,Low SNR,Low SNR
794237,sub-794237_ses-20250403T103830,dff,False,1,78,2081,1949.707654315978,1.0673395036396285,0.0004805382027871,0.4911796217501163,2.348179612834441,ok,3.73185658454895,0.3901970206631427,3.685628101047305,0.1411368015414258,0.4407514450867052,0.4181117533718689,Low SNR,Low SNR
794237,sub-794237_ses-20250403T103830,dff,False,1,79,2071,1950.1376394636773,1.0619763231530477,0.0014485755673587,0.54936926561594,2.3581262191678256,ok,3.661311626434326,0.3635924674070497,3.5352203613195874,0.1586073500967117,0.4893617021276595,0.3520309477756286,Low SNR,Low SNR
794237,sub-794237_ses-20250403T103830,dff,False,1,80,1711,1950.1376394636773,0.8773739685730876,0.0093512565751022,0.349102559441328,2.172090188679684,ok,3.7424063682556152,0.4056107539450613,3.3699143439756867,0.1849677040516735,0.4773928361714621,0.3376394597768644,Low SNR,Low SNR
794237,sub-794237_ses-20250403T103830,dff,False,1,81,3208,1950.1376394636773,1.6450120930347545,0.0,0.4945263203859329,2.7786908518452385,ok,4.054416656494141,0.5199501246882793,4.514122231214618,0.0940331146516713,0.3042799125273352,0.6016869728209935,High SNR,Intermediate
794237,sub-794237_ses-20250403T103830,dff,False,1,82,2644,1950.1376394636773,1.3558017375261506,0.0003782148260211,0.4982524349570274,2.490231488324179,ok,3.831636905670166,0.4341906202723147,3.717838924682124,0.1533788914198937,0.4145785876993166,0.4320425208807896,Intermediate,Low SNR
794237,sub-794237_ses-20250403T103830,dff,False,1,83,1653,1950.1376394636773,0.8476324781129829,0.0036297640653357,0.5167643712937832,2.223819400729813,ok,3.5646402835845947,0.3049001814882032,3.446126030735872,0.1394784718010915,0.5385081867798666,0.3220133414190418,Low SNR,Low SNR
794237,sub-794237_ses-20250403T103830,dff,False,1,84,1633,1950.1376394636773,0.8373767917474296,0.0048989589712186,0.3325539138883352,2.1898240970432514,ok,3.624987602233887,0.3300673606858542,3.376638754149081,0.1684081130915796,0.4904732636754763,0.341118623232944,Low SNR,Low SNR
794237,sub-794237_ses-20250403T103830,dff,False,1,85,2751,1950.1376394636773,1.4106696595818609,0.0010905125408942,0.5211344811201095,2.6560694981518456,ok,4.002133846282959,0.500181752090149,4.127746225703465,0.1340619307832422,0.3435336976320582,0.5224043715846994,High SNR,Intermediate
794237,sub-794237_ses-20250403T103830,dff,False,1,86,2347,1950.1376394636773,1.2035047949976836,0.0021303792074989,0.3983092316865921,2.3818802584576138,ok,3.9232938289642334,0.4767788666382616,3.930200275020956,0.1373555840821566,0.3791185280273855,0.4835258878904578,High SNR,Low SNR
794237,sub-794237_ses-20250403T103830,dff,False,1,87,1755,1948.057711307364,0.9008973347212592,0.0022792022792022,0.4183821771740913,2.244847931522238,ok,3.663637399673462,0.3709401709401709,3.73797220076144,0.1211428571428571,0.4622857142857143,0.4165714285714286,Low SNR,Low SNR
794237,sub-794237_ses-20250403T103830,dff,False,1,88,1942,1950.1376394636773,0.9958271460952286,0.0041194644696189,0.4215967187047004,2.288126666086264,ok,3.705580234527588,0.3815653964984552,3.4024798708802626,0.1858178053830227,0.4616977225672878,0.3524844720496894,Intermediate,Low SNR
794237,sub-794237_ses-20250403T103830,dff,False,1,89,2033,1950.1376394636773,1.0424905190584963,0.0004918839153959,0.3436778880536556,2.312473594966445,ok,3.792788505554199,0.4161337924249877,3.555056665867893,0.169541646131099,0.4381468703794973,0.3923114834894036,Intermediate,Low SNR
794237,sub-794237_ses-20250403T103830,dff,False,1,90,2759,1947.212740493861,1.4168970563022558,0.0003624501631025,0.4851035320401191,2.6171311701782343,ok,4.067577838897705,0.5190286335628851,3.871105131430905,0.1697564521992003,0.3486005089058524,0.4816430388949473,Intermediate,Low SNR
794237,sub-794237_ses-20250403T103830,dff,False,1,91,1728,1950.1376394636773,0.8860913019838079,0.0052083333333333,0.4245707175135612,2.23314719965896,ok,3.6760871410369873,0.3732638888888889,3.5638645874467247,0.1483420593368237,0.4653868528214078,0.3862710878417684,Low SNR,Low SNR
794237,sub-794237_ses-20250403T103830,dff,False,1,92,2716,1950.1376394636773,1.3927222084421425,0.0003681885125184,0.4042232069134712,2.516803410715028,ok,3.910551071166992,0.4709131075110456,4.042219515831456,0.1420140169679085,0.351530800442641,0.5064551825894504,High SNR,Intermediate
794237,sub-794237_ses-20250403T103830,dff,False,1,93,1698,1950.1376394636773,0.8707077724354779,0.005889281507656,0.3648563845038414,2.187754532241632,ok,3.620779037475586,0.3144876325088339,3.440935452433627,0.165879574970484,0.4799291617473435,0.3541912632821724,Low SNR,Low SNR
794237,sub-794237_ses-20250403T103830,dff,False,1,94,2178,1950.1376394636773,1.116844245208758,0.005050505050505,0.3559518411219119,2.324247992619147,ok,3.9154348373413086,0.4692378328741965,3.430151113250326,0.1959521619135234,0.4296228150873965,0.37442502299908,Intermediate,Low SNR
794237,sub-794237_ses-20250403T103830,dff,False,1,95,2110,1947.037746538402,1.0836975316741164,0.0014218009478672,0.3728650785684585,2.329523317769009,ok,3.693240165710449,0.3895734597156398,3.61573450020572,0.1495238095238095,0.4452380952380952,0.4052380952380952,Low SNR,Low SNR
794237,sub-794237_ses-20250403T103830,dff,False,1,96,1774,1950.1376394636773,0.9096793806245806,0.0112739571589627,0.3443815329551696,2.176423722475399,ok,3.684999942779541,0.366967305524239,3.405194667518378,0.1950113378684807,0.4648526077097505,0.3401360544217687,Intermediate,Low SNR
794237,sub-794237_ses-20250403T103830,dff,False,1,97,1653,1950.1376394636773,0.8476324781129829,0.0120992135511191,0.2613739247024059,2.122407502113842,ok,3.627428531646729,0.3297035692679976,3.1532588810893,0.190273556231003,0.5586626139817629,0.251063829787234,Low SNR,Low SNR
794237,sub-794237_ses-20250403T103830,dff,False,1,98,1843,1950.1376394636773,0.9450614985857396,0.0075963103635377,0.3979276506900787,2.270529769539962,ok,3.698604106903076,0.3700488334237656,3.4065791670887604,0.1675734494015233,0.4907508161044613,0.3416757344940152,Low SNR,Low SNR
794237,sub-794237_ses-20250403T103830,dff,False,1,99,1881,1950.1376394636773,0.9645473026802908,0.0026581605528973,0.6027775263905525,2.309506331332853,ok,3.537449836730957,0.2727272727272727,3.47586469098244,0.1318739989321943,0.5029364655632674,0.3651895355045382,Low SNR,Low SNR
794237,sub-794237_ses-20250403T103830,dff,False,1,100,1954,1950.1376394636773,1.0019805579145606,0.0010235414534288,0.4471036144137382,2.3003178843158705,ok,3.6289353370666495,0.3295803480040942,3.506300937648482,0.150924024640657,0.4892197125256673,0.3598562628336755,Low SNR,Low SNR
794237,sub-794237_ses-20250403T103830,dff,False,1,101,1892,1950.1376394636773,0.9701879301813452,0.0010570824524312,0.6378433883786201,2.315906760949116,ok,3.632065534591675,0.3520084566596194,3.667929096784086,0.1188328912466843,0.4679045092838196,0.413262599469496,Low SNR,Low SNR
794237,sub-794237_ses-20250403T103830,dff,False,1,102,1923,1950.1376394636773,0.9860842440479528,0.0052002080083203,0.3966080237746238,2.290786863945534,ok,3.776231050491333,0.4149765990639625,3.731054145487961,0.1311816762103071,0.4284226965122332,0.4403956272774597,Low SNR,Low SNR
794237,sub-794237_ses-20250403T103830,dff,False,1,103,1713,1950.1376394636773,0.8783995372096429,0.0035026269702276,0.4003796488165855,2.210160418343745,ok,3.5604028701782227,0.2819614711033275,3.2799134782612187,0.1671554252199413,0.5366568914956011,0.2961876832844575,Low SNR,Low SNR
794237,sub-794237_ses-20250403T103830,dff,False,1,104,2330,1950.1376394636773,1.1947874615869631,0.0004291845493562,0.634103753221035,2.485174305566949,ok,3.696276426315308,0.3935622317596566,3.901887017423353,0.1130210571551353,0.4121186076493339,0.4748603351955307,High SNR,Intermediate
794237,sub-794237_ses-20250403T103830,dff,False,1,105,3379,1949.352666577761,1.7333959410905853,0.0002959455460195,0.4983530882120132,2.810662612888363,ok,4.207321643829346,0.567031666173424,4.092503823622222,0.1577698695136417,0.3229537366548042,0.519276393831554,High SNR,Intermediate
794237,sub-794237_ses-20250403T103830,dff,False,1,106,1697,1950.007643953908,0.8702529988852248,0.0076605774896876,0.385957778263092,2.2098293826081155,ok,3.7151308059692383,0.3918680023571008,3.769335360486555,0.1366055588409225,0.423418095801301,0.4399763453577764,Low SNR,Low SNR
794237,sub-794237_ses-20250403T103830,dff,False,1,107,2187,1949.3026683047729,1.1219396738947385,0.0054869684499314,0.448346668857336,2.397722593082061,ok,3.950615882873535,0.48559670781893,4.229449126729227,0.1192660550458715,0.326605504587156,0.5541284403669725,High SNR,Intermediate
794237,sub-794237_ses-20250403T103830,dff,False,1,108,2075,1950.1376394636773,1.064027460426158,0.0115662650602409,0.3571710357069969,2.2679384338855995,ok,3.9464192390441895,0.4848192771084337,3.833528439644982,0.153920619554695,0.3814133591481123,0.4646660212971926,High SNR,Low SNR
794237,sub-794237_ses-20250403T103830,dff,False,1,109,2530,1949.3376670958648,1.297876731520409,0.0,0.6557799928307533,2.564180157658943,ok,3.782098054885864,0.417391304347826,3.905413290845554,0.1167129813418023,0.4053195712584359,0.4779674473997618,High SNR,Intermediate
794237,sub-794237_ses-20250403T103830,dff,False,1,110,1512,1950.1376394636773,0.7753298892358319,0.0125661375661375,0.3608293706059455,2.1815600688939107,ok,3.597195625305176,0.3095238095238095,3.572629977219239,0.1235880398671096,0.4883720930232558,0.3880398671096345,Low SNR,Low SNR
794237,sub-794237_ses-20250403T103830,dff,False,1,111,1648,1950.1376394636773,0.8450685565215946,0.012135922330097,0.3580439088642597,2.148046107614502,ok,3.635127305984497,0.3525485436893203,3.4002959909806654,0.1747868453105968,0.4713763702801462,0.353836784409257,Low SNR,Low SNR
794237,sub-794237_ses-20250403T103830,dff,False,1,112,2417,1948.9326810846592,1.2401659756943697,0.0004137360364087,0.5765786947846412,2.524985316300288,ok,3.7856285572052,0.4187008688456765,3.910012763236668,0.11318407960199,0.4104477611940298,0.4763681592039801,High SNR,Intermediate
794237,sub-794237_ses-20250403T103830,dff,False,1,113,1609,1949.4226641599448,0.8253725729065321,0.019266625233064,0.2529692895412445,2.09692708643159,ok,3.715774774551392,0.3741454319453076,3.205536643478249,0.2079701120797011,0.50186799501868,0.2901618929016189,Intermediate,Low SNR
794237,sub-794237_ses-20250403T103830,dff,False,1,114,1847,1950.1376394636773,0.9471126358588504,0.0070384407146724,0.3382842344820499,2.234137384681045,ok,3.66803765296936,0.3638332430969139,3.583271402080201,0.1485310119695321,0.4640914036996735,0.3873775843307943,Low SNR,Low SNR
794237,sub-794237_ses-20250403T103830,dff,False,1,115,2435,1949.682655179484,1.2489211993199163,0.0004106776180698,0.5393746359944344,2.469964545027098,ok,3.842772960662842,0.437782340862423,3.865384514710661,0.1432688349114862,0.3898723754631535,0.4668587896253602,High SNR,Low SNR
794237,sub-794237_ses-20250403T103830,dff,False,1,116,1530,1950.1376394636773,0.78456000696483,0.0287581699346405,0.2559515509307384,2.081665923439441,ok,3.631295680999756,0.3405228758169935,3.4413171797005937,0.1636125654450261,0.4810209424083769,0.3553664921465969,Low SNR,Low SNR
794237,sub-794237_ses-20250403T103830,dff,False,1,117,2911,1949.177672622302,1.4934503102960963,0.0,0.7184216653704643,2.7199140845797483,ok,3.84577751159668,0.4486430779800756,4.22935183632841,0.0908465244322092,0.3578802477632484,0.5512732278045424,High SNR,Intermediate
794237,sub-794237_ses-20250403T103830,dff,False,1,118,2132,1950.0176436085053,1.0933234409380708,0.0018761726078799,0.4434496096372604,2.335049304246137,ok,3.6327075958251953,0.3353658536585366,3.321426154914761,0.1787394167450611,0.5,0.3212605832549388,Low SNR,Low SNR
794237,sub-794237_ses-20250403T103830,dff,False,1,119,1562,1950.1376394636773,0.8009691051497153,0.0083226632522407,0.3838311579108238,2.1890540271656844,ok,3.666070461273194,0.3636363636363636,3.5145412574402464,0.1672025723472668,0.4662379421221865,0.3665594855305466,Low SNR,Low SNR
794237,sub-794237_ses-20250403T103830,dff,False,1,120,1713,1950.1376394636773,0.8783995372096429,0.0046701692936368,0.5617969380319118,2.2735946453343985,ok,3.5490493774414062,0.290134267367192,3.5589456842210496,0.1293153891164423,0.4950263311878291,0.3756582796957285,Low SNR,Low SNR
794237,sub-794237_ses-20250403T103830,dff,False,1,121,1698,1949.202671758796,0.8711254220003034,0.0005889281507656,0.5715284464359283,2.3138751767172026,ok,3.546644449234009,0.2626619552414605,3.590079704219693,0.1138643067846607,0.512684365781711,0.3734513274336283,Low SNR,Low SNR
794237,sub-794237_ses-20250403T103830,dff,False,1,122,1729,1950.1376394636773,0.8866040863020856,0.0121457489878542,0.3273118808805942,2.148618277081721,ok,3.6162283420562735,0.3360323886639676,3.1208744192632727,0.2262180974477958,0.511600928074246,0.2621809744779582,Intermediate,Low SNR
794237,sub-794237_ses-20250403T103830,dff,False,1,123,1808,1950.1376394636773,0.9271140474460212,0.0022123893805309,0.4323920675039291,2.273739046048017,ok,3.5839009284973145,0.3014380530973451,3.3252388569845426,0.1748057713651498,0.5294117647058824,0.2957824639289678,Low SNR,Low SNR
794237,sub-794237_ses-20250403T103830,dff,False,1,124,1465,1950.1376394636773,0.7512290262767816,0.0122866894197952,0.3204006519377231,2.119299851206138,ok,3.6112561225891113,0.3119453924914676,3.171470004411772,0.2046543463381245,0.5167693360711841,0.2785763175906913,Low SNR,Low SNR
794237,sub-794237_ses-20250403T103830,dff,False,1,125,2089,1945.127812510248,1.073965415827395,0.0019147917663954,0.5407091532289982,2.363065453869351,ok,3.6940114498138414,0.3752991862134993,3.5542451620866653,0.1529976019184652,0.46378896882494,0.3832134292565947,Low SNR,Low SNR
794237,sub-794237_ses-20250403T103830,dff,False,1,126,2771,1950.007643953908,1.4210200706605527,0.0,0.6081239020943642,2.588678605308236,ok,3.785104513168335,0.4200649584987369,3.8929749817000943,0.130844508880029,0.3943457774555998,0.4748097136643711,High SNR,Low SNR
794237,sub-794237_ses-20250403T103830,dff,False,1,127,2010,1950.1376394636773,1.03069647973811,0.0019900497512437,0.4221595462560653,2.275923549824613,ok,3.696005582809448,0.3736318407960199,3.326157361818576,0.1907139291063405,0.4837743384922616,0.3255117324013979,Low SNR,Low SNR
794237,sub-794237_ses-20250403T103830,dff,False,1,128,2111,1950.1376394636773,1.0824876958841545,0.0,0.4775388964533805,2.3835986727823126,ok,3.664495706558228,0.3737565135007105,3.766231169214765,0.1277909738717339,0.4418052256532066,0.4304038004750594,Low SNR,Low SNR
794237,sub-794237_ses-20250403T103830,dff,False,1,129,1357,1950.1376394636773,0.6958483199027936,0.0228445099484156,0.3571729356586933,2.088168744490777,ok,3.4850010871887207,0.2284450994841562,3.237837804417757,0.1750369276218611,0.5568685376661743,0.2680945347119645,Low SNR,Low SNR
794237,sub-794237_ses-20250403T103830,dff,False,1,130,2488,1950.1376394636773,1.2758073838748345,0.0020096463022508,0.3789762069225311,2.40054235174298,ok,3.7810287475585938,0.4256430868167202,3.5297529383551067,0.1961259079903147,0.4164648910411622,0.387409200968523,Intermediate,Low SNR
794237,sub-794237_ses-20250403T103830,dff,False,1,131,2407,1950.1376394636773,1.2342718540943436,0.0016618196925633,0.5045037178874016,2.4578057611897632,ok,3.696433305740357,0.3631076028250934,3.755889600920776,0.1214017521902378,0.442636629119733,0.4359616186900292,Low SNR,Low SNR
794237,sub-794237_ses-20250403T103830,dff,False,1,132,1667,1945.2728075019145,0.8569492122499428,0.0,0.6306468132019043,2.3198185097552635,ok,3.566018581390381,0.2873425314937012,3.681703518933469,0.1123867069486404,0.481570996978852,0.4060422960725076,Low SNR,Low SNR
794237,sub-794237_ses-20250403T103830,dff,False,1,133,2079,1949.5426600151168,1.0664039534194545,0.0019240019240019,0.4650551533699035,2.337626462018896,ok,3.774450302124024,0.4141414141414141,3.804585054530552,0.1445841392649903,0.4003868471953578,0.4550290135396518,High SNR,Low SNR
794237,sub-794237_ses-20250403T103830,dff,False,1,134,1622,1950.1376394636773,0.8317361642463753,0.0166461159062885,0.2816971115022897,2.118905487780986,ok,3.699291706085205,0.376695437731196,3.385766854529574,0.1909485430874147,0.4469931804091754,0.3620582765034097,Intermediate,Low SNR
794237,sub-794237_ses-20250403T103830,dff,False,1,135,1756,1950.1376394636773,0.9004492628955826,0.0045558086560364,0.4189879966557026,2.2316901416064847,ok,3.5926570892333984,0.3052391799544419,3.299445333687076,0.1824942791762013,0.5005720823798627,0.3169336384439359,Low SNR,Low SNR
794237,sub-794237_ses-20250403T103830,dff,False,1,136,2361,1949.7276536251727,1.2109383562417748,0.0021177467174925,0.4249319734454155,2.48229317549656,ok,4.050087928771973,0.516306649724693,4.415369769368365,0.1198470038249043,0.3059923501912452,0.5741606459838504,High SNR,Intermediate
794237,sub-794237_ses-20250403T103830,dff,False,1,137,2663,1950.1376394636773,1.3655446395734263,0.0,0.4922516805410384,2.537050299062558,ok,3.990408420562744,0.4956815621479534,4.027883970733464,0.1310240963855421,0.3618222891566265,0.5071536144578314,High SNR,Intermediate
794237,sub-794237_ses-20250403T103830,dff,False,1,138,1574,1950.1376394636773,0.8071225169690472,0.013977128335451,0.3624357797652482,2.1359645278994885,ok,3.6098828315734863,0.3316391359593392,3.348329579146103,0.1719745222929936,0.5184713375796178,0.3095541401273885,Low SNR,Low SNR
794237,sub-794237_ses-20250403T103830,dff,False,1,139,1960,1950.1376394636773,1.0050572638242266,0.0035714285714285,0.4358502447009086,2.3195778949149544,ok,3.684286594390869,0.363265306122449,3.550867076294581,0.1493606138107417,0.4593350383631713,0.391304347826087,Low SNR,Low SNR
794237,sub-794237_ses-20250403T103830,dff,False,1,140,1897,1947.1177437751835,0.97426054796357,0.0057986294148655,0.3636142579436302,2.2247734824963823,ok,3.7066147327423096,0.3806009488666315,3.5167861290552382,0.1501057082452431,0.4730443974630021,0.3768498942917547,Low SNR,Low SNR
794237,sub-794237_ses-20250403T103830,dff,False,1,141,2388,1949.70265448868,1.2248021484210712,0.0016750418760469,0.6463070104122162,2.4863352886222523,ok,3.735567569732666,0.4032663316582914,3.873698799021471,0.1155947877259352,0.4153005464480874,0.4691046658259773,High SNR,Low SNR
794237,sub-794237_ses-20250403T103830,dff,False,1,142,2189,1950.1376394636773,1.1224848727098122,0.0050251256281407,0.3898778646469116,2.32597614515293,ok,3.7851176261901855,0.4138876199177707,3.627353261319041,0.1454128440366972,0.4440366972477064,0.4105504587155963,Low SNR,Low SNR
794237,sub-794237_ses-20250403T103830,dff,False,1,143,2373,1949.067676421728,1.2175051839947215,0.0,0.5274860196411609,2.480798352383297,ok,3.7591822147369385,0.4070796460176991,3.781990199459025,0.1247357293868921,0.4329809725158562,0.4422832980972516,Low SNR,Low SNR
794237,sub-794237_ses-20250403T103830,dff,False,1,144,1983,1950.007643953908,1.0169190906242784,0.0015128593040847,0.5101240842998027,2.3606177511982227,ok,3.678937196731568,0.3711548159354513,3.655314259274096,0.1375821952453212,0.4496712190187152,0.4127465857359635,Low SNR,Low SNR
794237,sub-794237_ses-20250403T103830,dff,False,1,145,1526,1950.1376394636773,0.7825088696917193,0.0111402359108781,0.4568300857365131,2.2170993978285067,ok,3.586788892745972,0.2961992136304063,3.532563340609664,0.1299212598425196,0.5059055118110236,0.3641732283464567,Low SNR,Low SNR
794237,sub-794237_ses-20250403T103830,dff,False,1,146,2928,1950.1376394636773,1.501432483917008,0.0023907103825136,0.3523852783083915,2.544352161389744,ok,4.032188892364502,0.5078551912568307,3.706477533265536,0.1908187735525865,0.3720452209660843,0.4371360054813292,Intermediate,Low SNR
794237,sub-794237_ses-20250403T103830,dff,False,1,147,1829,1950.1376394636773,0.9378825181298522,0.007654455986878,0.3837833940088748,2.209486614429777,ok,3.638934135437012,0.3515582285401858,3.328918392599948,0.1951754385964912,0.4769736842105263,0.3278508771929824,Intermediate,Low SNR
794237,sub-794237_ses-20250403T103830,dff,False,1,148,2862,1950.0126437812069,1.467682791251234,0.0,0.7625865285873412,2.7610212897548267,ok,3.753261566162109,0.404262753319357,4.249872803473264,0.0734522560335781,0.3606155998600909,0.5659321441063309,High SNR,Intermediate
794237,sub-794237_ses-20250403T103830,dff,False,1,149,2227,1949.3376670958648,1.142439320591285,0.0,0.6068271187841892,2.49274329022812,ok,3.792659044265747,0.4144589133363269,3.893319664850696,0.1197119711971197,0.4068406840684068,0.4734473447344735,High SNR,Low SNR
794237,sub-794237_ses-20250403T103830,dff,False,1,150,1644,1950.1376394636773,0.843017419248484,0.0060827250608272,0.4157419512748718,2.1995222164107027,ok,3.5529370307922363,0.2962287104622871,3.474029246861027,0.1527183872938301,0.4868662186927306,0.3604153940134392,Low SNR,Low SNR
794237,sub-794237_ses-20250403T103830,dff,False,1,151,1709,1950.1376394636773,0.8763483999365322,0.0040959625511995,0.4336878787457943,2.224609836260301,ok,3.59375262260437,0.2937390286717378,3.487214636839373,0.1425219941348973,0.5096774193548387,0.3478005865102639,Low SNR,Low SNR
794237,sub-794237_ses-20250403T103830,dff,False,1,152,1705,1950.1376394636773,0.8742972626634216,0.0023460410557184,0.4788729276537894,2.251089383631132,ok,3.559422492980957,0.3020527859237537,3.512915994599591,0.1215502055196711,0.5202583675866118,0.3581914268937169,Low SNR,Low SNR
794237,sub-794237_ses-20250403T103830,dff,False,1,153,1829,1949.4576629510368,0.938209654284725,0.0027337342810278,0.4923891840219497,2.287963458625154,ok,3.660148143768311,0.3619464188080918,3.5750234944022137,0.1551535087719298,0.4512061403508772,0.3936403508771929,Low SNR,Low SNR
794237,sub-794237_ses-20250403T103830,dff,False,1,154,2552,1950.1376394636773,1.3086255802446052,0.0019592476489028,0.4307868292450905,2.5130922242114213,ok,3.9379615783691406,0.481974921630094,3.973803630588132,0.1354330708661417,0.3704724409448819,0.4940944881889764,High SNR,Intermediate
794237,sub-794237_ses-20250403T103830,dff,False,1,155,2267,1949.7276536251727,1.1627264945362574,0.0035288928098809,0.3697053263425827,2.402894285469267,ok,4.028374195098877,0.5077194530216145,3.900351810023537,0.1657066902968542,0.3535666814355339,0.4807266282676118,Intermediate,Low SNR
794237,sub-794237_ses-20250403T103830,dff,False,1,156,2381,1949.712654143277,1.2212055940346938,0.0004199916001679,0.4906525839865207,2.466400182099279,ok,3.732725620269776,0.3872322553548929,3.954852251622372,0.1047979797979797,0.406986531986532,0.4882154882154882,High SNR,Intermediate
794237,sub-794237_ses-20250403T103830,dff,False,1,157,1911,1950.1376394636773,0.9799308322286208,0.010465724751439,0.3215491506457328,2.238780515368293,ok,3.7283430099487305,0.3746729461015175,3.471717527372106,0.1717436974789916,0.4711134453781512,0.3571428571428571,Low SNR,Low SNR
794237,sub-794237_ses-20250403T103830,dff,False,1,158,2310,1950.002644126609,1.184613778323686,0.0,0.634981575089693,2.50545424108035,ok,3.664335250854492,0.3545454545454545,3.8776373910368327,0.085180356366797,0.4498044328552803,0.4650152107779226,High SNR,Intermediate
794237,sub-794237_ses-20250403T103830,dff,False,1,159,2276,1950.1376394636773,1.1670971083999693,0.0035149384885764,0.3752005168676376,2.300486230885741,ok,3.72852635383606,0.3945518453427065,3.44749676785474,0.1659311562224183,0.470432480141218,0.3636363636363636,Low SNR,Low SNR
794237,sub-794237_ses-20250403T103830,dff,False,1,160,2014,1950.007643953908,1.0328164642043858,0.0044687189672293,0.4060328004419803,2.26634032219708,ok,3.7095389366149902,0.3912611717974181,3.4466652006638183,0.1672491263105342,0.454318522216675,0.3784323514727908,Low SNR,Low SNR
794237,sub-794237_ses-20250403T103830,dff,False,1,161,2488,1950.1376394636773,1.2758073838748345,0.0,0.7228109956383705,2.6120934547515606,ok,3.704615831375122,0.3798231511254019,4.026701220889829,0.1010873942811115,0.3934756343133306,0.5054369714055578,High SNR,Intermediate
794237,sub-794237_ses-20250403T103830,dff,False,1,162,1983,1949.7626524162647,1.01704686852143,0.0010085728693898,0.4879292904317379,2.369000392388222,ok,3.640553951263428,0.3580433686333837,3.77773475981511,0.1162203132895401,0.4446690247599797,0.43911066195048,Low SNR,Low SNR
794237,sub-794237_ses-20250403T103830,dff,False,1,163,1911,1950.1376394636773,0.9799308322286208,0.0057561486132914,0.3684806086421012,2.256537288636936,ok,3.7672412395477295,0.4149659863945578,3.536754356942185,0.1650893796004206,0.4479495268138801,0.3869610935856992,Low SNR,Low SNR
794237,sub-794237_ses-20250403T103830,dff,False,1,164,2175,1950.1376394636773,1.115305892253925,0.0041379310344827,0.3607953040301799,2.303942421256248,ok,3.743237018585205,0.4041379310344827,3.6255102789512654,0.1478060046189376,0.454041570438799,0.3981524249422632,Low SNR,Low SNR
794237,sub-794237_ses-20250403T103830,dff,False,1,165,1815,1950.002644126609,0.930767968682896,0.0016528925619834,0.4763725912213325,2.339117907981842,ok,3.6023192405700684,0.3316804407713498,3.668707677932764,0.1204419889502762,0.4767955801104972,0.4027624309392265,Low SNR,Low SNR
794237,sub-794237_ses-20250403T103830,dff,False,1,166,2046,1949.3076681320715,1.049603422511842,0.0068426197458455,0.4050241470158099,2.2807168573024805,ok,3.726536750793457,0.386119257086999,3.4258910320501075,0.1809242871189773,0.4700098328416912,0.3490658800393313,Low SNR,Low SNR
794237,sub-794237_ses-20250403T103830,dff,False,1,167,2126,1949.74265310707,1.0904003134013864,0.0018814675446848,0.4725535115718841,2.3696378611881577,ok,3.6529016494750977,0.3377234242709313,3.6998262339499695,0.1192833569071192,0.4601603017444601,0.4205563413484205,Low SNR,Low SNR
794237,sub-794237_ses-20250403T103830,dff,False,1,168,2993,1949.772652070863,1.5350507644166207,0.0,0.6356628182351589,2.7568469683121406,ok,3.793966054916382,0.4169729368526562,4.142996538783384,0.0931011386470194,0.3757535164099129,0.5311453449430676,High SNR,Intermediate
794237,sub-794237_ses-20250403T103830,dff,False,1,169,2392,1950.002644126609,1.2266650033550894,0.0008361204013377,0.5313582095682621,2.5066251512509523,ok,3.7693450450897217,0.3979933110367893,3.909699621211923,0.1249475890985325,0.3966457023060796,0.4784067085953878,High SNR,Low SNR
794237,sub-794237_ses-20250403T103830,dff,False,1,170,2564,1950.1376394636773,1.3147789920639372,0.000780031201248,0.5995565338611603,2.603636273250532,ok,3.886352062225342,0.4617784711388455,4.068162207235105,0.1112852664576802,0.3742163009404389,0.5144984326018809,High SNR,Intermediate
794237,sub-794237_ses-20250403T103830,dff,False,2,0,2582,1914.3438758313405,1.3487649907615042,0.0019364833462432,0.2749814008444547,2.7858049789984767,ok,4.323247909545898,0.5821068938807126,3.938716768189932,0.1862363919129082,0.3285381026438569,0.4852255054432348,Intermediate,Low SNR
794237,sub-794237_ses-20250403T103830,dff,False,2,1,1545,1914.3438758313405,0.8070650312651139,0.0181229773462783,0.2695100039005279,2.2402312693570035,ok,4.034483909606934,0.5074433656957928,3.629966824988049,0.1988304093567251,0.3866146848602989,0.4145549057829759,Intermediate,Low SNR
794237,sub-794237_ses-20250403T103830,dff,False,2,2,4570,1914.3438758313405,2.3872409015414693,0.0,0.4647109086334705,3.869025450523376,ok,5.036558151245117,0.712472647702407,4.823973228284416,0.1672519754170325,0.2201492537313432,0.6125987708516243,High SNR,Intermediate
794237,sub-794237_ses-20250403T103830,dff,False,2,3,1143,1914.3438758313405,0.597071411479628,0.0297462817147856,0.2989937194347381,2.0774713435672325,ok,3.634407758712769,0.3254593175853018,3.2529092872327707,0.1688654353562005,0.5356200527704486,0.2955145118733509,Low SNR,Low SNR
794237,sub-794237_ses-20250403T103830,dff,False,2,4,924,1914.3438758313405,0.482671902193505,0.0194805194805194,0.34012323307693,2.0184557449643337,ok,3.4820706844329834,0.2164502164502164,3.450156270490327,0.1277292576419214,0.5382096069868996,0.334061135371179,Low SNR,Low SNR
794237,sub-794237_ses-20250403T103830,dff,False,2,5,2253,1914.238879458065,1.176969094180054,0.002219263204616,0.4186996458470821,2.5231229782958344,ok,4.163422584533691,0.534398579671549,4.388920908024831,0.1126005361930295,0.3190348525469169,0.5683646112600537,High SNR,Intermediate
794237,sub-794237_ses-20250403T103830,dff,False,2,6,1305,1914.3438758313405,0.6816957060200476,0.0061302681992337,0.4187110897421837,2.172055163342,ok,3.656520366668701,0.3593869731800766,3.597920367010817,0.1486902927580893,0.4591679506933744,0.3921417565485362,Low SNR,Low SNR
794237,sub-794237_ses-20250403T103830,dff,False,2,7,1350,1914.3438758313405,0.7052024545034975,0.0037037037037037,0.4388353339254855,2.1505962566235604,ok,3.579087734222412,0.3133333333333333,3.602502885392566,0.1399851079672375,0.4966492926284437,0.3633655994043187,Low SNR,Low SNR
794237,sub-794237_ses-20250403T103830,dff,False,2,8,1129,1914.3438758313405,0.5897582008403324,0.0141718334809566,0.4108721541523933,2.090290422058384,ok,3.5167369842529297,0.2347209920283436,3.584703653912627,0.1032028469750889,0.5275800711743772,0.3692170818505338,Low SNR,Low SNR
794237,sub-794237_ses-20250403T103830,dff,False,2,9,2418,1914.3438758313405,1.2630959518440423,0.0004135649296939,0.4876214098870754,2.616852635700395,ok,3.881211757659912,0.456575682382134,4.520398446895843,0.0684647302904564,0.2991701244813278,0.6323651452282157,High SNR,Intermediate
794237,sub-794237_ses-20250403T103830,dff,False,2,10,3652,1914.238879458065,1.907807870370864,0.0,0.5213882793188095,3.3733927574042912,ok,4.84152889251709,0.6569003285870756,5.120317788399592,0.1342707471739729,0.2114695340501792,0.6542597187758478,High SNR,Intermediate
794237,sub-794237_ses-20250403T103830,dff,False,2,11,1405,1914.3438758313405,0.7339329248721586,0.0128113879003558,0.2835040760278701,2.1115946758918342,ok,3.648231267929077,0.3295373665480427,3.328583307120681,0.1734475374732334,0.5196288365453248,0.3069236259814418,Low SNR,Low SNR
794237,sub-794237_ses-20250403T103830,dff,False,2,12,2005,1914.323876522145,1.0473671799165936,0.0019950124688279,0.4635323199927806,2.3825774329642297,ok,3.976253509521485,0.4892768079800498,3.810418698968996,0.1685110663983903,0.3656941649899396,0.46579476861167,Intermediate,Low SNR
794237,sub-794237_ses-20250403T103830,dff,False,2,13,1767,1914.3438758313405,0.9230316571168,0.0022637238256932,0.4524813172280788,2.305649577465012,ok,3.714070081710816,0.3967176004527448,3.9394532516556575,0.1093394077448747,0.4117312072892938,0.4789293849658314,High SNR,Intermediate
794237,sub-794237_ses-20250403T103830,dff,False,2,14,1279,1914.3438758313405,0.6681140291184988,0.0007818608287724,0.5713781293272971,2.1955246719723576,ok,3.5080957412719727,0.2595777951524629,3.674929322057854,0.1248037676609105,0.4764521193092622,0.3987441130298273,Low SNR,Low SNR
794237,sub-794237_ses-20250403T103830,dff,False,2,15,1524,1914.3438758313405,0.7960952153061706,0.0019685039370078,0.3698508935719728,2.1795738068261827,ok,3.692507743835449,0.3667979002624671,3.469132144528995,0.1877065432914739,0.4415069398545935,0.3707865168539326,Intermediate,Low SNR
794237,sub-794237_ses-20250403T103830,dff,False,2,16,3407,1914.3438758313405,1.7797220462914194,0.0014675667742882,0.410357002133131,3.1121974511049784,ok,4.969752311706543,0.6768417963017317,5.097349303039761,0.1251845290817833,0.20814880425155,0.6666666666666666,High SNR,High SNR
794237,sub-794237_ses-20250403T103830,dff,False,2,17,2679,1914.3438758313405,1.3994350930480517,0.0,0.7682878859639167,2.8130179918429947,ok,3.933091163635254,0.4762971257932064,4.4881632014759125,0.0910453353315848,0.2911202697639565,0.6178343949044586,High SNR,Intermediate
794237,sub-794237_ses-20250403T103830,dff,False,2,18,2011,1914.3438758313405,1.0504904711159508,0.0039781203381402,0.3236448194593191,2.275704420013157,ok,3.716794490814209,0.3838886126305321,3.4101419304203566,0.1837244133799301,0.4653020469296056,0.3509735396904643,Intermediate,Low SNR
794237,sub-794237_ses-20250403T103830,dff,False,2,19,1820,1914.3438758313405,0.9507173831084188,0.0,0.7206095702111721,2.402806419499501,ok,3.670646190643311,0.3571428571428571,3.992420596326058,0.0848484848484848,0.4170798898071625,0.4980716253443526,High SNR,Intermediate
794237,sub-794237_ses-20250403T103830,dff,False,2,20,1781,1914.3438758313405,0.9303448677560956,0.0,0.636292232465744,2.402321322874139,ok,3.66437554359436,0.3537338573834924,3.985112905535066,0.0965011286681715,0.4057562076749436,0.4977426636568848,High SNR,Intermediate
794237,sub-794237_ses-20250403T103830,dff,False,2,21,2371,1914.3438758313405,1.23854445898355,0.0075917334458034,0.2646523134469986,2.4589279178901324,ok,4.24398136138916,0.5613665120202446,4.366649230119323,0.1441288681644764,0.2954641797371767,0.5604069520983468,High SNR,Intermediate
794237,sub-794237_ses-20250403T103830,dff,False,2,22,1979,1914.238879458065,1.0338312638181653,0.001010611419909,0.3959361478328704,2.3299968959410298,ok,3.758127212524414,0.4113188479029813,3.6836998339521214,0.1537290715372907,0.4307458143074581,0.4155251141552511,Low SNR,Low SNR
794237,sub-794237_ses-20250403T103830,dff,False,2,23,953,1914.3438758313405,0.4978206956606171,0.0335781741867785,0.3538572990238666,2.0287206341302766,ok,3.505082130432129,0.2633788037775446,3.1935343164280767,0.168610816542948,0.5768822905620361,0.2545068928950159,Low SNR,Low SNR
794237,sub-794237_ses-20250403T103830,dff,False,2,24,2286,1914.323876522145,1.1941552983986696,0.0,0.7020116941988468,2.600146045668372,ok,3.767302513122559,0.4094488188976378,4.130339490339994,0.109402460456942,0.3563268892794376,0.5342706502636204,High SNR,Intermediate
794237,sub-794237_ses-20250403T103830,dff,False,2,25,1281,1914.3438758313405,0.669158773495541,0.0140515222482435,0.3767131877124309,2.10687981670676,ok,3.4846320152282715,0.234192037470726,3.274617392717217,0.1578531965272296,0.5359116022099447,0.3062352012628255,Low SNR,Low SNR
794237,sub-794237_ses-20250403T103830,dff,False,2,26,1941,1914.3438758313405,1.013924417919473,0.0005151983513652,0.460699138534069,2.394384609693035,ok,3.7398324012756334,0.4064914992272024,3.783435254595576,0.1533264033264033,0.3991683991683992,0.4475051975051975,Intermediate,Low SNR
794237,sub-794237_ses-20250403T103830,dff,False,2,27,1308,1914.3438758313405,0.6832628225856109,0.0129969418960244,0.3767538378417491,2.1712070596191984,ok,3.523519277572632,0.2851681957186544,3.534711650122828,0.1352805534204458,0.4996156802459646,0.3651037663335895,Low SNR,Low SNR
794237,sub-794237_ses-20250403T103830,dff,False,2,28,1098,1914.3438758313405,0.573564662996178,0.0218579234972677,0.3772459695160389,2.0831685242359903,ok,3.466469049453736,0.1958105646630236,3.413754609045213,0.1355311355311355,0.5558608058608059,0.3086080586080586,Low SNR,Low SNR
794237,sub-794237_ses-20250403T103830,dff,False,2,29,1332,1914.3438758313405,0.6957997551101176,0.0097597597597597,0.3794370998561382,2.1375831908496736,ok,3.56797194480896,0.2777777777777778,3.2560382533810333,0.1814058956916099,0.5185185185185185,0.3000755857898715,Low SNR,Low SNR
794237,sub-794237_ses-20250403T103830,dff,False,2,30,1152,1914.3438758313405,0.6017727611763178,0.0251736111111111,0.3299706644475459,2.0544289370432183,ok,3.5160458087921143,0.2578125,3.29449112597262,0.1707317073170731,0.5566202090592335,0.2726480836236933,Low SNR,Low SNR
794237,sub-794237_ses-20250403T103830,dff,False,2,31,1498,1914.3438758313405,0.7825135384046217,0.0080106809078771,0.3087689046353101,2.147795630810424,ok,3.640367031097412,0.3277703604806408,3.332608915230193,0.1675639300134589,0.5047106325706595,0.3277254374158815,Low SNR,Low SNR
794237,sub-794237_ses-20250403T103830,dff,False,2,32,2163,1914.3438758313405,1.1298910437711591,0.0,0.7765208626985549,2.570402523420396,ok,3.6325180530548096,0.3370319001386962,4.226059953777014,0.0724233983286908,0.361652739090065,0.5659238625812442,High SNR,Intermediate
794237,sub-794237_ses-20250403T103830,dff,False,2,33,2492,1914.2288798034672,1.3018296956505286,0.0,0.7424587054252624,2.724063858298223,ok,3.813376903533936,0.4229534510433387,4.389682539158043,0.0656199677938808,0.3373590982286634,0.5970209339774557,High SNR,Intermediate
794237,sub-794237_ses-20250403T103830,dff,False,2,34,1967,1914.3438758313405,1.027506094821022,0.0223690899847483,0.266332378873229,2.26401194964506,ok,3.929309129714966,0.4778851042196237,3.971171824692444,0.138618925831202,0.3672634271099744,0.4941176470588235,High SNR,Intermediate
794237,sub-794237_ses-20250403T103830,dff,False,2,35,1420,1914.2288798034672,0.7418130689501407,0.0091549295774647,0.3712078788399696,2.1515160737764387,ok,3.6490187644958496,0.3542253521126761,3.5097363413763896,0.1565155807365439,0.4518413597733711,0.391643059490085,Low SNR,Low SNR
794237,sub-794237_ses-20250403T103830,dff,False,2,36,1413,1914.3438758313405,0.7381119023803274,0.0276008492569002,0.3417050091415644,2.100217488706787,ok,3.591062545776367,0.3213021939136589,3.327437643766632,0.1818830242510699,0.5014265335235378,0.3166904422253923,Low SNR,Low SNR
794237,sub-794237_ses-20250403T103830,dff,False,2,37,1934,1914.323876522145,1.0102783670616915,0.0,0.7036868330061435,2.512873363198987,ok,3.678171157836914,0.3629782833505687,4.213425045612304,0.0675324675324675,0.3787012987012987,0.5537662337662338,High SNR,Intermediate
794237,sub-794237_ses-20250403T103830,dff,False,2,38,2238,1914.3438758313405,1.1690689579102425,0.0,0.7822119691729545,2.620620908188518,ok,3.7266647815704346,0.3780160857908847,4.256112510653263,0.0575280898876404,0.3739325842696629,0.5685393258426966,High SNR,Intermediate
794237,sub-794237_ses-20250403T103830,dff,False,2,39,1344,1911.233983251467,0.7032106020391778,0.0066964285714285,0.3869093447685241,2.1451177986113144,ok,3.545976161956787,0.2708333333333333,3.4898978384881407,0.1370481927710843,0.5240963855421686,0.338855421686747,Low SNR,Low SNR
794237,sub-794237_ses-20250403T103830,dff,False,2,40,1316,1914.3438758313405,0.6874418000937798,0.0159574468085106,0.2579490408450365,2.075355611103206,ok,3.640871047973633,0.3472644376899696,3.2281558921996627,0.1897865853658536,0.524390243902439,0.2858231707317073,Low SNR,Low SNR
794237,sub-794237_ses-20250403T103830,dff,False,2,41,1614,1914.3438758313405,0.8431087122730704,0.0092936802973977,0.3140574864596128,2.153737349599985,ok,3.627580165863037,0.3376703841387856,3.4872029090938463,0.1645885286783042,0.4625935162094763,0.3728179551122194,Low SNR,Low SNR
794237,sub-794237_ses-20250403T103830,dff,False,2,42,1764,1914.238879458065,0.9215150830597492,0.0005668934240362,0.4350610577881336,2.285595896868986,ok,3.641931533813477,0.3424036281179138,3.498933611715869,0.1368301026225769,0.4948688711516533,0.3683010262257696,Low SNR,Low SNR
794237,sub-794237_ses-20250403T103830,dff,False,2,43,2238,1914.3438758313405,1.1690689579102425,0.001787310098302,0.4197925157368183,2.4098630679989954,ok,3.926301956176758,0.4772117962466488,3.947828983332141,0.1481149012567325,0.3640035906642729,0.4878815080789946,High SNR,Low SNR
794237,sub-794237_ses-20250403T103830,dff,False,2,44,1868,1914.3438758313405,0.975791248157432,0.0074946466809421,0.3774496620118617,2.299065847755141,ok,3.933162450790405,0.4812633832976445,4.040283579849102,0.1398601398601398,0.3528778913394298,0.5072619688004303,High SNR,Intermediate
794237,sub-794237_ses-20250403T103830,dff,False,2,45,1794,1913.988888093124,0.9373095168735978,0.0005574136008918,0.5501762590527535,2.408184265129492,ok,3.5848493576049805,0.2965440356744704,3.650008378039165,0.1014005602240896,0.5053221288515406,0.3932773109243697,Low SNR,Low SNR
794237,sub-794237_ses-20250403T103830,dff,False,2,46,1931,1914.3438758313405,1.008700696034262,0.0098394614189539,0.3352906838446855,2.258639805728948,ok,3.842215061187744,0.4401864319005696,3.736568432737022,0.1452368558042686,0.4148880791254555,0.4398750650702759,Low SNR,Low SNR
794237,sub-794237_ses-20250403T103830,dff,False,2,47,3488,1909.269051123026,1.8268771485864548,0.0,0.5138799353241921,3.041593183834666,ok,4.236886978149414,0.5659403669724771,4.5161406228955,0.1298701298701298,0.277056277056277,0.5930735930735931,High SNR,Intermediate
794237,sub-794237_ses-20250403T103830,dff,False,2,48,1750,1914.0788849845023,0.9142778877758578,0.0034285714285714,0.4584213615596294,2.275177530178861,ok,3.628248691558838,0.3377142857142857,3.5051832162364005,0.1438395415472779,0.4905444126074498,0.3656160458452722,Low SNR,Low SNR
794237,sub-794237_ses-20250403T103830,dff,False,2,49,2961,1911.86396149112,1.54875036071637,0.0,0.5795603375852107,2.83071701895924,ok,4.074611663818359,0.5207700101317123,4.339522911751122,0.1206370721789224,0.3049813622500847,0.5743815655709928,High SNR,Intermediate
794237,sub-794237_ses-20250403T103830,dff,False,2,50,1372,1913.258913307494,0.7171010627245388,0.0174927113702623,0.3330459571927786,2.0884711227399926,ok,3.6042771339416495,0.3185131195335277,3.330122308206405,0.1658107116654438,0.5128393250183418,0.3213499633162142,Low SNR,Low SNR
794237,sub-794237_ses-20250403T103830,dff,False,2,51,1582,1912.3989430120948,0.8272332536998243,0.0063211125158027,0.3722055744051933,2.186545902216388,ok,3.637685537338257,0.3286978508217446,3.451095359420325,0.1541878172588832,0.5019035532994924,0.3439086294416243,Low SNR,Low SNR
794237,sub-794237_ses-20250424T142019,dff,False,1,0,6665,2884.9909730022346,2.310232531876569,0.0003000750187546,0.364903043782711,5.333767509088289,ok,6.360031604766846,0.7978994748687172,5.519099051376738,0.1980661731379362,0.145943495996374,0.6559903308656897,High SNR,Intermediate
794237,sub-794237_ses-20250424T142019,dff,False,1,1,5946,2884.9909730022346,2.061011648092736,0.0,0.4435188474118709,4.068486654991417,ok,5.794172763824463,0.7618567103935419,6.17885484800629,0.1297297297297297,0.1439189189189189,0.7263513513513513,High SNR,High SNR
794237,sub-794237_ses-20250424T142019,dff,False,1,2,3900,2884.9909730022346,1.3518239871445792,0.0069230769230769,0.305473305863142,2.5419408612873924,ok,4.534694671630859,0.6235897435897436,4.7106845670809,0.1231958762886598,0.2554123711340206,0.6213917525773196,High SNR,Intermediate
794237,sub-794237_ses-20250424T142019,dff,False,1,3,3384,2884.9909730022346,1.1729672749992963,0.0067966903073286,0.258342087829113,2.366183122741772,ok,3.9283547401428223,0.4745862884160756,3.5770778378079835,0.2135432135432135,0.3804573804573805,0.405999405999406,Low SNR,Low SNR
794237,sub-794237_ses-20250424T142019,dff,False,1,4,2967,2884.9909730022346,1.028426094835376,0.0161779575328614,0.2479220899522304,2.244538493458056,ok,4.000608444213867,0.5001685203909673,4.158621303227294,0.1320243737305348,0.3334461746784021,0.534529451591063,High SNR,Intermediate
794237,sub-794237_ses-20250424T142019,dff,False,1,5,4515,2884.9909730022346,1.5649962312712244,0.0017718715393133,0.3776314829707145,2.713281338311835,ok,4.407224178314209,0.6006644518272425,4.2635420260915975,0.1592526690391459,0.2838078291814946,0.5569395017793595,High SNR,Intermediate
794237,sub-794237_ses-20250424T142019,dff,False,1,6,3953,2884.9909730022346,1.370194928508339,0.0010118897040222,0.3113259966015815,2.5941316674609523,ok,3.88978910446167,0.4611687326081457,4.003003921731993,0.1583227445997458,0.3405336721728081,0.501143583227446,High SNR,Low SNR
794237,sub-794237_ses-20250424T142019,dff,False,1,7,4476,2884.9909730022346,1.5514779913997787,0.0002234137622877,0.3597940736711025,2.7522477937591265,ok,3.981823682785034,0.4924039320822163,4.218614890863052,0.140417883621658,0.3107166928780049,0.548865423500337,High SNR,Intermediate
794237,sub-794237_ses-20250424T142019,dff,False,1,8,4227,2884.9909730022346,1.465169229143625,0.0007097232079489,0.4211348095178603,2.643306062738008,ok,4.322194576263428,0.5914360066240832,4.16679787733546,0.15828191741813,0.3087327954437589,0.5329852871381111,High SNR,Intermediate
794237,sub-794237_ses-20250424T142019,dff,False,1,9,1882,2884.9909730022346,0.6523417291810508,0.026567481402763,0.2830452597856521,2.015039706704344,ok,3.62788200378418,0.3618490967056323,3.2151057449470457,0.2038420490928495,0.5048025613660619,0.2913553895410886,Low SNR,Low SNR
794237,sub-794237_ses-20250424T142019,dff,False,1,10,5096,2884.9909730022346,1.7663833432022502,0.0,0.4948667210340499,3.3770593457209936,ok,3.8227343559265137,0.4285714285714285,5.415947549212753,0.0504135486411973,0.171327294210319,0.7782591571484837,High SNR,High SNR
794237,sub-794237_ses-20250424T142019,dff,False,1,11,3333,2884.9909730022346,1.1552895767058673,0.0132013201320132,0.2933690891772508,2.32114461340822,ok,4.4938507080078125,0.6153615361536153,4.918089045607511,0.1110108303249097,0.246690734055355,0.6422984356197352,High SNR,Intermediate
794237,sub-794237_ses-20250424T142019,dff,False,1,12,5978,2884.9909730022346,2.0721035372180245,0.0,0.4770689897954464,3.245783820063652,ok,4.229392528533936,0.5685848109735697,4.922395549766532,0.0984212294255962,0.2228753778972119,0.6787033926771918,High SNR,High SNR
794237,sub-794237_ses-20250424T142019,dff,False,1,13,4288,2884.9909730022346,1.4863131427887066,0.0009328358208955,0.4266300884127617,2.630219703990904,ok,4.204854965209961,0.5611007462686567,3.479954495497431,0.2296157450796626,0.3713683223992502,0.3990159325210871,Low SNR,Low SNR
794237,sub-794237_ses-20250424T142019,dff,False,1,14,4926,2884.9909730022346,1.7074576822241532,0.0004060089321965,0.4586753806829452,2.8345145765078734,ok,4.317446708679199,0.5895249695493301,4.599152819616743,0.1222493887530562,0.2622249388753056,0.6155256723716381,High SNR,Intermediate
794237,sub-794237_ses-20250424T142019,dff,False,1,15,3558,2884.9909730022346,1.2332794221180543,0.0033726812816188,0.3670227712869644,2.4084288006503023,ok,3.935933589935303,0.4786396852164137,3.6902364636132967,0.1780667043527416,0.3892029395138496,0.4327303561334087,Low SNR,Low SNR
794237,sub-794237_ses-20250424T142019,dff,False,1,16,3110,2884.9909730022346,1.0779929743640106,0.0163987138263665,0.2839061809211969,2.230892052383789,ok,4.077333450317383,0.52508038585209,4.203481232601575,0.1242737249838605,0.3340865074241446,0.5416397675919948,High SNR,Intermediate
794237,sub-794237_ses-20250424T142019,dff,False,1,17,2424,2884.9909730022346,0.8402106012406308,0.0119636963696369,0.2947557888060808,2.1420843143528407,ok,3.875848054885864,0.4608085808580858,3.6092321120847,0.1771049357113231,0.4160099543757777,0.4068851099128992,Low SNR,Low SNR
794237,sub-794237_ses-20250424T142019,dff,False,1,18,2052,2884.9909730022346,0.7112673901591479,0.0219298245614035,0.2343234949797391,2.015556288161566,ok,3.580377578735352,0.2943469785575048,3.127963233176725,0.2125061064973131,0.5339521250610649,0.2535417684416219,Low SNR,Low SNR
794237,sub-794237_ses-20250424T142019,dff,False,1,19,2175,2884.9909730022346,0.7539018389844769,0.0096551724137931,0.2803793182611465,2.099972022177531,ok,3.617783308029175,0.32,3.5360866747693622,0.1387096774193548,0.4894009216589862,0.371889400921659,Intermediate,Low SNR
794237,sub-794237_ses-20250424T142019,dff,False,1,20,3334,2884.530925805709,1.1558205079977588,0.005998800239952,0.3434844022750854,2.319748302141492,ok,3.831285953521729,0.4403119376124775,3.5964160564460634,0.1777443609022556,0.4309774436090225,0.3912781954887218,Low SNR,Low SNR
794237,sub-794237_ses-20250424T142019,dff,False,1,21,3704,2884.9909730022346,1.283886166252185,0.0029697624190064,0.3491534825652838,2.414022709206636,ok,3.888084888458252,0.4611231101511879,3.366938822310108,0.2144017325392528,0.4317812669193286,0.3538170005414185,Low SNR,Low SNR
794237,sub-794237_ses-20250424T142019,dff,False,1,22,2258,2884.9909730022346,0.7826714264031949,0.0075287865367581,0.2342780507862567,2.10757536601001,ok,3.602024555206299,0.3139946855624446,3.4438292233156464,0.1614050689195197,0.506447309915518,0.3321476211649622,Low SNR,Low SNR
794237,sub-794237_ses-20250424T142019,dff,False,1,23,3516,2884.9909730022346,1.218721317641113,0.002844141069397,0.3385529892772436,2.345679282029236,ok,3.750704765319824,0.3887940841865756,3.772388233482919,0.1472269868496283,0.4119496855345912,0.4408233276157804,Intermediate,Low SNR
794237,sub-794237_ses-20250424T142019,dff,False,1,24,3895,2884.9909730022346,1.350090879468753,0.000770218228498,0.4649698764681816,2.58852833236999,ok,4.245311260223389,0.5666238767650834,4.421690288876129,0.1324059763008758,0.2797527047913447,0.5878413189077795,High SNR,Intermediate
794237,sub-794237_ses-20250424T142019,dff,False,1,25,2642,2884.9909730022346,0.9157740959066611,0.0151400454201362,0.2712750148415565,2.2001902025407163,ok,4.027936935424805,0.5102195306585919,3.941063730780014,0.1548974943052392,0.3580106302201974,0.4870918754745634,Intermediate,Low SNR
794237,sub-794237_ses-20250424T142019,dff,False,1,26,5954,2884.9909730022346,2.063784620374057,0.0,0.5319954887151718,3.1562176172011247,ok,4.163201332092285,0.551897883775613,4.786422184196918,0.1040296745911313,0.2446467712021581,0.6513235542067105,High SNR,High SNR
794237,sub-794237_ses-20250424T142019,dff,False,1,27,2028,2884.9909730022346,0.7029484733151812,0.0281065088757396,0.2596640344530344,2.038629908550328,ok,3.64750337600708,0.3525641025641026,3.344109033878013,0.1780415430267062,0.5009891196834817,0.3209693372898121,Low SNR,Low SNR
794237,sub-794237_ses-20250424T142019,dff,False,1,28,3015,2884.8809617161087,1.045103780714227,0.0009950248756218,0.3895841674625873,2.308801700436357,ok,3.713472366333008,0.3830845771144278,3.448827570518821,0.1894596397598399,0.4452968645763842,0.3652434956637758,Low SNR,Low SNR
794237,sub-794237_ses-20250424T142019,dff,False,1,29,2970,2884.9909730022346,1.029465959440872,0.0047138047138047,0.3187934474498033,2.261016889305988,ok,3.8999040126800537,0.4555555555555555,3.864213769442171,0.1428089128966914,0.387913571910871,0.4692775151924375,Intermediate,Low SNR
794237,sub-794237_ses-20250424T142019,dff,False,1,30,3218,2884.875961203103,1.1154725691076062,0.0046612802983219,0.3821960506439208,2.3001921574418485,ok,3.848407506942749,0.4443753884400249,3.744228120994205,0.1548548236028723,0.4074305338744927,0.437714642522635,Intermediate,Low SNR
794237,sub-794237_ses-20250424T142019,dff,False,1,31,2609,2884.9909730022346,0.904335585246207,0.0061326178612495,0.338915835866332,2.1854884851001133,ok,3.779683828353882,0.4254503641241855,3.8283542526092855,0.1308698999230177,0.4130100076982294,0.4561200923787529,Intermediate,Low SNR
794237,sub-794237_ses-20250424T142019,dff,False,1,32,1370,2884.9909730022346,0.4748715031764291,0.0437956204379562,0.2642181302994489,1.9405443101401545,ok,3.4772040843963623,0.2364963503649635,3.4145888742999224,0.1355311355311355,0.545054945054945,0.3194139194139194,Low SNR,Low SNR
794237,sub-794237_ses-20250424T142019,dff,False,1,33,3110,2884.875961203103,1.0780359508777673,0.0141479099678456,0.3190613185465336,2.261332680593995,ok,3.977546453475952,0.4932475884244373,4.264504907905817,0.1084570690768237,0.3386055519690122,0.552937378954164,High SNR,Intermediate
794237,sub-794237_ses-20250424T142019,dff,False,1,34,2679,2884.9909730022346,0.9285990927077764,0.0093318402388951,0.3573635273247957,2.1886699095768525,ok,3.756927967071533,0.4031354983202687,3.916211341818679,0.1143178410794602,0.411544227886057,0.4741379310344827,Intermediate,Intermediate
794237,sub-794237_ses-20250424T142019,dff,False,1,35,1244,2884.9909730022346,0.4311971897456043,0.0964630225080385,0.2325414728432893,1.8893713150259703,ok,3.427536964416504,0.1897106109324758,3.237414721663202,0.1509281678773204,0.6279257465698144,0.2211460855528652,Low SNR,Low SNR
794237,sub-794237_ses-20250424T142019,dff,False,1,36,2066,2884.9909730022346,0.7161200916514617,0.02081316553727,0.2698552207052707,2.065508455394009,ok,3.645952463150024,0.366892545982575,3.65008867265125,0.1447304516755706,0.4429334628460418,0.4123360854783875,Intermediate,Low SNR
794237,sub-794237_ses-20250424T142019,dff,False,1,37,2047,2884.9909730022346,0.7095342824833215,0.0195407914020517,0.2907341875612735,2.037500120656253,ok,3.6126863956451416,0.3209574987787005,3.330047117027989,0.1637254901960784,0.515686274509804,0.3205882352941177,Low SNR,Low SNR
794237,sub-794237_ses-20250424T142019,dff,False,1,38,1889,2884.9909730022346,0.6547680799272078,0.0227633668607728,0.2597494218170643,2.04434590591356,ok,3.5593128204345703,0.2842773954473266,3.513891287510768,0.1367021276595744,0.5063829787234042,0.3569148936170213,Intermediate,Low SNR
794237,sub-794237_ses-20250424T142019,dff,False,1,39,2161,2884.9909730022346,0.7490491374921631,0.0111059694585839,0.3123631493031978,2.1007104255463345,ok,3.5929296016693115,0.2980101804720037,3.2319619177937806,0.1885740826753367,0.5188109614491407,0.2926149558755225,Low SNR,Low SNR
794237,sub-794237_ses-20250424T142019,dff,False,1,40,2146,2884.9909730022346,0.7438498144646839,0.0130475302889096,0.2804040618181228,2.0992726859122017,ok,3.613347291946411,0.34762348555452,3.6363722840521913,0.1271106941838649,0.4774859287054409,0.3954033771106942,Intermediate,Low SNR
794237,sub-794237_ses-20250424T142019,dff,False,1,41,2150,2884.9909730022346,0.745236300605345,0.0172093023255813,0.2951421859592199,2.091170598863544,ok,3.649998664855957,0.3427906976744186,3.455341334389799,0.1651119402985074,0.4827425373134328,0.3521455223880597,Low SNR,Low SNR
794237,sub-794237_ses-20250424T142019,dff,False,1,42,2751,2884.8659601770914,0.9535971646430068,0.0065430752453653,0.3847406603693962,2.2666184739912456,ok,3.84859848022461,0.4529262086513995,3.812070218941826,0.1601021152443472,0.3836615609044493,0.4562363238512035,Intermediate,Low SNR
794237,sub-794237_ses-20250424T142019,dff,False,1,43,2355,2884.9909730022346,0.8162937153142267,0.0076433121019108,0.3766409453630447,2.14482230831686,ok,3.616922616958618,0.3201698513800424,3.557650268520084,0.1305827307528711,0.4840493407060825,0.3853679285410463,Intermediate,Low SNR
794237,sub-794237_ses-20250424T142019,dff,False,1,44,2162,2884.9909730022346,0.7493957590273284,0.017113783533765,0.3214853255242109,2.0837582130469605,ok,3.735837936401367,0.4010175763182239,3.7613756806528302,0.1345707656612529,0.4167053364269141,0.4487238979118329,Intermediate,Low SNR
794237,sub-794237_ses-20250424T142019,dff,False,1,45,4025,2884.8659601770914,1.3952121365641958,0.0004968944099378,0.4872983297288417,2.5434897447622364,ok,3.886554718017578,0.4526708074534161,4.028978336775428,0.1357285429141716,0.3567864271457086,0.5074850299401198,High SNR,Intermediate
794237,sub-794237_ses-20250424T142019,dff,False,1,46,2038,2884.9909730022346,0.706414688666834,0.0171736997055937,0.3001729266643524,2.089532869802156,ok,3.533036231994629,0.275269872423945,3.4877032791755127,0.1437037037037037,0.5160493827160494,0.3402469135802469,Low SNR,Low SNR
794237,sub-794237_ses-20250424T142019,dff,False,1,47,1379,2884.9909730022346,0.4779910969929166,0.0790427846265409,0.2659566744714975,1.917164050448216,ok,3.435018539428711,0.2226250906453952,3.3756265248830504,0.1210795040116703,0.5813274981765135,0.2975929978118162,Intermediate,Low SNR
794237,sub-794237_ses-20250424T142019,dff,False,1,48,2711,2884.875961203103,0.9397284446397516,0.0099594245665805,0.368450739634037,2.17529446348,ok,3.710511922836304,0.3847288823312431,3.6394887025497504,0.137240356083086,0.4655044510385757,0.3972551928783382,Intermediate,Low SNR
794237,sub-794237_ses-20250424T142019,dff,False,1,49,2422,2884.875961203103,0.8395508273395345,0.0136251032204789,0.3038085063278675,2.152098438403026,ok,3.6840293407440186,0.3666391412056152,3.9591890825081184,0.0945665698880132,0.4151804230609705,0.4902530070510161,Intermediate,Intermediate
794237,sub-794237_ses-20250424T142019,dff,False,1,50,2137,2884.340906311492,0.740897164868353,0.0074871314927468,0.391518495029211,2.1080869780251112,ok,3.573370218276977,0.3116518483855873,3.450418851070715,0.1538823529411764,0.5091764705882353,0.3369411764705882,Low SNR,Low SNR
794237,sub-794237_ses-20250424T142019,dff,False,1,51,4245,2884.530925805709,1.4716430883174825,0.0,0.5654820489943028,2.6537068549265697,ok,4.158839702606201,0.5498233215547703,4.758398167838634,0.0960719356365357,0.2650260293421675,0.6389020350212967,High SNR,Intermediate
794237,sub-794237_ses-20250424T142019,dff,False,1,52,2009,2884.9909730022346,0.696362664147041,0.0209059233449477,0.310956964123249,2.080136567216317,ok,3.659524440765381,0.3539074166251866,3.743564380439878,0.1235617808904452,0.4377188594297148,0.4387193596798399,Intermediate,Low SNR
794237,sub-794237_ses-20250424T142019,dff,False,1,53,2273,2884.9909730022346,0.787870749430674,0.0189177298724153,0.3088606767207384,2.073888847257862,ok,3.644012689590454,0.3616366036075671,3.496287405412892,0.1782090868989854,0.4574327304808116,0.3643581826202029,Low SNR,Low SNR
794237,sub-794237_ses-20250424T142019,dff,False,1,54,2600,2884.9909730022346,0.9012159914297196,0.0069230769230769,0.4243252260804176,2.208329694438874,ok,3.651832342147827,0.3415384615384615,3.660884779507194,0.1238903898108838,0.4612118873021999,0.4148977228869162,Intermediate,Low SNR
794237,sub-794237_ses-20250424T142019,dff,False,1,55,2422,2881.815647243608,0.8404423795521372,0.0107349298100743,0.3780162894666194,2.1629588796124515,ok,3.727998733520508,0.4017341040462427,3.689707056073948,0.1536868268434134,0.4287489643744822,0.4175642087821044,Intermediate,Low SNR
794237,sub-794237_ses-20250424T142019,dff,False,1,56,1906,2883.9458657840405,0.6609000614794229,0.0183630640083945,0.3021739734649658,2.052843911935388,ok,3.627145528793335,0.3415529905561385,3.5173091098836395,0.131578947368421,0.5178947368421053,0.3505263157894737,Intermediate,Low SNR
794237,sub-794237_ses-20250424T142019,dff,False,1,57,1977,2884.9909730022346,0.6852707750217522,0.0192210419828022,0.3200043573617935,2.0525418315382544,ok,3.601356744766236,0.3166413758219524,3.474058402896839,0.14380081300813,0.5066056910569106,0.3495934959349593,Low SNR,Low SNR
794237,sub-794237_ses-20250424T142019,dff,False,1,58,2998,2884.9909730022346,1.0391713624254997,0.0016677785190126,0.3994833134651184,2.300722920650569,ok,3.7599902153015137,0.4062708472314876,3.745507025476333,0.1351622616259618,0.431582469053195,0.4332552693208431,Intermediate,Low SNR
794237,sub-794237_ses-20250424T142019,dff,False,1,59,2385,2884.9909730022346,0.826692361369185,0.0071278825995807,0.334086357486248,2.141619859936894,ok,3.626700639724731,0.3262054507337526,3.5585822084989536,0.1507368421052631,0.4804210526315789,0.3688421052631579,Low SNR,Low SNR
794237,sub-794237_ses-20250424T142019,dff,False,1,60,2511,2884.8859622291147,0.8703983564257709,0.0063719633612106,0.3802895595788955,2.1759943407866347,ok,3.675227165222168,0.3639984070091597,3.516079387175287,0.1606714628297362,0.4644284572342126,0.3749000799360512,Low SNR,Low SNR
794237,sub-794237_ses-20250424T142019,dff,False,1,61,2135,2884.8659601770914,0.740069046351443,0.0215456674473067,0.3372409621685743,2.090439834032769,ok,3.653131008148194,0.3597189695550351,3.603461655027437,0.141713747645951,0.480225988700565,0.378060263653484,Intermediate,Low SNR
794237,sub-794237_ses-20250424T142019,dff,False,1,62,1689,2884.9909730022346,0.5854437728941524,0.039076376554174,0.2987141835182905,1.994871967559268,ok,3.5303876399993896,0.2711663706335109,3.496533571425866,0.125,0.525,0.35,Intermediate,Low SNR
794237,sub-794237_ses-20250424T142019,dff,False,1,63,2020,2884.8859622291147,0.7002009876463788,0.0103960396039603,0.3447687917143106,2.0894633590094034,ok,3.607883930206299,0.3222772277227723,3.62452936570516,0.1127670144063586,0.5002483854942872,0.3869846000993542,Intermediate,Low SNR
794237,sub-794237_ses-20250424T142019,dff,False,1,64,2068,2883.2457939632413,0.7172472094921107,0.0256286266924564,0.3156318615496158,2.0798343572054594,ok,3.6278932094573975,0.3384912959381044,3.633904725867156,0.1298449612403101,0.4748062015503876,0.3953488372093023,Intermediate,Low SNR
794237,sub-794237_ses-20250424T142019,dff,False,1,65,1988,2884.9909730022346,0.6890836119085701,0.0176056338028169,0.3766152297377586,2.077192052472032,ok,3.548625469207764,0.278169014084507,3.551762355995545,0.1321897073662966,0.5045408678102926,0.3632694248234107,Intermediate,Low SNR
794237,sub-794237_ses-20250424T142019,dff,False,1,66,1948,2884.9909730022346,0.6752187505019591,0.0118069815195071,0.3399880051195621,2.094198857693822,ok,3.554126262664795,0.2962012320328542,3.828356970975801,0.0946015424164524,0.4580976863753213,0.4473007712082262,Intermediate,Low SNR
794237,sub-794237_ses-20250424T142019,dff,False,1,67,3272,2884.6609391438574,1.1342754205875931,0.0,0.5024737299621105,2.425962504356636,ok,3.655428886413574,0.3471882640586797,4.118710759000917,0.0852760736196319,0.3855828220858895,0.5291411042944786,High SNR,Intermediate
794237,sub-794237_ses-20250424T142019,dff,False,1,68,3200,2884.8859622291147,1.1092292873606,0.003125,0.3953347910284995,2.3555657552215634,ok,3.782583713531494,0.42,3.7902817715002826,0.1453689167974882,0.4065934065934066,0.4480376766091052,Intermediate,Low SNR
794237,sub-794237_ses-20250424T142019,dff,False,1,69,2074,2884.8659601770914,0.7189242164556875,0.017357762777242,0.3754907234430313,2.087169300093405,ok,3.5799708366394043,0.3158148505303761,3.614086996494197,0.135239941832283,0.4910324769752787,0.3737275811924382,Intermediate,Low SNR
794237,sub-794237_ses-20250424T142019,dff,False,1,70,2003,2884.9909730022346,0.6942829349360493,0.018971542685971,0.3475329784154892,2.078970822421689,ok,3.553743839263916,0.3000499251123315,3.5676328533311734,0.126944305067737,0.4882087305569493,0.3848469643753135,Intermediate,Low SNR
794237,sub-794237_ses-20250424T142019,dff,False,1,71,2262,2884.8859622291147,0.7840864525030242,0.0057471264367816,0.3587051141470671,2.152029322655527,ok,3.576305866241455,0.2900088417329796,3.5588993948980834,0.1405141843971631,0.4858156028368794,0.3736702127659574,Intermediate,Low SNR
794237,sub-794237_ses-20250424T142019,dff,False,1,72,3458,2884.760949403972,1.198712843334373,0.0008675534991324,0.5338766176342964,2.442183973592415,ok,3.8918166160583496,0.4658762290341238,4.432598697910977,0.0956799072194839,0.3079153377790664,0.5964047550014497,High SNR,Intermediate
794237,sub-794237_ses-20250424T142019,dff,False,1,73,2173,2884.9909730022346,0.7532085959141464,0.0110446387482742,0.3234728296458721,2.1099966454892582,ok,3.593169689178467,0.3281178094799816,3.5897385312789267,0.1189814814814814,0.5074074074074074,0.3736111111111111,Intermediate,Low SNR
794237,sub-794237_ses-20250424T142019,dff,False,1,74,2701,2884.9909730022346,0.9362247664814124,0.0037023324694557,0.4388824792385101,2.2341523075105294,ok,3.683468580245972,0.3698630136986301,3.6838624044821966,0.1440772372818418,0.4444857036761975,0.4114370590419606,Intermediate,Low SNR
794237,sub-794237_ses-20250424T142019,dff,False,1,75,3447,2884.665939656863,1.1949390577995411,0.000870322019147,0.5368853016078472,2.4447208870016497,ok,3.843093633651733,0.4458949811430229,4.348782681462591,0.0852735739231664,0.3262514551804423,0.5884749708963911,High SNR,Intermediate
794237,sub-794237_ses-20250424T142019,dff,False,1,76,2075,2884.8859622291147,0.7192658660228891,0.0139759036144578,0.356388830012083,2.082232919063756,ok,3.5759172439575195,0.3113253012048192,3.595302964643174,0.1196333815726001,0.4925229136517124,0.3878437047756874,Intermediate,Low SNR
794237,sub-794237_ses-20250424T142019,dff,False,1,77,2137,2884.9909730022346,0.7407302206481964,0.0088909686476368,0.3370741861760616,2.120444614582318,ok,3.664771795272827,0.3631258773982218,3.750745847081175,0.1224202626641651,0.4446529080675422,0.4329268292682927,Intermediate,Low SNR
794237,sub-794237_ses-20250424T142019,dff,False,1,78,2240,2884.9909730022346,0.7764322387702199,0.0120535714285714,0.3415345216155052,2.1028067328301603,ok,3.6303725242614746,0.3482142857142857,3.55091614961582,0.1401701746529332,0.4944021495745633,0.3654276757725033,Intermediate,Low SNR
794237,sub-794237_ses-20250424T142019,dff,False,1,79,2175,2884.9909730022346,0.7539018389844769,0.0156321839080459,0.3951198755621909,2.1208938321826123,ok,3.662352561950684,0.3604597701149425,3.8903148692686034,0.0971902349147858,0.4352832795946568,0.4675264854905573,Intermediate,Intermediate
794237,sub-794237_ses-20250424T142019,dff,False,1,80,2148,2884.9909730022346,0.7445430575350145,0.0167597765363128,0.4021652941167354,2.121921786523201,ok,3.567936897277832,0.297486033519553,3.5211401290962323,0.1349836524988323,0.5030359645025689,0.3619803829985988,Intermediate,Low SNR
794237,sub-794237_ses-20250424T142019,dff,False,1,81,2408,2884.770950429984,0.8347283168672649,0.0112126245847176,0.4006539046347141,2.1673178981322163,ok,3.5908212661743164,0.3027408637873754,3.739391603938973,0.097378277153558,0.474823137744486,0.4277985851019559,Intermediate,Low SNR
794237,sub-794237_ses-20250424T142019,dff,False,1,82,1960,2884.9909730022346,0.6793782089239424,0.0122448979591836,0.3983467888712882,2.071130934047345,ok,3.514894962310791,0.2790816326530612,3.596788276352433,0.12,0.5071794871794871,0.3728205128205128,Intermediate,Low SNR
794237,sub-794237_ses-20250424T142019,dff,False,1,83,2389,2884.8859622291147,0.828108989845148,0.0029300962745918,0.4075556780040263,2.196903875850809,ok,3.5839338302612305,0.3001255755546254,3.619397497108838,0.12484237074401,0.4875998318621269,0.387557797393863,Intermediate,Low SNR
794237,sub-794237_ses-20250424T142019,dff,False,1,84,1874,2884.760949403972,0.6496205518821906,0.0149413020277481,0.3838156048178672,2.078573732368112,ok,3.4985246658325195,0.2518676627534685,3.717616193925251,0.102139037433155,0.4871657754010695,0.4106951871657754,Intermediate,Low SNR
794237,sub-794237_ses-20250424T142019,dff,False,1,85,2481,2884.5259252927035,0.8601066741143066,0.0036275695284159,0.453202989578247,2.224674899473142,ok,3.590829849243164,0.3071342200725513,3.798680749271127,0.0960291734197731,0.4590761750405186,0.4448946515397082,Intermediate,Low SNR
794237,sub-794237_ses-20250424T142019,dff,False,1,86,1684,2884.9909730022346,0.583710665218326,0.0249406175771971,0.3159482476919889,2.0226817838334,ok,3.487478733062744,0.2452494061757719,3.58717777338926,0.095068330362448,0.5329768270944741,0.3719548425430778,Intermediate,Low SNR
794237,sub-794237_ses-20250424T142019,dff,False,1,87,4066,2884.9909730022346,1.4093631619820153,0.0004918839153959,0.6474151241004467,2.6521265164825167,ok,4.023797035217285,0.5078701426463355,4.647710447860553,0.0955083909180651,0.2625863770977295,0.6419052319842053,High SNR,Intermediate
794237,sub-794237_ses-20250424T142019,dff,False,1,88,2598,2884.8659601770914,0.900561771625784,0.001924557351809,0.4991400216937064,2.2609116945785868,ok,3.615985870361328,0.3452655889145496,3.8185713896305415,0.1115830115830115,0.4374517374517374,0.450965250965251,Intermediate,Low SNR
794237,sub-794237_ses-20250424T142019,dff,False,1,89,1998,2883.9458657840405,0.6928007989695105,0.007007007007007,0.4215071116805076,2.148422052673813,ok,3.542407512664795,0.2997997997997998,3.870784764104961,0.078234704112337,0.4583751253761284,0.4633901705115346,Intermediate,Intermediate
794237,sub-794237_ses-20250424T142019,dff,False,1,90,2627,2884.6609391438574,0.910678951675919,0.0038066235249333,0.4536684335589409,2.252530407026156,ok,3.663588285446167,0.3612485725161781,3.905810329422888,0.1095419847328244,0.416793893129771,0.4736641221374045,Intermediate,Intermediate
794237,sub-794237_ses-20250424T142019,dff,False,1,91,2117,2884.755948890966,0.7338575732251711,0.0018894662257912,0.4914754398107528,2.200517628565158,ok,3.5044782161712646,0.2531884742560227,3.810291741023878,0.0881934566145092,0.4698909435751541,0.4419155998103367,Intermediate,Low SNR
794237,sub-794237_ses-20250424T142019,dff,False,2,0,3207,2872.6397059434366,1.1163947895605488,0.0112254443405051,0.2593949040859937,2.474021541008454,ok,4.942487716674805,0.6435921421889617,4.768730888168048,0.1571025399811853,0.2386328002508623,0.6042646597679523,High SNR,Intermediate
794237,sub-794237_ses-20250424T142019,dff,False,2,1,3224,2871.8146212974752,1.1226351367148513,0.0034119106699751,0.2894224255621433,2.3262360464313963,ok,3.744221210479736,0.3880272952853598,3.90358466341682,0.1286913273235934,0.3975753807895555,0.4737332918868511,Intermediate,Low SNR
794237,sub-794237_ses-20250424T142019,dff,False,2,2,4562,2872.6397059434366,1.5880863829046536,0.004384042086804,0.2666065242290497,2.925777772685199,ok,4.919964790344238,0.6806225339763262,4.764418022135901,0.1440846001321877,0.2335316148931482,0.6223837849746641,High SNR,Intermediate
794237,sub-794237_ses-20250424T142019,dff,False,2,3,6252,2872.529694657308,2.1764788059905023,0.000639795265515,0.3115365819454193,3.1780093225944324,ok,4.443478584289551,0.6135636596289188,4.239690039565075,0.1730553327987169,0.2846832397754611,0.542261427425822,High SNR,Intermediate
794237,sub-794237_ses-20250424T142019,dff,False,2,4,3986,2872.6397059434366,1.3875739417487831,0.0072754641244355,0.2477043466508388,2.584051982112023,ok,4.594891548156738,0.6322127446061214,4.194290091410386,0.1750943396226415,0.2875471698113208,0.5373584905660377,High SNR,Intermediate
794237,sub-794237_ses-20250424T142019,dff,False,2,5,3588,2870.424478681856,1.2499893401298146,0.0011148272017837,0.4984261258900165,2.4672247322082552,ok,3.846261978149414,0.4481605351170568,4.350235814978215,0.0855226383454443,0.3306316377864728,0.5838457238680828,High SNR,Intermediate
794237,sub-794237_ses-20250424T142019,dff,False,2,6,1921,2872.529694657308,0.6687485262808309,0.0255075481520041,0.3219863604605197,2.0295483500787865,ok,3.5297117233276367,0.2915148360229047,3.388338830425457,0.153886280646844,0.5388628064684403,0.3072509128847157,Low SNR,Low SNR
794237,sub-794237_ses-20250424T142019,dff,False,2,7,2278,2872.6397059434366,0.7929988558213066,0.0131694468832309,0.2578926829755306,2.111197053917551,ok,3.7236533164978014,0.4078138718173836,3.750673101688017,0.1414096916299559,0.4180616740088105,0.4405286343612334,Intermediate,Low SNR
794237,sub-794237_ses-20250424T142019,dff,False,2,8,2428,2872.529694657308,0.8452480071888899,0.0107084019769357,0.3895803233742714,2.1499665082715325,ok,3.680241584777832,0.3686161449752883,3.957346723576444,0.0863993385696568,0.4278627532038032,0.4857379082265399,Intermediate,Intermediate
794237,sub-794237_ses-20250424T142019,dff,False,2,9,3502,2872.044644895743,1.2193403769763211,0.0085665334094802,0.3442867121100425,2.444072396462789,ok,4.7748613357543945,0.6390633923472302,5.108376839716406,0.1028948122671252,0.2278589853826311,0.6692462023502436,High SNR,High SNR
794237,sub-794237_ses-20250424T142019,dff,False,2,10,2817,2872.6397059434366,0.9806311575279284,0.0017749378771742,0.4371027105331421,2.28900633791264,ok,3.646908044815064,0.3397231096911608,4.030467540671053,0.0844618674269422,0.4069850320741269,0.5085531004989309,Intermediate,Intermediate
794237,sub-794237_ses-20250424T142019,dff,False,2,11,2105,2872.6397059434366,0.7327755010991442,0.0076009501187648,0.4546491179287433,2.1199256155029143,ok,3.553333282470703,0.2812351543942993,3.709048821209628,0.1086749285033365,0.4780743565300286,0.4132507149666349,Intermediate,Low SNR
794237,sub-794237_ses-20250424T142019,dff,False,2,12,2217,2872.6397059434366,0.7717640313238967,0.0392422192151556,0.1728357117086648,2.0195075176609234,ok,3.809849500656128,0.4285069914298601,3.4109431826330794,0.180379746835443,0.4543399638336347,0.3652802893309222,Low SNR,Low SNR
794237,sub-794237_ses-20250424T142019,dff,False,2,13,1847,2872.6397059434366,0.6429626368314106,0.0324851109907958,0.208777340966463,1.9915509552360608,ok,3.6072964668273926,0.3329723876556578,3.228367768531567,0.2031504617055947,0.4964693101575231,0.3003802281368821,Low SNR,Low SNR
794237,sub-794237_ses-20250424T142019,dff,False,2,14,2412,2872.6397059434366,0.839645847340207,0.0215588723051409,0.2350742189168929,2.1158278113066595,ok,3.826754093170166,0.4535655058043117,3.490166103900143,0.1963394342762063,0.4288685524126456,0.3747920133111481,Low SNR,Low SNR
794237,sub-794237_ses-20250424T142019,dff,False,2,15,2401,2872.6397059434366,0.8358166166931331,0.0099958350687213,0.3068272644639015,2.113142878163166,ok,3.663145542144776,0.3506872136609746,3.438974867962357,0.1587301587301587,0.4941520467836257,0.3471177944862155,Low SNR,Low SNR
794237,sub-794237_ses-20250424T142019,dff,False,2,16,2306,2872.6397059434366,0.8027459883774948,0.02081526452732,0.2777054676353931,2.101973741736933,ok,3.6545372009277344,0.3330442324371205,3.477662724062548,0.1485191637630662,0.5065331010452961,0.3449477351916376,Low SNR,Low SNR
794237,sub-794237_ses-20250424T142019,dff,False,2,17,1528,2870.424478681856,0.5323254491968664,0.0549738219895288,0.2691762751758098,1.938180246041732,ok,3.447563648223877,0.2408376963350785,3.382015960220896,0.1286089238845144,0.5564304461942258,0.3149606299212598,Intermediate,Low SNR
794237,sub-794237_ses-20250424T142019,dff,False,2,18,2227,2872.6397059434366,0.775245150093964,0.0143691064211944,0.3037201806664467,2.090708424701717,ok,3.647983074188232,0.348450830713965,3.6757580886859857,0.1099594411897251,0.476791347453808,0.4132492113564668,Intermediate,Low SNR
794237,sub-794237_ses-20250424T142019,dff,False,2,19,1470,2872.6397059434366,0.5117244591998774,0.0721088435374149,0.2469572237849235,1.921997198608997,ok,3.535872459411621,0.2591836734693877,3.1702429599004263,0.1631399317406143,0.5843003412969283,0.2525597269624573,Low SNR,Low SNR
794237,sub-794237_ses-20250424T142019,dff,False,2,20,2948,2872.6397059434366,1.0262338134158089,0.0166214382632293,0.2623375978767872,2.212422027552853,ok,3.91187047958374,0.4776119402985074,3.8862654673667456,0.1501021102791014,0.3791695030633084,0.4707283866575902,Intermediate,Low SNR
794237,sub-794237_ses-20250424T142019,dff,False,2,21,3053,2872.6397059434366,1.0627855605015142,0.0173599737962659,0.2211603203326463,2.274875565772838,ok,4.114363670349121,0.5375040943334425,4.7475833935916905,0.0623973727422003,0.2758620689655172,0.6617405582922824,High SNR,High SNR
794237,sub-794237_ses-20250424T142019,dff,False,2,22,3975,2872.6397059434366,1.3837447111017094,0.0042767295597484,0.2572350566715002,2.4940036743332463,ok,3.988340616226196,0.4961006289308176,4.640232912180565,0.0785353535353535,0.2666666666666666,0.6547979797979798,High SNR,High SNR
794237,sub-794237_ses-20250424T142019,dff,False,2,23,3681,2872.6397059434366,1.281399819261734,0.0029883183917413,0.3741821427583694,2.4167717319073336,ok,3.979787349700928,0.4922575387123064,4.612948411444547,0.0782016348773842,0.2836512261580381,0.6381471389645776,High SNR,Intermediate
794237,sub-794237_ses-20250424T142019,dff,False,2,24,2213,2872.6397059434366,0.7703715838158699,0.0140081337550835,0.2668125585258007,2.089979442027489,ok,3.681232690811157,0.3718933574333484,3.444511594487301,0.1725703905540417,0.4613987284287011,0.366030881017257,Low SNR,Low SNR
794237,sub-794237_ses-20250424T142019,dff,False,2,25,3306,2872.6397059434366,1.150857865384214,0.0060496067755595,0.2601295888960361,2.3060730494592683,ok,3.911203145980835,0.4691470054446461,4.100459590117823,0.10915171784737,0.3666768014594102,0.5241714806932198,High SNR,Intermediate
794237,sub-794237_ses-20250424T142019,dff,False,2,26,3653,2872.6397059434366,1.2716526867055458,0.0071174377224199,0.2547298157125711,2.412342839547921,ok,4.033104419708252,0.5091705447577334,3.935833046398845,0.1531903190319032,0.3619361936193619,0.4848734873487348,Intermediate,Low SNR
794237,sub-794237_ses-20250424T142019,dff,False,2,27,2267,2872.6397059434366,0.7891696251742327,0.0233789148654609,0.2718226869642734,2.081902398129221,ok,3.727302074432373,0.3815615350683723,3.52688195859112,0.1679186920017675,0.4471939902783915,0.3848873177198409,Low SNR,Low SNR
794237,sub-794237_ses-20250424T142019,dff,False,2,28,2699,2871.3595746139454,0.9399728351204084,0.0085216746943312,0.3128884638547897,2.1713287749822627,ok,3.6476571559906006,0.3393849573916265,3.583253614563209,0.1369047619047619,0.4732142857142857,0.3898809523809524,Intermediate,Low SNR
794237,sub-794237_ses-20250424T142019,dff,False,2,29,2744,2872.6397059434366,0.955218990506438,0.0123906705539358,0.2584361575305461,2.1483029906408784,ok,3.741456985473633,0.3939504373177842,3.615003841905244,0.1443713450292397,0.4605263157894737,0.3951023391812865,Intermediate,Low SNR
794237,sub-794237_ses-20250424T142019,dff,False,2,30,2736,2872.6397059434366,0.952434095490384,0.0127923976608187,0.2629242852866649,2.1577637387440127,ok,3.730514526367188,0.3943713450292397,3.506416294931595,0.1626373626373626,0.4747252747252747,0.3626373626373626,Low SNR,Low SNR
794237,sub-794237_ses-20250424T142019,dff,False,2,31,1876,2872.6397059434366,0.6530578812646055,0.0255863539445629,0.2583553433060646,2.021593542430675,ok,3.635420083999634,0.3502132196162047,3.4689324227383964,0.1576696953500801,0.5029396044895778,0.339390700160342,Low SNR,Low SNR
794237,sub-794237_ses-20250424T142019,dff,False,2,32,3336,2872.424683884186,1.1613881536099853,0.0044964028776978,0.349379355892539,2.352841519700385,ok,4.063934803009033,0.5197841726618705,4.319852632145482,0.1263884719303512,0.3092164515160612,0.5643950765535876,High SNR,Intermediate
794237,sub-794237_ses-20250424T142019,dff,False,2,33,2385,2872.2996710590405,0.8303451147632624,0.0117400419287211,0.3197622239828109,2.168603667291662,ok,3.74763822555542,0.4155136268343815,4.037544998087409,0.0984848484848484,0.390993265993266,0.5105218855218855,High SNR,Intermediate
794237,sub-794237_ses-20250424T142019,dff,False,2,34,3162,2872.6397059434366,1.1007297550952466,0.00853889943074,0.2814841622650623,2.2946857491488,ok,3.902935743331909,0.4683744465528147,3.858887568455684,0.1358298952713424,0.3979688987622977,0.4662012059663599,Intermediate,Low SNR
794237,sub-794237_ses-20250424T142019,dff,False,2,35,2361,2872.6397059434366,0.8218921416128644,0.0080474375264718,0.270416214582324,2.122603009994465,ok,3.6375515460968018,0.3341804320203304,3.3498207646506706,0.1906382978723404,0.4906382978723404,0.3187234042553191,Low SNR,Low SNR
794237,sub-794237_ses-20250424T142019,dff,False,2,36,2139,2872.6397059434366,0.7446113049173726,0.0219728845254791,0.2876764583230018,2.051029323482312,ok,3.5973591804504395,0.3216456287985039,3.451577409698876,0.1675269826372595,0.4842796809009854,0.348193336461755,Low SNR,Low SNR
794237,sub-794237_ses-20250424T142019,dff,False,2,37,2257,2872.6397059434366,0.7856885064041655,0.0155073105892778,0.2712722974687814,2.10235763369378,ok,3.6254303455352783,0.3287549844926894,3.5705169350943886,0.1513537505548158,0.4669329782512206,0.3817132711939636,Low SNR,Low SNR
794237,sub-794237_ses-20250424T142019,dff,False,2,38,2856,2872.6397059434366,0.9942075207311905,0.0105042016806722,0.3225978135198354,2.2104317543634044,ok,3.663995265960693,0.3511904761904761,3.5601722399596256,0.1627333568157802,0.4557942937654103,0.3814723494188094,Low SNR,Low SNR
794237,sub-794237_ses-20250424T142019,dff,False,2,39,3653,2871.8146212974752,1.272018037971263,0.0043799616753353,0.3779554468274116,2.40359885237578,ok,3.921967744827272,0.4727621133315083,4.030186738401634,0.135290889132821,0.3594950603732162,0.5052140504939627,High SNR,Intermediate
794237,sub-794237_ses-20250424T142019,dff,False,2,40,2364,2872.6397059434366,0.8229364772438845,0.0186125211505922,0.2214079105496406,2.071800670980855,ok,3.756044864654541,0.4120135363790186,3.627569791698832,0.140246493837654,0.4589885252868678,0.4007649808754781,Intermediate,Low SNR
794237,sub-794237_ses-20250424T142019,dff,False,2,41,2898,2872.6397059434366,1.0088282195654723,0.0086266390614216,0.3309609369456768,2.251776430747872,ok,4.013522148132324,0.5020703933747412,4.147151970806457,0.1274238227146814,0.3382963988919668,0.5342797783933518,High SNR,Intermediate
794237,sub-794237_ses-20250424T142019,dff,False,2,42,1982,2872.6397059434366,0.6899577402273177,0.0186680121089808,0.2909436240971088,2.075924644613542,ok,3.573190450668335,0.3007063572149344,3.6515644247458057,0.107233181588265,0.4957005563985837,0.3970662620131512,Intermediate,Low SNR
794237,sub-794237_ses-20250424T142019,dff,False,2,43,2074,2872.6397059434366,0.7219840329119359,0.0202507232401157,0.2675644754558801,2.0829710584619674,ok,3.6910557746887207,0.3727097396335583,3.8808889411440046,0.1178174794785128,0.4196040560115886,0.4625784645098986,Intermediate,Low SNR
794237,sub-794237_ses-20250424T142019,dff,False,2,44,1505,2872.6397059434366,0.5239083748951125,0.0511627906976744,0.2936655921041965,1.95721277617396,ok,3.5030033588409424,0.2637873754152824,3.3929601366858555,0.136,0.5393333333333333,0.3246666666666666,Low SNR,Low SNR
794237,sub-794237_ses-20250424T142019,dff,False,2,45,2116,2872.6397059434366,0.7366047317462181,0.0207939508506616,0.3201294890642166,2.112493660179533,ok,3.8139681816101074,0.4409262759924385,3.924184821899367,0.1191832858499525,0.3988603988603988,0.4819563152896486,Intermediate,Intermediate
794237,sub-794237_ses-20250424T142019,dff,False,2,46,2567,2872.6397059434366,0.8936031882762485,0.0050642773665757,0.4019145446777343,2.20940871241282,ok,3.678926944732666,0.3751460849240358,4.012087705089648,0.0953497459945291,0.4036733098866745,0.5009769441187965,Intermediate,Intermediate
794237,sub-794237_ses-20250424T142019,dff,False,2,47,2768,2872.6397059434366,0.963573675554599,0.0111994219653179,0.289567484664917,2.1985781850027823,ok,3.759562969207764,0.4046242774566474,4.007057655678793,0.1129207383279044,0.3836409699601882,0.5034382917119073,Intermediate,Intermediate
794237,sub-794237_ses-20250424T142019,dff,False,2,48,1865,2872.6397059434366,0.6492286506175315,0.0252010723860589,0.2302791826844215,2.021694809743307,ok,3.6300573348999023,0.3292225201072386,3.65039677117965,0.1136241249326871,0.4744211093161012,0.4119547657512116,Intermediate,Low SNR
794237,sub-794237_ses-20250424T142019,dff,False,2,49,1981,2872.6397059434366,0.689609628350311,0.0247349823321554,0.2399709025651216,2.061612513046429,ok,3.729074954986572,0.4038364462392731,3.794176185621702,0.1395348837209302,0.422649140546006,0.4378159757330637,Intermediate,Low SNR
794237,sub-794237_ses-20250424T142019,dff,False,2,50,2339,2872.6397059434366,0.8142336803187166,0.0119709277469003,0.3177602272063493,2.117896005513795,ok,3.6323375701904297,0.340743907652843,3.4730552743702687,0.1613041613041613,0.4851994851994852,0.3534963534963535,Low SNR,Low SNR
794237,sub-794237_ses-20250424T142019,dff,False,2,51,3320,2872.6397059434366,1.1557314316623082,0.0069277108433734,0.3677333532214164,2.318595819250105,ok,3.866779804229736,0.447289156626506,3.920363197499793,0.1363910681955341,0.3859384429692215,0.4776704888352444,Intermediate,Low SNR
794237,sub-794237_ses-20250424T142019,dff,False,2,52,2054,2872.5246941443024,0.7150504238265102,0.0219084712755598,0.2653409575670957,2.062996744219504,ok,3.598089694976806,0.3198636806231743,3.4050076122804813,0.1636541279921836,0.5114802149487054,0.3248656570591109,Low SNR,Low SNR
794237,sub-794237_ses-20250424T142019,dff,False,2,53,2128,2872.6397059434366,0.7407820742702987,0.0216165413533834,0.2732504343867302,2.0741508044140264,ok,3.589607715606689,0.3204887218045112,3.4573495450259752,0.152214891611687,0.5037700282752121,0.3440150801131008,Low SNR,Low SNR
794237,sub-794237_ses-20250424T142019,dff,False,2,54,2162,2872.6397059434366,0.7526178780885272,0.0143385753931544,0.3111814677178859,2.0938507083049944,ok,3.626822471618652,0.3432007400555041,3.572159732878469,0.1600928074245939,0.4589327146171694,0.3809744779582366,Low SNR,Low SNR
794237,sub-794237_ses-20250424T142019,dff,False,2,55,2917,2872.049645408749,1.0156509671283394,0.0051422694549194,0.3362618021786213,2.3005485931141827,ok,3.601616859436035,0.304765169694892,4.224413395569616,0.0588033012379642,0.374828060522696,0.5663686382393398,High SNR,Intermediate
794237,sub-794237_ses-20250424T142019,dff,False,2,56,2472,2872.6397059434366,0.8605325599606102,0.0145631067961165,0.2935908753991126,2.136149926017896,ok,3.6546318531036377,0.3462783171521035,3.65799673285184,0.1217038539553752,0.4839756592292089,0.3943204868154158,Intermediate,Low SNR
794237,sub-794237_ses-20250424T142019,dff,False,2,57,4123,2872.2946705460345,1.4354376806388744,0.0029105020616056,0.3589138658165931,2.5034273579503923,ok,4.247669696807861,0.576036866359447,4.794812957039576,0.0792416140009723,0.2656781720952844,0.6550802139037433,High SNR,High SNR
794237,sub-794237_ses-20250424T142019,dff,False,2,58,2144,2869.794414043122,0.7470918437601307,0.011660447761194,0.3445975309520959,2.1159265555086995,ok,3.597092628479004,0.3316231343283582,3.850675312331762,0.0853658536585365,0.4634146341463415,0.4512195121951219,Intermediate,Intermediate
794237,sub-794237_ses-20250424T142019,dff,False,2,59,2991,2871.8146212974752,1.0415017661023946,0.0140421263791374,0.2943336239576339,2.2163174079873595,ok,3.893377780914306,0.4650618522233367,4.119175594656753,0.1178247734138972,0.3595166163141994,0.5226586102719033,High SNR,Intermediate
794237,sub-794237_ses-20250424T142019,dff,False,2,60,2493,2872.6397059434366,0.8678429093777513,0.0068190934616927,0.3190576070129871,2.1625014166416383,ok,3.7571706771850586,0.403529883674288,3.9788788149937617,0.1026156941649899,0.4048289738430583,0.4925553319919517,Intermediate,Intermediate
794237,sub-794237_ses-20250424T142019,dff,False,2,61,3104,2872.6397059434366,1.0805392662288569,0.0041881443298969,0.440186464691162,2.309080263343981,ok,3.7226524353027344,0.3846649484536082,4.089400834461308,0.0950533462657614,0.3802133850630456,0.524733268671193,High SNR,Intermediate
794237,sub-794237_ses-20250424T142019,dff,False,2,62,2646,2872.6397059434366,0.9211040265597792,0.0030234315948601,0.4000608104109764,2.2475080603659268,ok,3.7323269844055176,0.4024943310657596,4.154120064464078,0.0867752936718454,0.3781735505873437,0.535051155740811,High SNR,Intermediate
794237,sub-794237_ses-20250424T142019,dff,False,2,63,3105,2871.3195705098988,1.0813843334925632,0.0025764895330112,0.458264549267292,2.3352801269081582,ok,3.780688524246216,0.4122383252818035,4.328504187330571,0.0794830371567043,0.3382875605815832,0.5822294022617125,High SNR,Intermediate
794237,sub-794237_ses-20250424T142019,dff,False,2,64,3531,2872.1846592599063,1.2293777799474268,0.0022656471254602,0.439372357481718,2.401752394535238,ok,3.819759368896485,0.4372698952138204,4.030308876758859,0.1149914821124361,0.3742191936399773,0.5107893242475866,High SNR,Intermediate
794237,sub-794237_ses-20250508T145040,dff,False,1,0,7355,2886.407383844854,2.548150355062748,0.0001359619306594,0.3100084021925926,4.679240558221066,ok,5.437780380249023,0.7501019714479945,5.439498966519368,0.1933716789920569,0.1495480690221857,0.6570802519857574,High SNR,Intermediate
794237,sub-794237_ses-20250508T145040,dff,False,1,1,5350,2886.407383844854,1.853515214083712,0.0001869158878504,0.3700345923900604,2.973319242540424,ok,4.061947822570801,0.5209345794392524,3.868563726927974,0.1916010498687664,0.337270341207349,0.4711286089238845,High SNR,Low SNR
794237,sub-794237_ses-20250508T145040,dff,False,1,2,3911,2886.407383844854,1.3549715892114758,0.0051137816415239,0.3170690424531698,2.582285797122604,ok,4.417917728424072,0.5944771158271542,4.167098555736716,0.1753347064881565,0.2917095777548918,0.5329557157569516,High SNR,Intermediate
794237,sub-794237_ses-20250508T145040,dff,False,1,3,4616,2886.407383844854,1.599219855740264,0.0062824956672443,0.2120158307254314,2.847061913015616,ok,4.653412342071533,0.6319324090121318,4.359270519065085,0.1963350785340314,0.2508726003490401,0.5527923211169284,High SNR,Intermediate
794237,sub-794237_ses-20250508T145040,dff,False,1,4,5652,2886.407383844854,1.958143549532923,0.0003538570417551,0.4230337891459464,3.195028134205389,ok,4.585850715637207,0.6353503184713376,4.458036376731908,0.1955942440930893,0.2321904423521051,0.5722153135548055,High SNR,Intermediate
794237,sub-794237_ses-20250508T145040,dff,False,1,5,4866,2886.407383844854,1.6858327162114657,0.001233045622688,0.2548313747584819,3.030750712220456,ok,4.36668872833252,0.5912453760789149,4.226088024930065,0.1995872033023736,0.2582043343653251,0.5422084623323014,High SNR,Low SNR
794237,sub-794237_ses-20250508T145040,dff,False,1,6,3501,2886.407383844854,1.2129264980387051,0.0002856326763781,0.3250084766507148,2.4791805880481177,ok,3.760289192199707,0.3976006855184233,3.649562685104987,0.180722891566265,0.3990246701090074,0.4202524383247275,Low SNR,Low SNR
794237,sub-794237_ses-20250508T145040,dff,False,1,7,4776,2886.407383844854,1.6546520864418328,0.0018844221105527,0.3777583378851413,2.788129415886742,ok,4.406294822692871,0.5973618090452262,4.037904258393825,0.1876709446665264,0.3046496949295182,0.5076793604039554,High SNR,Low SNR
794237,sub-794237_ses-20250508T145040,dff,False,1,8,3300,2886.407383844854,1.1432897582198591,0.006060606060606,0.2036747776687145,2.3297188339910653,ok,3.94110918045044,0.4793939393939394,3.338559956280338,0.233201581027668,0.403466099118273,0.363332319854059,Low SNR,Low SNR
794237,sub-794237_ses-20250508T145040,dff,False,1,9,5074,2886.407383844854,1.757894616123505,0.0015766653527788,0.3907738907039165,2.9353808673479773,ok,4.638510704040527,0.6442648797792668,5.0082367808923465,0.1304433887569279,0.202098178939034,0.667458432304038,High SNR,High SNR
794237,sub-794237_ses-20250508T145040,dff,False,1,10,3573,2886.407383844854,1.2378710018544117,0.0022390148334732,0.3226076446652412,2.375279595275653,ok,3.842708349227905,0.4380072767982088,3.636764201930785,0.1819460067491563,0.4012935883014623,0.4167604049493813,Low SNR,Low SNR
794237,sub-794237_ses-20250508T145040,dff,False,1,11,3938,2886.407383844854,1.3643257781423657,0.0058405281868969,0.2337922817409038,2.424894884323281,ok,4.022526741027832,0.5035551041137634,3.58937011272055,0.1973014256619144,0.3907841140529531,0.4119144602851324,Low SNR,Low SNR
794237,sub-794237_ses-20250508T145040,dff,False,1,12,3211,2886.407383844854,1.1124555798921116,0.0037371535347243,0.3076521086096763,2.273441024275742,ok,3.793520927429199,0.41762690750545,3.446500993505942,0.183291770573566,0.4554239401496259,0.361284289276808,Low SNR,Low SNR
794237,sub-794237_ses-20250508T145040,dff,False,1,13,2481,2886.407383844854,0.8595460273162034,0.0044336960902861,0.2114520752906799,2.1769078284957244,ok,3.669304847717285,0.3526803708182184,3.1341139483982325,0.2202020202020202,0.4816161616161616,0.2981818181818181,Low SNR,Low SNR
794237,sub-794237_ses-20250508T145040,dff,False,1,14,3317,2886.407383844854,1.1491794327319012,0.0057280675309014,0.318906273651123,2.330587953443714,ok,3.847563982009888,0.4416641543563461,3.5048508836661494,0.1921450151057401,0.4468277945619335,0.3610271903323263,Low SNR,Low SNR
794237,sub-794237_ses-20250508T145040,dff,False,1,15,3156,2886.407383844854,1.093400750588447,0.006020278833967,0.2004384971559047,2.2655495382489748,ok,3.826798439025879,0.4369455006337135,3.244221519240672,0.2388959390862944,0.4428934010152284,0.3182106598984771,Low SNR,Low SNR
794237,sub-794237_ses-20250508T145040,dff,False,1,16,2431,2886.302373025688,0.8422540973943773,0.0098724804607157,0.2871958147287368,2.1256363774231386,ok,3.6205897331237793,0.3393665158371041,3.562422296653653,0.157395962093119,0.4668314791924186,0.3757725587144623,Low SNR,Low SNR
794237,sub-794237_ses-20250508T145040,dff,False,1,17,3403,2886.407383844854,1.1789742567339945,0.0038201586835145,0.2304870506554842,2.439294660789658,ok,3.942105054855346,0.4819277108433735,3.888315531775161,0.1678939617083946,0.3572901325478645,0.4748159057437408,Intermediate,Low SNR
794237,sub-794237_ses-20250508T145040,dff,False,1,18,1834,2886.282370964894,0.6354194650008853,0.0305343511450381,0.3519461685419082,2.056480900854168,ok,3.576240062713623,0.3162486368593238,3.5372064194354254,0.146448087431694,0.4863387978142076,0.3672131147540983,Low SNR,Low SNR
794237,sub-794237_ses-20250508T145040,dff,False,1,19,2377,2886.407383844854,0.8235150773601836,0.0105174589819099,0.3649890055507421,2.216855893874,ok,3.6453678607940674,0.3723180479596129,3.897152511083569,0.1196943972835314,0.4036502546689304,0.4766553480475382,Intermediate,Intermediate
794237,sub-794237_ses-20250508T145040,dff,False,1,20,2853,2886.407383844854,0.9884259636973513,0.008061689449702,0.2200018579244613,2.22396789007341,ok,3.7883787155151367,0.4339291973361374,3.0875881307254853,0.280239099859353,0.4040084388185654,0.3157524613220815,Low SNR,Low SNR
794237,sub-794237_ses-20250508T145040,dff,False,1,21,4334,2886.407383844854,1.5015205491287489,0.0016151361329026,0.3877125824868679,2.612574445467355,ok,4.154675483703613,0.5433779418550992,4.499635367259378,0.1210087922258213,0.2778806108283202,0.6011105969458584,High SNR,Intermediate
794237,sub-794237_ses-20250508T145040,dff,False,1,22,3003,2886.407383844854,1.0403936799800722,0.0079920079920079,0.2966826933056116,2.2596679289893555,ok,3.913868188858032,0.4691974691974692,4.1322453461382125,0.1158984635938543,0.3573814295257181,0.5267201068804275,Intermediate,Intermediate
794237,sub-794237_ses-20250508T145040,dff,False,1,23,3625,2886.292371995291,1.2559365209055524,0.0046896551724137,0.2148377892136573,2.383575778045405,ok,3.9681575298309326,0.4893793103448275,3.536720745065252,0.1995019369120088,0.4084117321527393,0.3920863309352518,Low SNR,Low SNR
794237,sub-794237_ses-20250508T145040,dff,False,1,24,3180,2886.407383844854,1.1017155851936826,0.0088050314465408,0.2563710204988718,2.3377985870601625,ok,4.0362958908081055,0.509748427672956,3.363141553214245,0.2517350157728706,0.3936908517350158,0.3545741324921135,Low SNR,Low SNR
794237,sub-794237_ses-20250508T145040,dff,False,1,25,3269,2886.407383844854,1.1325497635214303,0.0048944631385744,0.2107947361886501,2.287446727060532,ok,3.8410048484802246,0.4423371061486693,3.554667173380554,0.1853673532124193,0.414079311404857,0.4005533353827236,Low SNR,Low SNR
794237,sub-794237_ses-20250508T145040,dff,False,1,26,3206,2886.407383844854,1.1107233226826876,0.0040548970679975,0.3391390139132738,2.334084424333526,ok,3.806436538696289,0.4148471615720524,3.8780060940601007,0.1356941397680977,0.3942337825133187,0.4700720777185835,Intermediate,Low SNR
794237,sub-794237_ses-20250508T145040,dff,False,1,27,1861,2886.407383844854,0.6447461333476238,0.0241805480924234,0.2938076687246561,2.0774238463726102,ok,3.5639760494232178,0.3250940354648038,3.731704366758117,0.1241900647948164,0.4438444924406047,0.4319654427645788,Intermediate,Low SNR
794237,sub-794237_ses-20250508T145040,dff,False,1,28,4768,2886.407383844854,1.6518804749067544,0.0033557046979865,0.2913923661768436,2.767043874661258,ok,4.2581987380981445,0.5706795302013423,4.0536969950050725,0.1879604293832877,0.3035150494632709,0.5085245211534414,High SNR,Low SNR
794237,sub-794237_ses-20250508T145040,dff,False,1,29,3464,2886.407383844854,1.2001077946889676,0.0043302540415704,0.2591901511520147,2.409214260707361,ok,4.019399642944336,0.5060623556581986,4.036061581564655,0.1814492753623188,0.3127536231884057,0.5057971014492754,High SNR,Low SNR
794237,sub-794237_ses-20250508T145040,dff,False,1,30,3231,2886.407383844854,1.1193846087298078,0.0071185391519653,0.3010384430319071,2.290271524640621,ok,4.020187854766846,0.503868771278242,3.9190981298666303,0.1653200745804847,0.3542573026724673,0.4804226227470478,Intermediate,Low SNR
794237,sub-794237_ses-20250508T145040,dff,False,1,31,4777,2886.407383844854,1.6549985378837178,0.0014653548252041,0.301146983295679,2.8101282869350057,ok,4.3358964920043945,0.5865606028888424,4.150367914869498,0.193643443485582,0.2830982950957693,0.5232582614186487,High SNR,Low SNR
794237,sub-794237_ses-20250508T145040,dff,False,1,32,2960,2886.407383844854,1.0254962679790254,0.0104729729729729,0.2682281992793083,2.2133597341687934,ok,3.8447306156158447,0.4472972972972973,3.645494701782977,0.1785471826205023,0.4093686354378819,0.4120841819416157,Low SNR,Low SNR
794237,sub-794237_ses-20250508T145040,dff,False,1,33,4205,2886.407383844854,1.4568283131256088,0.0033293697978596,0.3035848643392324,2.613965068578723,ok,4.269267082214356,0.5688466111771701,4.271039253471231,0.1531853972798854,0.2927702219040802,0.5540443808160344,High SNR,Intermediate
794237,sub-794237_ses-20250508T145040,dff,False,1,34,3619,2886.407383844854,1.2538077681811124,0.0022105554020447,0.3776019674420356,2.408452482186696,ok,4.000649929046631,0.5004144791378834,4.393297355742371,0.1148723640399556,0.298834628190899,0.5862930077691454,High SNR,Intermediate
794237,sub-794237_ses-20250508T145040,dff,False,1,35,2066,2886.292371995291,0.7157972006043782,0.0309777347531461,0.2320815298855304,2.0432664092450503,ok,3.639305591583252,0.3480154888673766,3.478149641213512,0.173469387755102,0.4538386783284742,0.3726919339164237,Low SNR,Low SNR
794237,sub-794237_ses-20250508T145040,dff,False,1,36,4110,2886.407383844854,1.423915426146552,0.0009732360097323,0.3784139537751674,2.5532535498699667,ok,3.9823250770568848,0.4944038929440389,4.265022885012606,0.1192973896072212,0.3198341058794828,0.560868504513296,High SNR,Intermediate
794237,sub-794237_ses-20250508T145040,dff,False,1,37,3543,2886.302373025688,1.2275221172637922,0.003669206886819,0.2824636315494775,2.3556290609241404,ok,3.931116342544556,0.4693762348292407,3.679591184026223,0.1748726655348047,0.3958687040181098,0.4292586304470854,Low SNR,Low SNR
794237,sub-794237_ses-20250508T145040,dff,False,1,38,2269,2886.407383844854,0.7860983216366245,0.0136624063464081,0.3256099218249321,2.149685089127264,ok,3.635967969894409,0.3336271485235786,3.668588144446826,0.1248345831495368,0.462726069695633,0.4124393471548301,Low SNR,Low SNR
794237,sub-794237_ses-20250508T145040,dff,False,1,39,2075,2886.407383844854,0.7188867419109722,0.0303614457831325,0.1993224301815032,2.0177865813813374,ok,3.628011465072632,0.3291566265060241,3.3097914854209067,0.188468992248062,0.5087209302325582,0.3028100775193798,Low SNR,Low SNR
794237,sub-794237_ses-20250508T145040,dff,False,1,40,3925,2886.407383844854,1.3598219093978632,0.0045859872611464,0.2428224207669496,2.4583183643250783,ok,4.012253284454346,0.5042038216560509,3.841975917982737,0.1859514687100894,0.3519795657726692,0.4620689655172413,Low SNR,Low SNR
794237,sub-794237_ses-20250508T145040,dff,False,1,41,3202,2886.407383844854,1.1093375169151485,0.0084322298563397,0.2881581181704998,2.294469261880632,ok,3.838101625442505,0.438475952529669,3.758196681915682,0.1711514392991239,0.386107634543179,0.4427409261576971,Low SNR,Low SNR
794237,sub-794237_ses-20250508T145040,dff,False,1,42,3098,2886.407383844854,1.0733065669591286,0.0032278889606197,0.2017197273731231,2.3320284740261488,ok,3.7788338661193848,0.4157520981278244,3.215355958319305,0.2353896103896104,0.4574675324675324,0.3071428571428571,Low SNR,Low SNR
794237,sub-794237_ses-20250508T145040,dff,False,1,43,2884,2886.407383844854,0.9991659583957802,0.0034674063800277,0.330591440525651,2.2981014703356166,ok,3.724008083343506,0.3952843273231622,3.828775902212167,0.1248692012556679,0.4126264387861876,0.4625043599581444,Intermediate,Low SNR
794237,sub-794237_ses-20250508T145040,dff,False,1,44,3137,2886.407383844854,1.086818173192636,0.007650621613006,0.3696495649695396,2.332254137250166,ok,3.970171451568604,0.4867708001275103,4.277240147704952,0.105987832212616,0.3368555875760486,0.5571565802113353,Intermediate,Intermediate
794237,sub-794237_ses-20250508T145040,dff,False,1,45,3948,2886.162358600133,1.367906413246581,0.0030395136778115,0.3298099196970462,2.5325764187439868,ok,4.09217643737793,0.5281155015197568,3.9678576445290896,0.1568926123381569,0.3518659558263519,0.4912414318354912,Intermediate,Low SNR
794237,sub-794237_ses-20250508T145040,dff,False,1,46,2302,2886.407383844854,0.7975312192188232,0.0160729800173761,0.3016507135123014,2.130917428742428,ok,3.656136274337769,0.3553431798436142,3.708233590994418,0.1248908296943231,0.4519650655021834,0.4231441048034934,Low SNR,Low SNR
794237,sub-794237_ses-20250508T145040,dff,False,1,47,2356,2886.407383844854,0.8162395970806027,0.0118845500848896,0.3070471507340669,2.1671673509549105,ok,3.636974811553955,0.3433786078098472,3.751825449186394,0.113384484228474,0.4548167092924126,0.4317988064791134,Intermediate,Low SNR
794237,sub-794237_ses-20250508T145040,dff,False,1,48,3337,2886.407383844854,1.1561084615695971,0.0059934072520227,0.4302525893390178,2.4030400122377213,ok,3.91662859916687,0.4722804914593946,4.395881831617021,0.1140535660547697,0.3033403551008125,0.5826060788444177,High SNR,Intermediate
794237,sub-794237_ses-20250508T145040,dff,False,1,49,2985,2886.407383844854,1.0341575540261456,0.0180904522613065,0.247466388747096,2.250333150270494,ok,3.892237901687622,0.4686767169179229,3.772955249470239,0.1750841750841751,0.3720538720538721,0.4528619528619528,Low SNR,Low SNR
794237,sub-794237_ses-20250508T145040,dff,False,1,50,2779,2886.407383844854,0.9627885569978756,0.0100755667506297,0.3145948193103074,2.2026770250345704,ok,3.7634592056274414,0.4066210867218424,3.80954942440702,0.141257225433526,0.4039017341040462,0.4548410404624277,Intermediate,Low SNR
794237,sub-794237_ses-20250508T145040,dff,False,1,51,2153,2886.407383844854,0.745909954377987,0.0218300046446818,0.2436768467187881,2.081163395201047,ok,3.728615045547485,0.3882954017649791,3.7071035481292256,0.1495327102803738,0.4205607476635514,0.4299065420560747,Low SNR,Low SNR
794237,sub-794237_ses-20250508T145040,dff,False,1,52,4062,2886.407383844854,1.4072857569360817,0.0029542097488921,0.3998951169490814,2.542730235169864,ok,4.199711322784424,0.552437223042836,4.324503182321333,0.1428924598269468,0.2899876390605686,0.5671199011124846,High SNR,Intermediate
794237,sub-794237_ses-20250508T145040,dff,False,1,53,3018,2886.407383844854,1.045590451608344,0.0053015241882041,0.4272595026433468,2.3043252106603984,ok,3.786559581756592,0.4221338634857521,4.254726958709533,0.1052982339220259,0.3405531489503499,0.5541486171276241,Intermediate,Intermediate
794237,sub-794237_ses-20250508T145040,dff,False,1,54,2364,2886.407383844854,0.8190112086156811,0.0156514382402707,0.3293279505550861,2.154212603570888,ok,3.624319076538086,0.3574450084602369,3.716601227268671,0.1427354069024286,0.4269279931827865,0.4303365999147848,Low SNR,Low SNR
794237,sub-794237_ses-20250508T145040,dff,False,1,55,3241,2886.407383844854,1.122849123148656,0.0058623881518049,0.3222309681952,2.277507152111222,ok,3.902780055999756,0.4637457574822585,3.815520040598616,0.1372670807453416,0.4074534161490683,0.45527950310559,Intermediate,Low SNR
794237,sub-794237_ses-20250508T145040,dff,False,1,56,3388,2886.407383844854,1.1737774851057223,0.0141676505312868,0.2426636201530694,2.3062009342867724,ok,4.044461250305176,0.5177095631641087,3.971632487698384,0.1733727810650887,0.3343195266272189,0.4923076923076923,High SNR,Low SNR
794237,sub-794237_ses-20250508T145040,dff,False,1,57,2937,2886.407383844854,1.0175278848156748,0.003404834865509,0.4083913032710552,2.3330229976375128,ok,3.741415023803711,0.3970037453183521,3.976149982225335,0.1174462273813588,0.3892113349265961,0.493342437692045,Intermediate,Intermediate
794237,sub-794237_ses-20250508T145040,dff,False,1,58,3473,2886.302373025688,1.2032696339986313,0.0011517420097898,0.5050478994011879,2.468899092670432,ok,3.973083972930908,0.4932335156924848,4.605346983907752,0.0844174616941312,0.2957502168256721,0.6198323214801966,High SNR,Intermediate
794237,sub-794237_ses-20250508T145040,dff,False,1,59,3045,2886.407383844854,1.054944640539234,0.0055829228243021,0.2772437793731689,2.2464691361405125,ok,3.935330867767334,0.4840722495894909,3.6607545499045857,0.1826859776168531,0.3887425938117182,0.4285714285714285,Low SNR,Low SNR
794237,sub-794237_ses-20250508T145040,dff,False,1,60,1731,2886.407383844854,0.599707445902599,0.0294627383015597,0.2844479543566703,2.022643066981108,ok,3.480895757675171,0.2507221259387637,3.481938122909413,0.1167247386759581,0.5487804878048781,0.3344947735191638,Low SNR,Low SNR
794237,sub-794237_ses-20250508T145040,dff,False,1,61,1664,2886.407383844854,0.576495199296317,0.0258413461538461,0.3075546587616205,2.059697961800393,ok,3.493938446044922,0.265625,3.630776618265249,0.1102409638554216,0.4993975903614457,0.3903614457831325,Low SNR,Low SNR
794237,sub-794237_ses-20250508T145040,dff,False,1,62,2521,2886.407383844854,0.8734040849915956,0.0130900436334787,0.2744413727134466,2.1532482768041348,ok,3.7831294536590576,0.4161047203490678,3.7204501504296936,0.1476456504389465,0.4130087789305666,0.4393455706304868,Low SNR,Low SNR
794237,sub-794237_ses-20250508T145040,dff,False,1,63,3311,2886.2873714800926,1.1471484207416651,0.0036242826940501,0.3239504907578229,2.392061153344468,ok,4.0278167724609375,0.5089096949562066,4.193596875932604,0.1315550166717187,0.3288875416792967,0.5395574416489846,High SNR,Intermediate
794237,sub-794237_ses-20250508T145040,dff,False,1,64,2385,2886.407383844854,0.826286688895262,0.0251572327044025,0.2824840007990598,2.1104457980104283,ok,3.729791402816773,0.3920335429769392,3.018788386101663,0.2680455888560574,0.4533558463486703,0.2785985647952723,Low SNR,Low SNR
794237,sub-794237_ses-20250508T145040,dff,False,1,65,3805,2886.267369419299,1.318311685298076,0.0018396846254927,0.3443634171366691,2.486901573192625,ok,3.933232069015503,0.480946123521682,4.373109720327089,0.1049301344582124,0.3174268389137885,0.5776430266279989,High SNR,Intermediate
794237,sub-794237_ses-20250508T145040,dff,False,1,66,3161,2886.302373025688,1.095172851445342,0.0091743119266055,0.2480796754807233,2.2742293926712494,ok,3.830835103988648,0.4378361278076558,3.772146194366727,0.1629088599555414,0.392505557319784,0.4445855827246745,Low SNR,Low SNR
794237,sub-794237_ses-20250508T145040,dff,False,1,67,2756,2886.407383844854,0.954820173834525,0.0079825834542815,0.2994470125615596,2.2437194851607503,ok,3.962281227111816,0.487300435413643,4.000468593083694,0.1522529069767441,0.3477470930232558,0.5,Intermediate,Low SNR
794237,sub-794237_ses-20250508T145040,dff,False,1,68,2255,2886.407383844854,0.7812480014502373,0.024390243902439,0.2131760826230049,2.061359138526074,ok,3.705533742904663,0.3671840354767184,3.567972815547768,0.1559714795008912,0.4532085561497326,0.3908199643493761,Low SNR,Low SNR
794237,sub-794237_ses-20250508T145040,dff,False,1,69,2701,2886.282370964894,0.935805875118534,0.0103665309144761,0.3156295197486877,2.1908549356175864,ok,3.774748086929321,0.4124398370973713,3.623142858339975,0.1799256505576208,0.4174721189591078,0.4026022304832714,Low SNR,Low SNR
794237,sub-794237_ses-20250508T145040,dff,False,1,70,3037,2886.292371995291,1.052214955583493,0.0049390846229832,0.4057148899197578,2.276774377138438,ok,3.713107109069824,0.3816266052025024,3.733262715507511,0.1474274406332454,0.4224934036939314,0.4300791556728232,Low SNR,Low SNR
794237,sub-794237_ses-20250508T145040,dff,False,1,71,2841,2886.407383844854,0.9842685463947336,0.0073917634635691,0.3699309345602989,2.283626794377566,ok,3.787576675415039,0.4114748328053502,4.274901737866552,0.0825070821529745,0.3491501416430594,0.568342776203966,Intermediate,Intermediate
794237,sub-794237_ses-20250508T145040,dff,False,1,72,2713,2886.407383844854,0.9399227618334784,0.0062661260597124,0.3514271724343299,2.210972045849294,ok,3.706589698791504,0.3715444157758938,3.694902034969628,0.1330376940133037,0.4526977087952697,0.4142645971914264,Low SNR,Low SNR
794237,sub-794237_ses-20250508T145040,dff,False,1,73,2621,2886.407383844854,0.9080492291800762,0.0106829454406715,0.2860795931071043,2.147427077610453,ok,3.690961599349976,0.3895459748187714,3.659768314135844,0.1527831094049904,0.4310940499040307,0.4161228406909789,Low SNR,Low SNR
794237,sub-794237_ses-20250508T145040,dff,False,1,74,3218,2886.407383844854,1.1148807399853051,0.0037290242386575,0.451236981421709,2.36121185932382,ok,3.798284530639648,0.4282162834058421,4.290027170422921,0.1007485963817841,0.3321896444167186,0.5670617592014972,Intermediate,Intermediate
794237,sub-794237_ses-20250508T145040,dff,False,1,75,1932,2886.407383844854,0.6693441857214449,0.0170807453416149,0.3881276556551456,2.1125126619161723,ok,3.5644822120666504,0.3146997929606625,3.820976429063255,0.1086278586278586,0.4397089397089397,0.4516632016632017,Intermediate,Low SNR
794237,sub-794237_ses-20250508T145040,dff,False,1,76,2734,2886.407383844854,0.9471982421130593,0.0128017556693489,0.3360835160136222,2.21089125103666,ok,3.6648120880126953,0.3723482077542063,3.778971205381455,0.1267969037965352,0.4319941024695908,0.4412089937338739,Intermediate,Low SNR
794237,sub-794237_ses-20250508T145040,dff,False,1,77,3362,2886.407383844854,1.1647697476167174,0.0029744199881023,0.3153926443755626,2.315278153122322,ok,3.6977736949920654,0.3578227245687091,3.585446249177568,0.1663189269746647,0.434575260804769,0.3991058122205663,Low SNR,Low SNR
794237,sub-794237_ses-20250508T145040,dff,False,1,78,2304,2886.407383844854,0.7982241221025927,0.0186631944444444,0.2239261418759822,2.049865169719994,ok,3.641971111297608,0.3424479166666667,3.552136562797098,0.1360662887047536,0.4823375490623637,0.3815961622328827,Low SNR,Low SNR
794237,sub-794237_ses-20250508T145040,dff,False,1,79,3783,2886.407383844854,1.3106258046502206,0.0060798308220988,0.3234705541223287,2.4300773612597064,ok,4.180210113525391,0.5503568596352102,4.124520107768412,0.1607427055702917,0.3161803713527851,0.5230769230769231,High SNR,Intermediate
794237,sub-794237_ses-20250508T145040,dff,False,1,80,3516,2886.267369419299,1.2181823615001404,0.0005688282138794,0.5518624440908432,2.545267471099374,ok,3.6853764057159424,0.3686006825938566,4.302442635259589,0.0948029697315819,0.3283837806967447,0.5768132495716733,Intermediate,Intermediate
794237,sub-794237_ses-20250508T145040,dff,False,1,81,2897,2886.407383844854,1.0036698271402826,0.0158784949948222,0.2788879224568605,2.203745784621284,ok,3.717251539230346,0.3838453572661374,3.513594636072691,0.1719237435008665,0.4374350086655112,0.3906412478336222,Low SNR,Low SNR
794237,sub-794237_ses-20250508T145040,dff,False,1,82,3253,2886.407383844854,1.1270065404512737,0.0039963110974485,0.3070843544393777,2.310885340386156,ok,3.837723970413208,0.4408238549031663,3.816903257581229,0.1529919802590993,0.3889574336829118,0.4580505860579889,Intermediate,Low SNR
794237,sub-794237_ses-20250508T145040,dff,False,1,83,3115,2886.407383844854,1.0791962414711702,0.0089887640449438,0.268758484634757,2.2578586361235287,ok,3.847352743148804,0.4308186195826645,3.894144473892178,0.144656118824669,0.3800452050371327,0.4752986761381982,Intermediate,Low SNR
794237,sub-794237_ses-20250508T145040,dff,False,1,84,3161,2886.407383844854,1.0951330077978714,0.0044289781714647,0.3048724571853876,2.304617616298158,ok,3.775610446929932,0.4239164821259095,3.549621051748068,0.1789907965725166,0.4360520469692161,0.3849571564582672,Low SNR,Low SNR
794237,sub-794237_ses-20250508T145040,dff,False,1,85,3975,2886.2973725104894,1.377196971406505,0.0032704402515723,0.2837032174766064,2.5202898362337858,ok,4.046763896942139,0.5134591194968553,4.074233804329998,0.149419485108531,0.3351842503785966,0.5153962645128722,High SNR,Intermediate
794237,sub-794237_ses-20250508T145040,dff,False,1,86,3140,2886.302373025688,1.087897106465794,0.0066878980891719,0.3787584194362163,2.3044127427893253,ok,3.781229972839356,0.414968152866242,3.8999326341121896,0.1386487351905219,0.3813640730067243,0.4799871918027538,Intermediate,Low SNR
794237,sub-794237_ses-20250508T145040,dff,False,1,87,2426,2886.407383844854,0.840491198012539,0.0210222588623248,0.2482520850509405,2.131061966343702,ok,3.80361270904541,0.4373454245671888,3.821556737844608,0.1468879668049792,0.3921161825726141,0.4609958506224066,Intermediate,Low SNR
794237,sub-794237_ses-20250508T145040,dff,False,1,88,2603,2886.407383844854,0.9018131032261496,0.0130618517095658,0.2971582998186349,2.207435587398144,ok,3.8341050148010254,0.4383403764886669,3.634954979244855,0.2034682080924855,0.3603082851637765,0.4362235067437379,Low SNR,Low SNR
794237,sub-794237_ses-20250508T145040,dff,False,1,89,2852,2886.407383844854,0.9880795122554664,0.0094670406732117,0.3141573222935199,2.281196304720927,ok,3.8727450370788574,0.4586255259467041,3.8365271354934807,0.1520056298381421,0.386347642505278,0.4616467276565799,Intermediate,Low SNR
794237,sub-794237_ses-20250508T145040,dff,False,1,90,3066,2886.407383844854,1.062220120818815,0.0091324200913242,0.3264119886428117,2.2702737941637894,ok,3.772430419921875,0.4178082191780822,3.747532516008003,0.1533682145192936,0.4156311314584696,0.4310006540222367,Low SNR,Low SNR
794237,sub-794237_ses-20250508T145040,dff,False,1,91,2687,2886.407383844854,0.9309150243444734,0.0052102716784518,0.474557253652811,2.2711530410421243,ok,3.650538206100464,0.362486043915147,4.0790805840516535,0.0925027974636329,0.3856769861991794,0.5218202163371877,Intermediate,Intermediate
794237,sub-794237_ses-20250508T145040,dff,False,1,92,2096,2886.407383844854,0.7261622221905532,0.0162213740458015,0.2412282287389039,2.050392591584148,ok,3.5640525817871094,0.3058206106870229,3.43278896362536,0.1617999042604117,0.5040689325035902,0.334131163235998,Low SNR,Low SNR
794237,sub-794237_ses-20250508T145040,dff,False,1,93,3193,2886.407383844854,1.106219453938185,0.0131537738803632,0.3546266027212142,2.319089277477989,ok,3.8845643997192383,0.4569370497964297,4.412215128147476,0.0986759142496847,0.3133669609079445,0.5879571248423707,High SNR,Intermediate
794237,sub-794237_ses-20250508T145040,dff,False,1,94,3715,2886.407383844854,1.2870671066020538,0.0016150740242261,0.4434638371825218,2.5238922946250844,ok,4.152101993560791,0.5383580080753702,4.58965718105571,0.1345218800648298,0.2668827660723933,0.5985953538627768,High SNR,Intermediate
794237,sub-794237_ses-20250508T145040,dff,False,1,95,3183,2886.407383844854,1.1027549395193372,0.0135092679861765,0.2774876138716936,2.303770143573078,ok,3.945643186569214,0.4765944077913918,4.099201046335511,0.1345729593444689,0.3438386385124488,0.5215884021430822,Intermediate,Intermediate
794237,sub-794237_ses-20250508T145040,dff,False,1,96,2456,2886.407383844854,0.8508847412690832,0.013843648208469,0.3076290661722421,2.1565040473175685,ok,3.78593111038208,0.4218241042345277,4.073170157033299,0.115290269828291,0.365903515944399,0.5188062142273099,Intermediate,Intermediate
794237,sub-794237_ses-20250508T145040,dff,False,1,97,3460,2886.267369419299,1.1987801395877378,0.0040462427745664,0.4045253876030444,2.437275888751506,ok,3.962965965270996,0.4864161849710983,4.235657079641604,0.1260869565217391,0.3327536231884058,0.5411594202898551,High SNR,Intermediate
794237,sub-794237_ses-20250508T145040,dff,False,1,98,3335,2886.277370449696,1.1554676047923942,0.0044977511244377,0.3106157018691301,2.3170455028004406,ok,3.842664480209351,0.4395802098950525,3.8409120206223175,0.1359807460890493,0.3992178098676293,0.4648014440433213,Intermediate,Low SNR
794237,sub-794237_ses-20250508T145040,dff,False,1,99,3862,2886.1573580849345,1.3381113781552685,0.0007767995857068,0.4597376746058463,2.51955205005511,ok,3.919295072555542,0.4774728120145002,4.212827401537749,0.129778933680104,0.3235370611183355,0.5466840052015605,High SNR,Intermediate
794237,sub-794237_ses-20250508T145040,dff,False,1,100,2809,2886.407383844854,0.9731821002544198,0.0024919900320398,0.5343179366469383,2.3423636470035096,ok,3.600123643875122,0.3328586685653257,4.194192202547156,0.0747496423462088,0.3683834048640915,0.5568669527896996,Intermediate,Intermediate
794237,sub-794237_ses-20250508T145040,dff,False,1,101,3154,2886.407383844854,1.0927078477046777,0.001585288522511,0.4913733284533023,2.385469375493006,ok,3.740616798400879,0.3947368421052631,4.29208614866047,0.0767027371101209,0.3485041374920433,0.5747931253978358,Intermediate,Intermediate
794237,sub-794237_ses-20250508T145040,dff,False,1,102,2696,2886.407383844854,0.9340330873214366,0.0159495548961424,0.315691511195898,2.190707192496535,ok,3.6846981048583984,0.3731454005934718,3.722875188168821,0.1383928571428571,0.4412202380952381,0.4203869047619047,Low SNR,Low SNR
794237,sub-794237_ses-20250508T145040,dff,False,1,103,2315,2886.407383844854,0.8020350879633256,0.0142548596112311,0.3109646522998809,2.1259311078599947,ok,3.580757141113281,0.3049676025917927,3.557890932929344,0.1341728180633955,0.4871906209292228,0.3786365610073817,Low SNR,Low SNR
794237,sub-794237_ses-20250508T145040,dff,False,1,104,2305,2886.407383844854,0.7985705735444776,0.0104121475054229,0.4149383600771427,2.20145949846218,ok,3.5778021812438965,0.3193058568329718,3.950163980200279,0.0811872544740288,0.4325621999127019,0.4862505456132693,Intermediate,Intermediate
794237,sub-794237_ses-20250508T145040,dff,False,1,105,3638,2886.152357569736,1.2605017162237937,0.0021990104452996,0.4373305279970169,2.4146457380463984,ok,3.9748008251190186,0.4931280923584387,4.19139824869869,0.1198017075185899,0.3346185623795097,0.5455797301019003,Intermediate,Intermediate
794237,sub-794237_ses-20250508T145040,dff,False,1,106,2134,2886.407383844854,0.7393273769821758,0.0098406747891283,0.4479633204638957,2.1695938660840515,ok,3.5098228454589844,0.2521087160262418,3.935498561852844,0.0666979802724283,0.4551432597463598,0.4781587599812118,Intermediate,Intermediate
794237,sub-794237_ses-20250508T145040,dff,False,1,107,1966,2886.407383844854,0.6811235347455283,0.0269582909460834,0.302332022935152,2.102579092608316,ok,3.5573527812957764,0.306205493387589,3.5850724713714484,0.1465033180193976,0.4660541092394079,0.3874425727411945,Low SNR,Low SNR
794237,sub-794237_ses-20250508T145040,dff,False,1,108,2187,2886.407383844854,0.7576893034020704,0.0205761316872428,0.3113756162703037,2.131421220986264,ok,3.5548110008239746,0.2830361225422954,3.663119926342405,0.1174311926605504,0.4756880733944954,0.4068807339449541,Low SNR,Low SNR
794237,sub-794237_ses-20250508T145040,dff,False,1,109,2350,2886.407383844854,0.8141608884292938,0.0182978723404255,0.2892128785640001,2.133700070003691,ok,3.634918212890625,0.3442553191489361,3.67806336483724,0.1251067463706234,0.4684030742954739,0.4064901793339026,Low SNR,Low SNR
794237,sub-794237_ses-20250508T145040,dff,False,1,110,2848,2886.407383844854,0.9866937064879272,0.0038623595505617,0.4770022705614566,2.3404077532917653,ok,3.781980991363525,0.4294241573033708,4.391067024048283,0.0862800565770862,0.3239038189533239,0.5898161244695899,Intermediate,Intermediate
794237,sub-794237_ses-20250508T145040,dff,False,1,111,2799,2886.2973725104894,0.9697545466583166,0.0,0.567436303961277,2.3733775827266483,ok,3.5969600677490234,0.3143979992854591,4.2088199525796925,0.0760674560459275,0.3674201650520273,0.5565123789020452,Intermediate,Intermediate
794237,sub-794237_ses-20250508T145040,dff,False,1,112,2930,2886.282370964894,1.0151466916317309,0.0088737201365187,0.2928828120052814,2.219079532783222,ok,3.801010608673096,0.4245733788395904,3.769085137549244,0.1535027472527472,0.4110576923076923,0.4354395604395604,Low SNR,Low SNR
794237,sub-794237_ses-20250508T145040,dff,False,1,113,2087,2886.407383844854,0.7230441592135899,0.0196454240536655,0.3307668767631054,2.143667250826044,ok,3.593768835067749,0.3339722089123143,3.893827271459296,0.1013935607880826,0.4219125420470927,0.4766938971648246,Intermediate,Intermediate
794237,sub-794237_ses-20250508T145040,dff,False,1,114,2808,2886.2723699344974,0.9728811560718112,0.0089031339031339,0.3329939515382051,2.2539979841416184,ok,3.679626941680908,0.3725071225071225,3.9915832763143495,0.0929235167977126,0.4088634739099356,0.4982130092923517,Intermediate,Intermediate
794237,sub-794237_ses-20250508T145040,dff,False,1,115,2169,2886.407383844854,0.751453177448144,0.0175195942830797,0.3477516716927289,2.1505263725147503,ok,3.5681369304656982,0.3158137390502535,3.7609354219856286,0.1107506950880444,0.4633920296570899,0.4258572752548656,Intermediate,Low SNR
794237,sub-794237_ses-20250508T145040,dff,False,1,116,2181,2886.407383844854,0.7556105947507616,0.0119211370930765,0.341675250595808,2.1431983226987827,ok,3.6155576705932617,0.343878954607978,3.9697859275973455,0.0901149425287356,0.4179310344827586,0.4919540229885057,Intermediate,Intermediate
794237,sub-794237_ses-20250508T145040,dff,False,1,117,3409,2886.407383844854,1.1810529653853032,0.0055734819595189,0.3982731326043605,2.396044704704988,ok,3.698387861251831,0.3725432678204752,4.282597232451064,0.0841919340594642,0.3500147188695908,0.565793347070945,Intermediate,Intermediate
794237,sub-794237_ses-20250508T145040,dff,False,1,118,2883,2886.302373025688,0.9988558464779884,0.0110995490808185,0.3411863444209098,2.235273815445652,ok,3.6600942611694336,0.3631633714880333,3.80925715576136,0.1172774869109947,0.4366492146596858,0.4460732984293193,Intermediate,Low SNR
794237,sub-794237_ses-20250508T145040,dff,False,1,119,2046,2886.407383844854,0.7088396500963129,0.021505376344086,0.2783054326146841,2.076068795432876,ok,3.537224531173706,0.2688172043010752,3.435052069814714,0.1261659302896416,0.551791850760923,0.3220422189494354,Low SNR,Low SNR
794237,sub-794237_ses-20250508T145040,dff,False,2,0,6685,2885.8873302642214,2.3164452506148066,0.000448765893792,0.3355767812222242,3.930877047727327,ok,4.967557430267334,0.6969334330590875,4.465812231790547,0.2060724485194649,0.2319254471666917,0.5620021043138433,High SNR,Intermediate
794237,sub-794237_ses-20250508T145040,dff,False,2,1,5037,2885.8873302642214,1.7453903855417774,0.000397061743101,0.3184872680246829,3.0782409111248508,ok,4.397029876708984,0.6118721461187214,5.067789482698862,0.1064805583250249,0.2113659022931206,0.6821535393818544,High SNR,High SNR
794237,sub-794237_ses-20250508T145040,dff,False,2,2,2220,2885.8873302642214,0.7692608012512896,0.0234234234234234,0.1709858988538384,2.050167125877251,ok,3.6873483657836914,0.359009009009009,3.289535112393384,0.2344952467179719,0.4395654142145767,0.3259393390674513,Low SNR,Low SNR
794237,sub-794237_ses-20250508T145040,dff,False,2,3,1914,2885.8873302642214,0.6632275556734092,0.0282131661442006,0.1420098128557205,2.003292112162278,ok,3.673250675201416,0.3631138975966562,3.4320494966836224,0.1995798319327731,0.4369747899159664,0.3634453781512605,Low SNR,Low SNR
794237,sub-794237_ses-20250508T145040,dff,False,2,4,1640,2885.6573065650955,0.5683280534625065,0.0359756097560975,0.1605794767946004,1.9474736403504689,ok,3.5200085639953613,0.2591463414634146,2.8319840989169656,0.2461820403176542,0.5375687232742822,0.2162492364080635,Low SNR,Low SNR
794237,sub-794237_ses-20250508T145040,dff,False,2,5,3375,2885.8873302642214,1.1694843262266228,0.0109629629629629,0.2220190101295709,2.3672245119062327,ok,4.023206233978272,0.5081481481481481,3.746046742582848,0.2107142857142857,0.344047619047619,0.4452380952380952,Low SNR,Low SNR
794237,sub-794237_ses-20250508T145040,dff,False,2,6,2571,2885.777318929857,0.8909211334966806,0.0124465188642551,0.2865642796218395,2.180504881349792,ok,3.770810842514038,0.410346168805912,3.5273741600088555,0.1547758284600389,0.476803118908382,0.3684210526315789,Low SNR,Low SNR
794237,sub-794237_ses-20250508T145040,dff,False,2,7,2216,2885.8873302642214,0.7678747457535395,0.0153429602888086,0.2705116761088371,2.141445634247624,ok,3.7350430488586426,0.3939530685920577,3.631525826534342,0.1561085972850678,0.439366515837104,0.404524886877828,Low SNR,Low SNR
794237,sub-794237_ses-20250508T145040,dff,False,2,8,2828,2885.8873302642214,0.9799412369093004,0.0045968882602545,0.377359303843975,2.251262977943761,ok,3.77909517288208,0.4214992927864215,3.498130650191725,0.179596174282678,0.4491675522493801,0.3712362734679419,Low SNR,Low SNR
794237,sub-794237_ses-20250508T145040,dff,False,2,9,4794,2883.447078847408,1.6625933713742,0.0,0.5516840695559978,2.826921194493312,ok,4.0114593505859375,0.5041718815185648,4.502945140692182,0.1089502300292764,0.2827268925135926,0.6083228774571309,High SNR,Intermediate
794237,sub-794237_ses-20250508T145040,dff,False,2,10,2321,2885.8873302642214,0.804258702569479,0.0133563119345109,0.3693070213526487,2.1684145540839976,ok,3.6514179706573486,0.3567427832830676,3.726842953872557,0.1269430051813471,0.4533678756476684,0.4196891191709844,Low SNR,Low SNR
794237,sub-794237_ses-20250508T145040,dff,False,2,11,4469,2885.8873302642214,1.5485705048612672,0.0,0.532528844922781,2.745498127836552,ok,3.875113487243652,0.447974938464981,4.74609647960561,0.0648563734290843,0.2605475763016158,0.6745960502692998,High SNR,High SNR
794237,sub-794237_ses-20250508T145040,dff,False,2,12,1725,2885.8873302642214,0.5977364334047183,0.0237681159420289,0.2868891492694616,2.033821160113281,ok,3.538634777069092,0.288695652173913,3.455628223561447,0.1407795229784758,0.522978475858057,0.3362420011634671,Low SNR,Low SNR
794237,sub-794237_ses-20250508T145040,dff,False,2,13,3617,2885.392279259581,1.2535557213482795,0.0016588332872546,0.4849548055887222,2.490913622327404,ok,3.885709047317505,0.4561791539950235,4.494668530592701,0.0832177531206657,0.2976421636615811,0.6191400832177532,High SNR,Intermediate
794237,sub-794237_ses-20250508T145040,dff,False,2,14,3082,2885.8873302642214,1.06795576101643,0.0035691109669046,0.453569061666727,2.3231558521675093,ok,3.8215813636779785,0.4240752757949383,4.094982265192087,0.1148340923877683,0.3597918022121015,0.5253741054001301,Intermediate,Intermediate
794237,sub-794237_ses-20250508T145040,dff,False,2,15,5371,2885.5172921395406,1.8613646900093723,0.0007447402718301,0.3508019999563694,3.1731549228052702,ok,4.910128116607666,0.6797616831130143,4.565079954473283,0.1940494011976048,0.2247380239520958,0.5812125748502994,High SNR,Intermediate
794237,sub-794237_ses-20250508T145040,dff,False,2,16,5329,2885.76731789946,1.846649231539208,0.0013135672734096,0.2800289539128542,3.1949620312695344,ok,4.641124725341797,0.6545318070932633,4.8661609173316025,0.1396226415094339,0.2218867924528302,0.6384905660377358,High SNR,Intermediate
794237,sub-794237_ses-20250508T145040,dff,False,2,17,3271,2885.8873302642214,1.1334468832851208,0.0015285845307245,0.499708416545391,2.381942685246924,ok,3.783193588256836,0.4197493121369611,4.121362392210758,0.1111111111111111,0.3603437691835482,0.5285451197053407,Intermediate,Intermediate
794237,sub-794237_ses-20250508T145040,dff,False,2,18,4853,2885.752316353865,1.6817105101146532,0.0028848135174119,0.3600807454526424,2.852099894846688,ok,4.502420902252197,0.6280651143622502,4.504760350399541,0.1682533112582781,0.2464817880794702,0.5852649006622517,High SNR,Intermediate
794237,sub-794237_ses-20250508T145040,dff,False,2,19,1963,2885.8873302642214,0.6802067355208475,0.032093734080489,0.2870671261399984,2.0591298107305964,ok,3.579524040222168,0.3418237391747326,3.5575471536748484,0.1243602865916069,0.491811668372569,0.3838280450358239,Low SNR,Low SNR
794237,sub-794237_ses-20250508T145040,dff,False,2,20,2465,2885.8873302642214,0.8541567004884815,0.00973630831643,0.3299959161311387,2.175767119138737,ok,3.728492975234986,0.3926977687626775,3.6771470747617374,0.1485108119135046,0.4341085271317829,0.4173806609547124,Low SNR,Low SNR
794237,sub-794237_ses-20250508T145040,dff,False,2,21,3411,2885.76731789946,1.1820079806305572,0.0002931691586045,0.5520809827208518,2.453532153359171,ok,4.006271839141846,0.5013192612137203,4.248421241888616,0.1184945604234048,0.329608938547486,0.551896501029109,High SNR,Intermediate
794237,sub-794237_ses-20250508T145040,dff,False,2,22,3383,2885.8873302642214,1.172256437222123,0.0044339343777712,0.31889522742033,2.426312929960449,ok,4.099688529968262,0.5226130653266332,4.088455168544185,0.1739130434782608,0.3111971411554496,0.5148898153662894,High SNR,Low SNR
794237,sub-794237_ses-20250508T145040,dff,False,2,23,4824,2885.752316353865,1.6716611376041803,0.0004145936981757,0.476407408940792,2.701775161080581,ok,4.120987892150879,0.5373134328358209,4.159700678260425,0.164622739555186,0.3061733527333194,0.5292039077114945,High SNR,Intermediate
794237,sub-794237_ses-20250508T145040,dff,False,2,24,3892,2885.8873302642214,1.3486319993108191,0.0048818088386433,0.2752268701851368,2.601119504977155,ok,4.105570793151856,0.5339157245632066,4.617697951297566,0.1155532628320866,0.2581893216404436,0.6262574155274697,High SNR,Intermediate
794237,sub-794237_ses-20250508T145040,dff,False,2,25,3230,2885.8873302642214,1.1192398144331823,0.004953560371517,0.3747156757056712,2.346293122338935,ok,3.942394733428955,0.4835913312693498,4.0982601480516205,0.1265547263681592,0.3547885572139303,0.5186567164179104,Intermediate,Intermediate
794237,sub-794237_ses-20250508T145040,dff,False,2,26,3270,2885.8873302642214,1.1331003694106834,0.0036697247706422,0.3273745571941137,2.312384784894792,ok,3.7601146697998047,0.4097859327217125,3.723764777144337,0.1588813767670559,0.4188690842040565,0.4222495390288875,Low SNR,Low SNR
794237,sub-794237_ses-20250508T145040,dff,False,2,27,3595,2885.752316353865,1.2457756612120705,0.0058414464534075,0.2875690226823091,2.448008150821288,ok,4.176719665527344,0.5457579972183588,4.085632159074741,0.1624720357941834,0.3201901565995526,0.517337807606264,High SNR,Intermediate
794237,sub-794237_ses-20250508T145040,dff,False,2,28,2652,2885.8873302642214,0.9189547950082974,0.0105580693815987,0.3294954555988311,2.1871807372459062,ok,3.6234657764434814,0.3446455505279034,3.555789721381548,0.1554462934947049,0.4708774583963691,0.3736762481089258,Low SNR,Low SNR
794237,sub-794237_ses-20250508T145040,dff,False,2,29,3144,2885.8873302642214,1.089439621231556,0.0076335877862595,0.2388554983645677,2.2874768210410235,ok,3.973661422729492,0.4936386768447837,3.5003663259375166,0.2139891408495688,0.3979559246247205,0.3880549345257106,Low SNR,Low SNR
794237,sub-794237_ses-20250508T145040,dff,False,2,30,2570,2885.8873302642214,0.8905406573044209,0.014396887159533,0.2864840177088976,2.160799309462885,ok,3.7414064407348633,0.3957198443579766,3.5145048432595107,0.1887235708692247,0.4303054032889585,0.3809710258418167,Low SNR,Low SNR
794237,sub-794237_ses-20250508T145040,dff,False,2,31,3242,2885.8873302642214,1.123397980926433,0.0046267735965453,0.2230272658914327,2.2842682186294376,ok,3.8701000213623047,0.4491054904380012,3.599309469867735,0.1969040247678018,0.4030959752321981,0.4,Low SNR,Low SNR
794237,sub-794237_ses-20250508T145040,dff,False,2,32,2105,2885.8873302642214,0.729411705690975,0.0204275534441805,0.2964158826470375,2.0892985118322622,ok,3.660230875015259,0.378147268408551,3.572029175692896,0.1630019120458891,0.4421606118546845,0.3948374760994264,Low SNR,Low SNR
794237,sub-794237_ses-20250508T145040,dff,False,2,33,3358,2885.76731789946,1.1636419815178574,0.0023823704586063,0.4121257687926292,2.3511040199862525,ok,3.841623306274414,0.4484812388326384,3.9557681689250814,0.1447368421052631,0.367822966507177,0.4874401913875598,Intermediate,Low SNR
794237,sub-794237_ses-20250508T145040,dff,False,2,34,2636,2885.752316353865,0.913453308193329,0.0072078907435508,0.3151103469014167,2.191118267323152,ok,3.810274839401245,0.4286798179059181,3.452041449627448,0.2094440213252094,0.4219345011424219,0.3686214775323686,Low SNR,Low SNR
794237,sub-794237_ses-20250508T145040,dff,False,2,35,3072,2885.8873302642214,1.0644906222720547,0.0006510416666666,0.5892434193134307,2.3660569840324155,ok,3.677162170410156,0.3561197916666667,4.126114166143053,0.0887360838244924,0.3716437459070072,0.5396201702685003,Intermediate,Intermediate
794237,sub-794237_ses-20250508T145040,dff,False,2,36,2785,2885.8873302642214,0.9650411403084872,0.0093357271095152,0.2144442561954259,2.2306090532893856,ok,3.927653789520264,0.4822262118491921,3.892523255484437,0.158540989526905,0.3625857710364752,0.4788732394366197,Intermediate,Low SNR
794237,sub-794237_ses-20250508T145040,dff,False,2,37,2466,2885.8873302642214,0.854503214362919,0.0125709651257096,0.3106796153604984,2.1809660250649032,ok,3.702248573303223,0.3884833738848337,4.012601625686157,0.1025223759153783,0.3942229454841334,0.5032546786004882,Intermediate,Intermediate
794237,sub-794237_ses-20250508T145040,dff,False,2,38,2273,2885.8873302642214,0.787626036596478,0.0136383633963924,0.3345556234627962,2.155177230408308,ok,3.554422378540039,0.2617685877694676,3.643291779725293,0.1206363234644277,0.4909412284577993,0.3884224480777729,Low SNR,Low SNR
794237,sub-794237_ses-20250508T145040,dff,False,2,39,3710,2885.777318929857,1.285615482408668,0.005121293800539,0.3127668227612972,2.448760274713264,ok,4.206153392791748,0.5571428571428572,4.135135629106896,0.1652221018418201,0.3114842903575298,0.52329360780065,High SNR,Intermediate
794237,sub-794237_ses-20250508T145040,dff,False,2,40,2624,2885.8873302642214,0.9092524065240468,0.0007621951219512,0.4956540963649749,2.260017612553765,ok,3.573646783828736,0.3102134146341463,4.118020268580684,0.057000765110941,0.4150726855394032,0.5279265493496557,Intermediate,Intermediate
794237,sub-794237_ses-20250508T145040,dff,False,2,41,2166,2885.8873302642214,0.7505490520316637,0.0124653739612188,0.3257775152385234,2.119193433643486,ok,3.705167770385742,0.3831948291782087,3.775609988492735,0.1202972596377148,0.4287041337668369,0.4509986065954482,Intermediate,Low SNR
794237,sub-794237_ses-20250508T145040,dff,False,2,42,3762,2885.5422947155325,1.303741070401074,0.0007974481658692,0.4919953196167945,2.5086513002753468,ok,3.921855211257935,0.4686337054758107,4.284582540477981,0.1209289909236518,0.3112653497063534,0.5678056593699946,High SNR,Intermediate
794237,sub-794237_ses-20250508T145040,dff,False,2,43,2427,2885.8873302642214,0.8409891732598558,0.0131850020601565,0.2281561854958534,2.1279022253934894,ok,3.637526273727417,0.349814585908529,3.27187607006524,0.1976840363937138,0.4909015715467328,0.3114143920595533,Low SNR,Low SNR
794237,sub-794237_ses-20250508T145040,dff,False,2,44,2575,2885.8873302642214,0.8922732266766085,0.0139805825242718,0.3066774554818868,2.17568907302499,ok,3.7153477668762207,0.3895145631067961,3.575730732654077,0.1690085870413739,0.4371584699453552,0.3938329430132709,Low SNR,Low SNR
794237,sub-794237_ses-20250508T145040,dff,False,2,45,2224,2885.8873302642214,0.7706468567490397,0.0121402877697841,0.3088212195843458,2.120764606826226,ok,3.6324312686920166,0.3250899280575539,3.6657850514145,0.1345372460496614,0.4636568848758465,0.4018058690744921,Low SNR,Low SNR
794237,sub-794237_ses-20250508T145040,dff,False,2,46,2551,2885.8873302642214,0.883956893690108,0.0117600940807526,0.3847019101917743,2.187280739609198,ok,3.659690141677856,0.3602508820070561,3.688366374744657,0.1429693637077769,0.4406912804399057,0.4163393558523173,Low SNR,Low SNR
794237,sub-794237_ses-20250508T145040,dff,False,2,47,2413,2885.8873302642214,0.8361379790177306,0.0008288437629506,0.541124756616354,2.257076355768246,ok,3.566333532333374,0.2950683796104434,4.121737308362302,0.07371928363182,0.3890045814244064,0.5372761349437735,Intermediate,Intermediate
794237,sub-794237_ses-20250508T145040,dff,False,2,48,3159,2885.372277198788,1.0948327274658851,0.0003165558721114,0.6471989714562892,2.440142921389683,ok,3.6190595626831055,0.3377651155428933,4.339991645418249,0.0635324015247776,0.3446632782719186,0.5918043202033036,Intermediate,Intermediate
794237,sub-794237_ses-20250508T145040,dff,False,2,49,1980,2885.8873302642214,0.6860974713862853,0.0151515151515151,0.2895899085134267,2.059777084055068,ok,3.5954179763793945,0.3161616161616161,3.6053981939345694,0.140253164556962,0.4764556962025316,0.3832911392405063,Low SNR,Low SNR
794237,sub-794237_ses-20250508T145040,dff,False,2,50,2372,2885.8873302642214,0.8219309101657923,0.0151770657672849,0.3312352148562669,2.1330702198029323,ok,3.68876314163208,0.3735244519392917,3.726382767024854,0.1335587489433643,0.4463229078613694,0.4201183431952662,Low SNR,Low SNR
794237,sub-794237_ses-20250508T145040,dff,False,2,51,2804,2885.8873302642214,0.9716249039228,0.0060627674750356,0.4401907064437866,2.287738015589877,ok,3.670831680297852,0.3691155492154065,3.95631325298556,0.1028305266929416,0.4109638122536725,0.4862056610533858,Intermediate,Intermediate
794237,sub-794237_ses-20250508T145040,dff,False,2,52,2867,2885.8873302642214,0.9934552780123636,0.0129054761074293,0.2708625485837459,2.199417846920894,ok,3.743666648864746,0.4021625392396233,3.404103640777474,0.1947552447552447,0.4472027972027972,0.358041958041958,Low SNR,Low SNR
794237,sub-794237_ses-20250508T145040,dff,False,2,53,2662,2885.8873302642214,0.9224199337526724,0.0146506386175807,0.3431173139333724,2.23453625872499,ok,3.6440818309783936,0.3305785123966942,3.7936513227405424,0.1045283018867924,0.4588679245283019,0.4366037735849056,Intermediate,Low SNR
794237,sub-794237_ses-20250508T145040,dff,False,2,54,2339,2885.8873302642214,0.8104959523093542,0.0141085934159897,0.4705638644814491,2.221932449203765,ok,3.574416160583496,0.3133817870884993,4.0685862764144005,0.0737880737880737,0.4079794079794079,0.5182325182325183,Intermediate,Intermediate
794237,sub-794237_ses-20250508T145040,dff,False,2,55,2818,2885.8873302642214,0.9764760981649252,0.0053229240596167,0.4561480914473533,2.2957413261762847,ok,3.646710395812988,0.3537970191625266,4.0333796249990765,0.0839285714285714,0.4064285714285714,0.5096428571428572,Intermediate,Intermediate
794237,sub-794237_ses-20250508T145040,dff,False,2,56,2479,2885.372277198788,0.8591612318416996,0.0056474384832593,0.4251929737865925,2.2214471207250743,ok,3.618130207061768,0.3327954820492134,3.817978894455058,0.1187677340899878,0.4312930685042562,0.449939197405756,Intermediate,Low SNR
794237,sub-794237_ses-20250508T145040,dff,False,2,57,2635,2885.777318929857,0.9130988668859408,0.0060721062618595,0.3541639202982187,2.22279378274567,ok,3.644846439361572,0.3476280834914611,3.750627206150826,0.1168384879725085,0.4581901489117984,0.424971363115693,Intermediate,Low SNR
794237,sub-794237_ses-20250508T145040,dff,False,2,58,3014,2885.757316869064,1.0444398710803842,0.0029860650298606,0.5125142677187919,2.368669958267392,ok,3.6945066452026367,0.3818845388188454,4.233773690966139,0.0746417860713095,0.3632122625791403,0.5621459513495501,Intermediate,Intermediate
796630,sub-796630_ses-SLAP2-796630-2025-08-25-14-59-15,fluorescence,False,1,0,2914,3606.9446095031103,0.8078859853635042,0.0,0.4225295066177845,2.619571969350248,ok,4.01751184463501,0.5075497597803706,4.635582337918166,0.1170798898071625,0.2627410468319559,0.6201790633608816,High SNR,Intermediate
796630,sub-796630_ses-SLAP2-796630-2025-08-25-14-59-15,fluorescence,False,1,1,3099,3606.349528726377,0.8593177048743933,0.0,0.4078049251556396,2.6534982322155187,ok,4.041819095611572,0.5111326234269119,4.247006782445147,0.174151857835218,0.2846526655896607,0.5411954765751211,Intermediate,Intermediate
796630,sub-796630_ses-SLAP2-796630-2025-08-25-14-59-15,fluorescence,False,1,2,3831,3606.614564702569,1.0622149750886771,0.0,0.3186957987695932,2.931555214540673,ok,4.186078071594238,0.5494648916731923,4.480374319290771,0.1516339869281045,0.2564705882352941,0.5918954248366013,Intermediate,Intermediate
796630,sub-796630_ses-SLAP2-796630-2025-08-25-14-59-15,fluorescence,False,1,3,2431,3606.6295667389577,0.6740365083287613,0.0,0.4424020734786987,2.4444877135490928,ok,3.681941270828247,0.3755656108597285,4.250190053746638,0.1121649484536082,0.3216494845360825,0.5661855670103093,Intermediate,Intermediate
796630,sub-796630_ses-SLAP2-796630-2025-08-25-14-59-15,fluorescence,False,1,4,4539,3606.709577599695,1.2584877995695885,0.0,0.5268952230334282,3.586795378107586,ok,4.981377124786377,0.684512007050011,5.045025859704607,0.1743261157755192,0.186699072028281,0.6389748121961998,High SNR,Intermediate
796630,sub-796630_ses-SLAP2-796630-2025-08-25-14-59-15,fluorescence,False,1,5,2021,3606.77958710284,0.5603336580995171,0.0029688273132112,0.2180217547774314,2.284162270352222,ok,3.66719913482666,0.3621969322117763,3.700658628861458,0.1684001981178801,0.4051510648836057,0.4264487369985141,Low SNR,Low SNR
796630,sub-796630_ses-SLAP2-796630-2025-08-25-14-59-15,fluorescence,False,1,6,3572,3606.609564023773,0.9904038506499272,0.0,0.538683495426178,2.842896183172563,ok,3.924697399139404,0.477043673012318,4.484270827918904,0.1364019085040696,0.2584900364861072,0.6051080550098232,Intermediate,Intermediate
796630,sub-796630_ses-SLAP2-796630-2025-08-25-14-59-15,fluorescence,False,1,7,3995,3606.5045497690553,1.1077207708654693,0.0,0.3806125071823596,2.933747286535429,ok,4.086740016937256,0.5311639549436796,4.292023567204712,0.1590566984445559,0.2804816859006522,0.5604616156547918,Intermediate,Intermediate
796630,sub-796630_ses-SLAP2-796630-2025-08-25-14-59-15,fluorescence,False,1,8,2192,3606.40953687193,0.6078067334253064,0.0,0.3563434520959854,2.353619598899632,ok,3.629672050476074,0.3220802919708029,3.900726081480317,0.1354071363220494,0.3865507776761208,0.4780420860018298,Low SNR,Low SNR
796630,sub-796630_ses-SLAP2-796630-2025-08-25-14-59-15,fluorescence,False,1,9,1822,3606.77958710284,0.5051597847883821,0.0,0.5206832204997539,2.335361062942314,ok,3.546670913696289,0.2947310647639956,4.250493251361821,0.0746842394288852,0.3569467325645249,0.5683690280065898,Intermediate,Intermediate
796630,sub-796630_ses-SLAP2-796630-2025-08-25-14-59-15,fluorescence,False,1,10,2335,3606.9446095031103,0.6473623115387036,0.0,0.3298790470093488,2.370112919841678,ok,3.723840713500977,0.3862955032119914,3.69513944751697,0.1953727506426735,0.3744644387317909,0.4301628106255356,Low SNR,Low SNR
796630,sub-796630_ses-SLAP2-796630-2025-08-25-14-59-15,fluorescence,False,1,11,2463,3606.774586424044,0.6828815998844981,0.0,0.2970638545453548,2.409219290222896,ok,3.66684365272522,0.3422655298416565,3.840332851196382,0.1580658268996343,0.3839902478667208,0.4579439252336448,Low SNR,Low SNR
796630,sub-796630_ses-SLAP2-796630-2025-08-25-14-59-15,fluorescence,False,1,12,1997,3606.659570811734,0.5536979470315089,0.0,0.2837761446923017,2.282550170718517,ok,3.679316282272339,0.3770655983975964,3.864433465791078,0.1642463695543315,0.3705558337506259,0.4651977966950426,Low SNR,Low SNR
796630,sub-796630_ses-SLAP2-796630-2025-08-25-14-59-15,fluorescence,False,1,13,2824,3606.609564023773,0.7830068516896401,0.0003541076487252,0.3837123004674911,2.518336700047746,ok,3.798985481262207,0.4185552407932011,4.404239414022573,0.1078014184397163,0.3067375886524823,0.5854609929078014,Intermediate,Intermediate
796630,sub-796630_ses-SLAP2-796630-2025-08-25-14-59-15,fluorescence,False,1,14,2533,3606.184506326106,0.7024044375867389,0.0003947887879984,0.3913997701406478,2.481344250716534,ok,3.8417043685913086,0.436241610738255,4.481671608633207,0.1040759794222398,0.2880886426592798,0.6078353779184804,Intermediate,Intermediate
796630,sub-796630_ses-SLAP2-796630-2025-08-25-14-59-15,fluorescence,False,1,15,2365,3606.6845742057135,0.6557268736262678,0.0,0.3922996844708919,2.4401432510341103,ok,3.6696970462799072,0.3594080338266385,4.320166056548011,0.0953389830508474,0.3182203389830508,0.5864406779661017,Intermediate,Intermediate
796630,sub-796630_ses-SLAP2-796630-2025-08-25-14-59-15,fluorescence,False,1,16,2930,3606.9446095031103,0.8123218727230841,0.0,0.6419022154211997,2.6980554298940183,ok,3.864913463592529,0.4563139931740614,4.722805782010075,0.1029059829059829,0.2475213675213675,0.6495726495726496,High SNR,Intermediate
796630,sub-796630_ses-SLAP2-796630-2025-08-25-14-59-15,fluorescence,False,1,17,1941,3606.7045769208985,0.5381643987201921,0.0,0.4545459461331367,2.337685276508916,ok,3.5130510330200195,0.2802679031427099,4.035436319069138,0.1010309278350515,0.3912371134020618,0.5077319587628866,Low SNR,Intermediate
796630,sub-796630_ses-SLAP2-796630-2025-08-25-14-59-15,fluorescence,False,1,18,2185,3606.9446095031103,0.6057758675426412,0.0,0.5060881892323493,2.4069549705336266,ok,3.658467531204224,0.3478260869565217,4.050622205691052,0.1255728689275893,0.3648029330889092,0.5096241979835013,Low SNR,Intermediate
796630,sub-796630_ses-SLAP2-796630-2025-08-25-14-59-15,fluorescence,False,1,19,3681,3606.609564023773,1.02062614060537,0.0,0.4895925434947014,2.8406117864817624,ok,4.12071704864502,0.5387123064384678,4.961438364180388,0.088363240891789,0.2194127243066884,0.6922240348015226,High SNR,High SNR
796630,sub-796630_ses-SLAP2-796630-2025-08-25-14-59-15,fluorescence,False,1,20,2109,3606.9446095031103,0.5847054025846363,0.0,0.3845054198384284,2.37713397210896,ok,3.618637561798096,0.3243243243243243,4.2588614274345815,0.0874524714828897,0.3464828897338403,0.56606463878327,Intermediate,Intermediate
796630,sub-796630_ses-SLAP2-796630-2025-08-25-14-59-15,fluorescence,False,1,21,2213,3606.774586424044,0.613567592588061,0.0,0.3452765869438648,2.3650373803952545,ok,3.6053662300109854,0.3343877089923181,4.069789029248729,0.1236973266878115,0.3588581785228817,0.5174444947893068,Intermediate,Intermediate
796630,sub-796630_ses-SLAP2-796630-2025-08-25-14-59-15,fluorescence,False,1,22,2511,3606.9446095031103,0.6961570724940833,0.0,0.325294176363945,2.4453216262869097,ok,3.81171464920044,0.4157706093189964,3.970465279696993,0.1461077844311377,0.3584830339321357,0.4954091816367265,Low SNR,Low SNR
796630,sub-796630_ses-SLAP2-796630-2025-08-25-14-59-15,fluorescence,False,1,23,2098,3606.794589139228,0.5816799233084947,0.0,0.4079017785072326,2.367978937881497,ok,3.718613624572754,0.3879885605338417,4.1529225852207645,0.1101573676680972,0.3500238435860753,0.5398187887458273,Intermediate,Intermediate
796630,sub-796630_ses-SLAP2-796630-2025-08-25-14-59-15,fluorescence,False,1,24,1896,3606.9446095031103,0.5256526521102278,0.0005274261603375,0.4007526579380035,2.3008981566849576,ok,3.5673537254333496,0.2885021097046413,4.071960493820738,0.0834213305174234,0.3954593453009504,0.5211193241816262,Intermediate,Intermediate
796630,sub-796630_ses-SLAP2-796630-2025-08-25-14-59-15,fluorescence,False,1,25,2867,3606.9446095031103,0.794855566244738,0.0,0.5890614657998084,2.6569468248488084,ok,3.8599605560302734,0.4377397976979421,4.942617012585282,0.0674118057981138,0.2347188264058679,0.6978693677960182,High SNR,High SNR
796630,sub-796630_ses-SLAP2-796630-2025-08-25-14-59-15,fluorescence,False,1,26,2343,3606.6445687753458,0.6496342945142436,0.0,0.4266911961615085,2.436646525379129,ok,3.67879056930542,0.371745625266752,4.220249021368928,0.0995301153353267,0.3417343015805211,0.558735583084152,Intermediate,Intermediate
796630,sub-796630_ses-SLAP2-796630-2025-08-25-14-59-15,fluorescence,False,1,27,2162,3606.6295667389577,0.5994516376004861,0.0004625346901017,0.3618106735646724,2.371824193955928,ok,3.6826491355896,0.3820536540240518,3.933638283660051,0.1246524559777571,0.3911028730305839,0.4842446709916589,Low SNR,Intermediate
796630,sub-796630_ses-SLAP2-796630-2025-08-25-14-59-15,fluorescence,False,1,28,2012,3606.809591175616,0.5578337167901901,0.0,0.3738559696555137,2.3420953782993217,ok,3.710447072982788,0.38220675944334,4.256975312155038,0.1124378109452736,0.3323383084577114,0.5552238805970149,Intermediate,Intermediate
796630,sub-796630_ses-SLAP2-796630-2025-08-25-14-59-15,fluorescence,False,1,29,2540,3606.45954365989,0.7042918322667135,0.0,0.4185683282554149,2.457452273307966,ok,3.662273406982422,0.3590551181102362,3.810096565498158,0.1529968454258675,0.3915615141955836,0.4554416403785489,Low SNR,Low SNR
796630,sub-796630_ses-SLAP2-796630-2025-08-25-14-59-15,fluorescence,False,1,30,2450,3606.1395002169415,0.6793969007168499,0.0,0.3732084396064281,2.4467131575809806,ok,4.104049205780029,0.5285714285714286,4.945057160030709,0.0864399836132732,0.2269561655059402,0.6866038508807866,High SNR,High SNR
796630,sub-796630_ses-SLAP2-796630-2025-08-25-14-59-15,fluorescence,False,1,31,2563,3606.4945484114633,0.7106623802131944,0.0,0.4217216736674308,2.497126908732044,ok,3.7167909145355225,0.3753413968006243,4.24623234521036,0.1147989066770792,0.3174541194845763,0.5677469738383444,Intermediate,Intermediate
796630,sub-796630_ses-SLAP2-796630-2025-08-25-14-59-15,fluorescence,False,1,32,3265,3606.609564023773,0.9052823550873494,0.0,0.330117093282938,2.625980411211715,ok,4.102961540222168,0.5310872894333843,4.877710476279936,0.0917740945365254,0.241866175567833,0.6663597298956415,High SNR,High SNR
796630,sub-796630_ses-SLAP2-796630-2025-08-25-14-59-15,fluorescence,False,1,33,2602,3606.709577599695,0.7214331911170013,0.0,0.4066137879967689,2.4703934888683894,ok,3.762529611587525,0.4031514219830899,4.277955882559523,0.1068819684736639,0.3225682429834679,0.5705497885428681,Intermediate,Intermediate
796630,sub-796630_ses-SLAP2-796630-2025-08-25-14-59-15,fluorescence,False,1,34,2970,3606.354529405173,0.8235463196375946,0.0,0.5049492344677448,2.6235617504053947,ok,3.8230040073394775,0.431986531986532,4.563466006413612,0.1052276559865092,0.2701517706576729,0.6246205733558179,High SNR,Intermediate
796630,sub-796630_ses-SLAP2-796630-2025-08-25-14-59-15,fluorescence,False,1,35,2266,3606.184506326106,0.6283649646946506,0.0,0.4395212164878845,2.422995863771749,ok,3.708482027053833,0.3755516328331862,4.414296491326793,0.0901856763925729,0.3099027409372237,0.5999115826702034,Intermediate,Intermediate
796630,sub-796630_ses-SLAP2-796630-2025-08-25-14-59-15,fluorescence,False,1,36,2399,3606.429539587114,0.6652008513313842,0.0,0.4589462342619895,2.465730507657899,ok,3.6158618927001953,0.3268028345143809,4.226157369236756,0.0942845223195661,0.3445974134334585,0.5611180642469754,Intermediate,Intermediate
796630,sub-796630_ses-SLAP2-796630-2025-08-25-14-59-15,fluorescence,False,1,37,2368,3606.7045769208985,0.6565550212104146,0.0,0.4229406031429767,2.460981183575833,ok,3.9079532623291016,0.4700168918918919,4.568167505311709,0.0970338983050847,0.2762711864406779,0.6266949152542373,High SNR,Intermediate
796630,sub-796630_ses-SLAP2-796630-2025-08-25-14-59-15,fluorescence,False,1,38,3205,3606.714578278491,0.8886203580683026,0.0,0.3565910202205181,2.683407579830793,ok,4.093478679656982,0.5263650546021841,4.053915768062437,0.1899249061326658,0.2997496871088861,0.5103254067584481,Low SNR,Low SNR
796630,sub-796630_ses-SLAP2-796630-2025-08-25-14-59-15,fluorescence,False,1,39,3431,3606.464544338687,0.9513472149298888,0.0,0.4309306953549385,2.729942946745452,ok,3.860216856002808,0.4476828912853395,4.745248504346138,0.0887073241902538,0.2524073533702947,0.6588853224394514,High SNR,High SNR
796630,sub-796630_ses-SLAP2-796630-2025-08-25-14-59-15,fluorescence,False,1,40,2252,3606.9446095031103,0.6243511458608825,0.0,0.5115380460262299,2.463054134557017,ok,3.607407093048096,0.3072824156305506,4.372223519130595,0.0844069302532208,0.3180808529542425,0.5975122167925366,Intermediate,Intermediate
796630,sub-796630_ses-SLAP2-796630-2025-08-25-14-59-15,fluorescence,False,1,41,3234,3606.539554520628,0.896704431245273,0.0,0.5277841795027256,2.7405926813088395,ok,4.037968158721924,0.5108225108225108,5.016299286693667,0.0750387596899224,0.2167441860465116,0.7082170542635658,High SNR,High SNR
796630,sub-796630_ses-SLAP2-796630-2025-08-25-14-59-15,fluorescence,False,1,42,2334,3606.414537550726,0.6471801773473111,0.0,0.3842941717207431,2.426097151291898,ok,3.679687023162842,0.3684661525278492,4.109168375890094,0.1247855917667238,0.3512006861063464,0.5240137221269296,Intermediate,Intermediate
796630,sub-796630_ses-SLAP2-796630-2025-08-25-14-59-15,fluorescence,False,1,43,2223,3606.6745728481214,0.6163572440760962,0.0,0.3817503131389618,2.3740606875745582,ok,3.7184791564941406,0.3796671165092217,4.136939767953257,0.1103603603603603,0.3486486486486486,0.540990990990991,Intermediate,Intermediate
796630,sub-796630_ses-SLAP2-796630-2025-08-25-14-59-15,fluorescence,False,1,44,2289,3606.389534156746,0.634706810875664,0.0,0.4548590404987335,2.40978209696751,ok,3.604222059249878,0.3171690694626474,4.203390502907084,0.1045494313210848,0.3350831146106737,0.5603674540682415,Intermediate,Intermediate
796630,sub-796630_ses-SLAP2-796630-2025-08-25-14-59-15,fluorescence,False,1,45,2207,3606.549555878221,0.6119422361472528,0.0,0.4219163082540035,2.407308316416233,ok,3.682017803192138,0.3642954236520163,4.406940294211473,0.0943310657596371,0.3111111111111111,0.5945578231292517,Intermediate,Intermediate
796630,sub-796630_ses-SLAP2-796630-2025-08-25-14-59-15,fluorescence,False,1,46,2561,3606.1194975017575,0.7101816791634903,0.0,0.5785935272812843,2.5537194458539463,ok,3.7159459590911865,0.3764154627098789,4.74018276297702,0.060617911615174,0.2624168947985921,0.6769651935862339,High SNR,High SNR
796630,sub-796630_ses-SLAP2-796630-2025-08-25-14-59-15,fluorescence,False,1,47,2534,3606.699576242104,0.7025813895595454,0.0,0.59781295260787,2.56027949608053,ok,3.7501473426818848,0.399368587213891,4.5347818518342,0.0929221035982601,0.2712534598655595,0.6358244365361803,High SNR,Intermediate
796630,sub-796630_ses-SLAP2-796630-2025-08-25-14-59-15,fluorescence,False,2,0,3505,3381.1889652925274,1.0366176028546104,0.0,0.3609267983615398,3.0885715457475404,ok,4.701216220855713,0.642796005706134,4.244941637530948,0.2077736496141754,0.2486424692769362,0.5435838811088882,Intermediate,Low SNR
796630,sub-796630_ses-SLAP2-796630-2025-08-25-14-59-15,fluorescence,False,2,1,3034,3376.1982878539834,0.8986439010158094,0.000659195781147,0.3047338711738586,2.6844056913342174,ok,4.108747482299805,0.536255767963085,4.518422202381179,0.1285100759828212,0.2705649157581764,0.6009250082590023,Intermediate,Intermediate
796630,sub-796630_ses-SLAP2-796630-2025-08-25-14-59-15,fluorescence,False,2,2,3016,3379.933794914697,0.8923251705514893,0.0,0.5947925154447555,2.777390032392016,ok,3.8947720527648926,0.4681697612732095,4.771968625751486,0.0956492859515111,0.2351378279641315,0.6692128860843574,High SNR,High SNR
796630,sub-796630_ses-SLAP2-796630-2025-08-25-14-59-15,fluorescence,False,2,3,3367,3381.018942213459,0.995853633933124,0.0005940005940005,0.3202053987622261,2.9526759304966,ok,4.679011344909668,0.6462726462726462,4.593113817401012,0.1890044576523031,0.2178306092124814,0.5931649331352155,Intermediate,Intermediate
796630,sub-796630_ses-SLAP2-796630-2025-08-25-14-59-15,fluorescence,False,2,4,2788,3380.7689082736524,0.824664470019531,0.0,0.2866606690317392,2.6885084691669223,ok,4.368719100952148,0.5824964131994261,4.863797110081263,0.1269327580007191,0.2272563825961884,0.6458108594030925,High SNR,Intermediate
796630,sub-796630_ses-SLAP2-796630-2025-08-25-14-59-15,fluorescence,False,2,5,3063,3380.938931352721,0.9059613504389704,0.0,0.3248617385208606,2.699070481912935,ok,4.202500820159912,0.5501142670584395,4.188088246185453,0.177916120576671,0.2889908256880734,0.5330930537352556,Intermediate,Intermediate
796630,sub-796630_ses-SLAP2-796630-2025-08-25-14-59-15,fluorescence,False,2,6,2783,3381.1889652925274,0.82308324928513,0.0,0.2829447390854358,2.5518382546032936,ok,3.9887173175811768,0.4955084441250449,3.430309506966544,0.25,0.36671469740634,0.3832853025936599,Low SNR,Low SNR
796630,sub-796630_ses-SLAP2-796630-2025-08-25-14-59-15,fluorescence,False,2,7,2558,3381.018942213459,0.756576654470131,0.0,0.324336357691884,2.4878087663323454,ok,3.8873391151428223,0.4679437060203283,4.220005886815368,0.1431372549019607,0.3098039215686274,0.5470588235294118,Intermediate,Intermediate
796630,sub-796630_ses-SLAP2-796630-2025-08-25-14-59-15,fluorescence,False,2,8,3230,3380.8489191343906,0.9553813486664132,0.0,0.2853012315005064,2.805717523050653,ok,4.406137466430664,0.6003095975232198,4.603009305945932,0.1690446650124069,0.2304590570719603,0.6004962779156328,Intermediate,Intermediate
796630,sub-796630_ses-SLAP2-796630-2025-08-25-14-59-15,fluorescence,False,2,9,2146,3380.8489191343906,0.6347518186495738,0.0004659832246039,0.2516881256014108,2.3602295555095387,ok,3.8078811168670654,0.4324324324324324,3.572021611451918,0.2093457943925233,0.3682242990654205,0.4224299065420561,Low SNR,Low SNR
796630,sub-796630_ses-SLAP2-796630-2025-08-25-14-59-15,fluorescence,False,2,10,2770,3381.1889652925274,0.81923844790507,0.0,0.2429044500768184,2.5505147616877344,ok,3.948898315429688,0.4841155234657039,4.319907234979743,0.138467100506146,0.296818510484454,0.5647143890093999,Intermediate,Intermediate
796630,sub-796630_ses-SLAP2-796630-2025-08-25-14-59-15,fluorescence,False,2,11,3054,3379.663758259706,0.9036401898076984,0.0006548788474132,0.2883995887756347,2.6865993362413327,ok,4.10660457611084,0.535690897184021,4.064492610916892,0.1912729658792651,0.2959317585301837,0.5127952755905512,Low SNR,Low SNR
796630,sub-796630_ses-SLAP2-796630-2025-08-25-14-59-15,fluorescence,False,2,12,3262,3380.3838560063496,0.9649791677368232,0.0,0.2749280254572629,2.719283325641037,ok,4.05783224105835,0.520232985898222,4.318959557753525,0.1577655003069367,0.2771639042357274,0.5650705954573357,Intermediate,Intermediate
796630,sub-796630_ses-SLAP2-796630-2025-08-25-14-59-15,fluorescence,False,2,13,4024,3380.873922528371,1.1902248034705387,0.0,0.3113464763134718,3.113591322226153,ok,4.2505645751953125,0.5787773359840954,4.673679605302049,0.1357624157723983,0.236585974544547,0.6276516096830547,High SNR,Intermediate
796630,sub-796630_ses-SLAP2-796630-2025-08-25-14-59-15,fluorescence,False,2,14,2782,3380.1888295333,0.8230309430328804,0.0,0.3395592125326395,2.592822586213157,ok,3.99593997001648,0.4985621854780733,4.917957013066465,0.0712999639899171,0.2311847317248829,0.6975153042851998,High SNR,High SNR
796630,sub-796630_ses-SLAP2-796630-2025-08-25-14-59-15,fluorescence,False,2,15,1971,3380.7689082736524,0.5830034685826742,0.0,0.2591050068050622,2.3272338546998035,ok,3.986531019210816,0.4941653982749873,4.378907142828643,0.1236012207527975,0.3021363173957274,0.5742624618514751,Intermediate,Intermediate
796630,sub-796630_ses-SLAP2-796630-2025-08-25-14-59-15,fluorescence,False,2,16,2240,3381.1889652925274,0.6624888531795512,0.0004464285714285,0.3172728895962238,2.389388194941769,ok,3.930522918701172,0.4803571428571428,4.50658861404635,0.1148860080464908,0.2802860974519445,0.6048278945015646,Intermediate,Intermediate
796630,sub-796630_ses-SLAP2-796630-2025-08-25-14-59-15,fluorescence,False,2,17,4424,3380.463866867088,1.308696135864937,0.0,0.4644597615301609,3.4307441053558234,ok,4.498927593231201,0.6277124773960217,4.13808455347016,0.2357078039927404,0.2434210526315789,0.5208711433756806,Intermediate,Low SNR
796630,sub-796630_ses-SLAP2-796630-2025-08-25-14-59-15,fluorescence,False,2,18,3926,3380.8489191343906,1.1612468033635723,0.0,0.2856592177480459,2.9428155088820644,ok,3.840118408203125,0.4281711665817626,4.236023523042316,0.1360387953037264,0.310617662072486,0.5533435426237876,Intermediate,Intermediate
796630,sub-796630_ses-SLAP2-796630-2025-08-25-14-59-15,fluorescence,False,2,19,2450,3380.8489191343906,0.724670063229942,0.0008163265306122,0.2233537924736738,2.4415583507525738,ok,3.818674564361572,0.436734693877551,4.025132322594798,0.1515522875816993,0.3423202614379085,0.5061274509803921,Low SNR,Intermediate
796630,sub-796630_ses-SLAP2-796630-2025-08-25-14-59-15,fluorescence,False,2,20,3284,3380.7489055584674,0.9713824042361154,0.0,0.3117161715656519,2.835869940039452,ok,4.311960220336914,0.5825213154689404,5.121333673141078,0.0800488848151542,0.2196761380996028,0.7002749770852429,High SNR,High SNR
796630,sub-796630_ses-SLAP2-796630-2025-08-25-14-59-15,fluorescence,False,2,21,1858,3381.1889652925274,0.5495108433962528,0.0005382131324004,0.3412849872618913,2.295595605901786,ok,3.6954522132873535,0.3902045209903121,3.9851864161523793,0.1445523193096008,0.3592233009708738,0.4962243797195254,Low SNR,Low SNR
796630,sub-796630_ses-SLAP2-796630-2025-08-25-14-59-15,fluorescence,False,2,22,2511,3381.1889652925274,0.7426381742561845,0.0007964954201513,0.2482206916630268,2.479073592177782,ok,3.932954072952272,0.4846674631620868,4.210717118974712,0.1410307630842988,0.3100279664402717,0.5489412704754295,Intermediate,Intermediate
796630,sub-796630_ses-SLAP2-796630-2025-08-25-14-59-15,fluorescence,False,2,23,1384,3381.1889652925274,0.4093234700002227,0.0014450867052023,0.2088567633658647,2.124749554984975,ok,3.582831859588623,0.3200867052023121,3.648761751254536,0.1413043478260869,0.4536231884057971,0.4050724637681159,Low SNR,Low SNR
796630,sub-796630_ses-SLAP2-796630-2025-08-25-14-59-15,fluorescence,False,2,24,1917,3381.1889652925274,0.5669603265826785,0.0005216484089723,0.2365847247004509,2.2750708537223625,ok,3.803246259689331,0.4282733437663015,4.2004842950429335,0.1265028750653423,0.3324621014113957,0.5410350235232619,Intermediate,Intermediate
796630,sub-796630_ses-SLAP2-796630-2025-08-25-14-59-15,fluorescence,False,2,25,1560,3380.938931352721,0.461410286217693,0.0006410256410256,0.2470306591272354,2.198528213657784,ok,3.665527820587158,0.3653846153846153,3.899099228742643,0.1476251604621309,0.3748395378690629,0.4775353016688061,Low SNR,Low SNR
796630,sub-796630_ses-SLAP2-796630-2025-08-25-14-59-15,fluorescence,False,2,26,3852,3380.8489191343906,1.1393588096170353,0.0,0.3190451689571142,3.076074087375999,ok,4.009779930114746,0.5054517133956387,4.953081426311031,0.0618824752990119,0.2282891315652626,0.7098283931357254,High SNR,High SNR
796630,sub-796630_ses-SLAP2-796630-2025-08-25-14-59-15,fluorescence,False,2,27,2943,3380.568881121807,0.8705635363428523,0.0,0.3873773514747619,2.6260314236858298,ok,3.842236280441284,0.4383282364933741,4.294279366475971,0.1215940054495912,0.3099455040871934,0.5684604904632152,Intermediate,Intermediate
796630,sub-796630_ses-SLAP2-796630-2025-08-25-14-59-15,fluorescence,False,2,28,2274,3380.858920491982,0.6726101424158473,0.0013192612137203,0.2321064943671226,2.397227165145545,ok,3.8037171363830566,0.4204045734388742,4.046971520722511,0.1477723864137626,0.3400970445522717,0.5121305690339656,Low SNR,Intermediate
796630,sub-796630_ses-SLAP2-796630-2025-08-25-14-59-15,fluorescence,False,2,29,1724,3380.873922528371,0.5099273263377756,0.0017401392111368,0.2395699464797973,2.227866881618863,ok,3.777005672454834,0.4158932714617169,3.641597552451982,0.199883788495061,0.3637420104590354,0.4363742010459035,Low SNR,Low SNR
796630,sub-796630_ses-SLAP2-796630-2025-08-25-14-59-15,fluorescence,False,2,30,1720,3381.1889652925274,0.5086967979771554,0.0011627906976744,0.2434067221909761,2.2453209940204286,ok,3.6199214458465576,0.3593023255813953,3.9097933797806568,0.1287128712871287,0.3948747815958066,0.4764123471170646,Low SNR,Low SNR
796630,sub-796630_ses-SLAP2-796630-2025-08-25-14-59-15,fluorescence,False,2,31,2861,3380.873922528371,0.846230905250798,0.000349528137015,0.2740650939077139,2.571396277799036,ok,3.986095666885376,0.4956308982873121,3.947780656610162,0.1724500525762355,0.3389414651244304,0.488608482299334,Low SNR,Low SNR
796630,sub-796630_ses-SLAP2-796630-2025-08-25-14-59-15,fluorescence,False,2,32,2675,3380.128821387747,0.7913899562270976,0.0,0.3140481413483619,2.5283208330709925,ok,3.902562379837036,0.4657943925233644,4.1514716612499,0.1439280359820089,0.3272113943028485,0.5288605697151424,Intermediate,Intermediate
796630,sub-796630_ses-SLAP2-796630-2025-08-25-14-59-15,fluorescence,False,2,33,2089,3381.1889652925274,0.617830006380394,0.0,0.1969622262328863,2.329119246589055,ok,3.6712043285369873,0.3666826232647199,3.8522174210318174,0.1448441247002398,0.3894484412470024,0.4657074340527578,Low SNR,Low SNR
796630,sub-796630_ses-SLAP2-796630-2025-08-25-14-59-15,fluorescence,False,2,34,2191,3380.938931352721,0.6480448314762598,0.0004564125969876,0.2472218914747238,2.379728729042,ok,3.785198926925659,0.4144226380648106,4.078673986742291,0.1267734553775743,0.3524027459954233,0.5208237986270023,Intermediate,Intermediate
796630,sub-796630_ses-SLAP2-796630-2025-08-25-14-59-15,fluorescence,False,2,35,1747,3379.3637175319377,0.5169612228884,0.0,0.2957913950353861,2.2994154043880486,ok,3.9683101177215576,0.4917000572409845,3.975413375946668,0.1790017211703958,0.3264486517498565,0.4945496270797476,Low SNR,Low SNR
796630,sub-796630_ses-SLAP2-796630-2025-08-25-14-59-15,fluorescence,False,2,36,2961,3380.8189150616136,0.8758233062435518,0.0,0.2970500688493251,2.696088883104224,ok,4.734799861907959,0.6514690982776089,5.46993955694869,0.10148849797023,0.2012855209742896,0.6972259810554804,High SNR,High SNR
796630,sub-796630_ses-SLAP2-796630-2025-08-25-14-59-15,fluorescence,False,2,37,2486,3379.0286720525964,0.7357143845985407,0.0,0.4441401758015155,2.5445777707466704,ok,3.870795726776123,0.4662107803700724,4.501092341626145,0.1142972536348949,0.27140549273021,0.614297253634895,High SNR,Intermediate
796630,sub-796630_ses-SLAP2-796630-2025-08-25-14-59-15,fluorescence,False,2,38,1921,3379.668758938502,0.568398898536836,0.0005205622071837,0.222359145668149,2.293712797487166,ok,3.7224082946777344,0.4013534617386777,3.7385999080193626,0.1729362591431557,0.3861024033437826,0.4409613375130616,Low SNR,Low SNR
796630,sub-796630_ses-SLAP2-796630-2025-08-25-14-59-15,fluorescence,False,2,39,1972,3381.1889652925274,0.5832267939598549,0.0,0.2122762345701456,2.275047096917393,ok,3.773423671722412,0.4203853955375253,3.778587629128464,0.1810783316378433,0.3814852492370295,0.4374364191251271,Low SNR,Low SNR
796630,sub-796630_ses-SLAP2-796630-2025-08-25-14-59-15,fluorescence,False,2,40,1741,3381.1889652925274,0.5149076309757137,0.0005743825387708,0.3248297928214073,2.256774067859612,ok,3.662071943283081,0.3549684089603676,3.988832789436576,0.1317606444188722,0.3705408515535098,0.4976985040276179,Low SNR,Intermediate
796630,sub-796630_ses-SLAP2-796630-2025-08-25-14-59-15,fluorescence,False,2,41,2048,3380.858920491982,0.6057632241282565,0.0,0.26102908346951,2.4022740902620243,ok,4.316535949707031,0.56201171875,4.893824996789276,0.1108386463952918,0.2368808239333006,0.6522805296714076,High SNR,Intermediate
796630,sub-796630_ses-SLAP2-796630-2025-08-25-14-59-15,fluorescence,False,2,42,1425,3378.888653046305,0.4217363004002107,0.0007017543859649,0.2186392390787601,2.1445685225045814,ok,3.6833903789520255,0.3950877192982456,4.065369882265059,0.1027445460942997,0.3842364532019704,0.5130190007037297,Low SNR,Intermediate
796630,sub-796630_ses-SLAP2-796630-2025-08-25-14-59-15,fluorescence,False,2,43,1877,3381.06894900142,0.5551498736972996,0.0005327650506126,0.2271189444243908,2.2692584104167106,ok,3.7086217403411865,0.4043686734150239,3.865266067852302,0.1607047517351842,0.3731980779498131,0.4660971703150027,Low SNR,Low SNR
796630,sub-796630_ses-SLAP2-796630-2025-08-25-14-59-15,fluorescence,False,2,44,2099,3380.6738953765257,0.620882127338763,0.0004764173415912,0.3276061524689197,2.379536634387988,ok,3.7450451850891113,0.4063839923773225,4.311455396135997,0.1148325358851674,0.3114832535885167,0.5736842105263158,Intermediate,Intermediate
796630,sub-796630_ses-SLAP2-796630-2025-08-25-14-59-15,fluorescence,False,2,45,2523,3380.8489191343906,0.7462622732772015,0.0003963535473642,0.2591793479382991,2.4552417889700853,ok,3.928012371063232,0.4756242568370987,4.190128759513695,0.1406436233611442,0.3186332936034962,0.5407230830353595,Intermediate,Intermediate
796630,sub-796630_ses-SLAP2-796630-2025-08-25-14-59-15,fluorescence,False,2,46,2393,3381.1889652925274,0.7077392078833331,0.0004178854993731,0.2171791924774646,2.424731755999128,ok,3.81237530708313,0.4174676138737986,4.211355378541941,0.1327470686767169,0.3195142378559464,0.5477386934673367,Intermediate,Intermediate
796630,sub-796630_ses-SLAP2-796630-2025-08-25-14-59-15,fluorescence,False,2,47,2183,3381.1889652925274,0.6456308778977502,0.0009161704076958,0.2423251415491104,2.34483634713058,ok,3.759032487869263,0.4173156207054512,3.916240557473112,0.1596136154553817,0.3601655933762649,0.4802207911683532,Low SNR,Low SNR
796630,sub-796630_ses-SLAP2-796630-2025-08-25-14-59-15,fluorescence,False,2,48,3086,3380.858920491982,0.912785795732324,0.0,0.3007377867221832,2.6388612253968384,ok,3.9553980827331534,0.4854180168502916,4.3208948636585855,0.1256493506493506,0.3,0.5743506493506494,Intermediate,Intermediate
796630,sub-796630_ses-SLAP2-796630-2025-08-25-14-59-15,fluorescence,False,2,49,1763,3380.358852612369,0.5215422613009086,0.0,0.418196865606308,2.32911334826896,ok,3.745500087738037,0.4112308564946114,4.273689907451008,0.1289772727272727,0.3107954545454545,0.5602272727272727,Intermediate,Intermediate
796630,sub-796630_ses-SLAP2-796630-2025-08-25-14-59-15,fluorescence,False,2,50,2055,3380.8189150616136,0.6078408964304285,0.0004866180048661,0.2812971716701984,2.33309844635682,ok,3.775132894515991,0.418978102189781,3.984013030801584,0.1448780487804878,0.3570731707317073,0.4980487804878049,Low SNR,Low SNR
796630,sub-796630_ses-SLAP2-796630-2025-08-25-14-59-15,fluorescence,False,2,51,1995,3380.023807133028,0.5902325290697228,0.0,0.4372698620975017,2.4096137994363414,ok,3.81072211265564,0.4395989974937343,4.510994813323725,0.0945674044265593,0.2932595573440644,0.6121730382293763,High SNR,Intermediate
796630,sub-796630_ses-SLAP2-796630-2025-08-25-14-59-15,fluorescence,False,2,52,1848,3380.753906237264,0.5466236381744806,0.0016233766233766,0.2713492896974087,2.265457346802822,ok,3.626504421234131,0.3430735930735931,3.771607280077757,0.160607704829083,0.3950081389039609,0.444384156266956,Low SNR,Low SNR
796630,sub-796630_ses-SLAP2-796630-2025-08-25-14-59-15,fluorescence,False,2,53,2209,3380.8489191343906,0.653386191704058,0.0,0.2890097162872552,2.3992634388131067,ok,3.772281885147095,0.4155726573110004,3.897774305112744,0.1545784224841341,0.3662737987307343,0.4791477787851315,Low SNR,Low SNR
796630,sub-796630_ses-SLAP2-796630-2025-08-25-14-59-15,fluorescence,False,2,54,1878,3379.6337541869293,0.5556815136176815,0.0005324813631522,0.3118302570372819,2.3232819896075,ok,3.8729653358459473,0.463258785942492,4.121340775604816,0.1296691568836712,0.343649946638207,0.5266808964781217,Intermediate,Intermediate
796630,sub-796630_ses-SLAP2-796630-2025-08-25-14-59-15,fluorescence,False,2,55,3324,3380.8189150616136,0.9831937419633792,0.0,0.3259341949760914,2.7493395532704588,ok,4.111154556274414,0.5321901323706378,4.952375791405305,0.0814234016887816,0.2219541616405307,0.6966224366706876,High SNR,High SNR
796630,sub-796630_ses-SLAP2-796630-2025-08-25-14-59-15,fluorescence,False,2,56,3355,3379.668758938502,0.9927008352894768,0.0,0.3445058251440525,2.7793770383708583,ok,4.194438457489014,0.56274217585693,4.425144945054695,0.1527196652719665,0.2674835624626419,0.5797967722653915,Intermediate,Intermediate
796630,sub-796630_ses-SLAP2-796630-2025-08-25-14-59-15,fluorescence,False,2,57,1962,3380.933930673925,0.5803130259954274,0.0,0.3583445430815219,2.359143321420225,ok,3.845603704452514,0.4500509683995922,4.450291928723653,0.0990806945863125,0.304902962206333,0.5960163432073544,Intermediate,Intermediate
796630,sub-796630_ses-SLAP2-796630-2025-08-25-14-59-15,fluorescence,False,2,58,1746,3381.018942213459,0.5164123685319971,0.0,0.3712039905667305,2.280072930935195,ok,3.549400329589844,0.2961053837342497,3.993569428186389,0.1051120045950603,0.3957495692130959,0.4991384261918438,Low SNR,Intermediate
796630,sub-796630_ses-SLAP2-796630-2025-08-25-14-59-15,fluorescence,False,2,59,2090,3381.1889652925274,0.6181257603327063,0.000956937799043,0.2483459559202194,2.3559229282253784,ok,3.816122531890869,0.4425837320574162,4.20158650783459,0.1237410071942446,0.3323741007194244,0.543884892086331,Intermediate,Intermediate
796630,sub-796630_ses-SLAP2-796630-2025-08-25-14-59-15,fluorescence,False,2,60,1907,3380.938931352721,0.5640444973186798,0.0,0.3785838889896869,2.33613861097723,ok,3.684565305709839,0.3675930781331935,4.078870925183759,0.1157285639137296,0.3634928984744871,0.5207785376117833,Intermediate,Intermediate
796630,sub-796630_ses-SLAP2-796630-2025-08-25-14-59-15,fluorescence,False,2,61,1653,3381.1889652925274,0.4888812831722313,0.0,0.3151609607309102,2.2531934318251534,ok,3.65157961845398,0.3756805807622504,4.036912166484364,0.1335761991499696,0.3600485731633273,0.5063752276867031,Low SNR,Intermediate
796630,sub-796630_ses-SLAP2-796630-2025-08-25-14-59-15,fluorescence,False,2,62,1732,3380.023807133028,0.5124224262399799,0.0,0.2849743293464183,2.262198546146191,ok,3.848715305328369,0.4578521939953811,4.236801614806684,0.1123335263462652,0.3254198031268095,0.5622466705269253,Intermediate,Intermediate
796630,sub-796630_ses-SLAP2-796630-2025-08-25-14-59-15,fluorescence,False,2,63,2101,3380.723902164487,0.621464532686283,0.0004759638267491,0.2432995958447456,2.3481998412744933,ok,3.813353300094605,0.4283674440742503,3.826303008900663,0.1611058150619637,0.3736892278360343,0.4652049571020019,Low SNR,Low SNR
796630,sub-796630_ses-SLAP2-796630-2025-08-25-14-59-15,fluorescence,False,2,64,2770,3378.623617070109,0.8198604857921704,0.0,0.316935515615344,2.555738407871688,ok,3.7931935787200928,0.4151624548736462,3.928954596026636,0.1704052098408104,0.3440665701881331,0.4855282199710564,Low SNR,Low SNR
796630,sub-796630_ses-SLAP2-796630-2025-08-25-14-59-15,fluorescence,False,2,65,1763,3381.06894900142,0.5214327263336916,0.0005672149744753,0.2523638898164034,2.244854135454001,ok,3.648235082626343,0.3397617697107203,3.75797855541076,0.1461057418988061,0.4093234792495736,0.4445707788516202,Low SNR,Low SNR
796630,sub-796630_ses-SLAP2-796630-2025-08-25-14-59-15,fluorescence,False,2,66,1811,3379.773773193221,0.5358346805232947,0.0005521811154058,0.3180645508646965,2.297131303723428,ok,3.710880279541016,0.3981225842076201,4.351672175832265,0.0992239467849224,0.3159645232815964,0.5848115299334812,Intermediate,Intermediate
796630,sub-796630_ses-SLAP2-796630-2025-08-25-14-59-15,fluorescence,False,2,67,1909,3381.1889652925274,0.56459429496418,0.0,0.2755104490220547,2.2958093907540698,ok,3.7322757244110094,0.396018858040859,4.317669835741985,0.1012060828526481,0.3350812794965915,0.5637126376507604,Intermediate,Intermediate
796630,sub-796630_ses-SLAP2-796630-2025-08-25-14-59-15,fluorescence,False,2,68,2070,3380.873922528371,0.6122677294194869,0.0,0.2587462031364441,2.3480067897904706,ok,3.8658599853515625,0.4632850241545894,3.845756175493845,0.1862269641125121,0.3467507274490786,0.4670223084384093,Low SNR,Low SNR
796630,sub-796630_ses-SLAP2-796630-2025-08-25-14-59-15,fluorescence,False,2,69,2250,3380.938931352721,0.6654956051216726,0.0008888888888888,0.2260919100701808,2.3479649449765883,ok,3.775815486907959,0.4173333333333333,4.254074286121122,0.1085892300845571,0.3244325767690253,0.5669781931464174,Intermediate,Intermediate
796630,sub-796630_ses-SLAP2-796630-2025-08-25-14-59-15,fluorescence,False,2,70,2042,3381.1889652925274,0.6039295706217159,0.0014691478942213,0.3380189261108636,2.3232104936817217,ok,3.8587965965271,0.4524975514201763,4.457349373253802,0.0989710926016658,0.3023027927486526,0.5987261146496815,Intermediate,Intermediate
796630,sub-796630_ses-SLAP2-796630-2025-08-25-14-59-15,fluorescence,False,2,71,2722,3381.063948322624,0.8050720251388349,0.0,0.3882908305764198,2.600362809124604,ok,4.05683183670044,0.5172667156502572,4.375980711077687,0.1374861776631036,0.290821968300774,0.5716918540361223,Intermediate,Intermediate
796630,sub-796630_ses-SLAP2-796630-2025-08-25-14-59-15,fluorescence,False,2,72,2187,3380.8489191343906,0.6468789503199524,0.0,0.2930863940387964,2.375004284739034,ok,3.766215085983277,0.407864654778235,4.291406429409646,0.1040329972502291,0.3244729605866178,0.571494042163153,Intermediate,Intermediate
796630,sub-796630_ses-SLAP2-796630-2025-08-25-14-59-15,fluorescence,False,2,73,1928,3379.653756902114,0.5704726397082934,0.0,0.4925112669646739,2.413974775330304,ok,3.637432336807251,0.3454356846473029,4.347572010283999,0.0875455966649296,0.3225638353309015,0.5898905680041688,Intermediate,Intermediate
796630,sub-796630_ses-SLAP2-796630-2025-08-25-14-59-15,fluorescence,False,2,74,2810,3380.1588254605235,0.8313218831121513,0.0,0.3909486420750618,2.5822151724987084,ok,3.892969131469727,0.4601423487544483,4.680841965247521,0.0848787446504992,0.2696148359486447,0.645506419400856,High SNR,High SNR
796630,sub-796630_ses-SLAP2-796630-2025-08-25-14-59-15,fluorescence,False,2,75,2886,3380.928929995129,0.8536115546221074,0.0,0.4348767624735832,2.6199177484882568,ok,3.8471951484680176,0.4338184338184338,4.189611627877794,0.1315058986814712,0.3154059680777238,0.553088133240805,Intermediate,Intermediate
796630,sub-796630_ses-SLAP2-796630-2025-08-25-14-59-15,fluorescence,False,2,76,2124,3380.8189150616136,0.6282501528069246,0.0004708097928436,0.2788205846339464,2.340010891508335,ok,3.814440488815308,0.4194915254237288,4.383738632559946,0.1011342155009451,0.3076559546313799,0.5912098298676749,Intermediate,Intermediate
796630,sub-796630_ses-SLAP2-796630-2025-08-25-14-59-15,fluorescence,False,2,77,3386,3379.653756902114,1.0018777790727602,0.0,0.4061893034398555,2.803601361990184,ok,4.152602672576904,0.5478440637920851,5.118318423114748,0.0882962962962962,0.2017777777777777,0.709925925925926,High SNR,High SNR
796630,sub-796630_ses-SLAP2-796630-2025-08-25-14-59-15,fluorescence,False,2,78,1909,3380.8189150616136,0.5646560930830599,0.0,0.3309722482860088,2.299551614134532,ok,3.678587913513184,0.3672079622839183,3.7597172049906384,0.1568730325288562,0.391395592864638,0.4517313746065057,Low SNR,Low SNR
796630,sub-796630_ses-SLAP2-796630-2025-08-25-14-59-15,fluorescence,False,2,79,2438,3377.713493529213,0.7217900525519851,0.0,0.3580688733458518,2.4588383700739183,ok,3.809775114059448,0.4228876127973749,4.146731838653914,0.1440922190201729,0.322354878550844,0.5335529024289831,Intermediate,Intermediate
796630,sub-796630_ses-SLAP2-796630-2025-08-25-14-59-15,fluorescence,False,2,80,1813,3381.1889652925274,0.5362019155421993,0.0011031439602868,0.3262722759157419,2.277141164350053,ok,3.6286709308624254,0.3370104798676227,3.901657718689388,0.1404090657822001,0.3792150359314538,0.480375898286346,Low SNR,Low SNR
796630,sub-796630_ses-SLAP2-796630-2025-08-25-14-59-15,fluorescence,False,2,81,2247,3380.8489191343906,0.664625972276604,0.0,0.3555743251383304,2.3961735419104104,ok,3.7817814350128174,0.4210057854917668,4.21004392697597,0.1225490196078431,0.3262032085561497,0.5512477718360071,Intermediate,Intermediate
796630,sub-796630_ses-SLAP2-796630-2025-08-25-14-59-15,fluorescence,False,2,82,2226,3380.363853291165,0.6585089938861872,0.0,0.3253925320029258,2.393954009342379,ok,3.7695701122283936,0.4016172506738544,4.176355548477688,0.1111111111111111,0.3450292397660818,0.543859649122807,Intermediate,Intermediate
796630,sub-796630_ses-SLAP2-796630-2025-08-25-14-59-15,fluorescence,False,2,83,1795,3380.1588254605235,0.5310401352976197,0.0,0.4194229088544845,2.3095753602915776,ok,3.635873079299927,0.358217270194986,4.167896722666001,0.1072625698324022,0.3547486033519553,0.5379888268156424,Intermediate,Intermediate
796630,sub-796630_ses-SLAP2-796630-2025-08-25-14-59-15,fluorescence,False,2,84,1907,3375.4031799253976,0.5649695453691396,0.0,0.4873407030701637,2.392135292775316,ok,3.657680988311768,0.356581017304667,4.481744488272035,0.0726315789473684,0.2978947368421052,0.6294736842105263,High SNR,Intermediate
796630,sub-796630_ses-SLAP2-796630-2025-08-28-14-25-34,fluorescence,False,1,0,4836,3529.054898659072,1.3703385577361027,0.0,0.4986042353153228,3.4502607480608494,ok,4.505629539489746,0.6311000827129859,5.330713697162509,0.1090947017104714,0.1827284105131414,0.7081768877763871,High SNR,High SNR
796630,sub-796630_ses-SLAP2-796630-2025-08-28-14-25-34,fluorescence,False,1,1,2762,3529.3248894707026,0.7825859297453969,0.0,0.3896497378885746,2.611776254469583,ok,4.140409469604492,0.5416364952932657,4.401973862050213,0.1546880700474279,0.2750820868296242,0.5702298431229478,Low SNR,Intermediate
796630,sub-796630_ses-SLAP2-796630-2025-08-28-14-25-34,fluorescence,False,1,2,5426,3529.3248894707026,1.5374045093405226,0.0001842978252856,0.3682322893738746,3.982861650224202,ok,4.824872016906738,0.6837449318098047,6.186868303599587,0.0597320431708224,0.1222553033122441,0.8180126535169334,High SNR,High SNR
796630,sub-796630_ses-SLAP2-796630-2025-08-28-14-25-34,fluorescence,False,1,3,3704,3528.2749252032486,1.0498048135482607,0.0002699784017278,0.2699148261666297,2.8806096388202147,ok,4.288497924804688,0.57829373650108,4.47616805715364,0.1442569406641262,0.2583015786608601,0.5974414806750136,Intermediate,Intermediate
796630,sub-796630_ses-SLAP2-796630-2025-08-28-14-25-34,fluorescence,False,1,4,3265,3529.144895596282,0.925153286869608,0.0,0.5514564288318157,2.8621793183846003,ok,4.112722873687744,0.53843797856049,5.025289486799927,0.0915536374845869,0.2105425400739827,0.6979038224414303,High SNR,High SNR
796630,sub-796630_ses-SLAP2-796630-2025-08-28-14-25-34,fluorescence,False,1,5,3762,3529.3248894707026,1.0659262374012248,0.0007974481658692,0.2356005055367946,2.837351198564211,ok,4.186069965362549,0.5552897395002658,4.328424357919825,0.1517665952890792,0.2877408993576017,0.5604925053533191,Low SNR,Intermediate
796630,sub-796630_ses-SLAP2-796630-2025-08-28-14-25-34,fluorescence,False,1,6,3298,3529.3248894707026,0.9344563346489208,0.0006064281382656,0.3191809713184833,2.8088342586185933,ok,4.20050573348999,0.5548817465130382,4.887446669453771,0.1173780487804878,0.2320121951219512,0.650609756097561,High SNR,Intermediate
796630,sub-796630_ses-SLAP2-796630-2025-08-28-14-25-34,fluorescence,False,1,7,1812,3529.3248894707026,0.5134126374723603,0.0005518763796909,0.4231686415314674,2.3090288617793755,ok,3.594371795654297,0.326158940397351,4.307514893476824,0.0707126948775055,0.344097995545657,0.5851893095768375,Intermediate,Intermediate
796630,sub-796630_ses-SLAP2-796630-2025-08-28-14-25-34,fluorescence,False,1,8,1996,3529.3248894707026,0.5655472540810327,0.0,0.4756619209170341,2.3677249787693864,ok,3.633876800537109,0.3371743486973947,4.3545334060936325,0.0956215400100654,0.3155510820332159,0.5888273779567187,Intermediate,Intermediate
796630,sub-796630_ses-SLAP2-796630-2025-08-28-14-25-34,fluorescence,False,1,9,2576,3529.3248894707026,0.7298846325214129,0.0,0.4432468892097473,2.564094127279872,ok,3.871753692626953,0.4499223602484472,4.420610815329895,0.1253416634127294,0.274892620070285,0.5997657165169855,Intermediate,Intermediate
796630,sub-796630_ses-SLAP2-796630-2025-08-28-14-25-34,fluorescence,False,1,10,1677,3528.819906656356,0.4752296927470575,0.0,0.3839284531116485,2.296090091763676,ok,3.571146011352539,0.3208109719737627,4.253434582695279,0.0905275779376498,0.3459232613908873,0.5635491606714629,Intermediate,Intermediate
796630,sub-796630_ses-SLAP2-796630-2025-08-28-14-25-34,fluorescence,False,1,11,1922,3529.3248894707026,0.5445800713145014,0.0,0.4430835375487804,2.346102738285503,ok,3.593224048614502,0.3288241415192507,4.364568941830294,0.084161003659174,0.3204391008886565,0.5953998954521693,Intermediate,Intermediate
796630,sub-796630_ses-SLAP2-796630-2025-08-28-14-25-34,fluorescence,False,1,12,2853,3529.3248894707026,0.8083698977420772,0.0003505082369435,0.2854379838377237,2.6086267506400747,ok,4.380377769470215,0.5856992639327024,4.916943074830583,0.0958952583156404,0.2381457891012031,0.6659589525831564,High SNR,High SNR
796630,sub-796630_ses-SLAP2-796630-2025-08-28-14-25-34,fluorescence,False,1,13,2529,3528.819906656356,0.7166701806543282,0.0003954132068011,0.4499868573904037,2.4876953930163994,ok,3.745671033859253,0.3902728351126928,4.382682159958762,0.0974542561654733,0.3098647573587907,0.5926809864757359,Intermediate,Intermediate
796630,sub-796630_ses-SLAP2-796630-2025-08-28-14-25-34,fluorescence,False,1,14,3012,3529.184894235042,0.8534548600500165,0.0,0.4036878623843193,2.664463208964792,ok,3.9896774291992174,0.4963479415670651,4.581055734651431,0.1232876712328767,0.2582692950217173,0.618443033745406,High SNR,Intermediate
796630,sub-796630_ses-SLAP2-796630-2025-08-28-14-25-34,fluorescence,False,1,15,2716,3529.3248894707026,0.7695522755932288,0.0,0.2997338610827922,2.5476082960027444,ok,4.017830848693848,0.5051546391752577,4.413607928911151,0.11880088823094,0.3001480384900074,0.5810510732790526,Intermediate,Intermediate
796630,sub-796630_ses-SLAP2-796630-2025-08-28-14-25-34,fluorescence,False,1,16,3292,3528.949902232326,0.9328554077567274,0.0,0.3192995194673538,2.7458360700540085,ok,4.139958381652832,0.542831105710814,3.964303423201408,0.2069810165339865,0.3006736068585425,0.4923453766074709,Low SNR,Low SNR
796630,sub-796630_ses-SLAP2-796630-2025-08-28-14-25-34,fluorescence,False,1,17,3512,3529.3248894707026,0.995091160487268,0.0,0.442408833771944,2.937358427215226,ok,4.297943115234375,0.5783029612756264,5.383391566309316,0.0711009174311926,0.1866399082568807,0.7422591743119266,High SNR,High SNR
796630,sub-796630_ses-SLAP2-796630-2025-08-28-14-25-34,fluorescence,False,1,18,2374,3529.3248894707026,0.6726498903749356,0.0012636899747262,0.2398373094499111,2.402458488253296,ok,3.890078544616699,0.4675652906486942,4.406491292950612,0.1204564666103127,0.2924767540152155,0.5870667793744717,Intermediate,Intermediate
796630,sub-796630_ses-SLAP2-796630-2025-08-28-14-25-34,fluorescence,False,1,19,2144,3529.3248894707026,0.6074816196140952,0.0,0.5728665868341922,2.469838314947356,ok,3.7129955291748047,0.3777985074626865,4.5947598389347215,0.0823142050799623,0.2676387582314205,0.6500470366886171,High SNR,High SNR
796630,sub-796630_ses-SLAP2-796630-2025-08-28-14-25-34,fluorescence,False,1,20,3305,3527.9449364334773,0.9368060045010622,0.0003025718608169,0.2568282681763172,2.695803280381704,ok,4.106513500213623,0.5316187594553706,4.554533178833626,0.1201219512195121,0.274390243902439,0.6054878048780488,Intermediate,Intermediate
796630,sub-796630_ses-SLAP2-796630-2025-08-28-14-25-34,fluorescence,False,1,21,3943,3529.3248894707026,1.1172108330869297,0.0,0.373924898135662,3.0271691328881354,ok,4.480119705200195,0.6223687547552625,5.349843069088176,0.0932854946181445,0.186058431573552,0.7206560738083034,High SNR,High SNR
796630,sub-796630_ses-SLAP2-796630-2025-08-28-14-25-34,fluorescence,False,1,22,2253,3529.3248894707026,0.6383657131485805,0.0,0.300686090362072,2.369000103711765,ok,3.73192834854126,0.3865956502441189,3.875525403662188,0.1540528437080161,0.3797581728616211,0.4661889834303627,Low SNR,Low SNR
796630,sub-796630_ses-SLAP2-796630-2025-08-28-14-25-34,fluorescence,False,1,23,1672,3529.3248894707026,0.4737449944005444,0.0,0.308674834933877,2.2205659673552,ok,3.5780982971191406,0.3092105263157895,4.086567691328157,0.0970464135021097,0.3743218806509946,0.5286317058468957,Intermediate,Intermediate
796630,sub-796630_ses-SLAP2-796630-2025-08-28-14-25-34,fluorescence,False,1,24,3218,3528.8349061458907,0.9119157131424498,0.0,0.3288211273938417,2.6832778176162324,ok,3.930500507354736,0.4714108141702921,4.269696893220216,0.1347717323327079,0.3055034396497811,0.5597248280175109,Intermediate,Intermediate
796630,sub-796630_ses-SLAP2-796630-2025-08-28-14-25-34,fluorescence,False,1,25,1695,3529.3248894707026,0.4802618214766284,0.0005899705014749,0.2649476454734802,2.2390829680282804,ok,3.721324920654297,0.3941002949852507,4.350247494974334,0.0970238095238095,0.3202380952380952,0.5827380952380953,Intermediate,Intermediate
796630,sub-796630_ses-SLAP2-796630-2025-08-28-14-25-34,fluorescence,False,1,26,1943,3529.3248894707026,0.5505302177752738,0.0010293360782295,0.2736250120729208,2.275274243000426,ok,3.6296751499176025,0.3360782295419454,3.854257370864745,0.1450025893319523,0.3946141895390989,0.4603832211289487,Low SNR,Low SNR
796630,sub-796630_ses-SLAP2-796630-2025-08-28-14-25-34,fluorescence,False,1,27,1816,3529.3248894707026,0.5145459987029837,0.0,0.4097400038659572,2.30064967200038,ok,3.6162514686584473,0.3370044052863436,4.119774554293226,0.1011608623548922,0.3659480375898286,0.5328911000552792,Intermediate,Intermediate
796630,sub-796630_ses-SLAP2-796630-2025-08-28-14-25-34,fluorescence,False,1,28,2545,3529.3248894707026,0.7211010829840823,0.0,0.3401111705929041,2.453052047693112,ok,3.738946676254273,0.3854616895874263,4.025797870464041,0.1358415841584158,0.356039603960396,0.5081188118811881,Low SNR,Intermediate
796630,sub-796630_ses-SLAP2-796630-2025-08-28-14-25-34,fluorescence,False,1,29,2772,3529.3248894707026,0.7854193328219552,0.0,0.4393619740247726,2.54553926464269,ok,3.9327681064605713,0.4783549783549783,4.487275961621386,0.1079319087287214,0.2926475914523723,0.5994204998189062,Intermediate,Intermediate
796630,sub-796630_ses-SLAP2-796630-2025-08-28-14-25-34,fluorescence,False,1,30,3095,3529.3248894707026,0.8769382521947876,0.0006462035541195,0.3443437769383192,2.639644062145898,ok,4.094592571258545,0.5256865912762521,4.725284935488369,0.1128506196999347,0.2508153946510111,0.6363339856490542,High SNR,Intermediate
796630,sub-796630_ses-SLAP2-796630-2025-08-28-14-25-34,fluorescence,False,1,31,2537,3529.3248894707026,0.7188343605228357,0.0003941663381947,0.3460772177517414,2.481814437196194,ok,3.868340015411377,0.4552621206148995,4.270312726594128,0.1357681619690353,0.3040889241762604,0.5601429138547043,Intermediate,Intermediate
796630,sub-796630_ses-SLAP2-796630-2025-08-28-14-25-34,fluorescence,False,1,32,2288,3529.3248894707026,0.6482826239165345,0.0,0.2511911556780338,2.3584440358213765,ok,3.863824605941773,0.4541083916083916,4.178480171815886,0.1324561403508772,0.3289473684210526,0.5385964912280702,Low SNR,Intermediate
796630,sub-796630_ses-SLAP2-796630-2025-08-28-14-25-34,fluorescence,False,1,33,2565,3529.3248894707026,0.7267678891371988,0.0003898635477582,0.3044189210414886,2.429512101985057,ok,3.713438034057617,0.3871345029239766,4.278785948198728,0.1061912225705329,0.3307210031347962,0.5630877742946708,Intermediate,Intermediate
796630,sub-796630_ses-SLAP2-796630-2025-08-28-14-25-34,fluorescence,False,1,34,3313,3529.164894915662,0.938748995484149,0.0003018412315122,0.2280645680576562,2.6557137278649505,ok,4.333504676818848,0.5798370057349834,4.469172648507622,0.1559939301972686,0.2579666160849772,0.5860394537177541,Low SNR,Intermediate
796630,sub-796630_ses-SLAP2-796630-2025-08-28-14-25-34,fluorescence,False,1,35,2760,3529.3248894707026,0.7820192491300852,0.0010869565217391,0.3010028962612152,2.513455387798766,ok,3.918755531311035,0.469927536231884,4.409313943723567,0.116398243045388,0.3005124450951684,0.5830893118594437,Intermediate,Intermediate
796630,sub-796630_ses-SLAP2-796630-2025-08-28-14-25-34,fluorescence,False,1,36,3088,3529.184894235042,0.8749895776342799,0.0,0.2971543452680111,2.6308103560877485,ok,4.011345863342285,0.5058290155440415,4.2859206852665706,0.1474338018960444,0.2974828375286041,0.5550833605753515,Low SNR,Intermediate
796630,sub-796630_ses-SLAP2-796630-2025-08-28-14-25-34,fluorescence,False,1,37,2975,3529.3248894707026,0.8429374152760882,0.0003361344537815,0.4850015974223614,2.638759426290932,ok,3.792226791381836,0.4077310924369748,4.71375525242829,0.0683124788637132,0.2590463307406155,0.6726411903956713,High SNR,High SNR
796630,sub-796630_ses-SLAP2-796630-2025-08-28-14-25-34,fluorescence,False,1,38,3105,3527.4349537892854,0.8802430209703819,0.0,0.3433101590305566,2.6187156862542675,ok,4.1184401512146,0.5381642512077295,4.9782215161119785,0.0861678004535147,0.2228701004211208,0.6909620991253644,High SNR,High SNR
796630,sub-796630_ses-SLAP2-796630-2025-08-28-14-25-34,fluorescence,False,1,39,1596,3529.3248894707026,0.4522111310187015,0.0018796992481203,0.376244650787115,2.2343873145756303,ok,3.497769355773926,0.2293233082706766,4.019496247505236,0.0888468809073724,0.4076874606175173,0.5034656584751103,Intermediate,Intermediate
796630,sub-796630_ses-SLAP2-796630-2025-08-28-14-25-34,fluorescence,False,1,40,2491,3529.3248894707026,0.7058007063706675,0.0008028904054596,0.3651001085400581,2.4860136532073573,ok,4.123034954071045,0.5331192292252107,4.535866733869877,0.1310149615851193,0.2640517589971694,0.6049332794177112,Intermediate,Intermediate
796630,sub-796630_ses-SLAP2-796630-2025-08-28-14-25-34,fluorescence,False,1,41,3130,3529.1048969575218,0.8869104465266548,0.0,0.3907448612093925,2.6527681273436268,ok,3.9807610511779785,0.4916932907348242,4.687787346359553,0.0960796915167095,0.2651028277634961,0.6388174807197944,High SNR,Intermediate
796630,sub-796630_ses-SLAP2-796630-2025-08-28-14-25-34,fluorescence,False,1,42,2122,3529.3248894707026,0.601248132845667,0.0,0.5099916620850563,2.447515103810595,ok,3.691455364227295,0.3807728557964184,4.568944624353468,0.078710289236605,0.2754860123281176,0.6458036984352774,High SNR,High SNR
796630,sub-796630_ses-SLAP2-796630-2025-08-28-14-25-34,fluorescence,False,1,43,2318,3528.174928606348,0.6569969026211592,0.0056082830025884,0.1940961490988731,2.3507542570003896,ok,3.766070604324341,0.4154443485763589,3.942233608858436,0.153446033810143,0.3589076723016905,0.4876462938881664,Low SNR,Low SNR
796630,sub-796630_ses-SLAP2-796630-2025-08-28-14-25-34,fluorescence,False,1,44,2066,3528.619913462555,0.5854980277466838,0.0019361084220716,0.2628946151107549,2.339871028119241,ok,3.793581962585449,0.4293320425943853,4.399691457688837,0.1074380165289256,0.3125911521633446,0.5799708313077298,Intermediate,Intermediate
796630,sub-796630_ses-SLAP2-796630-2025-08-28-14-25-34,fluorescence,False,2,0,3106,3779.0313915064207,0.8219037309351027,0.0,0.2714595310807228,2.7884232275883827,ok,4.895613193511963,0.6423052157115261,4.957648716436212,0.1473718155433731,0.2276684940341825,0.6249596904224444,High SNR,Intermediate
796630,sub-796630_ses-SLAP2-796630-2025-08-28-14-25-34,fluorescence,False,2,1,5104,3778.6164056292746,1.3507589689168251,0.0,0.3282563777983188,3.5813759207976306,ok,4.687873840332031,0.6536050156739812,3.991200543458974,0.2426326129666011,0.2589390962671906,0.4984282907662082,Low SNR,Low SNR
796630,sub-796630_ses-SLAP2-796630-2025-08-28-14-25-34,fluorescence,False,2,2,3098,3774.311552132616,0.820811943372699,0.0,0.3595359232574701,2.572913366341324,ok,3.900854587554932,0.4664299548095545,4.280147099613348,0.1420711974110032,0.3019417475728155,0.5559870550161812,Low SNR,Intermediate
796630,sub-796630_ses-SLAP2-796630-2025-08-28-14-25-34,fluorescence,False,2,3,3921,3779.411378574651,1.0374631410139712,0.0,0.2902626018762588,2.9453041768775514,ok,4.497912883758545,0.6228003060443764,4.48201472603705,0.1858565228491192,0.2471279040081695,0.5670155731427112,Low SNR,Intermediate
796630,sub-796630_ses-SLAP2-796630-2025-08-28-14-25-34,fluorescence,False,2,4,4627,3779.411378574651,1.224264716519165,0.0008644910309055,0.3333634037733078,3.309097711612033,ok,4.763314723968506,0.6712772854981629,4.933942943990872,0.1446826943902967,0.2103097249296079,0.6450075806800953,High SNR,Intermediate
796630,sub-796630_ses-SLAP2-796630-2025-08-28-14-25-34,fluorescence,False,2,5,3210,3778.7614006947833,0.8494847013653183,0.0012461059190031,0.338163896843791,2.632729536748305,ok,4.038477897644043,0.509968847352025,4.310985807332202,0.1436602123672704,0.2982510930668332,0.5580886945658963,Low SNR,Intermediate
796630,sub-796630_ses-SLAP2-796630-2025-08-28-14-25-34,fluorescence,False,2,6,1876,3779.411378574651,0.496373591569041,0.0,0.2947616874933242,2.233699534514469,ok,3.6030523777008057,0.3224946695095949,3.8290082840663135,0.1371398078975453,0.4071504802561366,0.455709711846318,Low SNR,Low SNR
796630,sub-796630_ses-SLAP2-796630-2025-08-28-14-25-34,fluorescence,False,2,7,2636,3779.411378574651,0.6974631062771813,0.0,0.3760435652017593,2.472699829360774,ok,3.770828723907471,0.4104704097116843,4.583956962732061,0.0786773090079817,0.2919042189281642,0.629418472063854,Intermediate,Intermediate
796630,sub-796630_ses-SLAP2-796630-2025-08-28-14-25-34,fluorescence,False,2,8,3960,3779.411378574651,1.0477822082160997,0.0002525252525252,0.3275956585496664,2.8741825027424226,ok,4.204468250274658,0.5611111111111111,4.372580090646147,0.1597064034421665,0.266767906859023,0.5735256896988105,Low SNR,Intermediate
796630,sub-796630_ses-SLAP2-796630-2025-08-28-14-25-34,fluorescence,False,2,9,3606,3778.7614006947833,0.954280944898236,0.0002773155851358,0.3308433608651161,2.769695275898901,ok,4.455548286437988,0.603438713255685,5.058396854447423,0.1116356567620105,0.2127186892529853,0.6756456539850042,High SNR,High SNR
796630,sub-796630_ses-SLAP2-796630-2025-08-28-14-25-34,fluorescence,False,2,10,3607,3779.411378574651,0.9543814204635026,0.0,0.4564712599754333,2.8283525033198225,ok,4.112520217895508,0.5325755475464374,4.658749480190487,0.1260760899750069,0.2543737850597056,0.6195501249652874,High SNR,Intermediate
796630,sub-796630_ses-SLAP2-796630-2025-08-28-14-25-34,fluorescence,False,2,11,3470,3779.411378574651,0.9181323895226932,0.0,0.3856817108631133,2.6865796645153006,ok,3.9247236251831055,0.4726224783861671,4.34452631851401,0.1327561327561327,0.2929292929292929,0.5743145743145743,Intermediate,Intermediate
796630,sub-796630_ses-SLAP2-796630-2025-08-28-14-25-34,fluorescence,False,2,12,3002,3779.411378574651,0.7943035830971541,0.0003331112591605,0.3447284066945314,2.5225825669346835,ok,3.863371372222901,0.4503664223850766,4.238361972568641,0.1320440146715571,0.3134378126042014,0.5545181727242414,Intermediate,Intermediate
796630,sub-796630_ses-SLAP2-796630-2025-08-28-14-25-34,fluorescence,False,2,13,4462,3779.411378574651,1.1806071245101604,0.0,0.3982648258388042,3.080428564929595,ok,4.340303421020508,0.5891976692066337,4.724443723529618,0.1406425522354527,0.2233206021118849,0.6360368456526623,High SNR,Intermediate
796630,sub-796630_ses-SLAP2-796630-2025-08-28-14-25-34,fluorescence,False,2,14,2966,3779.0363913362658,0.784856162486232,0.0,0.28667962436378,2.5852890292145525,ok,4.114957809448242,0.5289952798381659,4.144782025227229,0.1664411366711772,0.3037889039242219,0.5297699594046008,Low SNR,Intermediate
796630,sub-796630_ses-SLAP2-796630-2025-08-28-14-25-34,fluorescence,False,2,15,2001,3779.411378574651,0.5294475249091957,0.0,0.366866754323244,2.30889814461555,ok,3.6130428314208975,0.3248375812093953,3.9894224057532095,0.1196196196196196,0.3823823823823823,0.497997997997998,Low SNR,Intermediate
796630,sub-796630_ses-SLAP2-796630-2025-08-28-14-25-34,fluorescence,False,2,16,3194,3779.411378574651,0.8451051447076317,0.0,0.3613774845778942,2.612109815324864,ok,3.945690155029297,0.4787100814026299,4.466658488060122,0.1144559423016619,0.2862966447162119,0.599247412982126,Intermediate,Intermediate
796630,sub-796630_ses-SLAP2-796630-2025-08-28-14-25-34,fluorescence,False,2,17,2238,3779.411378574651,0.5921557025221289,0.0,0.4434335263252258,2.4631136797974618,ok,3.607616424560547,0.3279714030384271,4.23445191481521,0.1480984340044742,0.2997762863534675,0.5521252796420582,Low SNR,Intermediate
796630,sub-796630_ses-SLAP2-796630-2025-08-28-14-25-34,fluorescence,False,2,18,3563,3778.716402226177,0.9429127832670664,0.0,0.4895469446539878,2.809985002303171,ok,4.340304851531982,0.5832163906820096,5.046898432207382,0.0963483146067415,0.221629213483146,0.6820224719101123,High SNR,High SNR
796630,sub-796630_ses-SLAP2-796630-2025-08-28-14-25-34,fluorescence,False,2,19,2192,3779.411378574651,0.579984495052952,0.000456204379562,0.3921256400585174,2.351686465295602,ok,3.654327869415283,0.3403284671532847,4.1944178736378,0.1115683584819387,0.3411065386374028,0.5473251028806584,Intermediate,Intermediate
796630,sub-796630_ses-SLAP2-796630-2025-08-28-14-25-34,fluorescence,False,2,20,2264,3779.006392357195,0.5990992776775395,0.0,0.2499313330560922,2.307235796039713,ok,3.81134843826294,0.418286219081272,3.5447534795594944,0.212322695035461,0.3949468085106383,0.3927304964539007,Low SNR,Low SNR
796630,sub-796630_ses-SLAP2-796630-2025-08-28-14-25-34,fluorescence,False,2,21,2643,3779.411378574651,0.6993152465442299,0.0003783579265985,0.255108701428771,2.4196349566929864,ok,3.758439064025879,0.4067347710934544,4.046110096930831,0.1421531463229719,0.3468536770280515,0.5109931766489765,Low SNR,Intermediate
796630,sub-796630_ses-SLAP2-796630-2025-08-28-14-25-34,fluorescence,False,2,22,3245,3779.411378574651,0.8585993095104147,0.0006163328197226,0.2691619592607021,2.639492505026194,ok,4.279063701629639,0.5765793528505393,4.118870204454298,0.1946246524559777,0.2860673463083101,0.5193080012357121,Low SNR,Low SNR
796630,sub-796630_ses-SLAP2-796630-2025-08-28-14-25-34,fluorescence,False,2,23,2436,3779.411378574651,0.6445448129329339,0.0,0.4159705640673637,2.414701027558768,ok,3.6541476249694815,0.3431855500821018,4.300004526132466,0.0870636550308008,0.3330595482546201,0.579876796714579,Intermediate,Intermediate
796630,sub-796630_ses-SLAP2-796630-2025-08-28-14-25-34,fluorescence,False,2,24,3851,3779.411378574651,1.0189417383434844,0.0,0.4941128378748893,2.856440281997975,ok,4.02039098739624,0.5081796935860815,4.690144354321703,0.1078762672212113,0.2414868728879646,0.650636859890824,High SNR,Intermediate
796630,sub-796630_ses-SLAP2-796630-2025-08-28-14-25-34,fluorescence,False,2,25,3170,3779.0363913362658,0.838838177707807,0.0,0.2497599618315696,2.5523367284579006,ok,3.8413548469543457,0.4359621451104101,4.05768704520816,0.1453855878634639,0.3445006321112516,0.5101137800252844,Low SNR,Intermediate
796630,sub-796630_ses-SLAP2-796630-2025-08-28-14-25-34,fluorescence,False,2,26,1880,3779.411378574651,0.4974319574359259,0.000531914893617,0.3239680542647838,2.254888858022474,ok,3.59204626083374,0.3106382978723404,3.979763866249359,0.1182108626198083,0.3865814696485623,0.4952076677316294,Low SNR,Intermediate
796630,sub-796630_ses-SLAP2-796630-2025-08-28-14-25-34,fluorescence,False,2,27,2191,3779.411378574651,0.5797199035862307,0.0009128251939753,0.2477549825727939,2.282078417139368,ok,3.710711717605591,0.388407120036513,3.953999508413921,0.1343692870201097,0.3802559414990859,0.4853747714808044,Low SNR,Low SNR
796630,sub-796630_ses-SLAP2-796630-2025-08-28-14-25-34,fluorescence,False,2,28,3025,3779.411378574651,0.8003891868317425,0.0006611570247933,0.1892641742706298,2.507161813773224,ok,3.919361114501953,0.4743801652892562,4.168962582158269,0.1457436237164624,0.3219609142100033,0.5322954620735343,Low SNR,Intermediate
796630,sub-796630_ses-SLAP2-796630-2025-08-28-14-25-34,fluorescence,False,2,29,2669,3779.411378574651,0.7061946246789821,0.0,0.4226363899469375,2.4684808472203965,ok,3.696346044540405,0.3814162607718246,4.25928777660909,0.1084427767354596,0.3204502814258911,0.5711069418386492,Intermediate,Intermediate
796630,sub-796630_ses-SLAP2-796630-2025-08-28-14-25-34,fluorescence,False,2,30,3261,3779.411378574651,0.8628327729779546,0.0,0.5267358922004699,2.689641763345078,ok,3.856060266494751,0.4507819687212511,4.631886882747303,0.0961893054701905,0.2606023355869699,0.6432083589428396,High SNR,Intermediate
796630,sub-796630_ses-SLAP2-796630-2025-08-28-14-25-34,fluorescence,False,2,31,3522,3779.411378574651,0.9318911457921976,0.0,0.5322681538760662,2.7577475147219124,ok,3.8859572410583496,0.4599659284497445,4.758970404101915,0.0951434251633058,0.2533371201363249,0.6515194547003692,High SNR,High SNR
796630,sub-796630_ses-SLAP2-796630-2025-08-28-14-25-34,fluorescence,False,2,32,2777,3779.411378574651,0.7347705030848758,0.0003601008282319,0.2396910794466733,2.4589947161174583,ok,3.985620021820069,0.4940583363341735,4.03687368266597,0.1738816738816739,0.3170995670995671,0.509018759018759,Low SNR,Low SNR
796630,sub-796630_ses-SLAP2-796630-2025-08-28-14-25-34,fluorescence,False,2,33,3065,3779.411378574651,0.8109728455005921,0.0,0.3124387938916683,2.5726058009778807,ok,4.041864395141602,0.5119086460032627,4.481219791727679,0.1278195488721804,0.2772147760706113,0.5949656750572082,Intermediate,Intermediate
796630,sub-796630_ses-SLAP2-796630-2025-08-28-14-25-34,fluorescence,False,2,34,2403,3779.411378574651,0.635813294531133,0.0,0.3607956796020269,2.3906706683206176,ok,3.6376819610595694,0.3416562630045776,3.887725642752592,0.1505421184320267,0.3769808173477898,0.4724770642201835,Low SNR,Low SNR
796630,sub-796630_ses-SLAP2-796630-2025-08-28-14-25-34,fluorescence,False,2,35,3292,3779.006392357195,0.871128454997553,0.0003037667071688,0.3215561760485172,2.6295963776156275,ok,4.06200122833252,0.5160996354799514,4.336962712748704,0.1376370280146163,0.2914129110840438,0.5709500609013398,Intermediate,Intermediate
796630,sub-796630_ses-SLAP2-796630-2025-08-28-14-25-34,fluorescence,False,2,36,2960,3779.411378574651,0.7831907414948621,0.0006756756756756,0.2661791676521301,2.5337630139694336,ok,4.160276412963867,0.5445945945945946,4.275092807807828,0.1597292724196277,0.2866328257191201,0.5536379018612522,Low SNR,Intermediate
796630,sub-796630_ses-SLAP2-796630-2025-08-28-14-25-34,fluorescence,False,2,37,3178,3778.551407841288,0.8410630575000203,0.0,0.3130356438338756,2.604451452168501,ok,4.042056560516357,0.5100692259282568,4.587560153103091,0.1132849479331019,0.2726412117387188,0.6140738403281792,Intermediate,Intermediate
796630,sub-796630_ses-SLAP2-796630-2025-08-28-14-25-34,fluorescence,False,2,38,1670,3779.411378574651,0.4418677494244661,0.0,0.2729963710784912,2.232082170947837,ok,3.574869632720948,0.3053892215568862,3.6443510945805184,0.1800720288115246,0.3997599039615846,0.4201680672268907,Low SNR,Low SNR
796630,sub-796630_ses-SLAP2-796630-2025-08-28-14-25-34,fluorescence,False,2,39,2400,3779.411378574651,0.6350195201309693,0.0004166666666666,0.2683769036382437,2.3517963691740547,ok,3.843717575073242,0.4395833333333333,4.115080372275969,0.1364205256570713,0.3391739674593241,0.5244055068836045,Low SNR,Intermediate
796630,sub-796630_ses-SLAP2-796630-2025-08-28-14-25-34,fluorescence,False,2,40,2309,3779.411378574651,0.6109416966593367,0.0,0.4718462876915931,2.39819554347999,ok,3.655981302261353,0.3482026851450844,4.25146746925309,0.109761388286334,0.3310195227765726,0.5592190889370933,Intermediate,Intermediate
796630,sub-796630_ses-SLAP2-796630-2025-08-28-14-25-34,fluorescence,False,2,41,2261,3779.411378574651,0.5982413062567173,0.0,0.3757127526819706,2.3684229310497447,ok,3.637759208679199,0.3476337903582485,4.067183589213251,0.113716814159292,0.3694690265486726,0.5168141592920354,Intermediate,Intermediate
796630,sub-796630_ses-SLAP2-796630-2025-08-28-14-25-34,fluorescence,False,2,42,2537,3779.411378574651,0.6712685510717789,0.0,0.4538305038571357,2.4754209519371098,ok,3.7838785648345934,0.4052029956641703,4.4118039578542,0.0997634069400631,0.2981072555205047,0.6021293375394322,Intermediate,Intermediate
796630,sub-796630_ses-SLAP2-796630-2025-08-28-14-25-34,fluorescence,False,2,43,2656,3779.411378574651,0.7027549356116061,0.0,0.4062565970778465,2.474503468802728,ok,3.722564697265625,0.3776355421686747,4.242766513539332,0.1225028269883151,0.313230305314738,0.5642668676969469,Intermediate,Intermediate
796630,sub-796630_ses-SLAP2-796630-2025-08-28-14-25-34,fluorescence,False,2,44,1968,3779.411378574651,0.5207160065073948,0.0005081300813008,0.32252488630414,2.2883773127393376,ok,3.625126361846924,0.3414634146341463,4.059914450820055,0.1370351502801834,0.34793683138054,0.5150280183392766,Low SNR,Intermediate
796630,sub-796630_ses-SLAP2-796630-2025-08-28-14-25-34,fluorescence,False,2,45,2230,3779.411378574651,0.590038970788359,0.0,0.2949583545863628,2.3225377107869885,ok,3.858505725860596,0.4497757847533632,4.443306541456005,0.110062893081761,0.2938005390835579,0.596136567834681,Intermediate,Intermediate
796630,sub-796630_ses-SLAP2-796630-2025-08-28-14-25-34,fluorescence,False,2,46,2154,3779.411378574651,0.569930019317545,0.0,0.3835595090031624,2.354721347237913,ok,3.677034378051758,0.3769730733519034,4.252959551175184,0.1088372093023255,0.3344186046511628,0.5567441860465117,Intermediate,Intermediate
796630,sub-796630_ses-SLAP2-796630-2025-08-28-14-25-34,fluorescence,False,2,47,2397,3779.411378574651,0.6342257457308056,0.0,0.3786799470126629,2.394129546377997,ok,3.762027978897095,0.4134334584897789,4.20845242133643,0.104602510460251,0.3468619246861925,0.5485355648535565,Intermediate,Intermediate
796630,sub-796630_ses-SLAP2-796630-2025-08-28-14-25-34,fluorescence,False,2,48,2531,3778.7614006947833,0.6697961928833709,0.0007902015013828,0.3396248492360115,2.426043101068438,ok,3.82291579246521,0.4302647175029632,4.348915642071653,0.1109350237717908,0.3086370839936608,0.5804278922345484,Intermediate,Intermediate
796630,sub-796630_ses-SLAP2-796630-2025-08-28-14-25-34,fluorescence,False,2,49,2365,3779.411378574651,0.625758818795726,0.0,0.3887140337705612,2.4367854738573547,ok,3.744664430618286,0.4084566596194503,4.459712903926524,0.0994919559695173,0.3001693480101609,0.6003386960203217,Intermediate,Intermediate
796630,sub-796630_ses-SLAP2-796630-2025-08-28-14-25-34,fluorescence,False,2,50,2709,3779.411378574651,0.7167782833478317,0.0003691399040236,0.3751876148700714,2.455066318946652,ok,3.841109275817871,0.4488741232927279,4.440630980301472,0.1124676285608583,0.293007769145394,0.5945246022937477,Intermediate,Intermediate
796630,sub-796630_ses-SLAP2-796630-2025-08-28-14-25-34,fluorescence,False,2,51,4733,3779.411378574651,1.2523114119916157,0.0,0.6201438802242278,3.2474241392934413,ok,4.320687294006348,0.5837735051764209,5.459571566099574,0.0787134997884045,0.1692763436309775,0.7520101565806179,High SNR,High SNR
796630,sub-796630_ses-SLAP2-796630-2025-08-28-14-25-34,fluorescence,False,2,52,2544,3779.411378574651,0.6731206913388275,0.0,0.4485955183446407,2.4742682982345525,ok,3.668154239654541,0.3687106918238994,4.539173161067793,0.095706971248523,0.2871209137455691,0.6171721150059079,Intermediate,Intermediate
796630,sub-796630_ses-SLAP2-796630-2025-08-28-14-25-34,fluorescence,False,2,53,2344,3779.411378574651,0.62020239799458,0.0004266211604095,0.3601007612228393,2.361261158355885,ok,3.629536628723145,0.3387372013651877,4.119392930784183,0.1123931623931624,0.3538461538461538,0.5337606837606838,Intermediate,Intermediate
796630,sub-796630_ses-SLAP2-796630-2025-08-28-14-25-34,fluorescence,False,2,54,2802,3779.411378574651,0.7413852897529066,0.0010706638115631,0.2023829651623964,2.4082291945050405,ok,4.034849166870117,0.5099928622412563,4.386889269126522,0.1352899069434502,0.2906227630637079,0.5740873299928418,Intermediate,Intermediate
796630,sub-796630_ses-SLAP2-796630-2025-08-28-14-25-34,fluorescence,False,2,55,2225,3778.6164056292746,0.5888398718338433,0.0,0.5943506662130356,2.437496497753434,ok,3.545668840408325,0.2970786516853932,4.461378441701827,0.0647773279352226,0.3184885290148448,0.6167341430499326,Intermediate,Intermediate
796630,sub-796630_ses-SLAP2-796630-2025-08-28-14-25-34,fluorescence,False,2,56,2928,3779.411378574651,0.7747238145597826,0.0,0.5957248173236847,2.6238713725755094,ok,3.716972827911377,0.3831967213114754,4.359902430906301,0.1042378673957621,0.3103212576896787,0.5854408749145591,Intermediate,Intermediate
796630,sub-796630_ses-SLAP2-796630-2025-08-28-14-25-34,fluorescence,False,2,57,2964,3778.551407841288,0.7844275967369605,0.0003373819163292,0.3037777536213398,2.514023084052288,ok,3.950319766998291,0.4817813765182186,4.40472595663422,0.108482595471443,0.3048327137546468,0.5866846907739101,Intermediate,Intermediate
796630,sub-796630_ses-SLAP2-796630-2025-08-28-14-25-34,fluorescence,False,2,58,2666,3779.411378574651,0.7054008502788184,0.0,0.3951977735817432,2.4927959756537126,ok,3.688432931900024,0.3589647411852963,4.422439193166555,0.0962406015037594,0.2898496240601503,0.6139097744360902,Intermediate,Intermediate
796630,sub-796630_ses-SLAP2-796630-2025-08-28-14-25-34,fluorescence,False,2,59,2785,3779.411378574651,0.7368872348186456,0.0,0.3061655289620161,2.4340519343126323,ok,3.773212432861328,0.4132854578096948,3.907835072944216,0.1605603448275862,0.3609913793103448,0.4784482758620689,Low SNR,Low SNR
796630,sub-796630_ses-SLAP2-796630-2025-08-28-14-25-34,fluorescence,False,2,60,2489,3779.411378574651,0.6585681606691595,0.0020088388911209,0.3489154804766178,2.396522855164436,ok,3.783630609512329,0.4182402571313781,4.180464141308654,0.1414752116082225,0.3196291817815397,0.5388956066102378,Low SNR,Intermediate
796630,sub-796630_ses-SLAP2-796630-2025-08-28-14-25-34,fluorescence,False,2,61,3634,3779.411378574651,0.961525390064976,0.000275178866263,0.3396834384441375,2.7306172457115294,ok,4.2914557456970215,0.5778756191524491,5.111957949590783,0.0985099337748344,0.2083333333333333,0.6931567328918322,High SNR,High SNR
796630,sub-796630_ses-SLAP2-796630-2025-08-28-14-25-34,fluorescence,False,2,62,2107,3779.411378574651,0.5574942203816469,0.0004746084480303,0.2297932368993759,2.2525107680005143,ok,3.815403461456299,0.4309444708115804,4.31132513425205,0.1008083689966714,0.3295292439372325,0.5696623870660961,Intermediate,Intermediate
796630,sub-796630_ses-SLAP2-796630-2025-08-28-14-25-34,fluorescence,False,2,63,2304,3779.411378574651,0.6096187393257305,0.0,0.402511482989788,2.386407367548733,ok,3.71432113647461,0.3763020833333333,4.196098222609271,0.1243478260869565,0.3247826086956522,0.5508695652173913,Intermediate,Intermediate
796630,sub-796630_ses-SLAP2-796630-2025-08-28-14-25-34,fluorescence,False,2,64,2286,3779.411378574651,0.6048560929247483,0.000437445319335,0.3033404112517833,2.340641207567421,ok,3.9299747943878174,0.4741907261592301,4.734429382442982,0.0845008756567425,0.2626970227670753,0.6528021015761821,High SNR,High SNR
796630,sub-796630_ses-SLAP2-796630-2025-08-28-14-25-34,fluorescence,False,2,65,1808,3779.411378574651,0.4783813718319969,0.0005530973451327,0.2414039963632822,2.186377248517669,ok,3.673671245574951,0.3882743362831858,4.119837188724196,0.1164725457570715,0.3544093178036606,0.5291181364392679,Intermediate,Intermediate
796630,sub-796630_ses-SLAP2-796630-2025-08-28-14-25-34,fluorescence,False,2,66,3363,3779.0563906556463,0.8899046884602156,0.0,0.3148868816524743,2.631125360920461,ok,4.217221736907959,0.5584299732381802,5.003809604315301,0.0958618636498958,0.2220899077106281,0.682048228639476,High SNR,High SNR
796630,sub-796630_ses-SLAP2-796630-2025-08-28-14-25-34,fluorescence,False,2,67,3154,3779.411378574651,0.8345214860387822,0.0,0.3954244864225387,2.6590918467816134,ok,4.369452476501465,0.5925808497146481,5.005058227433383,0.0944656488549618,0.2296437659033079,0.6758905852417303,High SNR,High SNR
796630,sub-796630_ses-SLAP2-796630-2025-08-28-14-25-34,fluorescence,False,2,68,2498,3779.411378574651,0.6609494838696506,0.0,0.3524477999746799,2.414607713180745,ok,3.7365684509277344,0.3895116092874299,3.9972414646680434,0.1387329591018444,0.3628708901363272,0.4983961507618283,Low SNR,Intermediate
796630,sub-796630_ses-SLAP2-796630-2025-08-28-14-25-34,fluorescence,False,2,69,2542,3779.411378574651,0.672591508405385,0.0,0.4000995164036751,2.45214879472028,ok,3.684703826904297,0.3619197482297404,4.46085037702792,0.0850728633320204,0.3016935801496652,0.6132335565183143,Intermediate,Intermediate
796630,sub-796630_ses-SLAP2-796630-2025-08-28-14-25-34,fluorescence,False,2,70,2444,3779.411378574651,0.6466615446667038,0.0,0.3961291475772857,2.449084638222909,ok,3.8097314834594727,0.4312602291325695,4.581167212702603,0.085280852808528,0.2853628536285363,0.6293562935629357,Intermediate,Intermediate
796630,sub-796630_ses-SLAP2-796630-2025-08-28-14-25-34,fluorescence,False,2,71,2023,3779.411378574651,0.5352685371770629,0.0004943153732081,0.2779883836984634,2.2450336466185834,ok,3.6563680171966553,0.3593672763222936,3.941418056825074,0.1427155599603567,0.3726461843409316,0.4846382556987116,Low SNR,Low SNR
796630,sub-796630_ses-SLAP2-796630-2025-08-28-14-25-34,fluorescence,False,2,72,2012,3779.0363913362658,0.5324108560088667,0.0004970178926441,0.3815518344640731,2.304549326017554,ok,3.636033773422241,0.3563618290258449,4.311305780501956,0.0880597014925373,0.3313432835820895,0.5805970149253732,Intermediate,Intermediate
796630,sub-796630_ses-SLAP2-796630-2025-08-28-14-25-34,fluorescence,False,2,73,2609,3778.716402226177,0.6904460992264316,0.000383288616328,0.3740998704314232,2.4211321169373754,ok,3.78588604927063,0.4166347259486393,4.480715478014561,0.0938822624086187,0.3020392458637937,0.6040784917275875,Intermediate,Intermediate
796630,sub-796630_ses-SLAP2-796630-2025-09-26-10-48-22,fluorescence,False,1,0,3492,2627.546323356715,1.3289965504923762,0.0,0.574414296323061,3.4134876684940982,ok,4.350803852081299,0.6108247422680413,5.2228411517946665,0.0989956958393113,0.1830703012912482,0.7179340028694404,High SNR,High SNR
796630,sub-796630_ses-SLAP2-796630-2025-09-26-10-48-22,fluorescence,False,1,1,2019,2627.546323356715,0.768397490104269,0.0,0.3350466946989298,2.5792907183681364,ok,4.056175708770752,0.5190688459633482,4.572913103608159,0.1165674603174603,0.2683531746031746,0.6150793650793651,Intermediate,Intermediate
796630,sub-796630_ses-SLAP2-796630-2025-09-26-10-48-22,fluorescence,False,1,2,4508,2627.3763407380866,1.7157800845285855,0.0,0.3494522168308496,4.574434769253951,ok,5.248443126678467,0.7460070984915705,5.856354495011737,0.1270582999554962,0.127948375611927,0.7449933244325768,High SNR,High SNR
796630,sub-796630_ses-SLAP2-796630-2025-09-26-10-48-22,fluorescence,False,1,3,2297,2627.3163468726884,0.8742761421684655,0.0,0.5517065596818924,2.8609946041568524,ok,4.164874076843262,0.5472355245973008,5.037717331647112,0.0871839581517,0.2166521360069747,0.6961639058413251,High SNR,High SNR
796630,sub-796630_ses-SLAP2-796630-2025-09-26-10-48-22,fluorescence,False,1,4,2174,2627.4013381820027,0.8274335437098741,0.0,0.4800699855923652,2.656136473239425,ok,3.9769365787506095,0.4898804047838086,4.661952220689495,0.1037822878228782,0.2596863468634686,0.6365313653136532,High SNR,Intermediate
796630,sub-796630_ses-SLAP2-796630-2025-09-26-10-48-22,fluorescence,False,1,5,2508,2627.546323356715,0.9545026771577548,0.0,0.2844978170424699,2.9449221548761244,ok,4.411848068237305,0.6128389154704944,3.897863397102608,0.2616,0.2532,0.4852,Low SNR,Low SNR
796630,sub-796630_ses-SLAP2-796630-2025-09-26-10-48-22,fluorescence,False,1,6,2007,2625.016582032424,0.7645665988311878,0.0,0.4351662620902061,2.5500031015103684,ok,3.739301919937134,0.3991031390134529,4.53201975166447,0.0878243512974051,0.2974051896207584,0.6147704590818364,Intermediate,Intermediate
796630,sub-796630_ses-SLAP2-796630-2025-09-26-10-48-22,fluorescence,False,1,7,1573,2626.806399016804,0.5988260119165095,0.0,0.4309145236730575,2.405955726801464,ok,3.803914785385132,0.4202161474888747,4.538585937901255,0.0834394904458598,0.286624203821656,0.629936305732484,High SNR,Intermediate
796630,sub-796630_ses-SLAP2-796630-2025-09-26-10-48-22,fluorescence,False,1,8,2871,2627.4013381820027,1.0927146752488723,0.0003483106931382,0.2684019785821437,3.0193014287440376,ok,4.794814109802246,0.6614420062695925,4.998743992935813,0.1436541143654114,0.2123430962343096,0.6440027894002789,High SNR,Intermediate
796630,sub-796630_ses-SLAP2-796630-2025-09-26-10-48-22,fluorescence,False,1,9,2582,2627.3313453390383,0.982746239670357,0.0,0.3724982553362846,2.7556390025002817,ok,3.961066722869873,0.4864446165762974,3.77498465033437,0.2039627039627039,0.336052836052836,0.4599844599844599,Low SNR,Low SNR
796630,sub-796630_ses-SLAP2-796630-2025-09-26-10-48-22,fluorescence,False,1,10,1291,2627.546323356715,0.4913329171493865,0.0,0.4239024205505847,2.280442365838419,ok,3.578627347946167,0.3067389620449264,4.440410582416069,0.062111801242236,0.3229813664596273,0.6149068322981367,Intermediate,Intermediate
796630,sub-796630_ses-SLAP2-796630-2025-09-26-10-48-22,fluorescence,False,1,11,1910,2627.546323356715,0.7269139208019583,0.0,0.3119489156484604,2.526954090383078,ok,3.862691879272461,0.4575916230366492,4.335454586841187,0.129979035639413,0.2877358490566037,0.5822851153039832,Intermediate,Intermediate
796630,sub-796630_ses-SLAP2-796630-2025-09-26-10-48-22,fluorescence,False,1,12,3783,2627.546323356715,1.4397462630334077,0.0,0.3928838975250721,3.668394643687941,ok,4.636801719665527,0.6431403647898494,4.976001500991244,0.147588765235824,0.1995230524642289,0.652888182299947,High SNR,Intermediate
796630,sub-796630_ses-SLAP2-796630-2025-09-26-10-48-22,fluorescence,False,1,13,1635,2627.546323356715,0.6222535395346607,0.0,0.4150686614155769,2.389038952400926,ok,3.5713675022125244,0.3119266055045872,4.261896770990841,0.0878378378378378,0.3445945945945945,0.5675675675675675,Intermediate,Intermediate
796630,sub-796630_ses-SLAP2-796630-2025-09-26-10-48-22,fluorescence,False,1,14,1484,2626.70640924114,0.5649660711144076,0.002021563342318,0.2053274484425783,2.28825366556594,ok,3.670437812805176,0.3652291105121293,4.071587623035123,0.1194331983805668,0.3549257759784076,0.5256410256410257,Intermediate,Intermediate
796630,sub-796630_ses-SLAP2-796630-2025-09-26-10-48-22,fluorescence,False,1,15,2771,2627.3313453390383,1.0546823509397982,0.0,0.3485796308755874,2.9145565270602662,ok,4.362343311309815,0.5976181883796463,5.511364755990223,0.0626131017010495,0.1596091205211726,0.7777777777777778,High SNR,High SNR
796630,sub-796630_ses-SLAP2-796630-2025-09-26-10-48-22,fluorescence,False,1,16,2258,2624.1266730290167,0.8604767533548986,0.0,0.5430429125010967,2.755261306526171,ok,4.030844688415527,0.5124003542958371,5.039740621620785,0.08,0.2142222222222222,0.7057777777777777,High SNR,High SNR
796630,sub-796630_ses-SLAP2-796630-2025-09-26-10-48-22,fluorescence,False,1,17,1729,2627.546323356715,0.658028360767846,0.0,0.4568959654569625,2.464149458808357,ok,3.797794342041016,0.4175824175824176,4.504406482975051,0.0885929357266936,0.2958888245512449,0.6155182397220614,Intermediate,Intermediate
796630,sub-796630_ses-SLAP2-796630-2025-09-26-10-48-22,fluorescence,False,1,18,2192,2627.546323356715,0.8342383845015144,0.0,0.3532621502012014,2.7175099049878755,ok,4.292466640472412,0.5697992700729927,4.767021093347665,0.1363844393592677,0.2265446224256292,0.637070938215103,High SNR,Intermediate
796630,sub-796630_ses-SLAP2-796630-2025-09-26-10-48-22,fluorescence,False,1,19,2579,2627.546323356715,0.981524084684948,0.0003877471888328,0.2888844078451394,2.758530526504934,ok,4.046457290649414,0.5133772780147344,4.375238105689382,0.1284546516154145,0.2794861813935383,0.5920591669910471,Intermediate,Intermediate
796630,sub-796630_ses-SLAP2-796630-2025-09-26-10-48-22,fluorescence,False,1,20,1508,2627.546323356715,0.5739194725493996,0.0006631299734748,0.2918730539560318,2.303186708079358,ok,3.6854805946350098,0.366710875331565,4.149420506491651,0.113031914893617,0.3517287234042553,0.5352393617021277,Intermediate,Intermediate
796630,sub-796630_ses-SLAP2-796630-2025-09-26-10-48-22,fluorescence,False,1,21,1670,2627.546323356715,0.6355739516959531,0.0,0.3220346324890852,2.3940489842948742,ok,3.869393825531006,0.4592814371257485,3.844424480254304,0.1711711711711711,0.3615615615615615,0.4672672672672672,Low SNR,Low SNR
796630,sub-796630_ses-SLAP2-796630-2025-09-26-10-48-22,fluorescence,False,1,22,1526,2627.546323356715,0.5807699702323499,0.0,0.3242750290185213,2.320182188433308,ok,3.5985121726989746,0.3230668414154652,3.5599256215913124,0.1792514773473408,0.4195666447800394,0.4011818778726198,Low SNR,Low SNR
796630,sub-796630_ses-SLAP2-796630-2025-09-26-10-48-22,fluorescence,False,1,23,1771,2626.786401061671,0.6742078454815409,0.0,0.3381722919791937,2.4351298743621395,ok,3.770448923110962,0.4110671936758893,3.868233621865399,0.1597733711048158,0.3643059490084986,0.4759206798866855,Low SNR,Low SNR
796630,sub-796630_ses-SLAP2-796630-2025-09-26-10-48-22,fluorescence,False,1,24,1551,2627.546323356715,0.5902845503475588,0.0006447453255963,0.2756522384405136,2.319804531897985,ok,3.826926231384277,0.4435847840103159,4.399431649216264,0.0956072351421188,0.3229974160206718,0.5813953488372093,Intermediate,Intermediate
796630,sub-796630_ses-SLAP2-796630-2025-09-26-10-48-22,fluorescence,False,1,25,2397,2627.546323356715,0.9122579414462272,0.0,0.292800385031104,2.7252705503995203,ok,4.366579055786133,0.6040884438881936,4.23000905096837,0.1943167572085248,0.2641036356038445,0.5415796071876305,Low SNR,Low SNR
796630,sub-796630_ses-SLAP2-796630-2025-09-26-10-48-22,fluorescence,False,1,26,1502,2627.546323356715,0.5716359733217494,0.0,0.3270201057404279,2.3120290205357708,ok,3.771019458770752,0.422103861517976,4.292637021308796,0.1268357810413885,0.3130841121495327,0.5600801068090788,Intermediate,Intermediate
796630,sub-796630_ses-SLAP2-796630-2025-09-26-10-48-22,fluorescence,False,1,27,1403,2627.546323356715,0.5339582360655223,0.0014255167498218,0.2897875918596982,2.28781978920939,ok,3.955805778503418,0.48823948681397,4.472378583914281,0.1091298145506419,0.2924393723252496,0.5984308131241084,Intermediate,Intermediate
796630,sub-796630_ses-SLAP2-796630-2025-09-26-10-48-22,fluorescence,False,1,28,1421,2627.421336137136,0.540834460181849,0.0,0.2814935957461595,2.277107542630901,ok,3.726069688796997,0.4152005629838142,4.047764324647311,0.1269393511988716,0.3624823695345557,0.5105782792665726,Intermediate,Intermediate
796630,sub-796630_ses-SLAP2-796630-2025-09-26-10-48-22,fluorescence,False,1,29,1686,2618.9871985599034,0.6437603058644491,0.0,0.3021091983675956,2.370275418829133,ok,4.0030837059021,0.501779359430605,4.492122256928851,0.0992275698158051,0.291146761734997,0.6096256684491979,Intermediate,Intermediate
796630,sub-796630_ses-SLAP2-796630-2025-09-26-10-48-22,fluorescence,False,1,30,1930,2627.546323356715,0.7345255848941254,0.0,0.3632621482908725,2.526086260675452,ok,3.937973976135254,0.4808290155440414,4.629790722465449,0.0976116303219107,0.2710280373831775,0.6313603322949117,High SNR,Intermediate
796630,sub-796630_ses-SLAP2-796630-2025-09-26-10-48-22,fluorescence,False,1,31,2361,2627.241354540941,0.8986612501052605,0.0,0.3557221016138792,2.688339341586401,ok,4.0494384765625,0.5171537484116899,4.828795722036313,0.1031409168081494,0.2372665534804753,0.6595925297113752,High SNR,High SNR
796630,sub-796630_ses-SLAP2-796630-2025-09-26-10-48-22,fluorescence,False,1,32,2598,2627.546323356715,0.9887551655725066,0.0,0.3104588674843311,2.7904941627955,ok,4.358070373535156,0.5981524249422633,4.937976578355562,0.1060138781804163,0.2270624518118735,0.6669236700077101,High SNR,High SNR
796630,sub-796630_ses-SLAP2-796630-2025-09-26-10-48-22,fluorescence,False,1,33,1943,2627.3863397156533,0.739518193662482,0.0,0.3826640573501587,2.496465579237064,ok,3.706573247909546,0.375193000514668,4.352434670596391,0.0989690721649484,0.3092783505154639,0.5917525773195876,Intermediate,Intermediate
796630,sub-796630_ses-SLAP2-796630-2025-09-26-10-48-22,fluorescence,False,1,34,1949,2626.971382146649,0.7419190072818229,0.0,0.3745756536841392,2.5021318995537207,ok,3.9274628162384033,0.4746023601847101,4.287320921794114,0.1254498714652956,0.3048843187660668,0.5696658097686376,Intermediate,Intermediate
796630,sub-796630_ses-SLAP2-796630-2025-09-26-10-48-22,fluorescence,False,1,35,2483,2627.3913392044365,0.945043839853656,0.0,0.3705273426532745,2.8125491805387424,ok,4.324824810028076,0.5835682641965364,4.886870639726171,0.119951534733441,0.2164781906300484,0.6635702746365105,High SNR,High SNR
796630,sub-796630_ses-SLAP2-796630-2025-09-26-10-48-22,fluorescence,False,1,36,1791,2627.546323356715,0.6816245194535641,0.0,0.6322307985126971,2.567445434862957,ok,3.635517120361328,0.3327749860413177,4.6877244602710535,0.0683090705487122,0.2592385218365061,0.6724524076147816,High SNR,High SNR
796630,sub-796630_ses-SLAP2-796630-2025-09-26-10-48-22,fluorescence,False,1,37,1401,2627.546323356715,0.5331970696563055,0.0,0.3097930669695138,2.2828354483917286,ok,3.67110824584961,0.3661670235546038,4.1836049235361,0.0942857142857142,0.3542857142857142,0.5514285714285714,Intermediate,Intermediate
796630,sub-796630_ses-SLAP2-796630-2025-09-26-10-48-22,fluorescence,False,1,38,2536,2627.421336137136,0.9652049197897038,0.0,0.3799207038402557,2.747192842340003,ok,3.8721327781677246,0.4570189274447949,4.509618008622777,0.115506329113924,0.2713607594936709,0.6131329113924051,Intermediate,Intermediate
796630,sub-796630_ses-SLAP2-796630-2025-09-26-10-48-22,fluorescence,False,1,39,1696,2627.171361697976,0.6455612392576678,0.0,0.2923782201826572,2.379922669687516,ok,3.618018865585327,0.3372641509433962,4.1954260168390825,0.0992321323095097,0.3431777909037212,0.5575900767867691,Intermediate,Intermediate
796630,sub-796630_ses-SLAP2-796630-2025-09-26-10-48-22,fluorescence,False,1,40,1617,2627.546323356715,0.6154030418517102,0.0006184291898577,0.3202208855777979,2.339613382765383,ok,3.7688839435577393,0.424860853432282,4.114639718600789,0.144891640866873,0.3343653250773993,0.5207430340557275,Low SNR,Intermediate
796630,sub-796630_ses-SLAP2-796630-2025-09-26-10-48-22,fluorescence,False,1,41,1410,2627.546323356715,0.5366223184977807,0.0,0.3085452626466751,2.300961794859212,ok,3.762514591217041,0.4241134751773049,4.216866669185064,0.1146723646723646,0.3397435897435897,0.5455840455840456,Intermediate,Intermediate
796630,sub-796630_ses-SLAP2-796630-2025-09-26-10-48-22,fluorescence,False,1,42,1609,2627.421336137136,0.612387506286133,0.0,0.2843399001270532,2.3256228485695662,ok,3.808262586593628,0.4263517712865133,4.043840120984034,0.1252336448598131,0.3638629283489096,0.5109034267912772,Intermediate,Intermediate
796630,sub-796630_ses-SLAP2-796630-2025-09-26-10-48-22,fluorescence,False,1,43,1611,2627.546323356715,0.6131195426240601,0.0,0.2787254544943571,2.3601082418990407,ok,3.808137178421021,0.4314090626939789,4.24773152914695,0.125,0.3208955223880597,0.5541044776119403,Intermediate,Intermediate
796630,sub-796630_ses-SLAP2-796630-2025-09-26-10-48-22,fluorescence,False,1,44,2169,2627.546323356715,0.8254849707955223,0.0,0.4505948419332504,2.716340937022892,ok,4.415409564971924,0.5841401567542647,5.22960975230041,0.0919593345656192,0.2051756007393715,0.7028650646950092,High SNR,High SNR
796630,sub-796630_ses-SLAP2-796630-2025-09-26-10-48-22,fluorescence,False,1,45,1783,2627.276350962423,0.6786495829975603,0.0,0.318091415297985,2.453649325614544,ok,4.020322799682617,0.5075715086932137,4.482243722489764,0.1179112857944974,0.283548568220101,0.5985401459854015,Intermediate,Intermediate
796630,sub-796630_ses-SLAP2-796630-2025-09-26-10-48-22,fluorescence,False,1,46,2140,2622.416847865168,0.8160411270016478,0.0,0.4242764459252357,2.6773578832283174,ok,4.502026557922363,0.5995327102803738,5.474719277293467,0.0796999531176746,0.1870604781997187,0.7332395686826066,High SNR,High SNR
796630,sub-796630_ses-SLAP2-796630-2025-09-26-10-48-22,fluorescence,False,1,47,1356,2627.3913392044365,0.5161012673546345,0.0,0.3274961982876062,2.2704995256055067,ok,3.64992618560791,0.336283185840708,4.193749953115,0.1056910569105691,0.3518107908351811,0.5424981522542498,Intermediate,Intermediate
796630,sub-796630_ses-SLAP2-796630-2025-09-26-10-48-22,fluorescence,False,1,48,1772,2627.546323356715,0.6743934385660053,0.0,0.4473017396092414,2.486313097615436,ok,3.669869899749756,0.355530474040632,4.418731646676086,0.0903444381705251,0.3015245623941276,0.6081309994353472,Intermediate,Intermediate
796630,sub-796630_ses-SLAP2-796630-2025-09-26-10-48-22,fluorescence,False,1,49,1387,2627.546323356715,0.5278689047917886,0.0,0.2936991947382688,2.298066089416258,ok,3.783181190490722,0.4397981254506128,4.0933820195931405,0.1416184971098266,0.3374277456647399,0.5209537572254336,Low SNR,Intermediate
796630,sub-796630_ses-SLAP2-796630-2025-09-26-10-48-22,fluorescence,False,1,50,1230,2627.546323356715,0.4681173416682768,0.0008130081300813,0.2967844069987535,2.2253168920160395,ok,3.588528871536255,0.3252032520325203,3.941257740048062,0.1330612244897959,0.3836734693877551,0.483265306122449,Low SNR,Low SNR
796630,sub-796630_ses-SLAP2-796630-2025-09-26-10-48-22,fluorescence,False,1,51,2300,2626.6614138420914,0.8756362688694336,0.0004347826086956,0.3596842299520969,2.6470718913160707,ok,4.399817943572998,0.5869565217391305,5.193286586805672,0.0793028322440087,0.2078431372549019,0.7128540305010893,High SNR,High SNR
796630,sub-796630_ses-SLAP2-796630-2025-09-26-10-48-22,fluorescence,False,1,52,2139,2625.296553404282,0.8147650966235833,0.0,0.5037690993547439,2.6471129096793056,ok,3.971835374832153,0.4908835904628331,5.083515161190417,0.0608899297423887,0.2135831381733021,0.7255269320843092,High SNR,High SNR
796630,sub-796630_ses-SLAP2-796630-2025-09-26-10-48-22,fluorescence,False,1,53,1201,2627.546323356715,0.4570804287346345,0.0016652789342214,0.314057155072689,2.2356767948293363,ok,3.688072204589844,0.3846794338051623,4.361548374067344,0.0868113522537562,0.327212020033389,0.5859766277128547,Intermediate,Intermediate
796630,sub-796630_ses-SLAP2-796630-2025-09-26-10-48-22,fluorescence,False,1,54,1295,2627.546323356715,0.4928552499678199,0.0015444015444015,0.3374069870173931,2.2457691511030458,ok,3.626054048538208,0.3467181467181467,3.989644021476977,0.1221020092735703,0.3794435857805255,0.4984544049459041,Intermediate,Intermediate
796630,sub-796630_ses-SLAP2-796630-2025-09-26-10-48-22,fluorescence,False,1,55,1696,2623.2467630031765,0.6465270533902671,0.0005896226415094,0.302911441925168,2.3579583713709384,ok,3.741499185562134,0.3873820754716981,3.95652178366476,0.1464855286473715,0.3638511518015357,0.4896633195510927,Low SNR,Low SNR
796630,sub-796630_ses-SLAP2-796630-2025-09-26-10-48-22,fluorescence,False,1,56,1591,2627.546323356715,0.605507878531893,0.0,0.3905853536367416,2.3949397060481457,ok,3.640660762786865,0.3670647391577624,4.39753494949308,0.0805538074260541,0.3322844556324733,0.5871617369414727,Intermediate,Intermediate
796630,sub-796630_ses-SLAP2-796630-2025-09-26-10-48-22,fluorescence,False,1,57,1346,2627.546323356715,0.512264993402846,0.0,0.4392775366365909,2.2994395591873413,ok,3.561636447906494,0.2942050520059435,4.038261888384464,0.1032689450222882,0.387815750371471,0.5089153046062407,Intermediate,Intermediate
796630,sub-796630_ses-SLAP2-796630-2025-09-26-10-48-22,fluorescence,False,1,58,1953,2626.071474165676,0.7436964375162272,0.0,0.4864134382724762,2.540053208815878,ok,3.6793835163116455,0.3492063492063492,4.412452345053976,0.0800821355236139,0.3239219712525667,0.5959958932238193,Intermediate,Intermediate
796630,sub-796630_ses-SLAP2-796630-2025-09-26-10-48-22,fluorescence,False,1,59,1410,2627.346343805388,0.5366631633185401,0.0,0.3358966579735279,2.2916050743842606,ok,3.720537185668945,0.3914893617021276,4.238053074265646,0.1036931818181818,0.3430397727272727,0.5532670454545454,Intermediate,Intermediate
796630,sub-796630_ses-SLAP2-796630-2025-09-26-10-48-22,fluorescence,False,1,60,1604,2627.546323356715,0.6104554601918016,0.0,0.4283818438768386,2.422549384374621,ok,3.7735016345977774,0.4089775561097257,4.585171709414382,0.0844806007509386,0.2678347934918648,0.6476846057571964,High SNR,High SNR
796630,sub-796630_ses-SLAP2-796630-2025-09-26-10-48-22,fluorescence,False,1,61,2025,2627.546323356715,0.7706809893319191,0.0,0.5323455216765404,2.6129390372281214,ok,3.7519586086273193,0.4014814814814815,4.464033232859819,0.095049504950495,0.2985148514851485,0.6064356435643564,Intermediate,Intermediate
796630,sub-796630_ses-SLAP2-796630-2025-09-26-10-48-22,fluorescence,False,1,62,1510,2623.2417635143934,0.5756236504778088,0.0,0.3908684022545814,2.370097570899091,ok,3.6842432022094727,0.3807947019867549,4.463814012853788,0.0723291307232913,0.3085600530856005,0.6191108161911082,Intermediate,Intermediate
796630,sub-796630_ses-SLAP2-796630-2025-09-26-10-48-22,fluorescence,False,1,63,1683,2627.2813504512064,0.6405861327759829,0.0,0.3923492157697677,2.441760904356702,ok,3.831942796707153,0.439691027926322,4.3833764193027065,0.123140987507436,0.2944675788221297,0.5823914336704342,Intermediate,Intermediate
796630,sub-796630_ses-SLAP2-796630-2025-09-26-10-48-22,fluorescence,False,1,64,1335,2627.3663417605203,0.5081133828887585,0.0,0.447117179185152,2.339957795447369,ok,3.5352044105529785,0.300374531835206,4.210983541042723,0.092411720510894,0.3478587528174305,0.5597295266716754,Intermediate,Intermediate
796630,sub-796630_ses-SLAP2-796630-2025-09-26-10-48-22,fluorescence,False,1,65,2129,2625.73150892842,0.8108216673184765,0.0,0.3301611014664173,2.5659737394934696,ok,3.919177770614624,0.4603100046970408,4.354319969001227,0.1152941176470588,0.3091764705882353,0.5755294117647058,Intermediate,Intermediate
796630,sub-796630_ses-SLAP2-796630-2025-09-26-10-48-22,fluorescence,False,1,66,958,2627.221356585808,0.3646438080287852,0.0031315240083507,0.3032669538170099,2.127632716565809,ok,3.503048896789551,0.2682672233820459,3.893011514583261,0.1080797481636936,0.4291710388247639,0.4627492130115425,Intermediate,Intermediate
796630,sub-796630_ses-SLAP2-796630-2025-09-26-10-48-22,fluorescence,False,1,67,1686,2627.546323356715,0.6416632829696868,0.0,0.5022703467607498,2.4623700479936184,ok,3.737318992614746,0.4027283511269276,4.634904151754269,0.0771971496437054,0.2737529691211401,0.6490498812351544,High SNR,High SNR
796630,sub-796630_ses-SLAP2-796630-2025-09-26-10-48-22,fluorescence,False,1,68,1122,2626.161464963773,0.4272395338096538,0.0,0.2985380403220653,2.195793679007946,ok,3.6193439960479736,0.3493761140819964,4.12817463698603,0.1,0.3714285714285714,0.5285714285714286,Intermediate,Intermediate
796630,sub-796630_ses-SLAP2-796630-2025-09-26-10-48-22,fluorescence,False,2,0,6718,3794.9969470408632,1.7702254030107558,0.0,0.4601000351607799,4.013671137661058,ok,4.408863067626953,0.6089610002977076,4.941834323124317,0.1550746268656716,0.1986567164179104,0.6462686567164179,High SNR,Intermediate
796630,sub-796630_ses-SLAP2-796630-2025-09-26-10-48-22,fluorescence,False,2,1,5184,3794.986948063297,1.3660126031910491,0.0,0.3448791877448559,3.907435053315661,ok,5.133803367614746,0.7229938271604939,5.770990672721189,0.1023408783130199,0.1356161733410717,0.7620429483459082,High SNR,High SNR
796630,sub-796630_ses-SLAP2-796630-2025-09-26-10-48-22,fluorescence,False,2,2,1512,3794.9969470408632,0.3984192928479105,0.0052910052910052,0.2034797896027564,2.103191610639986,ok,3.5195891857147217,0.2625661375661375,3.6748256784624975,0.1419098143236074,0.4555702917771883,0.4025198938992042,Low SNR,Low SNR
796630,sub-796630_ses-SLAP2-796630-2025-09-26-10-48-22,fluorescence,False,2,3,3162,3794.9969470408632,0.8332022513128922,0.0003162555344718,0.4067383011102676,2.611834618574486,ok,3.884048461914064,0.4560404807084124,4.857527881485364,0.0561548223350253,0.2423857868020304,0.7014593908629442,High SNR,High SNR
796630,sub-796630_ses-SLAP2-796630-2025-09-26-10-48-22,fluorescence,False,2,4,5667,3790.8173744181568,1.4949282543239937,0.0,0.545720607215166,3.516000380070781,ok,3.999398946762085,0.4997353096876654,4.831830756941962,0.1139666784828075,0.2284650833037929,0.6575682382133995,High SNR,High SNR
796630,sub-796630_ses-SLAP2-796630-2025-09-26-10-48-22,fluorescence,False,2,5,7149,3794.207027813127,1.8841881709655888,0.0,0.4923191509187221,4.554181600371362,ok,4.830775260925293,0.6873688627780109,5.95468983275314,0.0854137447405329,0.1269284712482468,0.7876577840112202,High SNR,High SNR
796630,sub-796630_ses-SLAP2-796630-2025-09-26-10-48-22,fluorescence,False,2,6,1906,3794.9969470408632,0.5022401932328819,0.0020986358866736,0.1917000007152557,2.18824411027466,ok,3.65468430519104,0.3572927597061909,3.8271237470841606,0.1577287066246056,0.3932702418506835,0.4490010515247108,Low SNR,Low SNR
796630,sub-796630_ses-SLAP2-796630-2025-09-26-10-48-22,fluorescence,False,2,7,3432,3789.242535451467,0.9057219135198736,0.0,0.411886816728115,2.759157018293146,ok,4.1466875076293945,0.5463286713286714,4.799935510798195,0.0995620437956204,0.2353284671532846,0.6651094890510949,High SNR,High SNR
796630,sub-796630_ses-SLAP2-796630-2025-09-26-10-48-22,fluorescence,False,2,8,2786,3792.7421775996654,0.7345608716707422,0.0,0.4226582172989845,2.6757282864113807,ok,4.073625564575195,0.5190236898779612,4.46863544754792,0.1488288288288288,0.2583783783783784,0.5927927927927928,Intermediate,Intermediate
796630,sub-796630_ses-SLAP2-796630-2025-09-26-10-48-22,fluorescence,False,2,9,3299,3794.981948574514,0.8693058477496008,0.0,0.2775443031281233,2.736660980105662,ok,4.163250923156738,0.5419824189148227,4.257168580460641,0.1720364741641337,0.2802431610942249,0.5477203647416413,Low SNR,Intermediate
796630,sub-796630_ses-SLAP2-796630-2025-09-26-10-48-22,fluorescence,False,2,10,3830,3788.592601909658,1.0109294934666424,0.0,0.6577779466867446,2.8906529293635352,ok,3.90158486366272,0.4639686684073107,4.689678513445598,0.1020942408376963,0.2452879581151832,0.6526178010471204,High SNR,High SNR
796630,sub-796630_ses-SLAP2-796630-2025-09-26-10-48-22,fluorescence,False,2,11,3998,3789.5125078457568,1.0550169689960367,0.0,0.4571985879957675,2.872405701924557,ok,3.9369125366210938,0.4737368684342171,4.591696319590243,0.1091319618665328,0.268941294530858,0.6219267436026091,High SNR,Intermediate
796630,sub-796630_ses-SLAP2-796630-2025-09-26-10-48-22,fluorescence,False,2,12,3434,3794.9969470408632,0.9048755632537862,0.0002912055911473,0.332826291847229,2.772248618742676,ok,4.590855598449707,0.6322073383808969,5.088012174323104,0.1079661511526116,0.1981324773854683,0.69390137146192,High SNR,High SNR
796630,sub-796630_ses-SLAP2-796630-2025-09-26-10-48-22,fluorescence,False,2,13,2613,3794.9969470408632,0.6885381033145438,0.0,0.2897803676247596,2.402239394452041,ok,3.6451241970062256,0.3459624952162266,3.997213472857478,0.1134179161860822,0.3879277201076509,0.4986543637062668,Intermediate,Intermediate
796630,sub-796630_ses-SLAP2-796630-2025-09-26-10-48-22,fluorescence,False,2,14,5479,3792.647187312786,1.4446374074362685,0.0,0.3231453309953213,3.72988291289647,ok,4.791497707366943,0.6754882277787918,6.084447969552619,0.0574460300036589,0.1244054152945481,0.8181485547017929,High SNR,High SNR
796630,sub-796630_ses-SLAP2-796630-2025-09-26-10-48-22,fluorescence,False,2,15,3194,3774.229070635693,0.8462655393256338,0.0,0.3397157376229763,2.580423263478476,ok,3.803720951080322,0.4226675015654352,4.148807632280937,0.1250392711278667,0.3361608545397423,0.5387998743323908,Intermediate,Intermediate
796630,sub-796630_ses-SLAP2-796630-2025-09-26-10-48-22,fluorescence,False,2,16,2646,3794.9969470408632,0.6972337624838434,0.0,0.2497923935651779,2.456720590664643,ok,4.3482747077941895,0.5740740740740741,4.720199281661412,0.1347760060744115,0.2296886864085041,0.6355353075170843,High SNR,Intermediate
796630,sub-796630_ses-SLAP2-796630-2025-09-26-10-48-22,fluorescence,False,2,17,1818,3794.9969470408632,0.4790517687814162,0.0016501650165016,0.3236317186295986,2.2171178876489708,ok,3.612872362136841,0.3322332233223322,3.94646771574881,0.1062775330396475,0.4102422907488987,0.4834801762114537,Intermediate,Intermediate
796630,sub-796630_ses-SLAP2-796630-2025-09-26-10-48-22,fluorescence,False,2,18,3857,3790.527404068735,1.017536503194757,0.0,0.3712935975909233,3.231859499139887,ok,5.104665756225586,0.6808400311122634,5.572922656335434,0.1080800207846193,0.1701740711873214,0.7217459080280593,High SNR,High SNR
796630,sub-796630_ses-SLAP2-796630-2025-09-26-10-48-22,fluorescence,False,2,19,3782,3794.9969470408632,0.9965752417664004,0.0,0.303092931497097,2.905625143743487,ok,4.763783931732178,0.6538868323638286,5.371926731442803,0.1078431372549019,0.1830948595654478,0.7090620031796503,High SNR,High SNR
796630,sub-796630_ses-SLAP2-796630-2025-09-26-10-48-22,fluorescence,False,2,20,2551,3794.876959310068,0.6722220581464616,0.0,0.3683543281316757,2.434493668140024,ok,3.887772083282471,0.4629557036456291,4.340122661991396,0.115748031496063,0.308267716535433,0.5759842519685039,Intermediate,Intermediate
796630,sub-796630_ses-SLAP2-796630-2025-09-26-10-48-22,fluorescence,False,2,21,1676,3794.9969470408632,0.4416340838710965,0.0005966587112171,0.2237159100115299,2.1616788523185355,ok,3.628252029418945,0.3579952267303102,4.099268491184095,0.096947935368043,0.3800119688809096,0.5230400957510473,Intermediate,Intermediate
796630,sub-796630_ses-SLAP2-796630-2025-09-26-10-48-22,fluorescence,False,2,22,4087,3794.032045705717,1.077218102210254,0.0,0.4472007328748703,2.933437138853205,ok,4.054072380065918,0.5199412772204551,4.981543322173546,0.0652440519990188,0.2256561196958548,0.7090998283051263,High SNR,High SNR
796630,sub-796630_ses-SLAP2-796630-2025-09-26-10-48-22,fluorescence,False,2,23,2590,3794.9969470408632,0.6824774923783652,0.0,0.5320836818218231,2.5108771618853742,ok,3.68100905418396,0.3702702702702702,4.526085603861056,0.0820751064653503,0.289198606271777,0.6287262872628726,High SNR,Intermediate
796630,sub-796630_ses-SLAP2-796630-2025-09-26-10-48-22,fluorescence,False,2,24,3128,3794.9969470408632,0.8242430873202805,0.0,0.3115085245192051,2.6078466775456013,ok,4.118605613708496,0.5354859335038363,4.552650392421362,0.1301699262584161,0.2561718499519076,0.6136582237896762,High SNR,Intermediate
796630,sub-796630_ses-SLAP2-796630-2025-09-26-10-48-22,fluorescence,False,2,25,2497,3794.9969470408632,0.657971543810339,0.000400480576692,0.3294865302443504,2.385361432649904,ok,3.823038101196289,0.4317180616740088,4.467813606663412,0.0969818913480885,0.310261569416499,0.5927565392354125,Intermediate,Intermediate
796630,sub-796630_ses-SLAP2-796630-2025-09-26-10-48-22,fluorescence,False,2,26,2275,3794.9969470408632,0.5994734730350505,0.0013186813186813,0.2341549515902996,2.2874866975666883,ok,3.784999847412109,0.4162637362637362,4.351515941682956,0.0932688077430708,0.3246810382754069,0.5820501539815223,Intermediate,Intermediate
796630,sub-796630_ses-SLAP2-796630-2025-09-26-10-48-22,fluorescence,False,2,27,4507,3794.9969470408632,1.1876162386676803,0.0,0.4956298388421535,3.1805022456772285,ok,4.393955707550049,0.6081650765475927,4.821988106966308,0.1246383262853327,0.2221233029156465,0.6532383707990207,High SNR,Intermediate
796630,sub-796630_ses-SLAP2-796630-2025-09-26-10-48-22,fluorescence,False,2,28,1572,3794.9969470408632,0.4142295822466371,0.0006361323155216,0.3376674129545688,2.2047996658407696,ok,3.483627796173096,0.2525445292620865,3.952079826162267,0.1146496815286624,0.3993630573248408,0.4859872611464968,Intermediate,Intermediate
796630,sub-796630_ses-SLAP2-796630-2025-09-26-10-48-22,fluorescence,False,2,29,1729,3794.9969470408632,0.4555998395066384,0.0011567379988432,0.2062755022466182,2.150555862156738,ok,3.618705272674561,0.340080971659919,3.919682918144456,0.1279675738274464,0.390851187029531,0.4811812391430226,Low SNR,Low SNR
796630,sub-796630_ses-SLAP2-796630-2025-09-26-10-48-22,fluorescence,False,2,30,2930,3794.706976691441,0.7721281295228312,0.0,0.3433138484716415,2.5191390591208664,ok,3.794025897979736,0.4320819112627986,3.946225624870946,0.1688934566632408,0.3442959917780062,0.486810551558753,Low SNR,Low SNR
796630,sub-796630_ses-SLAP2-796630-2025-09-26-10-48-22,fluorescence,False,2,31,1934,3794.981948574514,0.5096203423909452,0.0005170630816959,0.3445780233085155,2.2899894949521755,ok,3.626710176467896,0.3572905894519131,4.27042762338372,0.0933609958506224,0.3303941908713693,0.5762448132780082,Intermediate,Intermediate
796630,sub-796630_ses-SLAP2-796630-2025-09-26-10-48-22,fluorescence,False,2,32,3275,3794.9969470408632,0.8629782963471606,0.0,0.316515118163824,2.6296632757619984,ok,4.136197090148926,0.539236641221374,4.731447570946562,0.095529699938763,0.2507654623392529,0.6537048377219841,High SNR,High SNR
796630,sub-796630_ses-SLAP2-796630-2025-09-26-10-48-22,fluorescence,False,2,33,1406,3794.9969470408632,0.3704877815768268,0.0007112375533428,0.2650137240260839,2.152067543066615,ok,3.456892490386963,0.243954480796586,3.754342852671539,0.1377587437544611,0.4318344039971449,0.430406852248394,Low SNR,Low SNR
796630,sub-796630_ses-SLAP2-796630-2025-09-26-10-48-22,fluorescence,False,2,34,4150,3794.197028835561,1.093775565280445,0.0,0.2998728005737066,2.921576608644967,ok,4.235723972320557,0.5730120481927711,4.883753495441952,0.1000967117988394,0.2299323017408124,0.6699709864603481,High SNR,High SNR
796630,sub-796630_ses-SLAP2-796630-2025-09-26-10-48-22,fluorescence,False,2,35,3223,3794.771970045622,0.8493263957468443,0.0,0.3046069278895855,2.6796550296007573,ok,4.458935737609863,0.6065777226186783,5.051377580978294,0.1099345998131423,0.2155091871691062,0.6745562130177515,High SNR,High SNR
796630,sub-796630_ses-SLAP2-796630-2025-09-26-10-48-22,fluorescence,False,2,36,2945,3787.152749140114,0.7776290514473366,0.0,0.4625290129423141,2.6034038745393344,ok,3.88721227645874,0.4611205432937181,4.801266509494059,0.0773687798227675,0.2484662576687116,0.6741649625085208,High SNR,High SNR
796630,sub-796630_ses-SLAP2-796630-2025-09-26-10-48-22,fluorescence,False,2,37,2879,3794.986948063297,0.7586323851441032,0.0024313997915943,0.2541761123478412,2.4762203899347366,ok,4.0029377937316895,0.5005210142410559,4.451997823080981,0.1070432357043235,0.2960251046025104,0.596931659693166,Intermediate,Intermediate
796630,sub-796630_ses-SLAP2-796630-2025-09-26-10-48-22,fluorescence,False,2,38,3452,3786.447821221691,0.9116724072236702,0.0,0.3449839060127735,2.6969693562084176,ok,3.798636913299561,0.4154113557358053,4.340568142833494,0.1113372093023255,0.3151162790697674,0.5735465116279069,Intermediate,Intermediate
796630,sub-796630_ses-SLAP2-796630-2025-09-26-10-48-22,fluorescence,False,2,39,3022,3792.617190380088,0.7968112383356944,0.0,0.522591699886322,2.6168096145434223,ok,3.943211793899536,0.4827928524156188,4.725653558192768,0.1092297476759628,0.2423638778220451,0.648406374501992,High SNR,Intermediate
796630,sub-796630_ses-SLAP2-796630-2025-09-26-10-48-22,fluorescence,False,2,40,4660,3789.242535451467,1.2297972368888723,0.0,0.5672752057313919,3.142292059402976,ok,3.961894035339356,0.4847639484978541,4.902511067127216,0.0858064516129032,0.226021505376344,0.6881720430107527,High SNR,High SNR
796630,sub-796630_ses-SLAP2-796630-2025-09-26-10-48-22,fluorescence,False,2,41,1478,3794.9969470408632,0.3894601288552987,0.0027063599458728,0.2711316789507866,2.162230990445498,ok,3.5069074630737305,0.2611637347767253,3.995194600367164,0.0800542740841248,0.4206241519674355,0.4993215739484396,Intermediate,Intermediate
796630,sub-796630_ses-SLAP2-796630-2025-09-26-10-48-22,fluorescence,False,2,42,4088,3794.546993050381,1.0773354520281528,0.0,0.4190424324810504,3.034123552269564,ok,4.436628341674805,0.601027397260274,5.398100358246744,0.0823933300637567,0.1844041196665032,0.73320255026974,High SNR,High SNR
796630,sub-796630_ses-SLAP2-796630-2025-09-26-10-48-22,fluorescence,False,2,43,1837,3794.9969470408632,0.4840583604243463,0.0021774632553075,0.2279767505228519,2.201400430985242,ok,3.670401334762573,0.361458900381056,3.981213014878832,0.116557734204793,0.3888888888888889,0.494553376906318,Intermediate,Intermediate
796630,sub-796630_ses-SLAP2-796630-2025-09-26-10-48-22,fluorescence,False,2,44,4152,3787.572706197898,1.096216580398777,0.0,0.2925396056145429,3.1101506270196846,ok,4.586902618408203,0.6394508670520231,4.978038965686019,0.1205811138014527,0.197820823244552,0.6815980629539952,High SNR,High SNR
796630,sub-796630_ses-SLAP2-796630-2025-09-26-10-48-22,fluorescence,False,2,45,1728,3794.981948574514,0.4553381342562323,0.0,0.4096455806851387,2.243238084003986,ok,3.49209213256836,0.2314814814814814,4.087105556522166,0.0929152148664343,0.3797909407665505,0.5272938443670151,Intermediate,Intermediate
796630,sub-796630_ses-SLAP2-796630-2025-09-26-10-48-22,fluorescence,False,2,46,1665,3794.9969470408632,0.4387355308146634,0.0018018018018018,0.3476177692830562,2.2039870860101813,ok,3.5126044750213623,0.2522522522522522,4.02741680316178,0.0925480769230769,0.3984375,0.5090144230769231,Intermediate,Intermediate
796630,sub-796630_ses-SLAP2-796630-2025-09-26-10-48-22,fluorescence,False,2,47,4643,3794.601987426995,1.2235802372380766,0.0,0.4305527817070484,3.165327520625812,ok,4.2857346534729,0.5789360327374542,5.031179293425542,0.0929327858223471,0.2174194942727469,0.689647719904906,High SNR,High SNR
796630,sub-796630_ses-SLAP2-796630-2025-09-26-10-48-22,fluorescence,False,2,48,2599,3792.872164308028,0.6852326910612243,0.0,0.3283994485795498,2.5321753214021165,ok,4.258128643035889,0.5555983070411696,4.779146920843679,0.1186440677966101,0.2395993836671802,0.6417565485362096,High SNR,Intermediate
796630,sub-796630_ses-SLAP2-796630-2025-09-26-10-48-22,fluorescence,False,2,49,3838,3794.771970045622,1.0113914697103286,0.0,0.5205025483489036,2.976911129175776,ok,4.241386890411377,0.5667014069828036,5.080080261976239,0.0990590695243073,0.207527443805541,0.6934134866701516,High SNR,High SNR
796630,sub-796630_ses-SLAP2-796630-2025-09-26-10-48-22,fluorescence,False,2,50,2589,3792.8621653304617,0.6825979661653293,0.0,0.4450048305630684,2.525715480685228,ok,3.918220281600952,0.4762456546929316,4.6592876342559855,0.0914728682170542,0.2647286821705426,0.6437984496124031,High SNR,Intermediate
796630,sub-796630_ses-SLAP2-796630-2025-09-26-10-48-22,fluorescence,False,2,51,3347,3789.522506823323,0.8832247318688495,0.0002987750224081,0.335935231411457,2.767153543787069,ok,4.570828437805176,0.6172691962951897,5.080677364904522,0.1095808383233532,0.2080838323353293,0.6823353293413174,High SNR,High SNR
796630,sub-796630_ses-SLAP2-796630-2025-09-26-10-48-22,fluorescence,False,2,52,2967,3791.132342211495,0.782615781296954,0.0,0.4501012079715728,2.5633255712111773,ok,3.816210985183716,0.4250084260195483,4.346861717563989,0.1143050388907676,0.2959080148799459,0.5897869462292864,Intermediate,Intermediate
796630,sub-796630_ses-SLAP2-796630-2025-09-26-10-48-22,fluorescence,False,2,53,2538,3794.836963399802,0.668803435952147,0.0003940110323089,0.2615055957734584,2.3936511637007203,ok,3.909508228302002,0.4743892828999212,4.269448835065487,0.1362021318594551,0.3043821555467825,0.5594157125937623,Intermediate,Intermediate
796630,sub-796630_ses-SLAP2-796630-2025-09-26-10-48-22,fluorescence,False,2,54,2515,3794.9969470408632,0.662714630629957,0.0003976143141153,0.3312221582114696,2.4144714226260167,ok,3.728529930114746,0.4019880715705765,4.300911739455623,0.1023181454836131,0.3293365307753797,0.5683453237410072,Intermediate,Intermediate
796630,sub-796630_ses-SLAP2-796630-2025-09-26-10-48-22,fluorescence,False,2,55,2572,3794.606986915778,0.6778040542455487,0.0,0.4086249089598655,2.4513258696485103,ok,3.788126230239868,0.4261275272161742,4.26621355624104,0.1160888196338137,0.3229450720685625,0.5609661082976237,Intermediate,Intermediate
796630,sub-796630_ses-SLAP2-796630-2025-09-26-10-48-22,fluorescence,False,2,56,3925,3769.929510282191,1.0411335249889595,0.0,0.3184799112349748,2.773620532703268,ok,4.068452835083008,0.522547770700637,4.610351873016529,0.1127626858021527,0.2573039466940031,0.6299333675038442,High SNR,Intermediate
796630,sub-796630_ses-SLAP2-796630-2025-09-26-10-48-22,fluorescence,False,2,57,2532,3794.9969470408632,0.6671942126262629,0.0,0.3224941335976123,2.4120695924522737,ok,3.813568115234375,0.4348341232227488,4.252041309191188,0.116039603960396,0.3283168316831683,0.5556435643564357,Intermediate,Intermediate
796630,sub-796630_ses-SLAP2-796630-2025-09-26-10-48-22,fluorescence,False,2,58,2200,3794.9969470408632,0.5797106112866423,0.0,0.2951692492246627,2.321228122560081,ok,3.7148380279541016,0.3968181818181818,4.013490186101516,0.1282519397535372,0.3669557279780921,0.5047923322683706,Intermediate,Intermediate
796630,sub-796630_ses-SLAP2-796630-2025-09-26-10-48-22,fluorescence,False,2,59,3660,3791.0973457900127,0.9654196835816956,0.0,0.4340044637203216,2.9692926210795068,ok,4.510931968688965,0.6122950819672132,4.84154705385335,0.1303395399780942,0.2196056955093099,0.6500547645125958,High SNR,Intermediate
796630,sub-796630_ses-SLAP2-796630-2025-09-26-10-48-22,fluorescence,False,2,60,2178,3788.1226499640434,0.5749549846335291,0.0,0.5030996977686881,2.4072844931412463,ok,3.6624679565429688,0.3723599632690542,4.481568713265219,0.0886017535763728,0.3004153207198892,0.6109829257037379,Intermediate,Intermediate
796630,sub-796630_ses-SLAP2-796630-2025-09-26-10-48-22,fluorescence,False,2,61,2092,3793.472102962005,0.5514736745701997,0.002868068833652,0.2670969326913356,2.266608001026237,ok,3.818315982818604,0.4431166347992352,4.528628589798787,0.0879384911100432,0.3070639115809707,0.6049975973089861,Intermediate,Intermediate
796630,sub-796630_ses-SLAP2-796630-2025-09-26-10-48-22,fluorescence,False,2,62,2466,3789.242535451467,0.6507896966025665,0.0,0.4525880238175392,2.4953120073168686,ok,3.6456379890441895,0.3381995133819951,4.441065479837219,0.0761400651465798,0.3057817589576547,0.6180781758957655,Intermediate,Intermediate
796630,sub-796630_ses-SLAP2-796630-2025-09-26-10-48-22,fluorescence,False,2,63,2413,3794.9969470408632,0.6358371386521218,0.0,0.3238745147824287,2.3822747696041326,ok,3.763533592224121,0.402403646912557,4.118635502281942,0.1199667911996679,0.3503528435035284,0.5296803652968036,Intermediate,Intermediate
796630,sub-796630_ses-SLAP2-796630-2025-09-26-10-48-22,fluorescence,False,2,64,2651,3794.596987938212,0.6986249154855353,0.0,0.3446038273036479,2.438013524819331,ok,3.781595706939697,0.4032440588457186,4.191568276442422,0.1176693151721528,0.340522133938706,0.5418085508891411,Intermediate,Intermediate
796630,sub-796630_ses-SLAP2-796630-2025-09-26-10-48-22,fluorescence,False,2,65,2103,3794.981948574514,0.5541528335305883,0.0004755111745126,0.2608461137026548,2.2737818917350627,ok,3.824549436569214,0.4308131241084165,4.222871366645746,0.1040076335877862,0.3430343511450381,0.5529580152671756,Intermediate,Intermediate
796630,sub-796630_ses-SLAP2-796630-2025-09-26-10-48-22,fluorescence,False,2,66,2929,3776.03888557519,0.7756805712962981,0.0,0.3849326880455017,2.5724612194186363,ok,4.054550647735596,0.5168999658586548,4.651991040207511,0.0988671472708547,0.2646755921730175,0.6364572605561277,High SNR,Intermediate
796630,sub-796630_ses-SLAP2-796630-2025-09-26-10-48-22,fluorescence,False,2,67,2859,3786.457820199257,0.7550592495044746,0.0003497726477789,0.2721401556372642,2.5229764048864416,ok,4.00455379486084,0.5001748863238895,4.451179198039475,0.1202108963093145,0.2787346221441125,0.6010544815465729,Intermediate,Intermediate
796630,sub-796630_ses-SLAP2-796630-2025-09-26-10-48-22,fluorescence,False,2,68,2801,3787.677695462344,0.739503259043295,0.0007140307033202,0.2998251913189887,2.4506176966294726,ok,3.9145333766937256,0.467690110674759,4.198035798864567,0.1390278770550393,0.3123659756969263,0.5486061472480344,Intermediate,Intermediate
796630,sub-796630_ses-SLAP2-796630-2025-09-26-10-48-22,fluorescence,False,2,69,2668,3794.9969470408632,0.7030308685967098,0.0,0.4072117425620555,2.5284033401276726,ok,3.993143320083618,0.4970014992503748,4.935857647619994,0.0799549549549549,0.2312312312312312,0.6888138138138138,High SNR,High SNR
796630,sub-796630_ses-SLAP2-796630-2025-09-26-10-48-22,fluorescence,False,2,70,2753,3764.425073131952,0.7313201741347293,0.0,0.4288783498585224,2.577952887732774,ok,4.125147819519043,0.5292408281874319,4.8268468447285295,0.1029948867786705,0.2399561723886048,0.6570489408327246,High SNR,High SNR
796630,sub-796630_ses-SLAP2-796630-2025-09-26-10-48-22,fluorescence,False,2,71,1686,3794.8669603325015,0.4442843497871332,0.0005931198102016,0.248681098562479,2.1665898452882897,ok,3.646808624267578,0.3505338078291815,3.833891849529093,0.1391200951248513,0.4096313912009512,0.4512485136741974,Low SNR,Low SNR
796630,sub-796630_ses-SLAP2-796630-2025-09-26-10-48-22,fluorescence,False,2,72,3581,3773.9391002862703,0.9488759370092552,0.0,0.4834081565380096,2.935915376215303,ok,4.497017860412598,0.6163082937726891,5.21927341698571,0.0998037566582562,0.1861508270255116,0.7140454163162321,High SNR,High SNR
796630,sub-796630_ses-SLAP2-796630-2025-09-26-10-48-22,fluorescence,False,2,73,2062,3793.052145904221,0.543625534446335,0.0004849660523763,0.3795438064455986,2.3257699055072973,ok,3.763573408126831,0.4272550921435499,4.643049414434962,0.0733009708737864,0.2815533980582524,0.6451456310679612,High SNR,High SNR
796630,sub-796630_ses-SLAP2-796630-2025-09-26-10-48-22,fluorescence,False,2,74,2943,3790.667389754664,0.7763804357919346,0.0,0.4688160856604575,2.595117150235319,ok,3.90038013458252,0.4634726469588855,4.680186833768103,0.0866598430569771,0.2569089048106448,0.6564312521323781,High SNR,High SNR
796630,sub-796630_ses-SLAP2-796630-2025-09-26-10-48-22,fluorescence,False,2,75,3030,3789.607498132637,0.7995550994378864,0.0,0.5010904325723647,2.6142704999637703,ok,3.736584186553955,0.3887788778877887,4.473716728054232,0.092414706856575,0.2961245445511759,0.6114607485922491,Intermediate,Intermediate
796630,sub-796630_ses-SLAP2-796630-2025-09-26-10-48-22,fluorescence,False,2,76,2110,3790.442412759421,0.5566632519985791,0.0,0.4185910834908485,2.371998479735233,ok,3.761043071746826,0.4170616113744075,4.364773658836919,0.0911248220218319,0.3208353108685334,0.5880398671096345,Intermediate,Intermediate
796630,sub-796630_ses-SLAP2-796630-2025-09-26-10-48-22,fluorescence,False,2,77,4560,3767.6297454419455,1.210310011358377,0.0,0.3800052737832069,3.3024665712901284,ok,4.901632308959961,0.681359649122807,5.8479156274441095,0.0767026669605466,0.1426052457571082,0.7806920872823452,High SNR,High SNR
796630,sub-796630_ses-SLAP2-796630-2025-09-26-10-48-22,fluorescence,False,2,78,2511,3787.817681148272,0.6629146942570884,0.0,0.4031336067080497,2.467284754445605,ok,3.913683414459229,0.4671445639187574,4.496628029727351,0.1080432172869147,0.2801120448179272,0.611844737895158,Intermediate,Intermediate
796630,sub-796630_ses-SLAP2-796630-2025-09-26-10-48-22,fluorescence,False,2,79,3342,3788.8325773712495,0.8820658954317615,0.0,0.3933706828236579,2.7381795532093034,ok,4.241020202636719,0.5529622980251346,4.674957047513972,0.1353947763434404,0.247373161212849,0.6172320624437106,High SNR,Intermediate
796630,sub-796630_ses-SLAP2-796630-2025-09-26-10-48-22,fluorescence,False,2,80,2005,3794.9969470408632,0.5283271707407808,0.0,0.4578939261317253,2.358327843385703,ok,3.578575611114502,0.3356608478802992,4.372011696123284,0.0790395197598799,0.3221610805402701,0.59879939969985,Intermediate,Intermediate
796630,sub-796630_ses-SLAP2-796630-2025-09-26-10-48-22,fluorescence,False,2,81,1629,3794.986948063297,0.4292504881555207,0.0012277470841006,0.3479741206884384,2.186823975655686,ok,3.4602108001708984,0.2369551872314303,3.9543620669969295,0.0930375847196549,0.4177449168207024,0.4892174984596426,Intermediate,Intermediate
796630,sub-796630_ses-SLAP2-796630-2025-09-26-10-48-22,fluorescence,False,2,82,3286,3786.6178038403177,0.8677928880668653,0.0,0.3930467189669608,2.769478479633057,ok,4.45890998840332,0.6049908703590993,5.172914129548686,0.105648854961832,0.2021374045801526,0.6922137404580153,High SNR,High SNR
796630,sub-796630_ses-SLAP2-796630-2025-09-26-10-48-22,fluorescence,False,2,83,3435,3793.86206308709,0.9054098285283778,0.0,0.3891800521552562,2.70489726503888,ok,4.407554626464844,0.6107714701601165,5.238543982227616,0.0823357664233576,0.2008759124087591,0.7167883211678832,High SNR,High SNR
796630,sub-796630_ses-SLAP2-796630-2025-09-26-10-48-22,fluorescence,False,2,84,2077,3794.9969470408632,0.5472995180192527,0.0,0.4524019169211387,2.3762506102106697,ok,3.5710113048553467,0.3119884448724121,4.286076219025113,0.0926193921852387,0.3381572600096478,0.5692233478051134,Intermediate,Intermediate
796630,sub-796630_ses-SLAP2-796630-2025-09-26-10-48-22,fluorescence,False,2,85,2641,3794.427005319585,0.6960207684315598,0.0,0.3621315002918243,2.430080467674534,ok,3.7730562686920166,0.4191594093146535,4.246088227314733,0.1171341925701288,0.3161485974222896,0.5667172100075815,Intermediate,Intermediate
796630,sub-796630_ses-SLAP2-796630-2025-09-26-10-48-22,fluorescence,False,2,86,2446,3794.0370451945,0.6446958663985861,0.0,0.4186385380983352,2.4198995578166627,ok,3.752331733703613,0.4035159443990188,4.317426208251971,0.1147070872593199,0.319950839819746,0.5653420729209341,Intermediate,Intermediate
796630,sub-796630_ses-SLAP2-796630-2025-09-26-10-48-22,fluorescence,False,2,87,3394,3790.517405091168,0.8953922742687864,0.0,0.5680578090906143,2.8019056878501107,ok,3.932859897613525,0.4749558043606364,5.093165084452886,0.0546690307328605,0.208628841607565,0.7367021276595744,High SNR,High SNR
796630,sub-796630_ses-SLAP2-796630-2025-09-26-10-48-22,fluorescence,False,2,88,2084,3794.3970083868862,0.5492308778953976,0.0004798464491362,0.2411040911972522,2.279636877751041,ok,3.6753671169281006,0.3795585412667946,4.104359468668358,0.1066602316602316,0.3696911196911197,0.5236486486486487,Intermediate,Intermediate
796630,sub-796630_ses-SLAP2-796630-2025-09-26-10-48-22,fluorescence,False,2,89,3327,3789.6174971102014,0.8779250155291465,0.0,0.5049905473709106,2.7160023377144142,ok,3.881569862365722,0.4532611962729185,4.669992122136326,0.0873230954531767,0.2691960252935862,0.6434808792532369,High SNR,Intermediate
796630,sub-796630_ses-SLAP2-796630-2025-09-26-10-48-22,fluorescence,False,2,90,2332,3790.397417360373,0.6152389164574731,0.0,0.3378769378602504,2.370844621079128,ok,3.615700721740722,0.3246140651801029,4.120460499669335,0.0976344086021505,0.3759139784946236,0.5264516129032258,Intermediate,Intermediate
796630,sub-796630_ses-SLAP2-796630-2025-09-26-10-48-22,fluorescence,False,2,91,3002,3790.167440876348,0.7920494402500299,0.0,0.3986276282429695,2.615265119697152,ok,4.003775119781494,0.5023317788141239,4.575789065585532,0.1098459477561955,0.2849966510381782,0.6051574012056262,Intermediate,Intermediate
796630,sub-796630_ses-SLAP2-796630-2025-09-26-10-48-22,fluorescence,False,2,92,2621,3793.4221080741736,0.6909328636065277,0.0007630675314765,0.3674991731286048,2.4710551500255016,ok,3.919586420059204,0.4761541396413583,4.557275159221989,0.1003062787136294,0.2852220520673813,0.6144716692189893,Intermediate,Intermediate
796630,sub-796630_ses-SLAP2-796630-2025-09-26-10-48-22,fluorescence,False,2,93,3201,3794.571990494296,0.8435734011685004,0.0,0.4542153103530407,2.6473122929465265,ok,3.95302677154541,0.4851608872227429,4.432535947892815,0.1221804511278195,0.2838345864661654,0.5939849624060151,Intermediate,Intermediate
796630,sub-796630_ses-SLAP2-796630-2025-09-26-10-48-22,fluorescence,False,2,94,1552,3794.9969470408632,0.4089594857803949,0.0,0.3066782287180423,2.1711954442586348,ok,3.5026798248291016,0.2538659793814433,3.8550146652269146,0.1032924467398321,0.4370561652679148,0.4596513879922531,Intermediate,Intermediate
796630,sub-796630_ses-SLAP2-796630-2025-09-26-10-48-22,fluorescence,False,2,95,2745,3794.9969470408632,0.7233207399917423,0.0,0.3565420191407203,2.4552650949909025,ok,3.802780866622925,0.4255009107468124,4.370401320840195,0.1005116959064327,0.3062865497076023,0.5932017543859649,Intermediate,Intermediate
796630,sub-796630_ses-SLAP2-796630-2025-09-26-10-48-22,fluorescence,False,2,96,3252,3790.527404068735,0.8579281069197173,0.0,0.5252217632532119,2.697587687194764,ok,3.8977181911468506,0.4606396063960639,4.689376109886946,0.1002776920703486,0.2591792656587473,0.6405430422709041,High SNR,Intermediate
796630,sub-796630_ses-SLAP2-796630-2025-09-26-10-48-22,fluorescence,False,2,97,2181,3789.667491998034,0.575512232829194,0.0,0.3783048611998558,2.3479446950324543,ok,3.727236270904541,0.3970655662540119,4.553096662662133,0.0767816091954022,0.2951724137931034,0.6280459770114942,Intermediate,Intermediate
796630,sub-796630_ses-SLAP2-796630-2025-10-01-14-23-25,fluorescence,False,1,0,5658,3546.836771639553,1.5952242418487574,0.0,0.5321701959013938,5.247114696043952,ok,5.833610534667969,0.782608695652174,4.28114613621254,0.2972733711048159,0.1786473087818696,0.5240793201133145,Low SNR,Low SNR
796630,sub-796630_ses-SLAP2-796630-2025-10-01-14-23-25,fluorescence,False,1,1,4391,3512.1541500397248,1.2502298624763766,0.0,0.3792169263839721,6.686727303245865,ok,9.757655143737791,0.8235026189933956,10.224511048067503,0.0814033478559963,0.0951616601696858,0.8234349919743178,High SNR,High SNR
796630,sub-796630_ses-SLAP2-796630-2025-10-01-14-23-25,fluorescence,False,1,2,5429,3547.3617356395503,1.530433151334991,0.0,0.4348022666931152,3.7648532004494855,ok,4.444921016693115,0.6212930558113833,5.417495497009359,0.1059431524547803,0.1650055370985603,0.7290513104466593,High SNR,High SNR
796630,sub-796630_ses-SLAP2-796630-2025-10-01-14-23-25,fluorescence,False,1,3,5214,3547.066755868123,1.4699469614926672,0.0,0.5803875235319137,4.346012556606983,ok,5.287388324737549,0.7343690065209053,4.378774567734451,0.2542242703533026,0.206605222734255,0.5391705069124424,Low SNR,Low SNR
796630,sub-796630_ses-SLAP2-796630-2025-10-01-14-23-25,fluorescence,False,1,4,3691,3546.806773696696,1.0406543788549882,0.0002709292874559,0.4172541802704334,3.096978352795261,ok,4.568700313568115,0.6247629368734761,5.191601829207598,0.1134944338854195,0.204452891664404,0.6820526744501765,High SNR,High SNR
796630,sub-796630_ses-SLAP2-796630-2025-10-01-14-23-25,fluorescence,False,1,5,4711,3540.5522026110125,1.330583403494469,0.0004245383145828,0.2889916667461395,3.931316059473203,ok,5.337801456451416,0.7265973254086181,5.353698782896583,0.1340140395660497,0.1706019995745586,0.6953839608593916,High SNR,High SNR
796630,sub-796630_ses-SLAP2-796630-2025-10-01-14-23-25,fluorescence,False,1,6,4620,3547.20174661098,1.3024350826433764,0.0,0.3323026342302561,3.8575600840439113,ok,5.150403022766113,0.7121212121212122,5.482340107921376,0.1342733188720173,0.1609544468546637,0.7047722342733189,High SNR,High SNR
796630,sub-796630_ses-SLAP2-796630-2025-10-01-14-23-25,fluorescence,False,1,7,4676,3544.6969183824203,1.319153684409734,0.0,0.3151818822920322,3.697774097435782,ok,5.304956436157227,0.7495722840034217,5.045094377082088,0.1618435155412647,0.1796355841371918,0.6585209003215434,High SNR,Intermediate
796630,sub-796630_ses-SLAP2-796630-2025-10-01-14-23-25,fluorescence,False,1,8,5561,3546.946764096695,1.5678273089097874,0.0,0.392366757184267,3.514647004680484,ok,4.1347246170043945,0.5441467361985255,3.9217594887432288,0.229673697494141,0.2855597620335316,0.4847665404723273,Low SNR,Low SNR
796630,sub-796630_ses-SLAP2-796630-2025-10-01-14-23-25,fluorescence,False,1,9,4435,3547.176748325265,1.2502901080680302,0.0,0.3009916291058063,3.3974743993028613,ok,4.666171550750732,0.6502818489289741,5.096279054575051,0.1217253839205058,0.2093495934959349,0.6689250225835591,High SNR,High SNR
796630,sub-796630_ses-SLAP2-796630-2025-10-01-14-23-25,fluorescence,False,1,10,4444,3546.60178775384,1.253030440390802,0.0,0.3435561585903167,3.338674201353726,ok,4.610719680786133,0.6433393339333934,4.767536613699847,0.1397970687711386,0.2326944757609921,0.6275084554678693,High SNR,Intermediate
796630,sub-796630_ses-SLAP2-796630-2025-10-01-14-23-25,fluorescence,False,1,11,4208,3547.251743182408,1.1862704720880066,0.0,0.336651049259305,3.284561237419476,ok,4.655348777770996,0.6525665399239544,5.065159837097825,0.131472202338344,0.2009067048437127,0.6676210928179432,High SNR,High SNR
796630,sub-796630_ses-SLAP2-796630-2025-10-01-14-23-25,fluorescence,False,1,12,2859,3547.046757239552,0.8060226424037849,0.0,0.3884265666604042,2.6344315944591545,ok,4.140792369842529,0.5334032878628892,4.287329422746406,0.1585408628551385,0.2837600841809891,0.5576990529638723,Low SNR,Intermediate
796630,sub-796630_ses-SLAP2-796630-2025-10-01-14-23-25,fluorescence,False,1,13,2181,3547.091754153837,0.6148699134850206,0.0004585052728106,0.4035492100954055,2.396446920429806,ok,3.761228561401367,0.3911049977074736,4.206433930333969,0.116214974735875,0.3353238401469913,0.5484611851171337,Intermediate,Intermediate
796630,sub-796630_ses-SLAP2-796630-2025-10-01-14-23-25,fluorescence,False,1,14,3813,3547.3617356395503,1.0748833313760031,0.0,0.4535204140663146,2.923501658519649,ok,4.091950416564941,0.5310778914240756,4.846185442385681,0.0925098554533508,0.2336399474375821,0.673850197109067,High SNR,High SNR
796630,sub-796630_ses-SLAP2-796630-2025-10-01-14-23-25,fluorescence,False,1,15,3129,3542.1970898110044,0.883350056664111,0.0,0.463335387790203,2.722099801767117,ok,4.064719676971436,0.5190156599552572,4.437128982193491,0.1362616223148445,0.2677140109009298,0.5960243667842258,High SNR,Intermediate
796630,sub-796630_ses-SLAP2-796630-2025-10-01-14-23-25,fluorescence,False,1,16,4245,3547.321738382408,1.1966774691082114,0.0,0.4518289268374443,3.032678099944627,ok,3.930656909942627,0.4744405182567727,4.610216449714487,0.1110849056603773,0.2653301886792453,0.6235849056603774,High SNR,Intermediate
796630,sub-796630_ses-SLAP2-796630-2025-10-01-14-23-25,fluorescence,False,1,17,2795,3546.676782610982,0.7880616620334896,0.0,0.4554522672772407,2.6238147839661985,ok,4.052510738372803,0.5130590339892666,4.902675852118913,0.0814121037463977,0.236671469740634,0.6819164265129684,High SNR,High SNR
796630,sub-796630_ses-SLAP2-796630-2025-10-01-14-23-25,fluorescence,False,1,18,6093,3546.276810039556,1.718139989171358,0.0,0.3923807638049125,4.177421035699671,ok,4.710226535797119,0.6689643853602495,5.993754121729381,0.0692890059249506,0.1263989466754443,0.804312047399605,High SNR,High SNR
796630,sub-796630_ses-SLAP2-796630-2025-10-01-14-23-25,fluorescence,False,1,19,2356,3547.3617356395503,0.6641555543461483,0.0004244482173174,0.3800362032294273,2.425493853773483,ok,3.8645076751708975,0.4545840407470288,4.603419951940436,0.0856777493606138,0.2791986359761296,0.6351236146632566,High SNR,Intermediate
796630,sub-796630_ses-SLAP2-796630-2025-10-01-14-23-25,fluorescence,False,1,20,2978,3546.6267860395537,0.8396710958486479,0.0,0.4023615193605422,2.621929235278024,ok,4.058155059814453,0.5204835460040296,4.623678498072457,0.0996968676321994,0.277534523408555,0.6227686089592456,High SNR,Intermediate
796630,sub-796630_ses-SLAP2-796630-2025-10-01-14-23-25,fluorescence,False,1,21,2612,3547.3617356395503,0.7363218624584631,0.0,0.4042018655955791,2.5220208038866505,ok,3.917016506195069,0.475114854517611,4.40605351099222,0.1058688147295742,0.2991944764096663,0.5949367088607594,Intermediate,Intermediate
796630,sub-796630_ses-SLAP2-796630-2025-10-01-14-23-25,fluorescence,False,1,22,2287,3547.3617356395503,0.6447044791127509,0.0,0.35546580696702,2.393615879761131,ok,3.818772077560425,0.4442501093135111,4.312914997823467,0.1182136602451838,0.3178633975481611,0.563922942206655,Intermediate,Intermediate
796630,sub-796630_ses-SLAP2-796630-2025-10-01-14-23-25,fluorescence,False,1,23,5906,3540.7021923252973,1.6680307123263969,0.0,0.5759856447458267,3.9707281952665294,ok,4.558751106262207,0.6440907551642397,5.616904213812528,0.0882402850839979,0.1571355845918886,0.7546241303241134,High SNR,High SNR
796630,sub-796630_ses-SLAP2-796630-2025-10-01-14-23-25,fluorescence,False,1,24,4830,3546.606787410982,1.361865097970416,0.0,0.3707648808002471,3.333487191062228,ok,4.196121692657471,0.5627329192546584,4.437343410269431,0.1631382316313823,0.2590286425902864,0.5778331257783312,Low SNR,Intermediate
796630,sub-796630_ses-SLAP2-796630-2025-10-01-14-23-25,fluorescence,False,1,25,2046,3546.6467846681253,0.5768829331538446,0.0004887585532746,0.2380984780758619,2.3018245820144103,ok,3.710370540618897,0.3866080156402737,3.833377696776988,0.1523762861342479,0.3885350318471338,0.4590886820186183,Intermediate,Low SNR
796630,sub-796630_ses-SLAP2-796630-2025-10-01-14-23-25,fluorescence,False,1,26,2758,3547.3617356395503,0.7774792100537677,0.0,0.4770871056139469,2.6223012606237206,ok,4.058206558227539,0.5145032632342277,4.9553655078434975,0.083303019279738,0.21498726809749,0.7017097126227719,High SNR,High SNR
796630,sub-796630_ses-SLAP2-796630-2025-10-01-14-23-25,fluorescence,False,1,27,2276,3545.676851182416,0.6419084692506587,0.000439367311072,0.2553568439573049,2.3865910468863825,ok,3.596307277679444,0.2921792618629173,3.9297270589779294,0.1194885361552028,0.3981481481481481,0.482363315696649,Intermediate,Intermediate
796630,sub-796630_ses-SLAP2-796630-2025-10-01-14-23-25,fluorescence,False,1,28,4118,3546.9767620395523,1.160988716946683,0.0,0.4019481252193451,2.9124962137995096,ok,3.8551583290100098,0.440990772219524,3.628965684592488,0.2284671532846715,0.3411192214111922,0.4304136253041362,Low SNR,Low SNR
796630,sub-796630_ses-SLAP2-796630-2025-10-01-14-23-25,fluorescence,False,1,29,3738,3546.79677438241,1.053908706300457,0.0,0.4317430351674556,2.885828112128133,ok,3.958885669708252,0.4863563402889245,4.626052195515337,0.1169527896995708,0.2483905579399141,0.634656652360515,High SNR,Intermediate
796630,sub-796630_ses-SLAP2-796630-2025-10-01-14-23-25,fluorescence,False,1,30,5157,3543.9169718681387,1.4551695316048958,0.0,0.3589176215350628,3.398189176708699,ok,4.179013729095459,0.5514834205933682,4.874572457616237,0.1137422360248447,0.2193322981366459,0.6669254658385093,High SNR,High SNR
796630,sub-796630_ses-SLAP2-796630-2025-10-01-14-23-25,fluorescence,False,1,31,1962,3536.0825091253205,0.5548513064773811,0.0,0.200381012570858,2.251394664315929,ok,3.7651214599609375,0.4108053007135576,3.511716410260456,0.1967296882984159,0.4072560040878896,0.3960143076136944,Low SNR,Low SNR
796630,sub-796630_ses-SLAP2-796630-2025-10-01-14-23-25,fluorescence,False,1,32,2789,3534.4526208967573,0.7890896552157992,0.0,0.4002465638279914,2.734656768962332,ok,4.389288425445557,0.5851559698816781,4.692200867190751,0.1365273775216138,0.2431556195965417,0.6203170028818443,High SNR,Intermediate
796630,sub-796630_ses-SLAP2-796630-2025-10-01-14-23-25,fluorescence,False,1,33,2823,3546.7667764395533,0.7959361801719278,0.0003542330853701,0.4248445314824581,2.5844734495934114,ok,3.932852745056152,0.473609635139922,4.346503806323444,0.1309904153354632,0.2917997870074547,0.577209797657082,Intermediate,Intermediate
796630,sub-796630_ses-SLAP2-796630-2025-10-01-14-23-25,fluorescence,False,1,34,3306,3547.3617356395503,0.931960213356692,0.0,0.4416165980994701,2.761030574544078,ok,4.149410724639893,0.5450695704779189,4.588576954159729,0.1236363636363636,0.2548484848484848,0.6215151515151515,High SNR,Intermediate
796630,sub-796630_ses-SLAP2-796630-2025-10-01-14-23-25,fluorescence,False,1,35,2464,3547.066755868123,0.6946584796927373,0.0,0.416919346922636,2.542708435431708,ok,4.07939338684082,0.5198863636363636,5.177953898762148,0.0671004473363155,0.2269215128100854,0.705978039853599,High SNR,High SNR
796630,sub-796630_ses-SLAP2-796630-2025-10-01-14-23-25,fluorescence,False,1,36,2741,3547.3617356395503,0.7726869161556843,0.0,0.3340104919731617,2.5401528753912985,ok,3.994647264480591,0.4979934330536301,4.496161908831108,0.1271465107782243,0.268176835951772,0.6046766532700036,High SNR,Intermediate
796630,sub-796630_ses-SLAP2-796630-2025-10-01-14-23-25,fluorescence,False,1,37,2701,3546.716779868125,0.761549389940414,0.0,0.422045902633667,2.552905051748644,ok,3.8587546348571777,0.4453905960755275,4.487274843804211,0.0923590504451038,0.2867210682492581,0.620919881305638,High SNR,Intermediate
796630,sub-796630_ses-SLAP2-796630-2025-10-01-14-23-25,fluorescence,False,1,38,2537,3546.1618179252705,0.7154213852215875,0.0,0.3234223262786865,2.493410157356688,ok,4.087131977081299,0.5210878990934175,4.737157398062235,0.1000791139240506,0.2559335443037974,0.6439873417721519,High SNR,Intermediate
796630,sub-796630_ses-SLAP2-796630-2025-10-01-14-23-25,fluorescence,False,1,39,2242,3545.156886839561,0.6324120685103727,0.0,0.2872780649632215,2.375855188343118,ok,3.769991397857666,0.4121320249776984,3.850599065238121,0.1693476318141197,0.3655049151027703,0.4651474530831099,Low SNR,Low SNR
796630,sub-796630_ses-SLAP2-796630-2025-10-01-14-23-25,fluorescence,False,1,40,3093,3546.1318199824136,0.8722179989392891,0.0,0.4578790799975395,2.7330803172000864,ok,4.03936767578125,0.5118008406078242,4.877330518354484,0.0810635538261997,0.2376783398184176,0.6812581063553826,High SNR,High SNR
796630,sub-796630_ses-SLAP2-796630-2025-10-01-14-23-25,fluorescence,False,1,41,3967,3546.656783982411,1.1185181543125244,0.0,0.4020922564387321,3.096818623693126,ok,4.386051654815674,0.597428787496849,4.990537904164476,0.1141125978288311,0.2042413531936379,0.6816460489775309,High SNR,High SNR
796630,sub-796630_ses-SLAP2-796630-2025-10-01-14-23-25,fluorescence,False,1,42,1966,3547.3617356395503,0.5542146943312934,0.0005086469989827,0.3271136231303215,2.3144886739745187,ok,3.737850666046143,0.3911495422177009,4.149682212791191,0.1095262353540499,0.358125318390219,0.5323484462557311,Intermediate,Intermediate
796630,sub-796630_ses-SLAP2-796630-2025-10-01-14-23-25,fluorescence,False,1,43,2556,3488.410778268414,0.7327118743936325,0.0,0.4663216700077056,2.507499028146372,ok,3.7676823139190674,0.4041471048513302,4.787670472217981,0.0570641479732388,0.2644628099173554,0.6784730421094057,High SNR,High SNR
796630,sub-796630_ses-SLAP2-796630-2025-10-01-14-23-25,fluorescence,False,1,44,2686,3546.4867956395547,0.7573692374387146,0.0,0.3000912066489458,2.4897792251189195,ok,3.8699798583984375,0.4620253164556962,4.250089832052999,0.1260723610593062,0.3162998881014547,0.5576277508392391,Intermediate,Intermediate
796630,sub-796630_ses-SLAP2-796630-2025-10-01-14-23-25,fluorescence,False,1,45,2463,3546.806773696696,0.6944274546518114,0.0,0.2991129082649946,2.452264144967549,ok,3.8792335987091056,0.4644742184328055,4.41086941145779,0.1123778501628664,0.2943811074918567,0.5932410423452769,Intermediate,Intermediate
796630,sub-796630_ses-SLAP2-796630-2025-10-01-14-23-25,fluorescence,False,1,46,2073,3546.3668038681267,0.5845419029241188,0.0,0.3824801596999168,2.3562030694897222,ok,3.6909737586975098,0.3810902074288471,4.1306303906729,0.1174480425326244,0.3547607539874335,0.527791203479942,Intermediate,Intermediate
796630,sub-796630_ses-SLAP2-796630-2025-10-01-14-23-25,fluorescence,False,1,47,2706,3547.09675381098,0.7628774143509589,0.0003695491500369,0.3171824872434139,2.529858859091893,ok,4.039690971374512,0.508130081300813,4.336337326576496,0.1233333333333333,0.3018518518518518,0.5748148148148148,Intermediate,Intermediate
796630,sub-796630_ses-SLAP2-796630-2025-10-01-14-23-25,fluorescence,False,1,48,2476,3541.457140553865,0.6991472441235774,0.0,0.480876316255331,2.5290985307805327,ok,3.792839527130127,0.4273021001615509,4.636815297035805,0.0815746753246753,0.2731331168831168,0.6452922077922078,High SNR,High SNR
796630,sub-796630_ses-SLAP2-796630-2025-10-01-14-23-25,fluorescence,False,1,49,2981,3544.026964325281,0.8411335551357829,0.0,0.5110080920577049,2.6726312259061187,ok,3.885359764099121,0.461590070446159,4.639885206159158,0.0961344537815126,0.2564705882352941,0.6473949579831932,High SNR,Intermediate
796630,sub-796630_ses-SLAP2-796630-2025-10-01-14-23-25,fluorescence,False,1,50,3363,3546.3668038681267,0.9482944619072896,0.0,0.3459451048314571,2.7475354165739723,ok,4.039504051208496,0.5147190008920607,4.52951038248296,0.1168057210965435,0.2708581644815256,0.6123361144219309,High SNR,Intermediate
796630,sub-796630_ses-SLAP2-796630-2025-10-01-14-23-25,fluorescence,False,1,51,2374,3546.611787068125,0.6693712598193648,0.0004212299915754,0.3297239579290151,2.429183789881243,ok,3.877901077270508,0.4620893007582139,4.42726316206598,0.1109229466553768,0.2959356477561388,0.5931414055884844,Intermediate,Intermediate
796630,sub-796630_ses-SLAP2-796630-2025-10-01-14-23-25,fluorescence,False,1,52,2704,3541.3921450110083,0.7635415365703858,0.0,0.3009196297734975,2.4820554247257647,ok,3.9521307945251465,0.4796597633136095,4.1666954309891135,0.1319985168705969,0.3281423804226919,0.5398591027067111,Intermediate,Intermediate
796630,sub-796630_ses-SLAP2-796630-2025-10-01-14-23-25,fluorescence,False,1,53,2149,3546.0018288967,0.6060346564086906,0.0004653327128897,0.302488481748104,2.30940107045338,ok,3.608665943145752,0.3159609120521172,3.607699726642167,0.1715617715617715,0.427039627039627,0.4013986013986014,Low SNR,Low SNR
796630,sub-796630_ses-SLAP2-796630-2025-10-01-14-23-25,fluorescence,False,1,54,2761,3545.176885468132,0.7788045813221578,0.0,0.3336756586253643,2.546759915110289,ok,4.065194129943848,0.5215501629844259,4.6456033707356905,0.104976389393389,0.2553577915001816,0.6396658191064294,High SNR,Intermediate
796630,sub-796630_ses-SLAP2-796630-2025-10-01-14-23-25,fluorescence,False,1,55,2311,3471.876912097068,0.6656341968656142,0.0,0.4244880475223064,2.473131645042791,ok,3.800645351409912,0.436607529208135,4.715451866530414,0.0756449497157848,0.264975951027547,0.6593790992566682,High SNR,High SNR
796630,sub-796630_ses-SLAP2-796630-2025-10-01-14-23-25,fluorescence,False,1,56,2131,3546.9067668395523,0.6008051917019553,0.0,0.3176271643102168,2.34464806925814,ok,3.748640775680542,0.4063819802909432,4.095850901948673,0.1342723004694835,0.3431924882629108,0.5225352112676056,Intermediate,Intermediate
796630,sub-796630_ses-SLAP2-796630-2025-10-01-14-23-25,fluorescence,False,1,57,1866,3547.301739753836,0.5260336269362557,0.0,0.2484425883471965,2.2399978098347413,ok,3.713934898376465,0.3944265809217577,4.141699216393713,0.1032258064516129,0.3677419354838709,0.5290322580645161,Intermediate,Intermediate
796630,sub-796630_ses-SLAP2-796630-2025-10-01-14-23-25,fluorescence,False,1,58,1825,3547.3617356395503,0.5144668449413076,0.0,0.329909026479721,2.2884563660395245,ok,3.556091070175171,0.2920547945205479,4.076220314308415,0.0954470652770159,0.3812397147558968,0.5233132199670872,Intermediate,Intermediate
796630,sub-796630_ses-SLAP2-796630-2025-10-01-14-23-25,fluorescence,False,1,59,2361,3547.046757239552,0.6656241548497153,0.0,0.3291978701412678,2.3941523594391456,ok,3.653905153274536,0.3396865734858111,3.705665743460447,0.1791932059447983,0.4008492569002123,0.4199575371549894,Low SNR,Low SNR
796630,sub-796630_ses-SLAP2-796630-2025-10-01-14-23-25,fluorescence,False,1,60,3140,3546.616786725268,0.8853507973437656,0.0003184713375796,0.3265405888617038,2.661546940905137,ok,3.972433090209961,0.4939490445859872,4.559015872763868,0.1125996810207336,0.2682615629984051,0.6191387559808612,High SNR,Intermediate
796630,sub-796630_ses-SLAP2-796630-2025-10-01-14-23-25,fluorescence,False,1,61,2665,3521.928479753962,0.7566877110991685,0.0,0.5382071377694606,2.59021145701814,ok,3.750855207443237,0.4033771106941838,4.497216237097558,0.0955438066465256,0.2892749244712991,0.6151812688821753,High SNR,Intermediate
796630,sub-796630_ses-SLAP2-796630-2025-10-01-14-23-25,fluorescence,False,1,62,3326,3546.6317856966966,0.9377911779321192,0.0,0.6296845981299877,2.887200080000921,ok,4.136425971984863,0.5330727600721588,5.073861533652079,0.0872705386698766,0.1992175744808907,0.7135118868492326,High SNR,High SNR
796630,sub-796630_ses-SLAP2-796630-2025-10-01-14-23-25,fluorescence,False,1,63,2132,3546.946764096695,0.6010803493248816,0.0014071294559099,0.2917011525124311,2.3264284133699693,ok,3.738471031188965,0.3958724202626641,3.999508376497909,0.148356807511737,0.352112676056338,0.4995305164319248,Intermediate,Low SNR
796630,sub-796630_ses-SLAP2-796630-2025-10-01-14-23-25,fluorescence,False,1,64,2426,3546.431799410984,0.6840678567124644,0.0004122011541632,0.2882431299626827,2.4083984161275755,ok,4.0495147705078125,0.5115416323165705,4.7298191446541695,0.0930136420008267,0.2625051674245556,0.6444811905746176,High SNR,Intermediate
796630,sub-796630_ses-SLAP2-796630-2025-10-01-14-23-25,fluorescence,False,1,65,1712,3547.251743182408,0.4826271502411282,0.0005841121495327,0.2804510524839163,2.2508094807169514,ok,3.690382957458496,0.3820093457943925,4.265044561597406,0.0987726475745178,0.3348918760958503,0.5663354763296318,Intermediate,Intermediate
796630,sub-796630_ses-SLAP2-796630-2025-10-01-14-23-25,fluorescence,False,1,66,2059,3545.1418878681325,0.5807948074084498,0.0,0.3442338669419288,2.337212856604041,ok,3.654862403869629,0.3584264205925206,3.995245991093032,0.1461988304093567,0.3552631578947368,0.4985380116959064,Intermediate,Low SNR
796630,sub-796630_ses-SLAP2-796630-2025-10-01-14-23-25,fluorescence,False,1,67,1911,3546.841771296696,0.5387891885860345,0.0005232862375719,0.2819250836133957,2.275067103976943,ok,3.7279751300811768,0.3945578231292517,4.197261115508692,0.0974842767295597,0.3516771488469601,0.55083857442348,Intermediate,Intermediate
796630,sub-796630_ses-SLAP2-796630-2025-10-01-14-23-25,fluorescence,False,1,68,2365,3547.321738382408,0.6667001683017478,0.0,0.4618400816202163,2.4789672177019035,ok,3.695862293243408,0.3852008456659619,4.452518833939413,0.0931808555696738,0.2952138924184667,0.6116052520118593,High SNR,Intermediate
796630,sub-796630_ses-SLAP2-796630-2025-10-01-14-23-25,fluorescence,False,1,69,2714,3540.297220096728,0.7666023023699259,0.0,0.3566476211071014,2.586662169643124,ok,4.067180633544922,0.5176860722181282,4.528492465616274,0.1222304283604135,0.2780649926144756,0.5997045790251108,High SNR,Intermediate
796630,sub-796630_ses-SLAP2-796630-2025-10-01-14-23-25,fluorescence,False,1,70,4369,3512.1541500397248,1.2439659005145272,0.0,0.4769575554192066,3.270637205182882,ok,4.337817192077637,0.5962462806134127,5.3212074416150426,0.0874568469505178,0.180897583429229,0.7316455696202532,High SNR,High SNR
796630,sub-796630_ses-SLAP2-796630-2025-10-01-14-23-25,fluorescence,False,1,71,2138,3547.156749696694,0.6027362619886515,0.000467726847521,0.287411127859354,2.3318851209535656,ok,3.758999347686768,0.4013096351730589,4.164189653733141,0.1246485473289597,0.344892221180881,0.5304592314901593,Intermediate,Intermediate
796630,sub-796630_ses-SLAP2-796630-2025-10-01-14-23-25,fluorescence,False,1,72,2763,3535.932519411036,0.7814063149769104,0.0007238508867173,0.4132115249097347,2.6675875434757925,ok,4.51839017868042,0.6000723850886718,5.110125448081591,0.1183108846013833,0.2060429559519475,0.6756461594466691,High SNR,High SNR
796630,sub-796630_ses-SLAP2-796630-2025-10-01-14-23-25,fluorescence,False,1,73,2455,3522.4734423825307,0.6969534448326421,0.0,0.3529795876175165,2.463238176443837,ok,3.7570338249206543,0.4069246435845214,4.175568940223647,0.1260229132569558,0.3248772504091653,0.5490998363338789,Intermediate,Intermediate
796630,sub-796630_ses-SLAP2-796630-2025-10-01-14-23-25,fluorescence,False,1,74,2917,3546.201815182413,0.8225702179473822,0.0,0.3771261841893196,2.5804322143672627,ok,3.819069623947144,0.4196091875214261,4.350730439910608,0.1094287680660702,0.309015829318651,0.5815554026152787,Intermediate,Intermediate
796630,sub-796630_ses-SLAP2-796630-2025-10-01-14-23-25,fluorescence,False,1,75,1722,3547.3617356395503,0.4854311819117433,0.0,0.32069271427989,2.248077607382163,ok,3.606343746185303,0.2984901277584204,3.857386886165486,0.1344586728754365,0.4004656577415599,0.4650756693830035,Intermediate,Low SNR
796630,sub-796630_ses-SLAP2-796630-2025-10-01-14-23-25,fluorescence,False,1,76,3681,3535.942518725321,1.0410237102290258,0.0,0.4624464755058288,3.0134031208006435,ok,4.419853687286377,0.5963053518065743,5.279571045097393,0.0902153175252112,0.1910602343962932,0.7187244480784954,High SNR,High SNR
796630,sub-796630_ses-SLAP2-796630-2025-10-01-14-23-25,fluorescence,False,1,77,2545,3546.1668175824134,0.7176763336066194,0.0,0.4172671264529228,2.540202650487255,ok,3.905386686325073,0.4754420432220039,4.674496781719856,0.1033123028391167,0.2492113564668769,0.6474763406940063,High SNR,Intermediate
796630,sub-796630_ses-SLAP2-796630-2025-10-01-14-23-25,fluorescence,False,1,78,2349,3546.23181312527,0.662393245502426,0.0,0.5474059085547923,2.501795729107451,ok,3.616732835769653,0.351213282247765,4.50508950513298,0.0733162830349531,0.2898550724637681,0.6368286445012787,High SNR,Intermediate
796630,sub-796630_ses-SLAP2-796630-2025-10-01-14-23-25,fluorescence,False,1,79,1873,3545.901835753843,0.5282154122582495,0.0,0.3686260433167219,2.3048795422449784,ok,3.605756282806397,0.3384943940202883,4.163204451741981,0.1002680965147453,0.3554959785522788,0.5442359249329759,Intermediate,Intermediate
796630,sub-796630_ses-SLAP2-796630-2025-10-01-14-23-25,fluorescence,False,1,80,2458,3543.646990382426,0.6936356828631894,0.000813669650122,0.314949602150917,2.431664482731177,ok,3.887299060821533,0.4589096826688364,4.269730327431028,0.1268352365415987,0.3148450244698205,0.5583197389885808,Intermediate,Intermediate
796630,sub-796630_ses-SLAP2-796630-2025-10-01-14-23-25,fluorescence,False,1,81,2137,3543.77698146814,0.6030289183476408,0.0,0.4046670002818107,2.402303750175072,ok,3.891561508178711,0.470285446888161,4.496344845420405,0.1031411157993436,0.2869198312236287,0.6099390529770277,High SNR,Intermediate
796630,sub-796630_ses-SLAP2-796630-2025-10-01-14-23-25,fluorescence,False,1,82,2133,3543.497000668141,0.6019477368254621,0.0004688232536333,0.4281166459679603,2.4226417021037334,ok,3.702265739440918,0.3783403656821378,4.286154689412537,0.1165961448048895,0.308885754583921,0.5745181006111895,Intermediate,Intermediate
796630,sub-796630_ses-SLAP2-796630-2025-10-01-14-23-25,fluorescence,False,1,83,2234,3521.268525011108,0.634430457129921,0.0,0.3551369385838508,2.4036762585617084,ok,3.761332035064697,0.4082363473589973,4.525291311509492,0.0786516853932584,0.2934831460674157,0.6278651685393258,High SNR,Intermediate
796630,sub-796630_ses-SLAP2-796630-2025-10-01-14-23-25,fluorescence,False,1,84,1903,3545.1268888967043,0.5367931979981234,0.000525486074619,0.3660530889630317,2.312440814973994,ok,3.629678249359131,0.3447188649500788,4.089731228439664,0.1021052631578947,0.3705263157894737,0.5273684210526316,Intermediate,Intermediate
796630,sub-796630_ses-SLAP2-796630-2025-10-01-14-23-25,fluorescence,False,1,85,2267,3521.3485195253934,0.6437874545588989,0.0,0.3678652010321617,2.44515572153765,ok,3.9681882858276367,0.4900749889722099,4.785992167450599,0.081967213114754,0.2565352237483385,0.6614975631369074,High SNR,High SNR
796630,sub-796630_ses-SLAP2-796630-2025-10-01-14-23-25,fluorescence,False,1,86,2085,3521.303522611108,0.5921102758145473,0.0004796163069544,0.3499585539579391,2.385872093992891,ok,3.6635282039642334,0.3486810551558753,4.415547396004094,0.0692974013474494,0.3243503368623676,0.6063522617901829,Intermediate,Intermediate
796630,sub-796630_ses-SLAP2-796630-2025-10-01-14-23-25,fluorescence,False,1,87,3919,3536.512479639604,1.1081538726534832,0.0,0.63008566467762,2.979356573180409,ok,3.75475025177002,0.3921918856851237,4.62404227048755,0.0999744310917923,0.2628483763743288,0.6371771925338788,High SNR,Intermediate
796630,sub-796630_ses-SLAP2-796630-2025-10-01-14-23-25,fluorescence,False,1,88,2210,3535.297562953896,0.6251241828010223,0.0,0.3579649504065513,2.3867864453946925,ok,3.714651584625244,0.3809954751131221,4.39571016155584,0.0964673913043478,0.3070652173913043,0.5964673913043478,Intermediate,Intermediate
796630,sub-796630_ses-SLAP2-796630-2025-10-01-14-23-25,fluorescence,False,1,89,2008,3544.5169307252786,0.5665087906884743,0.0004980079681274,0.4010745892882347,2.350803444682636,ok,3.635359287261963,0.3545816733067729,4.263029913326845,0.0967581047381546,0.3356608478802992,0.5675810473815461,Intermediate,Intermediate
796630,sub-796630_ses-SLAP2-796630-2025-10-01-14-23-25,fluorescence,False,1,90,3193,3544.521930382421,0.9008267017988246,0.0006263701847792,0.4866557925760745,2.7266664755786443,ok,4.087342739105225,0.529909176323207,4.726992205983914,0.1104833647206528,0.241368487131199,0.6481481481481481,High SNR,Intermediate
796630,sub-796630_ses-SLAP2-796630-2025-10-01-14-23-25,fluorescence,False,2,0,6072,3486.475910954138,1.7415866780901654,0.0,0.291136358731985,5.541971944553588,ok,5.892236709594727,0.7908432147562582,6.025553000033377,0.1342791158033652,0.127845595513032,0.7378752886836027,High SNR,High SNR
796630,sub-796630_ses-SLAP2-796630-2025-10-01-14-23-25,fluorescence,False,2,1,2074,3486.0759383827112,0.5949382734795464,0.0009643201542912,0.1686125609368085,2.302933563125196,ok,3.837016105651856,0.4498553519768563,3.831597105115293,0.1681971967133881,0.3707104881585307,0.4610923151280812,Low SNR,Low SNR
796630,sub-796630_ses-SLAP2-796630-2025-10-01-14-23-25,fluorescence,False,2,2,5475,3486.35591918271,1.5704076482482254,0.0,0.3096866475820541,4.62696950610616,ok,5.549276351928711,0.7590867579908676,5.244325123957734,0.1605932979307819,0.1761582127815418,0.6632484892876762,High SNR,Intermediate
796630,sub-796630_ses-SLAP2-796630-2025-10-01-14-23-25,fluorescence,False,2,3,5741,3486.6358999827085,1.646572846917704,0.0,0.368884635579586,4.374147670652934,ok,5.376192092895508,0.7535272600592231,5.684730283002128,0.1450008724480893,0.145175362065957,0.7098237654859536,High SNR,High SNR
796630,sub-796630_ses-SLAP2-796630-2025-10-01-14-23-25,fluorescence,False,2,4,3175,3484.02607895415,0.9113020190001234,0.0003149606299212,0.2249624992489814,2.8166586621321263,ok,4.296595573425293,0.5788976377952756,4.720742727384839,0.1272899557801642,0.2615287428932407,0.6111813013265951,High SNR,Intermediate
796630,sub-796630_ses-SLAP2-796630-2025-10-01-14-23-25,fluorescence,False,2,5,2235,3486.2709250112816,0.6410861485163456,0.0,0.2937154547899961,2.4272076257077244,ok,3.689249038696289,0.3731543624161074,3.3713559789950938,0.2346618898343036,0.3985669502910882,0.3667711598746082,Low SNR,Low SNR
796630,sub-796630_ses-SLAP2-796630-2025-10-01-14-23-25,fluorescence,False,2,6,5327,3486.675897239851,1.5278162229580905,0.0,0.4093911197125911,3.5610176762721624,ok,4.262040615081787,0.5855077905012201,4.987605310770297,0.1159420289855072,0.1983813288161114,0.6856766421983813,High SNR,High SNR
796630,sub-796630_ses-SLAP2-796630-2025-10-01-14-23-25,fluorescence,False,2,7,4335,3486.4809106112807,1.243374081529088,0.0,0.3068506824731826,3.825260151897448,ok,5.253350734710693,0.7040369088811995,4.9875589254743335,0.2068486811661267,0.1730680240629338,0.6200832947709394,Low SNR,Intermediate
796630,sub-796630_ses-SLAP2-796630-2025-10-01-14-23-25,fluorescence,False,2,8,3621,3446.958620897191,1.0504912876086423,0.0,0.3538610105574131,3.382580014131023,ok,5.512217998504639,0.7116818558409279,5.515432828324963,0.1369824951375382,0.1703250903028619,0.6926924145595998,High SNR,High SNR
796630,sub-796630_ses-SLAP2-796630-2025-10-01-14-23-25,fluorescence,False,2,9,4033,3482.22620238273,1.1581671510140266,0.0,0.5034062969505787,3.165564258681888,ok,3.789069652557373,0.4121001735680635,4.428204083121952,0.1278867643407002,0.2796126148497641,0.5925006208095356,Intermediate,Intermediate
796630,sub-796630_ses-SLAP2-796630-2025-10-01-14-23-25,fluorescence,False,2,10,3867,3473.41680649706,1.11331297550203,0.0,0.3177877765059471,3.64976897802964,ok,5.725061416625977,0.7370054305663305,5.704982044420492,0.1304460580912863,0.1613070539419087,0.708246887966805,High SNR,High SNR
796630,sub-796630_ses-SLAP2-796630-2025-10-01-14-23-25,fluorescence,False,2,11,1899,3486.3909167827096,0.5446893493379176,0.0005265929436545,0.1721577272012829,2.2344880916671683,ok,3.702934265136719,0.3870458135860979,3.919014546862549,0.1544156530936012,0.3643574828133263,0.4812268640930724,Intermediate,Low SNR
796630,sub-796630_ses-SLAP2-796630-2025-10-01-14-23-25,fluorescence,False,2,12,4550,3483.76109712558,1.3060597076401603,0.0,0.3055138234376907,3.579712693961992,ok,4.934222221374512,0.6905494505494505,4.483959110119521,0.2045454545454545,0.2281553398058252,0.5672992056487202,Low SNR,Intermediate
796630,sub-796630_ses-SLAP2-796630-2025-10-01-14-23-25,fluorescence,False,2,13,3417,3482.356193468444,0.9812321917008298,0.0,0.336734183192253,3.108977104062101,ok,5.165536403656006,0.6812993854258121,5.515707390371132,0.1170087976539589,0.1636363636363636,0.7193548387096774,High SNR,High SNR
796630,sub-796630_ses-SLAP2-796630-2025-10-01-14-23-25,fluorescence,False,2,14,3126,3470.861981697072,0.9006408253869972,0.0,0.3992677794098854,2.78695532612492,ok,4.217568397521973,0.5559820857325656,4.718849552832584,0.1325842696629213,0.2401284109149277,0.6272873194221509,High SNR,Intermediate
796630,sub-796630_ses-SLAP2-796630-2025-10-01-14-23-25,fluorescence,False,2,15,3782,3484.231064897006,1.0854618794094806,0.0002644103648863,0.3602335148245096,3.031018788757024,ok,4.386439323425293,0.5996827075621365,4.756884412244528,0.1219835587377353,0.2415804826306019,0.6364359586316627,High SNR,Intermediate
796630,sub-796630_ses-SLAP2-796630-2025-10-01-14-23-25,fluorescence,False,2,16,2347,3485.395985011286,0.673381162454171,0.0,0.3032755698770285,2.527704200910215,ok,4.586658000946045,0.5948018747337026,5.245696906973128,0.1025641025641025,0.232051282051282,0.6653846153846154,High SNR,High SNR
796630,sub-796630_ses-SLAP2-796630-2025-10-01-14-23-25,fluorescence,False,2,17,2827,3484.121072439864,0.8113954541827404,0.0,0.3162436239033937,2.595473376368876,ok,3.904609441757202,0.4708171206225681,4.208709923920989,0.1237149946827366,0.3286068769939738,0.5476781283232897,Intermediate,Intermediate
796630,sub-796630_ses-SLAP2-796630-2025-10-01-14-23-25,fluorescence,False,2,18,2991,3479.5863834113147,0.8595849248805502,0.0,0.3366680825471878,2.635927221228389,ok,4.047521591186523,0.5215646940822467,4.553306487231433,0.1054922973878097,0.2732752846617549,0.6212324179504354,High SNR,Intermediate
796630,sub-796630_ses-SLAP2-796630-2025-10-01-14-23-25,fluorescence,False,2,19,3300,3485.850953811284,0.9466841938241558,0.0003030303030303,0.3024105174511671,2.89611817385213,ok,4.423537731170654,0.5996969696969697,4.530326045987808,0.1446368884837435,0.2546338498936493,0.6007292616226071,High SNR,Intermediate
796630,sub-796630_ses-SLAP2-796630-2025-10-01-14-23-25,fluorescence,False,2,20,1653,3484.92601723986,0.474328577370837,0.0,0.2917351969957351,2.270527015236967,ok,3.662240982055664,0.3653962492437991,3.681905760572571,0.2206060606060606,0.3406060606060606,0.4387878787878788,Low SNR,Low SNR
796630,sub-796630_ses-SLAP2-796630-2025-10-01-14-23-25,fluorescence,False,2,21,2731,3486.0309414684257,0.7834124383444563,0.0,0.2963524993747473,2.534742324129564,ok,3.8188998699188232,0.4306114976199194,4.354802716218293,0.1017260374586852,0.3161953727506427,0.5820785897906721,Intermediate,Intermediate
796630,sub-796630_ses-SLAP2-796630-2025-10-01-14-23-25,fluorescence,False,2,22,1957,3484.5160453541475,0.5616274898803346,0.0005109862033725,0.2649005664378404,2.3130155093077134,ok,3.8305511474609375,0.4476239141543178,4.272451351666076,0.1208397337429595,0.3200204813108039,0.5591397849462365,Intermediate,Intermediate
796630,sub-796630_ses-SLAP2-796630-2025-10-01-14-23-25,fluorescence,False,2,23,2442,3485.5559740398567,0.7006055900946138,0.0,0.2280257074177265,2.402174889678619,ok,3.883911609649658,0.4672399672399672,4.1662453567146525,0.1408045977011494,0.3210180623973727,0.5381773399014779,Intermediate,Intermediate
796630,sub-796630_ses-SLAP2-796630-2025-10-01-14-23-25,fluorescence,False,2,24,3346,3481.4812534684484,0.9610851693274308,0.0,0.3868609622776508,2.7427234671998497,ok,3.89594841003418,0.4569635385534967,4.381223847926175,0.1195684746778543,0.2918789331735091,0.5885525921486365,Intermediate,Intermediate
796630,sub-796630_ses-SLAP2-796630-2025-10-01-14-23-25,fluorescence,False,2,25,3592,3486.4559123255667,1.0302726006949654,0.0,0.3005721595376729,2.9133376401069224,ok,4.3765645027160645,0.5902004454342984,4.470728315387622,0.1534170153417015,0.2633193863319386,0.5832635983263599,Intermediate,Intermediate
796630,sub-796630_ses-SLAP2-796630-2025-10-01-14-23-25,fluorescence,False,2,26,2845,3456.307979754288,0.8231326654525313,0.0003514938488576,0.2794294970601797,2.591826615926287,ok,4.128913879394531,0.5381370826010545,4.494028938242296,0.1260148252735616,0.2834451111895517,0.5905400635368867,Intermediate,Intermediate
796630,sub-796630_ses-SLAP2-796630-2025-10-01-14-23-25,fluorescence,False,2,27,3595,3402.7966493545528,1.0564839367294854,0.0,0.3917710118651389,3.031263691815223,ok,4.3509626388549805,0.5880389429763561,4.532730057393285,0.1462863597853713,0.2561423326743857,0.5975713075402429,High SNR,Intermediate
796630,sub-796630_ses-SLAP2-796630-2025-10-01-14-23-25,fluorescence,False,2,28,2441,3484.2860611255774,0.7005739360021002,0.0004096681687832,0.2197964864015579,2.407526601066225,ok,3.960848093032837,0.4858664481769766,4.042425188857985,0.138752052545156,0.3530377668308703,0.5082101806239737,Intermediate,Intermediate
796630,sub-796630_ses-SLAP2-796630-2025-10-01-14-23-25,fluorescence,False,2,29,3323,3480.986287411308,0.9546145045205572,0.000300932891965,0.2967921393603086,2.733327201401337,ok,4.104861736297607,0.5398736081853747,4.234212429386348,0.1625302663438256,0.2923728813559322,0.5450968523002422,Low SNR,Intermediate
796630,sub-796630_ses-SLAP2-796630-2025-10-01-14-23-25,fluorescence,False,2,30,2599,3477.9514955256086,0.7472789667548897,0.0003847633705271,0.3665479821950197,2.4996944374561942,ok,3.734771728515625,0.3878414774913428,4.31987053231921,0.1099961404862987,0.3184098803550753,0.571593979158626,Intermediate,Intermediate
796630,sub-796630_ses-SLAP2-796630-2025-10-01-14-23-25,fluorescence,False,2,31,3873,3479.10141666846,1.113218482635879,0.0,0.3108740732073783,3.0053988068557342,ok,4.087056636810303,0.5300800413116448,4.935656246626857,0.0909562062710546,0.2251878725058305,0.6838559212231148,High SNR,High SNR
796630,sub-796630_ses-SLAP2-796630-2025-10-01-14-23-25,fluorescence,False,2,32,2669,3486.1859308398534,0.7655931304148812,0.0,0.2409380000710487,2.518514225033156,ok,3.852358818054199,0.4484825777444736,4.234619851214133,0.1313320825515947,0.3163227016885553,0.55234521575985,Intermediate,Intermediate
796630,sub-796630_ses-SLAP2-796630-2025-10-01-14-23-25,fluorescence,False,2,33,2194,3485.640968211285,0.6294394689553721,0.0,0.2545479726612568,2.334197331422546,ok,3.720169067382813,0.4020054694621695,3.820750679998578,0.1506161570059333,0.3824737562756732,0.4669100867183934,Intermediate,Low SNR
796630,sub-796630_ses-SLAP2-796630-2025-10-01-14-23-25,fluorescence,False,2,34,2822,3484.7560288970035,0.8098127893599544,0.0007087172218284,0.2576335604935884,2.642201734985227,ok,4.532347679138184,0.61268603827073,5.416050896605299,0.0859985785358919,0.1943852167732764,0.7196162046908315,High SNR,High SNR
796630,sub-796630_ses-SLAP2-796630-2025-10-01-14-23-25,fluorescence,False,2,35,2554,3485.695964439856,0.7327087692257813,0.0,0.25830638641119,2.4816772404526657,ok,3.8197102546691895,0.4295223179326546,4.12811886090871,0.1281850254802038,0.3390827126617013,0.5327322618580949,Intermediate,Intermediate
796630,sub-796630_ses-SLAP2-796630-2025-10-01-14-23-25,fluorescence,False,2,36,3797,3446.933622611477,1.1015587811416294,0.0,0.3401471371203661,3.0261374527230696,ok,4.278498649597168,0.57519094021596,4.984712772694419,0.0976965845909452,0.2128673550436854,0.6894360603653693,High SNR,High SNR
796630,sub-796630_ses-SLAP2-796630-2025-10-01-14-23-25,fluorescence,False,2,37,2846,3486.450912668424,0.8163029026620535,0.0,0.2706260708749294,2.5691313318987654,ok,4.143697738647461,0.5407589599437808,4.752249997350608,0.1059859154929577,0.2595070422535211,0.6345070422535212,High SNR,Intermediate
796630,sub-796630_ses-SLAP2-796630-2025-10-01-14-23-25,fluorescence,False,2,38,3172,3477.7065123256098,0.9120953676677052,0.0,0.4297760549426078,2.8852896408913287,ok,4.407652854919434,0.5907944514501892,5.078502147596242,0.1119898766213223,0.2072129073078139,0.6807972160708636,High SNR,High SNR
796630,sub-796630_ses-SLAP2-796630-2025-10-01-14-23-25,fluorescence,False,2,39,1722,3486.3059226112814,0.4939325573328353,0.0005807200929152,0.3225182806581259,2.248398429564141,ok,3.5257315635681152,0.2590011614401858,3.987684727246687,0.0960419091967404,0.4057043073341094,0.4982537834691501,Intermediate,Intermediate
796630,sub-796630_ses-SLAP2-796630-2025-10-01-14-23-25,fluorescence,False,2,40,2859,3482.7261680970137,0.8209086393841231,0.0,0.3444232656151056,2.746138049985084,ok,4.977677345275879,0.6526757607555089,5.539710491296788,0.1100210231254379,0.1906096706377014,0.6993693062368606,High SNR,High SNR
796630,sub-796630_ses-SLAP2-796630-2025-10-01-14-23-25,fluorescence,False,2,41,3203,3485.375986382715,0.9189826327242882,0.0,0.3403070423573255,2.862141045959347,ok,4.627254962921143,0.6309709647205745,4.475675677638677,0.1765258215962441,0.2453834115805946,0.5780907668231612,Low SNR,Intermediate
796630,sub-796630_ses-SLAP2-796630-2025-10-01-14-23-25,fluorescence,False,2,42,3059,3486.315921925567,0.8774305222202722,0.0,0.2598873450547456,2.65385717991172,ok,4.057540416717529,0.515527950310559,4.360914296035295,0.1399474375821287,0.2910643889618922,0.568988173455979,Intermediate,Intermediate
796630,sub-796630_ses-SLAP2-796630-2025-10-01-14-23-25,fluorescence,False,2,43,2365,3483.7810957541515,0.6788601048677648,0.0004228329809725,0.2456630473852157,2.3783532966834136,ok,3.829447507858277,0.4553911205073996,3.9390793454877984,0.1412812897751378,0.3733559609673313,0.4853627492575307,Intermediate,Low SNR
796630,sub-796630_ses-SLAP2-796630-2025-10-01-14-23-25,fluorescence,False,2,44,2581,3484.4260515255764,0.7407245732392478,0.0,0.3230082693636417,2.4767829683190543,ok,4.00769567489624,0.5029058504455637,4.6766980088192645,0.0934470725087243,0.2590151221403645,0.6475378053509112,High SNR,High SNR
796630,sub-796630_ses-SLAP2-796630-2025-10-01-14-23-25,fluorescence,False,2,45,2593,3486.445913011281,0.743737337304739,0.0,0.2851620048075914,2.5283981289893545,ok,4.178981304168701,0.5422290782876976,4.47202253530621,0.1432985708767864,0.2645809192738509,0.5921205098493627,High SNR,Intermediate
796630,sub-796630_ses-SLAP2-796630-2025-10-01-14-23-25,fluorescence,False,2,46,2133,3486.555905468423,0.611778516631423,0.0,0.2732875718146562,2.3507350673598006,ok,3.7837281227111816,0.4242850445382091,4.172163950791875,0.1320488721804511,0.3265977443609023,0.5413533834586466,Intermediate,Intermediate
796630,sub-796630_ses-SLAP2-796630-2025-10-01-14-23-25,fluorescence,False,2,47,2716,3475.971631297047,0.7813642595772664,0.0,0.2747021079450845,2.5610874297600974,ok,4.172171592712402,0.5493372606774669,4.946641992251127,0.0918518518518518,0.2411111111111111,0.667037037037037,High SNR,High SNR
796630,sub-796630_ses-SLAP2-796630-2025-10-01-14-23-25,fluorescence,False,2,48,2935,3478.421463297035,0.8437735423866805,0.0,0.3135711209177971,2.5956587512766385,ok,3.9266836643218994,0.4773424190800681,4.398992391273321,0.1030116358658453,0.3138261464750171,0.5831622176591376,Intermediate,Intermediate
796630,sub-796630_ses-SLAP2-796630-2025-10-01-14-23-25,fluorescence,False,2,49,3832,3486.330920896996,1.0991498188055158,0.0,0.3563101145714521,2.8985180369103585,ok,3.947134494781494,0.4825156576200417,4.467123376229473,0.1119539628563955,0.2806696311797018,0.6073764059639027,High SNR,Intermediate
796630,sub-796630_ses-SLAP2-796630-2025-10-01-14-23-25,fluorescence,False,2,50,3012,3482.026216097017,0.8650135906719661,0.0,0.2865955404549837,2.6306870645683578,ok,4.051514625549316,0.5192563081009296,4.7395198154158695,0.106702234078026,0.2484161387129043,0.6448816272090697,High SNR,Intermediate
796630,sub-796630_ses-SLAP2-796630-2025-10-01-14-23-25,fluorescence,False,2,51,2389,3486.1609325541394,0.6852810430210681,0.0,0.2509355017125606,2.4171055322637423,ok,3.7939178943634033,0.4236082042695688,3.8795409586958254,0.1656854499579478,0.3624894869638351,0.471825063078217,Low SNR,Low SNR
796630,sub-796630_ses-SLAP2-796630-2025-10-01-14-23-25,fluorescence,False,2,52,2018,3476.1966158684745,0.5805195226265513,0.0,0.2371039638251066,2.3157877882831888,ok,3.6815338134765625,0.3607532210109019,3.98701900861205,0.1378109452736318,0.3666666666666666,0.4955223880597015,Intermediate,Intermediate
796630,sub-796630_ses-SLAP2-796630-2025-10-01-14-23-25,fluorescence,False,2,53,1931,3486.230927754139,0.5538933134426547,0.0,0.276359329766035,2.279132804763604,ok,3.788375377655029,0.4205075090626618,4.121938191621393,0.1176470588235294,0.3446121811556481,0.5377407600208225,Intermediate,Intermediate
796630,sub-796630_ses-SLAP2-796630-2025-10-01-14-23-25,fluorescence,False,2,54,3324,3486.080938039854,0.9535062607780448,0.000300842358604,0.2972142600238323,2.8050014815107613,ok,4.247083187103272,0.5664861612515042,4.895996250166292,0.1031363088057901,0.2246682750301568,0.6721954161640531,High SNR,High SNR
796630,sub-796630_ses-SLAP2-796630-2025-10-01-14-23-25,fluorescence,False,2,55,2188,3483.996081011293,0.6280144836916388,0.0,0.3145668723464012,2.3831000624205974,ok,3.870718479156494,0.4593235831809872,4.19362569991848,0.1288990825688073,0.3344036697247706,0.536697247706422,Intermediate,Intermediate
796630,sub-796630_ses-SLAP2-796630-2025-10-01-14-23-25,fluorescence,False,2,56,1915,3464.8123965542454,0.5526994771504705,0.0,0.3492125799000263,2.3447860658809754,ok,3.749212503433228,0.4114882506527415,4.206779441339908,0.1343832020997375,0.3149606299212598,0.5506561679790026,Intermediate,Intermediate
796630,sub-796630_ses-SLAP2-796630-2025-10-01-14-23-25,fluorescence,False,2,57,1811,3481.566247639877,0.5201681861511787,0.0016565433462175,0.3143185530781746,2.2843895788258344,ok,3.5766420364379883,0.3097736057426836,4.039366699343547,0.1157253599114064,0.3732004429678848,0.5110741971207088,Intermediate,Intermediate
796630,sub-796630_ses-SLAP2-796630-2025-10-01-14-23-25,fluorescence,False,2,58,2061,3471.301951525642,0.5937253597585159,0.0,0.2584559523761272,2.3225130273937147,ok,3.77068829536438,0.4104803493449782,3.93329337441879,0.1563565513882123,0.3589868485143692,0.4846566000974184,Intermediate,Low SNR
796630,sub-796630_ses-SLAP2-796630-2025-10-01-14-23-25,fluorescence,False,2,59,2108,3471.68692512564,0.6071976089617331,0.0009487666034155,0.253930333712697,2.304751715425465,ok,3.892024993896485,0.4648956356736243,4.120395395770572,0.1286939942802669,0.3436606291706387,0.5276453765490944,Intermediate,Intermediate
796630,sub-796630_ses-SLAP2-796630-2025-10-01-14-23-25,fluorescence,False,2,60,2660,3485.3359891255723,0.7631975821841386,0.0022556390977443,0.2731928172469139,2.591201014352959,ok,4.301675796508789,0.5661654135338345,4.643392414385264,0.1366553416383541,0.2499056247640619,0.613439033597584,High SNR,Intermediate
796630,sub-796630_ses-SLAP2-796630-2025-10-01-14-23-25,fluorescence,False,2,61,2806,3486.315921925567,0.8048610805328812,0.0,0.3029619011074304,2.5373509138391244,ok,3.928453922271729,0.4689950106913756,3.800534430182456,0.2049268118529096,0.3452338450553374,0.4498393430917529,Low SNR,Low SNR
796630,sub-796630_ses-SLAP2-796630-2025-10-01-14-23-25,fluorescence,False,2,62,3692,3486.0459404398543,1.0590795597874878,0.0002708559046587,0.409681900691986,3.01370197496545,ok,4.470040321350098,0.6075297941495125,4.999805233037126,0.1166576234400434,0.2129679869777536,0.670374389582203,High SNR,High SNR
796630,sub-796630_ses-SLAP2-796630-2025-10-01-14-23-25,fluorescence,False,2,63,2718,3486.1859308398534,0.7796486056454279,0.0,0.4656683517336845,2.77148966645307,ok,3.573197841644287,0.2858719646799117,4.482435678137346,0.1064456721915285,0.2847145488029466,0.6088397790055249,High SNR,Intermediate
796630,sub-796630_ses-SLAP2-796630-2025-10-01-14-23-25,fluorescence,False,2,64,2079,3484.0410779255785,0.5967208633595821,0.0,0.2383351104319095,2.335722782637749,ok,3.781905174255371,0.4261664261664262,3.9761605258675785,0.1360347322720694,0.3699951760733236,0.4939700916546068,Intermediate,Intermediate
796630,sub-796630_ses-SLAP2-796630-2025-10-01-14-23-25,fluorescence,False,2,65,2373,3486.475910954138,0.6806299715263443,0.0004214075010535,0.2921158942937851,2.4153654099957578,ok,3.810844659805298,0.4319426885798567,4.229588879450555,0.1213017751479289,0.3254437869822485,0.5532544378698225,Intermediate,Intermediate
796630,sub-796630_ses-SLAP2-796630-2025-10-01-14-23-25,fluorescence,False,2,66,1803,3484.2860611255774,0.5174661231510802,0.0005546311702717,0.2395891669213771,2.229226876761134,ok,3.7460062503814697,0.3910149750415973,4.05799032433743,0.1373748609566184,0.3492769744160178,0.5133481646273638,Intermediate,Intermediate
796630,sub-796630_ses-SLAP2-796630-2025-10-01-14-23-25,fluorescence,False,2,67,2996,3481.7962318684467,0.8604753984676029,0.000667556742323,0.2507062924236059,2.5751230761238046,ok,3.860642433166504,0.4465954606141522,4.613356940934234,0.079852990310725,0.2796525225526228,0.6404944871366521,High SNR,Intermediate
796630,sub-796630_ses-SLAP2-796630-2025-10-01-14-23-25,fluorescence,False,2,68,2559,3483.016148211298,0.7347080493193159,0.0,0.2552327726930379,2.4820300838850464,ok,4.030533313751221,0.5123094958968347,4.222444501913312,0.1656225528582615,0.2866092404072043,0.5477682067345341,Low SNR,Intermediate
796630,sub-796630_ses-SLAP2-796630-2025-10-01-14-23-25,fluorescence,False,2,69,2223,3472.9818363256336,0.6400839695585344,0.0013495276653171,0.2048956512808799,2.338573451771713,ok,3.793967247009277,0.4260008996851102,4.025195526881973,0.1433724075743913,0.3512173128944995,0.5054102795311091,Intermediate,Intermediate
796630,sub-796630_ses-SLAP2-796630-2025-10-01-14-23-25,fluorescence,False,2,70,1906,3470.1220324399333,0.5492602226037111,0.0,0.3758233033597469,2.338167061056129,ok,3.721242427825928,0.385099685204617,4.566145741753499,0.0840777719390436,0.2827115081450341,0.6332107199159223,High SNR,Intermediate
796630,sub-796630_ses-SLAP2-796630-2025-10-01-14-23-25,fluorescence,False,2,71,2628,3482.5611794113,0.7546170374655824,0.0,0.3032720571756362,2.472830110495466,ok,3.869441509246826,0.4467275494672755,4.639058549302205,0.0785959557420831,0.2613506295307135,0.6600534147272034,High SNR,High SNR
796630,sub-796630_ses-SLAP2-796630-2025-10-01-14-23-25,fluorescence,False,2,72,3291,3471.196958725642,0.9480879475096692,0.0,0.331251916757226,2.838914710459903,ok,4.397109031677246,0.6004254026131874,4.287305531316761,0.1779272393763375,0.2681137266890859,0.5539590339345766,Low SNR,Intermediate
796630,sub-796630_ses-SLAP2-796630-2025-10-01-14-23-25,fluorescence,False,2,73,3312,3478.7864382684616,0.9520561433626036,0.0003019323671497,0.3853948623418807,2.831864847919406,ok,4.395829200744629,0.5957125603864735,5.021790125641751,0.0947623372691492,0.2228277323645171,0.6824099303663337,High SNR,High SNR
796630,sub-796630_ses-SLAP2-796630-2025-10-01-14-23-25,fluorescence,False,2,74,2399,3479.8013686684567,0.6894071660526921,0.0,0.3208943521767854,2.486662074546127,ok,3.8118746280670166,0.4347644852021676,4.228673661619906,0.1231155778894472,0.3228643216080402,0.5540201005025126,Intermediate,Intermediate
796630,sub-796630_ses-SLAP2-796630-2025-10-01-14-23-25,fluorescence,False,2,75,3039,3486.3759178112814,0.87167880677304,0.0,0.3341004524767398,2.680301104829012,ok,4.16091775894165,0.5393221454425798,4.805331371689007,0.101023440079234,0.2380323539121822,0.6609442060085837,High SNR,High SNR
796630,sub-796630_ses-SLAP2-796630-2025-10-01-14-23-25,fluorescence,False,2,76,3633,3479.8363662684565,1.0440146080477302,0.0,0.3630674474269151,3.0346160320931315,ok,4.715151309967041,0.6564822460776218,5.008745325451415,0.1299060254284134,0.212824765063571,0.6572692095080155,High SNR,Intermediate
796630,sub-796630_ses-SLAP2-796630-2025-10-01-14-23-25,fluorescence,False,2,77,5069,3471.371946725641,1.4602295800602163,0.0,0.4027404050767421,3.503576794909143,ok,4.3918046951293945,0.6074176366147169,4.67013687919065,0.1576549811843929,0.2200435729847494,0.6223014458308576,High SNR,Intermediate
796630,sub-796630_ses-SLAP2-796630-2025-10-01-14-23-25,fluorescence,False,2,78,2664,3462.8125336971125,0.7693168411735385,0.0,0.3526084784477949,2.55544907973434,ok,4.004580497741699,0.5011261261261262,4.668509616850569,0.0987189148455162,0.2633760361718161,0.6379050489826676,High SNR,Intermediate
796630,sub-796630_ses-SLAP2-796630-2025-10-01-14-23-25,fluorescence,False,2,79,2774,3486.0209421541404,0.7957496658886517,0.0,0.3114815496236086,2.552583185433784,ok,3.994317054748535,0.4967555875991348,4.469133189187334,0.1154124457308248,0.2872648335745296,0.5973227206946454,Intermediate,Intermediate
796630,sub-796630_ses-SLAP2-796630-2025-10-01-14-23-25,fluorescence,False,2,80,2182,3486.3359205541387,0.6258719898836312,0.0,0.2854190505981445,2.3511075101415924,ok,3.6260499954223633,0.3304307974335472,3.921216804906399,0.1226458429030776,0.4019292604501607,0.4754248966467616,Intermediate,Low SNR
796630,sub-796630_ses-SLAP2-796630-2025-10-01-14-23-25,fluorescence,False,2,81,2390,3486.3109222684243,0.6855383966857747,0.0,0.2758186609536409,2.456562265853341,ok,3.976966857910156,0.4937238493723849,4.635632315082636,0.0898782024359512,0.2864342713145737,0.623687526249475,High SNR,Intermediate
796630,sub-796630_ses-SLAP2-796630-2025-10-01-14-23-25,fluorescence,False,2,82,4294,3484.5060460398618,1.2323123975864894,0.0,0.4029373814642429,3.111229899548723,ok,4.082766056060791,0.5286446204005589,4.207182302843819,0.1892523364485981,0.2735981308411215,0.5371495327102803,Low SNR,Low SNR
796630,sub-796630_ses-SLAP2-796630-2025-10-01-14-23-25,fluorescence,False,2,83,2112,3485.2909922112867,0.6059752269522881,0.0009469696969696,0.2683274607092142,2.3281038372601706,ok,3.744349956512451,0.3944128787878788,3.930847680008692,0.1453681710213776,0.3705463182897862,0.4840855106888361,Intermediate,Low SNR
796630,sub-796630_ses-SLAP2-796630-2025-10-01-14-23-25,fluorescence,False,2,84,2262,3483.5611108398666,0.6493355299441395,0.0004420866489832,0.3341191426992416,2.3833346881347537,ok,3.740798711776733,0.3947833775419982,4.120621381547478,0.1302614089499335,0.3407177669472751,0.5290208241027913,Intermediate,Intermediate
796630,sub-796630_ses-SLAP2-796630-2025-10-01-14-23-25,fluorescence,False,2,85,2205,3477.14155106847,0.634141569336583,0.0,0.2619858637958764,2.335097283814854,ok,3.801409721374512,0.4249433106575964,4.049128775442495,0.1165225307237141,0.3682294037323623,0.5152480655439236,Intermediate,Intermediate
796630,sub-796630_ses-SLAP2-796630-2025-10-01-14-23-25,fluorescence,False,2,86,3259,3462.307568325686,0.9412797493251004,0.0,0.4024205504179,2.768263577971364,ok,4.200048923492432,0.5655108929119361,5.184602260331008,0.074074074074074,0.194753086419753,0.7311728395061728,High SNR,High SNR
796630,sub-796630_ses-SLAP2-796630-2025-10-01-14-23-25,fluorescence,False,2,87,3844,3462.162578268544,1.1102887034041065,0.0,0.3830340618968009,3.034319912797819,ok,4.398109436035156,0.6077003121748179,4.751637245177546,0.137597911227154,0.2261096605744125,0.6362924281984335,High SNR,Intermediate
796630,sub-796630_ses-SLAP2-796630-2025-10-01-14-23-25,fluorescence,False,2,88,1935,3486.000943525569,0.5550773024298258,0.0010335917312661,0.2427731324851512,2.2586804423485947,ok,3.722567081451416,0.3989664082687338,3.878175017840389,0.1490134994807892,0.3764278296988577,0.4745586708203531,Intermediate,Low SNR
796630,sub-796630_ses-SLAP2-796630-2025-10-01-14-23-25,fluorescence,False,2,89,2356,3486.210929125568,0.6758053508228046,0.0004244482173174,0.3054799336016178,2.425830868788197,ok,3.836735725402832,0.4490662139219015,4.284722420151991,0.1279761904761904,0.3056972789115646,0.5663265306122449,Intermediate,Intermediate
796630,sub-796630_ses-SLAP2-796630-2025-10-01-14-23-25,fluorescence,False,2,90,4004,3486.205929468425,1.1485265302760037,0.0,0.4546309579253196,3.041725058665945,ok,3.8856282234191895,0.461038961038961,4.714987938380438,0.1020255063765941,0.247811952988247,0.6501625406351588,High SNR,High SNR
796630,sub-796630_ses-SLAP2-796630-2025-10-01-14-23-25,fluorescence,False,2,91,3135,3468.972111297082,0.9037259163285096,0.0,0.3137588626563549,2.616373385017121,ok,3.9637062549591056,0.4896331738437001,4.294307008964573,0.1264441591784338,0.3109756097560975,0.5625802310654685,Intermediate,Intermediate
796630,sub-796630_ses-SLAP2-796630-2025-10-01-14-23-25,fluorescence,False,2,92,1491,3485.6909647827133,0.4277487634630123,0.0013413816230717,0.2943971618771553,2.2117201993700824,ok,3.529857635498047,0.2769953051643192,4.058544696278819,0.0986577181208053,0.3838926174496644,0.5174496644295302,Intermediate,Intermediate
796630,sub-796630_ses-SLAP2-796630-2025-10-01-14-23-25,fluorescence,False,2,93,2002,3485.355987754144,0.5744033054396912,0.0,0.2692162183463573,2.291397558567412,ok,3.78000545501709,0.431068931068931,4.39190779708246,0.0997493734335839,0.3042606516290727,0.5959899749373434,Intermediate,Intermediate
796630,sub-796630_ses-SLAP2-796630-2025-10-01-14-23-25,fluorescence,False,2,94,2291,3471.9419076399245,0.6598612709961275,0.0,0.2847728902816772,2.3704394460694096,ok,3.78169059753418,0.4238323876036665,4.093860054693298,0.1422942206654991,0.3358143607705779,0.521891418563923,Intermediate,Intermediate
796630,sub-796630_ses-SLAP2-796630-2025-10-01-14-23-25,fluorescence,False,2,95,2437,3486.3409202112816,0.6990136810407833,0.0004103405826836,0.3052516963809728,2.4406270524718825,ok,3.923060655593872,0.4718916700861715,4.354315068426586,0.1185185185185185,0.3127572016460905,0.568724279835391,Intermediate,Intermediate
796630,sub-796630_ses-SLAP2-796630-2025-10-01-14-23-25,fluorescence,False,2,96,2000,3483.2611314112964,0.5741745808157855,0.0,0.333147273221612,2.317664203518303,ok,3.653635740280152,0.3505,4.107211402184364,0.1013547415955845,0.3733065730055193,0.5253386853988962,Intermediate,Intermediate
796630,sub-796630_ses-SLAP2-796630-2025-10-01-14-23-25,fluorescence,False,2,97,3022,3470.7069923256445,0.8707159684416415,0.000330906684315,0.3246815082192421,2.6201169577196035,ok,3.985674142837525,0.4956982131039047,4.390803822160441,0.1335992023928215,0.2834828846792954,0.582917912927883,Intermediate,Intermediate
796630,sub-796630_ses-SLAP2-796630-2025-10-01-14-23-25,fluorescence,False,2,98,2264,3486.005943182712,0.6494538554724826,0.0,0.2936885461717843,2.384940529129727,ok,3.849602222442627,0.4452296819787986,4.13304293755909,0.1374113475177305,0.337322695035461,0.5252659574468085,Intermediate,Intermediate
796630,sub-796630_ses-SLAP2-796630-2025-10-01-14-23-25,fluorescence,False,2,99,2030,3480.661309697024,0.5832225026734079,0.0004926108374384,0.2757923046469688,2.29743581524589,ok,3.746342897415161,0.4118226600985221,4.431451708978119,0.086053412462908,0.3125618199802176,0.6013847675568744,Intermediate,Intermediate
796630,sub-796630_ses-SLAP2-796630-2025-10-01-14-23-25,fluorescence,False,2,100,3419,3485.046009011288,0.9810487411527674,0.0,0.3321073147773742,2.7915645429530187,ok,4.055413722991943,0.5179877157063468,4.076395530547456,0.1781626063985911,0.3040798356325213,0.5177575579688876,Low SNR,Low SNR
796630,sub-796630_ses-SLAP2-796630-2025-10-01-14-23-25,fluorescence,False,2,101,1970,3486.210929125568,0.5650834215284062,0.0005076142131979,0.263551247254014,2.341748137209552,ok,3.7541117668151855,0.416751269035533,4.049121229934041,0.1639511201629327,0.325356415478615,0.5106924643584522,Low SNR,Low SNR
796630,sub-796630_ses-SLAP2-796630-2025-10-01-14-23-25,fluorescence,False,2,102,3502,3485.885951411284,1.0046226551336803,0.0,0.3066459516316652,2.773421580372872,ok,4.117556571960449,0.5422615648201028,4.536686516876396,0.1290414878397711,0.2695278969957081,0.6014306151645208,High SNR,Intermediate
796630,sub-796630_ses-SLAP2-796630-2025-10-01-14-23-25,fluorescence,False,2,103,2092,3482.9361536970127,0.6006426496734419,0.0004780114722753,0.2750229346722364,2.332875729949533,ok,3.752516508102417,0.4034416826003824,4.151174959509294,0.1229665071770334,0.3449760765550239,0.5320574162679426,Intermediate,Intermediate
796630,sub-796630_ses-SLAP2-796630-2025-10-01-14-23-25,fluorescence,False,2,104,2772,3482.271199297016,0.7960321989164997,0.0,0.3890489996731281,2.5668976599037574,ok,3.780587911605835,0.4202741702741703,4.061188732395308,0.1464208242950108,0.3430947216196673,0.5104844540853217,Intermediate,Intermediate
796630,sub-796630_ses-SLAP2-796630-2025-10-01-14-23-25,fluorescence,False,2,105,2116,3483.5861091255806,0.6074200360533473,0.0004725897920604,0.2879095337927341,2.357620627609669,ok,3.73665714263916,0.416351606805293,4.1581587106652265,0.115530303030303,0.3413825757575757,0.5430871212121212,Intermediate,Intermediate
796630,sub-796630_ses-SLAP2-796630-2025-10-01-14-23-25,fluorescence,False,2,106,2520,3486.475910954138,0.7227928901164717,0.0003968253968253,0.323752299284935,2.459552301181192,ok,3.802324771881104,0.4226190476190476,4.554168288813735,0.0846918489065606,0.2791252485089463,0.6361829025844931,High SNR,Intermediate
796630,sub-796630_ses-SLAP2-796630-2025-10-01-14-23-25,fluorescence,False,2,107,2287,3481.971219868446,0.6568118618988489,0.0,0.2913402500599623,2.400397799101935,ok,3.839723110198975,0.4411893310013117,4.435243606399242,0.0831134564643799,0.3025505716798592,0.6143359718557607,High SNR,Intermediate
796630,sub-796630_ses-SLAP2-796630-2025-10-01-14-23-25,fluorescence,False,2,108,3301,3468.012177125658,0.9518421018740252,0.0,0.362720485317707,2.714530328219492,ok,3.860551118850708,0.4483489851560133,4.285207856921043,0.1212765957446808,0.31580547112462,0.562917933130699,Intermediate,Intermediate
796630,sub-796630_ses-SLAP2-796630-2025-10-01-14-23-25,fluorescence,False,2,109,1791,3455.3280469542924,0.518329946002864,0.0,0.3198512345105409,2.264502449972218,ok,3.601381063461304,0.3372417643774427,3.966996653175356,0.1323943661971831,0.3746478873239436,0.4929577464788732,Intermediate,Intermediate
796630,sub-796630_ses-SLAP2-796630-2025-10-01-14-23-25,fluorescence,False,2,110,2023,3485.495978154143,0.5804052027830326,0.0,0.2535734741806983,2.32109445203538,ok,3.857719421386719,0.4508156203657933,4.249251096045962,0.1245657568238213,0.3111662531017369,0.5642679900744417,Intermediate,Intermediate
796630,sub-796630_ses-SLAP2-796630-2025-10-01-14-23-25,fluorescence,False,2,111,2896,3482.9761509541554,0.8314728193607199,0.0,0.4073660804986953,2.657726486812012,ok,4.086907386779785,0.5207182320441989,4.759117689380131,0.1086505190311418,0.258477508650519,0.6328719723183391,High SNR,Intermediate
796630,sub-796630_ses-SLAP2-796630-2025-10-01-14-23-25,fluorescence,False,2,112,1727,3480.661309697024,0.496170079860579,0.0,0.2743317278265953,2.2234564815102527,ok,3.6624817848205566,0.3543717429067747,4.002883502678731,0.1260162601626016,0.3734030197444831,0.5005807200929152,Intermediate,Intermediate
796630,sub-796630_ses-SLAP2-796630-2025-10-01-14-23-25,fluorescence,False,2,113,2256,3486.3959164398525,0.647086577104451,0.0004432624113475,0.3535376211047172,2.4161297316460013,ok,3.870476722717285,0.463209219858156,4.528773309931061,0.0815602836879432,0.2947695035460992,0.6236702127659575,High SNR,Intermediate
796630,sub-796630_ses-SLAP2-796630-2025-10-01-14-23-25,fluorescence,False,2,114,3017,3452.05827118288,0.8739713420208856,0.0,0.376241557842493,2.772711719867776,ok,3.707388877868652,0.3758700696055684,4.495903785264998,0.0975283901135604,0.2899131596526386,0.612558450233801,High SNR,Intermediate
796630,sub-796630_ses-SLAP2-796630-2025-10-01-14-23-25,fluorescence,False,2,115,2414,3469.752057811364,0.6957269452626806,0.0,0.4430907838761806,2.499000115423507,ok,3.629809856414795,0.3227009113504557,4.354283178396606,0.0922309929372663,0.3174075612796012,0.5903614457831325,Intermediate,Intermediate
796630,sub-796630_ses-SLAP2-796630-2025-10-01-14-23-25,fluorescence,False,2,116,3084,3486.325921239853,0.8845988784959117,0.0,0.301993433868885,2.682984755796487,ok,4.225053787231445,0.561284046692607,4.604110890528512,0.118335500650195,0.2669050715214564,0.6147594278283485,High SNR,Intermediate
796630,sub-796630_ses-SLAP2-796630-2025-10-01-14-23-25,fluorescence,False,2,117,2046,3486.330920896996,0.5868633949050327,0.002932551319648,0.2592022578209638,2.310504022301154,ok,3.856356859207153,0.4418377321603128,4.076902873520451,0.1278784909358157,0.355218030377266,0.5169034786869182,Intermediate,Intermediate
796630,sub-796630_ses-SLAP2-796630-2025-10-01-14-23-25,fluorescence,False,2,118,1897,3486.330920896996,0.5441250538293485,0.0,0.2924874453127384,2.3096948448941963,ok,3.6642496585845934,0.3653136531365313,4.146990713268429,0.0992084432717678,0.3641160949868074,0.5366754617414248,Intermediate,Intermediate
796630,sub-796630_ses-SLAP2-796630-2025-10-01-14-23-25,fluorescence,False,2,119,4091,3479.216408782745,1.1758394762892304,0.0,0.3560866051375865,3.0833416902280857,ok,4.137073516845703,0.5446101197751161,4.844879237436457,0.0892375582250551,0.2395194900710958,0.671242951703849,High SNR,High SNR
796630,sub-796630_ses-SLAP2-796630-2025-10-01-14-23-25,fluorescence,False,2,120,1797,3479.516388211315,0.5164510809859322,0.0,0.2153621979743242,2.2419921590349525,ok,3.726198673248291,0.3989983305509182,3.998116213929702,0.1278615298715801,0.3729759910664433,0.4991624790619765,Intermediate,Intermediate
796630,sub-796630_ses-SLAP2-796630-2025-10-01-14-23-25,fluorescence,False,2,121,2074,3486.330920896996,0.5948947610132149,0.0,0.2934219564378261,2.3522533553288656,ok,3.7113289833068848,0.3862102217936355,4.298651737402688,0.0888030888030888,0.3349420849420849,0.5762548262548263,Intermediate,Intermediate
796630,sub-796630_ses-SLAP2-796630-2025-10-01-14-23-25,fluorescence,False,2,122,3131,3481.136277125593,0.8994189686205839,0.0,0.3409002912282943,2.64522267623079,ok,3.762300491333008,0.4110507824976045,4.270160875909656,0.1112531969309462,0.3235294117647059,0.5652173913043478,Intermediate,Intermediate
796630,sub-796630_ses-SLAP2-796630-2025-10-01-14-23-25,fluorescence,False,2,123,2669,3470.841983068501,0.7689776754516467,0.0,0.3475641066938638,2.528196396459359,ok,3.672971725463867,0.3555638816035968,4.049316727152696,0.1265965439519158,0.3658903080390683,0.5075131480090158,Intermediate,Intermediate
796630,sub-796630_ses-SLAP2-796630-2025-10-01-14-23-25,fluorescence,False,2,124,2826,3482.586177697014,0.811465920957854,0.0,0.3348050915390252,2.556081092134093,ok,3.8002734184265137,0.4214437367303609,4.539753980145317,0.0847217298830202,0.2857142857142857,0.6295639844026941,High SNR,Intermediate
796630,sub-796630_ses-SLAP2-796630-2025-10-01-14-23-25,fluorescence,False,2,125,1648,3454.058134040013,0.4771199372004863,0.0,0.3053599273502826,2.2566064174257585,ok,3.715561866760254,0.4053398058252427,4.362535571416469,0.0979192166462668,0.3237454100367197,0.5783353733170135,Intermediate,Intermediate
796630,sub-796630_ses-SLAP2-796630-2025-10-01-14-23-25,fluorescence,False,2,126,2349,3483.8210930112937,0.6742596526303267,0.0,0.2770589538395405,2.3958259128903445,ok,3.7668614387512207,0.4061302681992337,4.219317425897251,0.1236673773987206,0.3176972281449893,0.55863539445629,Intermediate,Intermediate
796630,sub-796630_ses-SLAP2-796630-2025-10-01-14-23-25,fluorescence,False,2,127,3088,3469.537072554222,0.8900322825277264,0.0,0.3810998668849468,2.6376913114902827,ok,3.922818899154663,0.469559585492228,4.60994995841534,0.1020474488137796,0.2638934026649334,0.634059148521287,High SNR,Intermediate
796630,sub-796630_ses-SLAP2-796630-2025-10-01-14-23-25,fluorescence,False,2,128,1797,3447.883557468615,0.5211892948378253,0.0,0.3552760327219963,2.29357431780178,ok,3.573324203491211,0.2865887590428492,4.125111431970863,0.0945190156599552,0.3730425055928412,0.5324384787472036,Intermediate,Intermediate
796630,sub-796630_ses-SLAP2-796630-2025-10-01-14-23-25,fluorescence,False,2,129,2141,3479.10141666846,0.6153887868121397,0.0,0.348516313880682,2.3874715411779315,ok,3.824505567550659,0.442316674451191,4.04318801528505,0.1495546179090482,0.3417721518987341,0.5086732301922176,Intermediate,Intermediate
796630,sub-796630_ses-SLAP2-796630-2025-10-01-14-23-25,fluorescence,False,2,130,2752,3478.141482497036,0.7912271579085614,0.0,0.3442754449546337,2.595822294318296,ok,4.131411552429199,0.5345203488372093,4.59500377449442,0.1255016417365924,0.2495439620576432,0.6249543962057643,High SNR,Intermediate
796630,sub-796630_ses-SLAP2-796630-2025-10-01-14-23-25,fluorescence,False,2,131,2692,3483.011148554155,0.7728944540178935,0.0,0.373485081410408,2.5227406015038207,ok,3.767059326171875,0.4164190193164933,4.4482182555126695,0.0905365126676602,0.2995529061102832,0.6099105812220567,High SNR,Intermediate
796630,sub-796630_ses-SLAP2-796630-2025-10-01-14-23-25,fluorescence,False,2,132,2462,3478.0714872970366,0.7078635413308682,0.0,0.3228701031088828,2.46054804962505,ok,3.918663024902344,0.4699431356620633,4.1641146201351855,0.1397148676171079,0.319755600814664,0.5405295315682281,Intermediate,Intermediate
796630,sub-796630_ses-SLAP2-796630-2025-10-01-14-23-25,fluorescence,False,2,133,2749,3452.453244097164,0.7962453958500687,0.0,0.4300826099395751,2.6443485778365297,ok,4.141613960266113,0.5405602037104401,4.889286620789694,0.106359649122807,0.2262426900584795,0.6673976608187134,High SNR,High SNR
796630,sub-796630_ses-SLAP2-796630-2025-10-01-14-23-25,fluorescence,False,2,134,1853,3449.1084734686087,0.5372402794095147,0.0,0.3395619740903377,2.305511774810889,ok,3.614516258239746,0.3475445223961144,4.247792049210587,0.0915989159891599,0.3387533875338753,0.5696476964769648,Intermediate,Intermediate
796630,sub-796630_ses-SLAP2-796630-2025-10-01-14-23-25,fluorescence,False,2,135,2519,3449.473448440036,0.7302563819237902,0.0,0.4281867674410343,2.556732528525299,ok,3.939724922180176,0.481540293767368,4.8824121553326245,0.0654690618762475,0.2359281437125748,0.6986027944111777,High SNR,High SNR
801381,sub-801381_ses-SLAP2-801381-2025-06-05-14-57-42,fluorescence,False,1,0,1112,847.4863241453324,1.3121155684977248,0.0008992805755395,0.2789036522895097,6.25054739592401,ok,8.340900421142578,0.8399280575539568,8.274643976212595,0.1585701191567369,0.0925756186984418,0.7488542621448213,High SNR,High SNR
801381,sub-801381_ses-SLAP2-801381-2025-06-05-14-57-42,fluorescence,False,1,1,947,847.6963133233799,1.1171453563214184,0.0,0.2505889151751995,3.6767878468256985,ok,6.245768070220947,0.7972544878563886,6.802549453308798,0.1180257510729613,0.1094420600858369,0.7725321888412017,High SNR,High SNR
801381,sub-801381_ses-SLAP2-801381-2025-06-05-14-57-42,fluorescence,False,1,2,1285,847.6963133233799,1.5158730547761592,0.003112840466926,0.2493672241419553,6.433844307403582,ok,8.051250457763672,0.8147859922178988,7.789792568741368,0.1254932912391476,0.0931333859510655,0.7813733228097869,High SNR,High SNR
801381,sub-801381_ses-SLAP2-801381-2025-06-05-14-57-42,fluorescence,False,1,3,626,847.5113228570048,0.7386331994830717,0.0095846645367412,0.1921472405076026,2.5581472693403065,ok,4.593114376068115,0.6261980830670927,4.637564498395048,0.1398373983739837,0.2715447154471544,0.5886178861788618,Intermediate,Intermediate
801381,sub-801381_ses-SLAP2-801381-2025-06-05-14-57-42,fluorescence,False,1,4,975,847.6963133233799,1.1501760532348289,0.0,0.2079591024667024,3.694796439709864,ok,5.3899335861206055,0.7169230769230769,5.607210778689259,0.11875,0.1791666666666666,0.7020833333333333,High SNR,High SNR
801381,sub-801381_ses-SLAP2-801381-2025-06-05-14-57-42,fluorescence,False,1,5,1069,846.9063540345348,1.2622410906559436,0.0,0.2712802065700292,4.752252820032206,ok,6.71624231338501,0.8119738072965388,6.58703043945413,0.1457142857142857,0.1314285714285714,0.7228571428571429,High SNR,High SNR
801381,sub-801381_ses-SLAP2-801381-2025-06-05-14-57-42,fluorescence,False,1,6,1058,846.8163586725145,1.2493854058966705,0.0,0.2949415422230959,3.458792029911725,ok,4.793733596801758,0.665406427221172,5.086466538009752,0.1046065259117082,0.1967370441458733,0.6986564299424184,High SNR,High SNR
801381,sub-801381_ses-SLAP2-801381-2025-06-05-14-57-42,fluorescence,False,1,7,1394,847.5863189920217,1.644670246279803,0.0,0.3425610478430986,5.265398419038894,ok,6.090576648712158,0.7919655667144907,6.050998536260256,0.1376547705753823,0.1325564457392571,0.7297887836853605,High SNR,High SNR
801381,sub-801381_ses-SLAP2-801381-2025-06-05-14-57-42,fluorescence,False,1,8,1161,847.6963133233799,1.369594254159627,0.0025839793281653,0.2667958124399185,3.335824207863527,ok,4.629813194274902,0.6425495262704565,4.733983765493321,0.1654991243432574,0.2267950963222416,0.6077057793345009,High SNR,Intermediate
801381,sub-801381_ses-SLAP2-801381-2025-06-05-14-57-42,fluorescence,False,1,9,996,847.6963133233799,1.1749490759198868,0.0,0.2212116853058338,3.3428825163834777,ok,4.5467939376831055,0.6455823293172691,4.4513945979107366,0.160204081632653,0.2571428571428571,0.5826530612244898,Intermediate,Intermediate
801381,sub-801381_ses-SLAP2-801381-2025-06-05-14-57-42,fluorescence,False,1,10,302,847.5163225993392,0.3563353199779842,0.0066225165562913,0.1471135470539331,1.9991188467765049,ok,3.521343946456909,0.2880794701986754,3.5966741484600906,0.1262798634812286,0.4641638225255973,0.409556313993174,Intermediate,Low SNR
801381,sub-801381_ses-SLAP2-801381-2025-06-05-14-57-42,fluorescence,False,1,11,1062,847.6963133233799,1.252807147215783,0.0,0.2655594741046428,3.544768577650217,ok,4.8501715660095215,0.667608286252354,5.325145981096529,0.1278625954198473,0.1736641221374046,0.6984732824427481,High SNR,High SNR
801381,sub-801381_ses-SLAP2-801381-2025-06-05-14-57-42,fluorescence,False,1,12,903,847.6963133233799,1.0652399754574875,0.0011074197120708,0.208886632373929,2.996214655241384,ok,4.376417636871338,0.6057585825027686,4.99174191590434,0.11672278338945,0.2267115600448933,0.6565656565656566,High SNR,High SNR
801381,sub-801381_ses-SLAP2-801381-2025-06-05-14-57-42,fluorescence,False,1,13,751,847.6963133233799,0.8859304779275452,0.0013315579227696,0.2368314533114433,2.8807758460543265,ok,4.81622314453125,0.6537949400798935,4.89353018259483,0.1426630434782608,0.2241847826086956,0.6331521739130435,High SNR,Intermediate
801381,sub-801381_ses-SLAP2-801381-2025-06-05-14-57-42,fluorescence,False,1,14,656,847.6963133233799,0.7738620419713311,0.0015243902439024,0.2321947758436202,2.6133034779857263,ok,4.626854419708252,0.6310975609756098,4.589492512389039,0.1381987577639751,0.281055900621118,0.5807453416149069,Intermediate,Intermediate
801381,sub-801381_ses-SLAP2-801381-2025-06-05-14-57-42,fluorescence,False,1,15,676,847.6963133233799,0.7974553969094814,0.0,0.1823689071312546,2.5437711289461635,ok,4.035412311553955,0.5133136094674556,3.751338375347397,0.1722054380664652,0.3851963746223565,0.4425981873111782,Low SNR,Low SNR
801381,sub-801381_ses-SLAP2-801381-2025-06-05-14-57-42,fluorescence,False,1,16,961,847.5163225993392,1.1339014652279562,0.0,0.2616178475707769,3.097080146180529,ok,4.234915733337402,0.562955254942768,4.334380080193171,0.1571729957805907,0.2668776371308017,0.5759493670886076,Intermediate,Intermediate
801381,sub-801381_ses-SLAP2-801381-2025-06-05-14-57-42,fluorescence,False,1,17,531,847.6963133233799,0.6264035736078915,0.007532956685499,0.1469650194346904,2.270669197099976,ok,3.811722993850708,0.4199623352165725,3.58451980735117,0.2019047619047619,0.3752380952380952,0.4228571428571429,Low SNR,Low SNR
801381,sub-801381_ses-SLAP2-801381-2025-06-05-14-57-42,fluorescence,False,1,18,963,847.6963133233799,1.1360200402719387,0.0,0.2835924679666757,3.0648798293325425,ok,4.526467800140381,0.6209761163032191,4.915844990262981,0.1177094379639448,0.2364793213149522,0.6458112407211029,High SNR,Intermediate
801381,sub-801381_ses-SLAP2-801381-2025-06-05-14-57-42,fluorescence,False,1,19,733,847.6963133233799,0.8646964584832099,0.0,0.2017912627637386,2.682411208518616,ok,4.135744571685791,0.5416098226466576,3.761129387186149,0.1804407713498622,0.3484848484848485,0.4710743801652892,Low SNR,Low SNR
801381,sub-801381_ses-SLAP2-801381-2025-06-05-14-57-42,fluorescence,False,1,20,850,847.1913393475992,1.0033152612898093,0.0,0.2043379712730646,2.8035916466467325,ok,4.134243488311768,0.5517647058823529,4.274562090388057,0.1300236406619385,0.3049645390070922,0.5650118203309693,Intermediate,Intermediate
801381,sub-801381_ses-SLAP2-801381-2025-06-05-14-57-42,fluorescence,False,1,21,651,847.6963133233799,0.7679637032367935,0.0046082949308755,0.299369136634469,2.579523770486408,ok,4.443541526794434,0.6052227342549923,4.956864934676903,0.1150855365474339,0.2130637636080871,0.671850699844479,High SNR,High SNR
801381,sub-801381_ses-SLAP2-801381-2025-06-05-14-57-42,fluorescence,False,1,22,973,847.6963133233799,1.147816717741014,0.0,0.3051376771867275,3.4446871083826367,ok,5.058609008789063,0.6927029804727647,5.508709689156436,0.1311134235171696,0.173777315296566,0.6951092611862643,High SNR,High SNR
801381,sub-801381_ses-SLAP2-801381-2025-06-05-14-57-42,fluorescence,False,1,23,904,847.6963133233799,1.0664196432043953,0.0,0.2614423671483993,2.9969780348010624,ok,4.5180277824401855,0.6283185840707964,4.857727270468947,0.1351351351351351,0.224099099099099,0.6407657657657657,High SNR,Intermediate
801381,sub-801381_ses-SLAP2-801381-2025-06-05-14-57-42,fluorescence,False,1,24,686,847.6963133233799,0.8092520743785566,0.0058309037900874,0.2493374214112758,2.607407325303088,ok,4.5281081199646,0.6166180758017493,5.072521516305763,0.1099706744868035,0.2038123167155425,0.6862170087976539,High SNR,High SNR
801381,sub-801381_ses-SLAP2-801381-2025-06-05-14-57-42,fluorescence,False,1,25,816,847.6963133233799,0.9626088814765338,0.0024509803921568,0.2248111437946557,2.7000223916351733,ok,4.154947280883789,0.5465686274509803,4.119889416371408,0.1357409713574097,0.3399750933997509,0.5242839352428393,Intermediate,Intermediate
801381,sub-801381_ses-SLAP2-801381-2025-06-05-14-57-42,fluorescence,False,1,26,833,847.6963133233799,0.9826632331739616,0.0,0.1925643019974231,2.7792134798578187,ok,4.074973583221436,0.5258103241296519,4.395285930936298,0.1527272727272727,0.2715151515151515,0.5757575757575758,Intermediate,Intermediate
801381,sub-801381_ses-SLAP2-801381-2025-06-05-14-57-42,fluorescence,False,1,27,657,847.6963133233799,0.7750417097182386,0.0,0.1862931579440832,2.45119155345002,ok,3.90252685546875,0.4764079147640791,4.009595900188392,0.1571648690292758,0.3405238828967643,0.50231124807396,Intermediate,Low SNR
801381,sub-801381_ses-SLAP2-801381-2025-06-05-14-57-42,fluorescence,False,1,28,678,847.221337801606,0.8002631304816917,0.0,0.2200614192008972,2.5472279235198703,ok,4.003218650817871,0.5029498525073747,4.03805091107364,0.1661676646706587,0.3263473053892216,0.5074850299401198,Intermediate,Low SNR
801381,sub-801381_ses-SLAP2-801381-2025-06-05-14-57-42,fluorescence,False,1,29,663,847.6963133233799,0.7821197161996837,0.0,0.214967957997322,2.485369707016465,ok,3.936574459075928,0.4720965309200603,3.784442619948078,0.1981566820276497,0.336405529953917,0.4654377880184331,Low SNR,Low SNR
801381,sub-801381_ses-SLAP2-801381-2025-06-05-14-57-42,fluorescence,False,1,30,644,847.6963133233799,0.7597060290084409,0.0,0.2625050366431474,2.4772685241027173,ok,3.8559303283691406,0.4565217391304347,4.0386369641039925,0.1538461538461538,0.3328100470957614,0.5133437990580848,Intermediate,Intermediate
801381,sub-801381_ses-SLAP2-801381-2025-06-05-14-57-42,fluorescence,False,1,31,785,847.6963133233799,0.9260391813224008,0.0012738853503184,0.2156234634250402,2.7566909419560925,ok,4.378434658050537,0.5847133757961783,4.811015758055586,0.1408268733850129,0.2157622739018088,0.6434108527131783,High SNR,Intermediate
801381,sub-801381_ses-SLAP2-801381-2025-06-05-14-57-42,fluorescence,False,1,32,1039,847.6963133233799,1.22567478903691,0.0,0.3189675802320241,3.282742567166109,ok,4.685510635375977,0.6621751684311838,4.969987421387943,0.1281553398058252,0.216504854368932,0.6553398058252428,High SNR,Intermediate
801381,sub-801381_ses-SLAP2-801381-2025-06-05-14-57-42,fluorescence,False,1,33,625,847.4313269796534,0.7375228884062792,0.0,0.282630208709836,2.512405952432512,ok,4.386219501495361,0.5776,4.18698457831297,0.1774193548387097,0.2854838709677419,0.5370967741935484,Intermediate,Intermediate
801381,sub-801381_ses-SLAP2-801381-2025-06-05-14-57-42,fluorescence,False,1,34,758,847.3063334212918,0.8945997098113422,0.0,0.2778498418718576,2.702143415318255,ok,4.149840354919434,0.5435356200527705,4.057506394373761,0.170439414114514,0.3195739014647137,0.5099866844207723,Intermediate,Low SNR
801381,sub-801381_ses-SLAP2-801381-2025-06-05-14-57-42,fluorescence,False,1,35,713,847.221337801606,0.8415746490168823,0.0014025245441795,0.2504365655601024,2.5906620079388705,ok,4.236934185028076,0.5568022440392707,4.758989684947444,0.1379800853485064,0.2318634423897581,0.6301564722617354,High SNR,Intermediate
801381,sub-801381_ses-SLAP2-801381-2025-06-05-14-57-42,fluorescence,False,1,36,827,847.3113331636263,0.9760284887400368,0.0012091898428053,0.2505493917614221,2.7323472460295166,ok,3.958326816558838,0.4885126964933494,4.230674446980109,0.1365313653136531,0.3075030750307503,0.5559655596555966,Intermediate,Intermediate
801381,sub-801381_ses-SLAP2-801381-2025-06-05-14-57-42,fluorescence,False,1,37,560,847.4863241453324,0.6607776244233147,0.0,0.2511586355745792,2.3443168287250566,ok,4.018009662628174,0.5,4.644390388653508,0.0978260869565217,0.2753623188405797,0.6268115942028986,High SNR,Intermediate
801381,sub-801381_ses-SLAP2-801381-2025-06-05-14-57-42,fluorescence,False,1,38,642,847.4863241453324,0.7575343479995857,0.0031152647975077,0.2667816732645034,2.4265686144299745,ok,3.866541862487793,0.4610591900311526,4.320216666796685,0.1184834123222748,0.3001579778830964,0.5813586097946287,Intermediate,Intermediate
801381,sub-801381_ses-SLAP2-801381-2025-06-05-14-57-42,fluorescence,False,1,39,608,847.5113228570048,0.7173945451848365,0.0,0.3184840204328298,2.4376831164963693,ok,3.784067153930664,0.4128289473684211,3.722933078110626,0.175787728026534,0.3980099502487562,0.4262023217247098,Low SNR,Low SNR
801381,sub-801381_ses-SLAP2-801381-2025-06-05-14-57-42,fluorescence,False,1,40,562,847.6963133233799,0.6629732737620245,0.0,0.3555779924869537,2.460814068533017,ok,4.171446800231934,0.5409252669039146,4.833273692613864,0.1012658227848101,0.2640144665461121,0.6347197106690777,High SNR,Intermediate
801381,sub-801381_ses-SLAP2-801381-2025-06-05-14-57-42,fluorescence,False,2,0,5829,2837.237661395793,2.0544630713566643,0.0,0.3058369919657707,6.498255179350644,ok,6.260823249816895,0.8238119746097101,5.151189343756376,0.2220502235982112,0.1625386996904024,0.6154110767113863,High SNR,Intermediate
801381,sub-801381_ses-SLAP2-801381-2025-06-05-14-57-42,fluorescence,False,2,1,5621,2837.127661486461,1.9812291411148488,0.0007116171499733,0.2883273243337869,5.38608534198284,ok,5.631290435791016,0.7717487991460594,5.34429965992335,0.2012511170688114,0.1608579088471849,0.6378909740840035,High SNR,Intermediate
801381,sub-801381_ses-SLAP2-801381-2025-06-05-14-57-42,fluorescence,False,2,2,3270,2836.5376619727704,1.1528138842781177,0.0003058103975535,0.2748792011171579,5.598752014608115,ok,8.50206184387207,0.8232415902140673,8.29074742585535,0.1892141756548536,0.0992295839753466,0.7115562403697997,High SNR,High SNR
801381,sub-801381_ses-SLAP2-801381-2025-06-05-14-57-42,fluorescence,False,2,3,3187,2837.017661577129,1.123362763356331,0.0006275494195167,0.2328304422408342,3.3213292603570608,ok,4.857156753540039,0.6620646375902103,4.732916990268532,0.1630847029077117,0.231984829329962,0.6049304677623262,High SNR,Intermediate
801381,sub-801381_ses-SLAP2-801381-2025-06-05-14-57-42,fluorescence,False,2,4,2455,2827.262669617719,0.8683310632513486,0.0,0.1814717874974012,2.663463597094024,ok,3.881491661071777,0.4586558044806517,3.742439654467829,0.1986076986076986,0.3554463554463554,0.4459459459459459,Low SNR,Low SNR
801381,sub-801381_ses-SLAP2-801381-2025-06-05-14-57-42,fluorescence,False,2,5,3147,2837.237661395793,1.1091774379069177,0.0006355258976803,0.1907811310529708,2.9638689650979746,ok,4.35992431640625,0.5989831585637114,4.377768213106275,0.1571064372211599,0.2791586998087954,0.5637348629700446,Intermediate,Intermediate
801381,sub-801381_ses-SLAP2-801381-2025-06-05-14-57-42,fluorescence,False,2,6,3687,2837.237661395793,1.2995034043733094,0.0002712232167073,0.3747800531387329,3.578938031182787,ok,5.006398677825928,0.7038242473555736,5.603485965911367,0.11707051456575,0.1677103185407024,0.7152191668935475,High SNR,High SNR
801381,sub-801381_ses-SLAP2-801381-2025-06-05-14-57-42,fluorescence,False,2,7,3117,2837.237661395793,1.098603773103229,0.0,0.1821583991110325,3.1818703118443388,ok,4.805007457733154,0.670837343599615,5.102449151604766,0.1305051813471502,0.2036917098445596,0.6658031088082902,High SNR,High SNR
801381,sub-801381_ses-SLAP2-801381-2025-06-05-14-57-42,fluorescence,False,2,8,2353,2837.237661395793,0.8293277761026301,0.0,0.182989716348052,2.613620852756379,ok,3.962956666946411,0.4900127496812579,3.953792407849971,0.1930798803929944,0.3148227253310551,0.4920973942759504,Low SNR,Low SNR
801381,sub-801381_ses-SLAP2-801381-2025-06-05-14-57-42,fluorescence,False,2,9,2628,2836.532661976892,0.9264832502117014,0.0,0.1512541162043809,2.695376306127963,ok,3.981948137283325,0.4889649923896499,3.919584620909824,0.1957022256331542,0.3192632386799693,0.4850345356868764,Low SNR,Low SNR
801381,sub-801381_ses-SLAP2-801381-2025-06-05-14-57-42,fluorescence,False,2,10,2506,2837.237661395793,0.8832534666014411,0.0019952114924181,0.1784066793769597,2.728165324664002,ok,4.304993152618408,0.5790103750997606,4.507628948236381,0.1491579791499599,0.2678428227746592,0.5829991980753809,Intermediate,Intermediate
801381,sub-801381_ses-SLAP2-801381-2025-06-05-14-57-42,fluorescence,False,2,11,3747,2837.237661395793,1.3206507339806863,0.0002668801708033,0.2555467728495598,3.267269221858574,ok,4.150429725646973,0.5489725113424072,4.601226472071949,0.1349610947142474,0.2487255165012074,0.6163133887845452,High SNR,Intermediate
801381,sub-801381_ses-SLAP2-801381-2025-06-05-14-57-42,fluorescence,False,2,12,1845,2837.237661395793,0.6502803854268391,0.0016260162601626,0.1750188224852085,2.354769652190136,ok,3.831556558609009,0.435230352303523,3.739099071372325,0.1789989118607181,0.3754080522306855,0.4455930359085963,Low SNR,Low SNR
801381,sub-801381_ses-SLAP2-801381-2025-06-05-14-57-42,fluorescence,False,2,13,2667,2837.237661395793,0.9399988010479025,0.0007499062617172,0.1824850913867354,2.673963814652454,ok,4.003367900848389,0.5024371953505812,3.838741670032457,0.2022684310018903,0.3274102079395085,0.4703213610586011,Low SNR,Low SNR
801381,sub-801381_ses-SLAP2-801381-2025-06-05-14-57-42,fluorescence,False,2,14,3284,2836.8776616925243,1.1576107226424124,0.0003045066991473,0.2701658407151699,3.262504236790435,ok,4.930943965911865,0.6860535931790499,4.808832576169226,0.1872899480598839,0.203177512985029,0.6095325389550871,High SNR,Intermediate
801381,sub-801381_ses-SLAP2-801381-2025-06-05-14-57-42,fluorescence,False,2,15,2499,2837.237661395793,0.8807862781472471,0.0008003201280512,0.1870183650881051,2.60718526591,ok,3.930952072143554,0.4725890356142457,4.398692959929124,0.1269586179188429,0.2836480514262756,0.5893933306548815,Intermediate,Intermediate
801381,sub-801381_ses-SLAP2-801381-2025-06-05-14-57-42,fluorescence,False,2,16,2483,2837.237661395793,0.8751469902519466,0.0008054772452678,0.2456459478199482,3.0059984752080617,ok,5.065368175506592,0.6689488521949255,4.887263317537036,0.1716720779220779,0.2150974025974026,0.6132305194805194,High SNR,Intermediate
801381,sub-801381_ses-SLAP2-801381-2025-06-05-14-57-42,fluorescence,False,2,17,2443,2837.237661395793,0.8610487705136953,0.0004093327875562,0.1888574962377548,2.6477021971819106,ok,4.117469310760498,0.5382726156365125,4.050304818779621,0.1792763157894736,0.3129111842105263,0.5078125,Low SNR,Low SNR
801381,sub-801381_ses-SLAP2-801381-2025-06-05-14-57-42,fluorescence,False,2,18,2405,2836.5576619562853,0.8478586676575249,0.0,0.2165663255006074,2.6834067501823635,ok,3.882790565490722,0.4598752598752599,4.089444790552956,0.1578288100208768,0.3219206680584551,0.520250521920668,Intermediate,Intermediate
801381,sub-801381_ses-SLAP2-801381-2025-06-05-14-57-42,fluorescence,False,2,19,3055,2837.237661395793,1.0767515325089396,0.0,0.2600642173022031,3.0897250871608293,ok,4.6707305908203125,0.6572831423895253,4.167814128432667,0.2204336399474376,0.2519710906701708,0.5275952693823915,Low SNR,Low SNR
801381,sub-801381_ses-SLAP2-801381-2025-06-05-14-57-42,fluorescence,False,2,20,3995,2837.237661395793,1.408059696357844,0.0002503128911138,0.2605155000150203,3.672018596218304,ok,5.183026313781738,0.7226533166458072,5.14150008308996,0.1514616935483871,0.1864919354838709,0.6620463709677419,High SNR,Intermediate
801381,sub-801381_ses-SLAP2-801381-2025-06-05-14-57-42,fluorescence,False,2,21,2616,2835.5926627516897,0.9225584599522152,0.0007645259938837,0.1776898342296481,2.686684066852432,ok,4.017566680908203,0.5030581039755352,4.020662922713677,0.1747983096427199,0.320783711102574,0.5044179792547061,Intermediate,Low SNR
801381,sub-801381_ses-SLAP2-801381-2025-06-05-14-57-42,fluorescence,False,2,22,2478,2837.1226614905822,0.8734201145529942,0.0004035512510088,0.2154800612568855,2.58527630936548,ok,3.9386415481567374,0.4778046811945117,3.8094994476397264,0.2086038961038961,0.3356331168831168,0.455762987012987,Low SNR,Low SNR
801381,sub-801381_ses-SLAP2-801381-2025-06-05-14-57-42,fluorescence,False,2,23,2014,2837.237661395793,0.7098453638209506,0.0004965243296921,0.1913413075089454,2.4833689288848926,ok,4.002745628356934,0.5004965243296922,3.998097990217327,0.1662506240639041,0.3344982526210684,0.4992511233150274,Intermediate,Low SNR
801381,sub-801381_ses-SLAP2-801381-2025-06-05-14-57-42,fluorescence,False,2,24,2549,2837.017661577129,0.8984787209900496,0.0,0.2151411408036947,2.7624199843098274,ok,4.320677757263184,0.5821890937622597,4.58225855771714,0.1602362204724409,0.2507874015748031,0.5889763779527559,Intermediate,Intermediate
801381,sub-801381_ses-SLAP2-801381-2025-06-05-14-57-42,fluorescence,False,2,25,2690,2836.8776616925243,0.9482255919330356,0.0003717472118959,0.2714618066042661,2.7480128431648243,ok,3.9973530769348153,0.4992565055762081,3.666491668816008,0.2341536167039522,0.3221476510067114,0.4436987322893363,Low SNR,Low SNR
801381,sub-801381_ses-SLAP2-801381-2025-06-05-14-57-42,fluorescence,False,2,26,2208,2837.237661395793,0.7782217295514693,0.0004528985507246,0.2109550390899181,2.526146906630081,ok,3.815915584564209,0.4397644927536231,4.095479294427862,0.152441807393884,0.3217708808763121,0.5257873117298038,Intermediate,Intermediate
801381,sub-801381_ses-SLAP2-801381-2025-06-05-14-57-42,fluorescence,False,2,27,1504,2837.237661395793,0.5300930621582471,0.0019946808510638,0.2363853844195604,2.232224104893208,ok,3.6046528816223145,0.3238031914893617,3.699985622767057,0.1728971962616822,0.4005340453938584,0.4265687583444593,Low SNR,Low SNR
801381,sub-801381_ses-SLAP2-801381-2025-06-05-14-57-42,fluorescence,False,2,28,1545,2837.237661395793,0.5445437373899548,0.0,0.2630828207910061,2.2971358588079034,ok,3.835231065750122,0.4440129449838187,4.152733510718049,0.1148604802076573,0.3510707332900714,0.5340687865022713,Intermediate,Intermediate
801381,sub-801381_ses-SLAP2-801381-2025-06-05-14-57-42,fluorescence,False,2,29,2177,2837.1126614988248,0.7673294154099286,0.0004593477262287,0.2269585310608148,2.502591307004041,ok,3.946144819259644,0.4846118511713367,4.123217382053445,0.1450276243093922,0.3287292817679558,0.5262430939226519,Intermediate,Intermediate
801381,sub-801381_ses-SLAP2-801381-2025-06-05-14-57-42,fluorescence,False,2,30,1776,2836.2126622406527,0.6261871768800764,0.000563063063063,0.3268345732480287,2.4379280594856323,ok,3.990448951721192,0.4977477477477477,4.476739861801003,0.1304843304843304,0.2678062678062678,0.6017094017094017,High SNR,Intermediate
801381,sub-801381_ses-SLAP2-801381-2025-06-05-14-57-42,fluorescence,False,2,31,2128,2835.5926627516897,0.7504603986155635,0.0009398496240601,0.2173830838054418,2.557188340211708,ok,4.201532363891602,0.5531015037593985,4.191435649322148,0.1844339622641509,0.2811320754716981,0.534433962264151,Intermediate,Low SNR
801381,sub-801381_ses-SLAP2-801381-2025-06-05-14-57-42,fluorescence,False,2,32,2011,2837.237661395793,0.7087879973405818,0.0004972650422675,0.1707190992414951,2.4511044660396126,ok,3.917549848556519,0.4724017901541522,3.989119506699101,0.1723446893787575,0.3296593186372745,0.4979959919839679,Intermediate,Low SNR
801381,sub-801381_ses-SLAP2-801381-2025-06-05-14-57-42,fluorescence,False,2,33,3215,2837.237661395793,1.133144411461945,0.0003110419906687,0.2966282353878021,3.2288740837934,ok,4.929315090179443,0.6749611197511665,5.17939654337262,0.1378878094641178,0.1892823566280163,0.6728298339078659,High SNR,High SNR
801381,sub-801381_ses-SLAP2-801381-2025-06-05-14-57-42,fluorescence,False,2,34,2128,2837.237661395793,0.7500252900749668,0.0,0.1781931667819619,2.47353139633881,ok,3.968718528747559,0.487781954887218,3.814497514155864,0.1939451277199621,0.3424787133396405,0.4635761589403973,Low SNR,Low SNR
801381,sub-801381_ses-SLAP2-801381-2025-06-05-14-57-42,fluorescence,False,2,35,3253,2837.237661395793,1.1465377202132834,0.0,0.3707953683972358,3.0523898157827154,ok,4.521411895751953,0.6387949584998462,5.0076186655362855,0.1291718170580964,0.2024103831891223,0.6684177997527813,High SNR,High SNR
801381,sub-801381_ses-SLAP2-801381-2025-06-05-14-57-42,fluorescence,False,2,36,2312,2837.237661395793,0.8148771008709225,0.000432525951557,0.19475428352952,2.5644393052229155,ok,4.176851272583008,0.5467128027681661,4.087954711018272,0.1763169351327818,0.30387461906835,0.5198084457988681,Intermediate,Low SNR
801381,sub-801381_ses-SLAP2-801381-2025-06-05-14-57-42,fluorescence,False,2,37,4379,2837.237661395793,1.543402605845056,0.0,0.3291427052646875,3.913719817780032,ok,4.602786540985107,0.6478648093171957,5.46060529431187,0.0955004591368227,0.1652892561983471,0.7392102846648301,High SNR,High SNR
801381,sub-801381_ses-SLAP2-801381-2025-06-05-14-57-42,fluorescence,False,2,38,2732,2835.5926627516897,0.9634670155158456,0.0,0.2779424313783645,2.730370683742432,ok,4.130586624145508,0.5380673499267935,4.196932755479039,0.1705340699815838,0.2939226519337016,0.5355432780847146,Intermediate,Intermediate
801381,sub-801381_ses-SLAP2-801381-2025-06-05-14-57-42,fluorescence,False,2,39,1746,2837.237661395793,0.6153872915746673,0.0,0.2263416211634874,2.357812972987241,ok,4.019893646240234,0.5080183276059564,4.305866211461624,0.1462291306850892,0.2941853770869315,0.5595854922279793,Intermediate,Intermediate
801381,sub-801381_ses-SLAP2-801381-2025-06-05-14-57-42,fluorescence,False,2,40,1837,2837.237661395793,0.6474607414791889,0.0,0.1798445341005921,2.389483022247734,ok,4.049939155578613,0.50789330430049,4.307898954589193,0.1414527580557072,0.2992900054614965,0.5592572364827962,Intermediate,Intermediate
801381,sub-801381_ses-SLAP2-801381-2025-06-05-14-57-42,fluorescence,False,2,41,1495,2837.237661395793,0.5269209627171406,0.0006688963210702,0.2158951786100864,2.231555456418662,ok,3.675356388092041,0.3779264214046823,3.7074431088798288,0.1716968477531857,0.4071093226022803,0.4211938296445339,Low SNR,Low SNR
801381,sub-801381_ses-SLAP2-801381-2025-06-05-14-57-42,fluorescence,False,2,42,1957,2837.237661395793,0.6897554006939426,0.0,0.2901228670567274,2.418206321561504,ok,3.830027103424072,0.42973939703628,4.018036528187229,0.1462288353001539,0.3488968701898409,0.5048742945100051,Intermediate,Intermediate
801381,sub-801381_ses-SLAP2-801381-2025-06-05-14-57-42,fluorescence,False,2,43,1387,2837.237661395793,0.4888557694238623,0.0043258832011535,0.1774317390471696,2.184614243822933,ok,3.7023768424987793,0.3922134102379235,3.576135297209866,0.1818840579710144,0.4028985507246377,0.4152173913043478,Low SNR,Low SNR
801381,sub-801381_ses-SLAP2-801381-2025-06-05-14-57-42,fluorescence,False,2,44,3410,2837.237661395793,1.2018732326859194,0.0,0.3646231764793395,3.0871129454262936,ok,4.306736946105957,0.587683284457478,5.256767884885438,0.0776470588235294,0.1905882352941176,0.731764705882353,High SNR,High SNR
801381,sub-801381_ses-SLAP2-801381-2025-06-05-14-57-42,fluorescence,False,2,45,2323,2837.237661395793,0.8187541112989416,0.0008609556607834,0.2857188453018665,2.550766361202709,ok,4.075531959533691,0.5264743865690917,4.768293430590727,0.103642671292281,0.2480485689505637,0.6483087597571553,High SNR,Intermediate
801381,sub-801381_ses-SLAP2-801381-2025-06-05-14-57-42,fluorescence,False,2,46,1785,2837.237661395793,0.6291330558194622,0.0005602240896358,0.2626945678710937,2.3416397726944944,ok,3.7466018199920654,0.4067226890756302,3.892922470717157,0.1501128668171557,0.3826185101580135,0.4672686230248307,Intermediate,Low SNR
801381,sub-801381_ses-SLAP2-801381-2025-06-05-14-57-42,fluorescence,False,2,47,1610,2837.237661395793,0.567453344464613,0.0080745341614906,0.1815493651762604,2.2814516369063247,ok,3.9728503227233887,0.4937888198757764,3.991993921786904,0.1626016260162601,0.3383364602876798,0.49906191369606,Intermediate,Low SNR
801381,sub-801381_ses-SLAP2-801381-2025-06-05-14-57-42,fluorescence,False,2,48,2118,2837.237661395793,0.7465007351404039,0.0,0.2233935809969902,2.4360521962865667,ok,3.839610576629639,0.4423984891406988,4.013336603477914,0.1524621212121212,0.3442234848484848,0.5033143939393939,Intermediate,Low SNR
801381,sub-801381_ses-SLAP2-801381-2025-06-05-14-57-42,fluorescence,False,2,49,3348,2836.8776616925243,1.1801707367255776,0.0,0.2947131282627582,3.124987201031432,ok,4.686332702636719,0.6403823178016727,5.121896473461567,0.1167817472230561,0.2029420594416091,0.6802761933353347,High SNR,High SNR
801381,sub-801381_ses-SLAP2-801381-2025-06-05-14-57-42,fluorescence,False,2,50,2577,2837.237661395793,0.9082778066368372,0.0,0.1979001616895198,2.650745852094076,ok,3.878665685653688,0.4489716724873884,3.886699904375443,0.1588966588966589,0.3632478632478632,0.4778554778554778,Intermediate,Low SNR
801381,sub-801381_ses-SLAP2-801381-2025-06-05-14-57-42,fluorescence,False,2,51,1543,2837.237661395793,0.5438388264030422,0.0032404406999351,0.2133317681998014,2.2482889830740977,ok,3.914026737213135,0.4763447828904731,4.003220177876943,0.1643924626380766,0.3352826510721247,0.5003248862897985,Intermediate,Low SNR
801381,sub-801381_ses-SLAP2-801381-2025-06-05-14-57-42,fluorescence,False,2,52,1940,2837.237661395793,0.6837636573051858,0.0005154639175257,0.1817539524167776,2.365468389391112,ok,3.935092926025391,0.4778350515463918,3.882391435240327,0.1709844559585492,0.3528497409326425,0.4761658031088083,Low SNR,Low SNR
801381,sub-801381_ses-SLAP2-801381-2025-06-05-14-57-42,fluorescence,False,2,53,2847,2837.237661395793,1.003440789870033,0.0,0.2425601611554622,2.7704775838011693,ok,3.927801132202149,0.476290832455216,4.198595470620934,0.1517825626544299,0.3049770561242499,0.5432403812213201,Intermediate,Intermediate
801381,sub-801381_ses-SLAP2-801381-2025-06-05-14-57-42,fluorescence,False,2,54,2146,2837.127661486461,0.7563988145939272,0.0,0.1974838292509317,2.473202379497256,ok,3.91947865486145,0.4743709226467847,3.844206071709949,0.1747891283973758,0.3547328959700094,0.4704779756326148,Low SNR,Low SNR
801381,sub-801381_ses-SLAP2-801381-2025-06-05-14-57-42,fluorescence,False,2,55,2944,2837.1226614905822,1.0376710319790212,0.0,0.2601176147818565,3.115373573270684,ok,4.9254655838012695,0.6728940217391305,5.114563541836798,0.1282489740082079,0.1997264021887825,0.6720246238030095,High SNR,High SNR
801381,sub-801381_ses-SLAP2-801381-2025-06-05-14-57-42,fluorescence,False,2,56,1832,2837.237661395793,0.6456984640119074,0.0,0.2196888077437877,2.3672284068759,ok,3.906083822250366,0.4705240174672489,3.861402421973662,0.172432729269632,0.3607907742998352,0.4667764964305326,Low SNR,Low SNR
801381,sub-801381_ses-SLAP2-801381-2025-06-05-14-57-42,fluorescence,False,2,57,1491,2837.127661486461,0.5255315156381852,0.0006706908115358,0.2801101216167211,2.269096303643793,ok,3.653975486755371,0.352112676056338,3.9279714096189617,0.1331540013449899,0.3799596503026227,0.4868863483523873,Intermediate,Low SNR
801381,sub-801381_ses-SLAP2-801381-2025-06-05-14-57-42,fluorescence,False,2,58,1509,2837.237661395793,0.5318553396255286,0.001325381047051,0.2886813339382409,2.272120665803156,ok,3.6990725994110094,0.3830351225977468,4.02267510213738,0.1214142761841227,0.3729152768512341,0.5056704469646431,Intermediate,Intermediate
801381,sub-801381_ses-SLAP2-801381-2025-06-05-14-57-42,fluorescence,False,2,59,2087,2837.237661395793,0.7355746148432593,0.0004791566842357,0.2341434635102748,2.487145197368508,ok,3.987689018249512,0.4968854815524676,3.80196059144373,0.2068466730954677,0.3394406943105111,0.4537126325940212,Low SNR,Low SNR
801381,sub-801381_ses-SLAP2-801381-2025-06-05-14-57-42,fluorescence,False,2,60,1457,2837.237661395793,0.5135276539658019,0.001372683596431,0.2452796327143907,2.221616829403331,ok,3.5764942169189453,0.3225806451612903,3.736213934073153,0.157604955264969,0.4088093599449415,0.4335856847900894,Low SNR,Low SNR
801381,sub-801381_ses-SLAP2-801381-2025-06-05-14-57-42,fluorescence,False,2,61,1821,2837.237661395793,0.6418214535838883,0.0016474464579901,0.1869202745586633,2.358775065227255,ok,3.852943181991577,0.443163097199341,3.765361333893094,0.1906077348066298,0.3635359116022099,0.4458563535911602,Low SNR,Low SNR
801381,sub-801381_ses-SLAP2-801381-2025-06-05-14-57-42,fluorescence,False,2,62,1662,2833.482664490864,0.5865573207234135,0.0006016847172081,0.2692468826830387,2.3373678299718263,ok,4.046783447265625,0.5096269554753309,4.878374447396597,0.1078787878787878,0.246060606060606,0.6460606060606061,High SNR,Intermediate
801381,sub-801381_ses-SLAP2-801381-2025-06-05-14-57-42,fluorescence,False,2,63,1843,2836.8776616925243,0.6496579055511468,0.0005425935973955,0.237909830546379,2.3526951644010463,ok,3.953127145767212,0.481823114487249,4.051731521505412,0.1693899782135076,0.3202614379084967,0.5103485838779956,Intermediate,Low SNR
801381,sub-801381_ses-SLAP2-801381-2025-06-05-14-57-42,fluorescence,False,2,64,2034,2837.237661395793,0.7168944736900763,0.0004916420845624,0.2300117755293846,2.447635147553856,ok,3.777259349822998,0.4218289085545723,3.4711768399686376,0.2207920792079208,0.4014851485148515,0.3777227722772277,Low SNR,Low SNR
801381,sub-801381_ses-SLAP2-801381-2025-06-05-14-57-42,fluorescence,False,2,65,1887,2837.127661486461,0.6651093024877637,0.0021197668256491,0.3002053583979606,2.46114941895929,ok,4.112985134124756,0.5331213566507684,4.457774845799936,0.1420940170940171,0.2692307692307692,0.5886752136752137,Intermediate,Intermediate
801381,sub-801381_ses-SLAP2-801381-2025-06-05-14-57-42,fluorescence,False,2,66,2179,2837.237661395793,0.7680005202412371,0.0004589261128958,0.2054937384009361,2.4978162094009457,ok,3.990489482879639,0.4983937586048646,3.9720467906955,0.1677419354838709,0.336405529953917,0.4958525345622119,Intermediate,Low SNR
801381,sub-801381_ses-SLAP2-801381-2025-06-05-14-57-42,fluorescence,False,2,67,1490,2837.237661395793,0.5251586852498592,0.0,0.2569860967218875,2.255915618138098,ok,3.7477855682373047,0.4073825503355704,3.969556610878064,0.1517194875252865,0.3553607552258934,0.49291975724882,Intermediate,Low SNR
801381,sub-801381_ses-SLAP2-801381-2025-06-05-14-57-42,fluorescence,False,2,68,1848,2836.8776616925243,0.651420406651394,0.0005411255411255,0.2303687455236911,2.348757918609345,ok,3.801633358001709,0.428030303030303,3.6740530794130137,0.1868191721132897,0.3861655773420479,0.4270152505446623,Low SNR,Low SNR
801381,sub-801381_ses-SLAP2-801381-2025-06-05-14-57-42,fluorescence,False,2,69,1728,2837.1226614905822,0.6090677796398604,0.0011574074074074,0.2583340903580188,2.340764827226536,ok,3.7276241779327393,0.4016203703703703,4.034916528609488,0.1285631180919139,0.3635834787667248,0.5078534031413613,Intermediate,Intermediate
801381,sub-801381_ses-SLAP2-801381-2025-06-05-14-57-42,fluorescence,False,2,70,2407,2836.787661766707,0.8484949481558863,0.0,0.2690362531542777,2.641556400143839,ok,4.103801727294922,0.5301204819277109,4.313118981734771,0.1441704972837442,0.2987881320518178,0.5570413706644379,Intermediate,Intermediate
801381,sub-801381_ses-SLAP2-801381-2025-06-05-14-57-42,fluorescence,False,2,71,2768,2836.7576617914347,0.9757618838163236,0.0,0.3008875294268131,2.737428232347205,ok,3.995500087738037,0.4985549132947977,4.071281256484646,0.1717501815541031,0.3148148148148148,0.5134350036310821,Intermediate,Low SNR
801381,sub-801381_ses-SLAP2-801381-2025-06-05-14-57-42,fluorescence,False,2,72,1879,2837.237661395793,0.6622638722043527,0.0005321979776476,0.252117050743103,2.3541592205853945,ok,3.7520270347595215,0.4183076104310803,3.947940868653117,0.1489817792068596,0.3628081457663451,0.4882100750267953,Intermediate,Low SNR
801381,sub-801381_ses-SLAP2-801381-2025-06-05-14-57-42,fluorescence,False,2,73,1417,2837.237661395793,0.4994294342275507,0.0021171489061397,0.2172055929690599,2.2302338684657834,ok,3.809241771697998,0.4502470007057163,3.895491325590159,0.1715095676824946,0.3564847625797306,0.4720056697377746,Low SNR,Low SNR
801381,sub-801381_ses-SLAP2-801381-2025-06-05-14-57-42,fluorescence,False,2,74,1476,2837.237661395793,0.5202243083414713,0.0006775067750677,0.2519048305571079,2.234043937703113,ok,3.6765832901000977,0.3719512195121951,3.809216262079816,0.1537414965986394,0.3850340136054421,0.4612244897959183,Intermediate,Low SNR
801381,sub-801381_ses-SLAP2-801381-2025-06-05-14-57-42,fluorescence,False,2,75,1753,2837.237661395793,0.6178544800288612,0.002281802624073,0.2240243207752704,2.347826746092429,ok,4.188736438751221,0.5413576725613235,4.517711330766369,0.15,0.2706896551724138,0.5793103448275863,Intermediate,Intermediate
801381,sub-801381_ses-SLAP2-801381-2025-06-05-14-57-42,fluorescence,False,2,76,2373,2837.237661395793,0.8363768859717556,0.000842815002107,0.2909226362586021,2.603996819643808,ok,4.07833194732666,0.5195954487989887,4.189489170433255,0.1685012701100762,0.2917019475021168,0.5397967823878069,Intermediate,Intermediate
801381,sub-801381_ses-SLAP2-801381-2025-06-05-14-57-42,fluorescence,False,2,77,1254,2837.237661395793,0.4419791887941768,0.0015948963317384,0.2161605532586574,2.162432392644084,ok,3.4919581413269043,0.2607655502392344,3.607312344588685,0.1576,0.4656,0.3768,Low SNR,Low SNR
801381,sub-801381_ses-SLAP2-801381-2025-06-05-14-57-42,fluorescence,False,2,78,3098,2837.237661395793,1.0919071187275595,0.0,0.3613515922129154,2.916992837049933,ok,4.277371406555176,0.5829567462879277,4.596866281390291,0.1407766990291262,0.2414239482200647,0.6177993527508091,High SNR,Intermediate
801381,sub-801381_ses-SLAP2-801381-2025-06-05-14-57-42,fluorescence,False,2,79,2561,2837.237661395793,0.9026385187415366,0.0,0.3009549114346504,2.6972582658276067,ok,4.27334451675415,0.5755564232721593,4.668710377417,0.1208791208791208,0.2586342229199372,0.6204866562009419,High SNR,Intermediate
801381,sub-801381_ses-SLAP2-801381-2025-06-05-14-57-42,fluorescence,False,2,80,1557,2837.237661395793,0.5487732033114301,0.001926782273603,0.2070087952315807,2.2459289350513414,ok,3.725935220718384,0.3975594091201027,3.7005575231832464,0.1838187702265372,0.3980582524271844,0.4181229773462783,Low SNR,Low SNR
801381,sub-801381_ses-SLAP2-801381-2025-06-05-14-57-42,fluorescence,False,2,81,2006,2837.237661395793,0.7070257198733004,0.0009970089730807,0.2336307858467101,2.413842246229505,ok,3.942958116531372,0.4720837487537387,4.334878694849423,0.1373433583959899,0.2942355889724311,0.5684210526315789,Intermediate,Intermediate
801381,sub-801381_ses-SLAP2-801381-2025-06-05-14-57-42,fluorescence,False,2,82,1759,2836.7826617708283,0.6200686516118105,0.0,0.2799090139389038,2.3643755491827907,ok,3.7849388122558594,0.4252416145537237,4.083220662164178,0.1399082568807339,0.3371559633027522,0.5229357798165137,Intermediate,Intermediate
801381,sub-801381_ses-SLAP2-801381-2025-06-05-14-57-42,fluorescence,False,2,83,1630,2837.237661395793,0.5745024543337386,0.0030674846625766,0.1974554404377937,2.2509619363590385,ok,3.709052085876465,0.3699386503067484,3.821853191534759,0.1676942046855733,0.375462392108508,0.4568434032059186,Low SNR,Low SNR
801381,sub-801381_ses-SLAP2-801381-2025-06-05-14-57-42,fluorescence,False,2,84,2917,2837.237661395793,1.0281126744119728,0.0,0.3232218813747167,2.930197399014005,ok,4.5548906326293945,0.6273568735001714,4.853637610208924,0.1410344827586206,0.2189655172413793,0.64,High SNR,Intermediate
801381,sub-801381_ses-SLAP2-801381-2025-06-05-14-57-42,fluorescence,False,2,85,1569,2837.237661395793,0.5530026692329054,0.0031867431485022,0.2451871094852686,2.283796433399269,ok,3.745611906051636,0.4117272147864882,4.226267338272392,0.1172325432415118,0.3324791800128123,0.5502882767456758,Intermediate,Intermediate
801381,sub-801381_ses-SLAP2-801381-2025-06-05-14-57-42,fluorescence,False,2,86,1903,2837.237661395793,0.6707228040473034,0.0,0.2434275553822517,2.428207025134903,ok,4.262012481689453,0.5533368365738308,4.6496046685723735,0.1158117398202009,0.257006874669487,0.627181385510312,High SNR,Intermediate
801381,sub-801381_ses-SLAP2-801381-2025-06-05-14-57-42,fluorescence,False,2,87,1359,2837.237661395793,0.4789870156070864,0.002943340691685,0.2661785932481288,2.2241592871265263,ok,3.67616868019104,0.376747608535688,4.010643035912447,0.1335793357933579,0.3638376383763838,0.5025830258302583,Intermediate,Intermediate
801381,sub-801381_ses-SLAP2-801381-2025-06-05-14-57-42,fluorescence,False,2,88,1397,2836.5676619480428,0.4924966249670193,0.0007158196134574,0.2007864313334226,2.2211960269599493,ok,3.7727363109588623,0.4216177523264137,4.088155434276286,0.1495664739884393,0.328757225433526,0.5216763005780347,Intermediate,Intermediate
801381,sub-801381_ses-SLAP2-801381-2025-06-05-14-57-42,fluorescence,False,2,89,1565,2835.5926627516897,0.5519128401472542,0.0006389776357827,0.2755722858220338,2.292155792610519,ok,3.755645751953125,0.4,3.94707024020052,0.138996138996139,0.3732303732303732,0.4877734877734878,Intermediate,Low SNR
801381,sub-801381_ses-SLAP2-801381-2025-09-26-14-17-56,fluorescence,False,1,0,3063,2960.2616501545817,1.0347058341414022,0.0003264773098269,0.3385212424099445,2.9719537663592104,ok,4.449244499206543,0.6069213189683317,4.872211430920888,0.1209941137998692,0.2285807717462393,0.6504251144538914,High SNR,Intermediate
801381,sub-801381_ses-SLAP2-801381-2025-09-26-14-17-56,fluorescence,False,1,1,2319,2960.2616501545817,0.783376699109994,0.0,0.3271253321349621,2.5366089687948428,ok,3.999229431152344,0.4997843898231996,4.181973151007455,0.1584415584415584,0.3034632034632035,0.5380952380952381,Low SNR,Intermediate
801381,sub-801381_ses-SLAP2-801381-2025-09-26-14-17-56,fluorescence,False,1,2,4009,2960.211660343324,1.354295050488058,0.0,0.2473907883435487,3.9386630623074375,ok,5.109634399414063,0.7116487902220004,4.757086015551705,0.1936936936936936,0.2072072072072072,0.5990990990990991,High SNR,Intermediate
801381,sub-801381_ses-SLAP2-801381-2025-09-26-14-17-56,fluorescence,False,1,3,4237,2956.752365404333,1.4329911593460731,0.0004720320981826,0.3209794965237379,4.931758865369963,ok,6.106302738189697,0.7715364644795846,4.051965686900147,0.2631952662721893,0.2302958579881656,0.506508875739645,Low SNR,Low SNR
801381,sub-801381_ses-SLAP2-801381-2025-09-26-14-17-56,fluorescence,False,1,4,2178,2960.2616501545817,0.7357457743258158,0.0018365472910927,0.1370892030715942,2.4550685788724924,ok,4.006221771240234,0.5013774104683195,3.70664131802433,0.2002762430939226,0.3641804788213628,0.4355432780847145,Low SNR,Low SNR
801381,sub-801381_ses-SLAP2-801381-2025-09-26-14-17-56,fluorescence,False,1,5,1876,2960.2616501545817,0.6337277652136044,0.0010660980810234,0.3176142623126506,2.4713590100295946,ok,4.070465087890625,0.5181236673773987,4.493320699468841,0.1266025641025641,0.2889957264957264,0.5844017094017094,Intermediate,Intermediate
801381,sub-801381_ses-SLAP2-801381-2025-09-26-14-17-56,fluorescence,False,1,6,2742,2960.2616501545817,0.9262694734625284,0.0010940919037199,0.2299458958089351,2.766205858671086,ok,4.261155128479004,0.5762217359591539,4.226149463309073,0.1672155140870838,0.2923527259421881,0.5404317599707281,Low SNR,Intermediate
801381,sub-801381_ses-SLAP2-801381-2025-09-26-14-17-56,fluorescence,False,1,7,3152,2960.2616501545817,1.064770744111557,0.0003172588832487,0.2289763018548488,2.962708652819685,ok,4.2834320068359375,0.583756345177665,4.612432258063479,0.1397644062400509,0.248010187838268,0.612225405921681,High SNR,Intermediate
801381,sub-801381_ses-SLAP2-801381-2025-09-26-14-17-56,fluorescence,False,1,8,3124,2960.2616501545817,1.05531212075016,0.0003201024327784,0.2936555179417133,3.143098449630075,ok,4.948608875274658,0.6802176696542894,5.43156701477214,0.1211439588688946,0.1870179948586118,0.6918380462724936,High SNR,High SNR
801381,sub-801381_ses-SLAP2-801381-2025-09-26-14-17-56,fluorescence,False,1,9,2658,2960.2616501545817,0.8978936033783372,0.0,0.176312534943223,2.649094279027409,ok,4.038087844848633,0.5112866817155757,4.30137761331961,0.1436110064078402,0.3026762156049755,0.5537127779871843,Intermediate,Intermediate
801381,sub-801381_ses-SLAP2-801381-2025-09-26-14-17-56,fluorescence,False,1,10,2213,2959.6567734383707,0.7477218371605485,0.0,0.5495380520224571,2.5999171658666342,ok,3.792324066162109,0.4256665160415725,4.377842074743783,0.1169537624660018,0.2969174977334542,0.5861287398005439,Intermediate,Intermediate
801381,sub-801381_ses-SLAP2-801381-2025-09-26-14-17-56,fluorescence,False,1,11,2879,2960.0067021171703,0.9726329328716622,0.0,0.2591425198048353,2.781957422859762,ok,4.092040061950684,0.5296978117401876,4.31440233147014,0.1395673412421493,0.2937892533147243,0.5666434054431263,Intermediate,Intermediate
801381,sub-801381_ses-SLAP2-801381-2025-09-26-14-17-56,fluorescence,False,1,12,3028,2960.241654230079,1.0228894643358244,0.0,0.2552277577042579,2.9279257468677096,ok,4.262396812438965,0.5743064729194187,4.111271338326327,0.1958250497017892,0.2866136514247846,0.5175612988734261,Low SNR,Low SNR
801381,sub-801381_ses-SLAP2-801381-2025-09-26-14-17-56,fluorescence,False,1,13,2725,2956.8923368758533,0.9215756576646742,0.0,0.3726569233953952,2.7370155987079974,ok,3.885319709777832,0.4557798165137615,4.581376920012784,0.1064456721915285,0.2736648250460405,0.6198895027624309,Intermediate,Intermediate
801381,sub-801381_ses-SLAP2-801381-2025-09-26-14-17-56,fluorescence,False,1,14,2220,2960.2616501545817,0.7499337093679115,0.0004504504504504,0.1944695116996765,2.475343651532755,ok,3.839050769805908,0.440990990990991,4.024773210031189,0.1449864498644986,0.3500451671183378,0.5049683830171635,Low SNR,Intermediate
801381,sub-801381_ses-SLAP2-801381-2025-09-26-14-17-56,fluorescence,False,1,15,2257,2960.2616501545817,0.7624326045240433,0.000886132033673,0.2573455631643533,2.578441435553522,ok,4.307826995849609,0.5790872840053168,4.5833961875409415,0.1446372941700044,0.2523364485981308,0.6030262572318648,High SNR,Intermediate
801381,sub-801381_ses-SLAP2-801381-2025-09-26-14-17-56,fluorescence,False,1,16,2896,2960.2466532112044,0.9782968580873114,0.0010359116022099,0.2552766041368245,2.7992060189168138,ok,4.18519401550293,0.5642265193370166,3.956309991846029,0.2086081221797986,0.3016313779937521,0.4897604998264491,Low SNR,Low SNR
801381,sub-801381_ses-SLAP2-801381-2025-09-26-14-17-56,fluorescence,False,1,17,3020,2960.121678683062,1.0202283310676532,0.0,0.2328557822942733,2.819315426732838,ok,4.015321731567383,0.5046357615894039,4.183347109525283,0.1616329239960172,0.3006969797543976,0.5376700962495852,Low SNR,Intermediate
801381,sub-801381_ses-SLAP2-801381-2025-09-26-14-17-56,fluorescence,False,1,18,2149,2960.2616501545817,0.725949342987226,0.0,0.2395184268593788,2.4485632555075565,ok,3.859312057495117,0.454164727780363,4.329306494178328,0.1111111111111111,0.3239962651727358,0.5648926237161531,Intermediate,Intermediate
801381,sub-801381_ses-SLAP2-801381-2025-09-26-14-17-56,fluorescence,False,1,19,2485,2960.2466532112044,0.8394570760866604,0.0,0.2457355327516794,2.6460647287659507,ok,4.331104278564453,0.579476861167002,4.626363100269598,0.1377777777777777,0.2537373737373737,0.6084848484848485,High SNR,Intermediate
801381,sub-801381_ses-SLAP2-801381-2025-09-26-14-17-56,fluorescence,False,1,20,3111,2959.6967652873764,1.0511211947410202,0.0,0.4182190906226635,2.9795767343107995,ok,4.318085193634033,0.5776277724204436,4.769426195489142,0.1169458762886598,0.2348582474226804,0.6481958762886598,High SNR,Intermediate
801381,sub-801381_ses-SLAP2-801381-2025-09-26-14-17-56,fluorescence,False,1,21,2487,2959.4118233632107,0.8403696911549335,0.0,0.6187980074644088,2.721377865595916,ok,3.826874017715454,0.4346602332127061,4.6060510250971225,0.0857833266210229,0.2637937978252114,0.6504228755537657,High SNR,High SNR
801381,sub-801381_ses-SLAP2-801381-2025-09-26-14-17-56,fluorescence,False,1,22,2143,2960.2616501545817,0.7239224951240695,0.0009332711152589,0.2527048869609832,2.460717658809641,ok,3.905013084411621,0.4675688287447503,3.949902783435266,0.1683816651075771,0.3405051449953227,0.4911131898971,Low SNR,Low SNR
801381,sub-801381_ses-SLAP2-801381-2025-09-26-14-17-56,fluorescence,False,1,23,2367,2954.667790274913,0.8011052910214876,0.0,0.5135221700012683,2.727750893878849,ok,4.188690185546875,0.5433037600337981,5.030294585646024,0.0958845990666101,0.2223165040305473,0.6817988969028426,High SNR,High SNR
801381,sub-801381_ses-SLAP2-801381-2025-09-26-14-17-56,fluorescence,False,1,24,1857,2960.2616501545817,0.6273094136469421,0.0010770059235325,0.3110076442301273,2.382337188007022,ok,3.9058022499084473,0.468497576736672,4.241795017492154,0.1429344883595019,0.3118570655116405,0.5452084461288577,Intermediate,Intermediate
801381,sub-801381_ses-SLAP2-801381-2025-09-26-14-17-56,fluorescence,False,1,25,1815,2960.101682758559,0.6131546124147251,0.0005509641873278,0.2795551147967577,2.3578464053919284,ok,3.900956153869629,0.4650137741046832,4.2995377248426,0.1209944751381215,0.3160220994475138,0.5629834254143646,Intermediate,Intermediate
801381,sub-801381_ses-SLAP2-801381-2025-09-26-14-17-56,fluorescence,False,1,26,2263,2960.2616501545817,0.7644594523871998,0.0004418912947414,0.3213065975099802,2.554435746490799,ok,3.8800554275512695,0.4626601855943438,4.08088465172737,0.1528577758085954,0.3296411165263624,0.5175011076650421,Low SNR,Intermediate
801381,sub-801381_ses-SLAP2-801381-2025-09-26-14-17-56,fluorescence,False,1,27,2606,2958.132084195029,0.8809613383809223,0.0,0.2789834723532199,2.6993212604017884,ok,4.378566741943359,0.5886415963161934,4.572586330218357,0.1366961879091259,0.2641509433962264,0.5991528686946477,Intermediate,Intermediate
801381,sub-801381_ses-SLAP2-801381-2025-09-26-14-17-56,fluorescence,False,1,28,1641,2958.0071096668867,0.5547654008799187,0.0,0.2459292394548654,2.2876767970949743,ok,3.826247453689575,0.4460694698354662,4.092129273250838,0.158216249236408,0.3243738546120953,0.5174098961514967,Low SNR,Intermediate
801381,sub-801381_ses-SLAP2-801381-2025-09-26-14-17-56,fluorescence,False,1,29,2468,2953.737979785531,0.835551432418931,0.0,0.2284117289990186,2.560707452865977,ok,3.959822654724121,0.4817666126418152,3.924649752276682,0.1624695369618196,0.3501218521527213,0.487408610885459,Low SNR,Low SNR
801381,sub-801381_ses-SLAP2-801381-2025-09-26-14-17-56,fluorescence,False,1,30,2406,2960.201662381073,0.8127824636328004,0.0,0.2721260164618492,2.5792213367894217,ok,3.999509334564209,0.4995843724023275,4.551721567109123,0.097835137385512,0.2835137385512073,0.6186511240632806,Intermediate,Intermediate
801381,sub-801381_ses-SLAP2-801381-2025-09-26-14-17-56,fluorescence,False,1,31,2313,2959.7117622307533,0.7814950190476242,0.0004323389537397,0.2872765184909105,2.6534773975150974,ok,4.580089569091797,0.6022481625594466,5.226214482634371,0.1145833333333333,0.2183159722222222,0.6671006944444444,High SNR,High SNR
801381,sub-801381_ses-SLAP2-801381-2025-09-26-14-17-56,fluorescence,False,1,32,2520,2935.431710903184,0.8584767925753032,0.0011904761904761,0.2820710926920175,2.655730134673846,ok,4.321775436401367,0.5928571428571429,4.637762875957191,0.1237072394590294,0.269689737470167,0.6066030230708035,Intermediate,Intermediate
801381,sub-801381_ses-SLAP2-801381-2025-09-26-14-17-56,fluorescence,False,1,33,2282,2959.4418172499654,0.7710913546935442,0.0,0.4033329690814018,2.564911296719596,ok,4.011462211608887,0.5039439088518843,4.710430564870899,0.0997363796133567,0.2539543057996485,0.6463093145869947,High SNR,Intermediate
801381,sub-801381_ses-SLAP2-801381-2025-09-26-14-17-56,fluorescence,False,1,34,1693,2960.221658305576,0.5719166317325944,0.0,0.2807493890851736,2.2926264217169234,ok,3.670264720916748,0.3573538098050797,3.584956601346152,0.1785925487876996,0.4216439976345358,0.3997634535777646,Low SNR,Low SNR
801381,sub-801381_ses-SLAP2-801381-2025-09-26-14-17-56,fluorescence,False,1,35,1985,2959.9017235135307,0.6706303740530005,0.0005037783375314,0.2293167908728122,2.3869521134925744,ok,3.795331954956055,0.4327455919395466,4.287603107495191,0.1101010101010101,0.3323232323232323,0.5575757575757576,Intermediate,Intermediate
801381,sub-801381_ses-SLAP2-801381-2025-09-26-14-17-56,fluorescence,False,1,36,2146,2959.786746947639,0.7250522363522037,0.0,0.3529172647833824,2.473477208935099,ok,3.7754387855529785,0.4123951537744641,4.206928331640176,0.1290926099158091,0.3260056127221702,0.5449017773620206,Intermediate,Intermediate
801381,sub-801381_ses-SLAP2-801381-2025-09-26-14-17-56,fluorescence,False,1,37,1791,2959.856732683399,0.6050968549333412,0.0005583472920156,0.2603696455836295,2.3329557046014497,ok,3.774742126464844,0.4232272473478504,4.166733184300019,0.1151038742279618,0.3498034811903425,0.5350926445816957,Intermediate,Intermediate
801381,sub-801381_ses-SLAP2-801381-2025-09-26-14-17-56,fluorescence,False,1,38,2483,2957.7171687615955,0.8394987952954404,0.0,0.3979268553614616,2.629118252892919,ok,3.916209220886232,0.4748288360853805,4.245686793363376,0.1449919224555735,0.2996768982229402,0.5553311793214862,Intermediate,Intermediate
801381,sub-801381_ses-SLAP2-801381-2025-09-26-14-17-56,fluorescence,False,1,39,2119,2960.2616501545817,0.7158151036714434,0.0,0.347386770504713,2.463522273585016,ok,3.8678948879241934,0.4539877300613497,4.411257592697845,0.1113216485078162,0.300805305542397,0.5878730459497868,Intermediate,Intermediate
801381,sub-801381_ses-SLAP2-801381-2025-09-26-14-17-56,fluorescence,False,1,40,1603,2953.013127522303,0.5428353789083835,0.0,0.3020499022006988,2.284732041895762,ok,3.643894910812378,0.346849656893325,3.852438188881966,0.1603005635566687,0.382592360676268,0.4571070757670632,Low SNR,Low SNR
801381,sub-801381_ses-SLAP2-801381-2025-09-26-14-17-56,fluorescence,False,2,0,524,2207.9994898857194,0.2373188954074989,0.0458015267175572,0.0942403988376259,1.9009920192762355,ok,3.419489622116089,0.1889312977099236,3.2591693214903223,0.1888246628131021,0.5491329479768786,0.2620423892100192,Low SNR,Low SNR
801381,sub-801381_ses-SLAP2-801381-2025-09-26-14-17-56,fluorescence,False,2,1,3446,2205.784866522343,1.562255708750505,0.0,0.2899803044021129,5.854478368065438,ok,6.86733341217041,0.8218224027858386,6.630213069444093,0.1559953434225844,0.1216530849825378,0.7223515715948777,High SNR,High SNR
801381,sub-801381_ses-SLAP2-801381-2025-09-26-14-17-56,fluorescence,False,2,2,1015,2201.7655500795554,0.4609936784428866,0.005911330049261,0.1947864501535892,2.1727081346670136,ok,3.7945499420166016,0.4285714285714285,4.003878429341825,0.1470878578479763,0.349457058242843,0.5034550839091807,Low SNR,Intermediate
801381,sub-801381_ses-SLAP2-801381-2025-09-26-14-17-56,fluorescence,False,2,3,3115,2210.559054585604,1.4091457966428065,0.0,0.3039126722842454,3.597001030174804,ok,4.62579870223999,0.6558587479935795,4.511504753163842,0.1751612903225806,0.2425806451612903,0.582258064516129,High SNR,Intermediate
801381,sub-801381_ses-SLAP2-801381-2025-09-26-14-17-56,fluorescence,False,2,4,2747,2206.404761098096,1.24501181670441,0.0,0.294053889209032,3.566078511133452,ok,5.368117809295654,0.7236985802693848,5.896959275380745,0.1098941219423147,0.153705732018985,0.7364001460387003,High SNR,High SNR
801381,sub-801381_ses-SLAP2-801381-2025-09-26-14-17-56,fluorescence,False,2,5,1513,2207.049651422872,0.6855305674816051,0.0006609385327164,0.213467172896862,2.3890860139096746,ok,3.9695911407470703,0.4937210839391937,4.371660007074393,0.1160477453580901,0.3169761273209549,0.5669761273209549,Intermediate,Intermediate
801381,sub-801381_ses-SLAP2-801381-2025-09-26-14-17-56,fluorescence,False,2,6,1811,2210.8240095252404,0.8191515888181892,0.0,0.4715996474504471,2.652214157535361,ok,4.097359657287598,0.5240198785201546,4.779807720425817,0.0996126175982291,0.2440509131156613,0.6563364692861096,High SNR,High SNR
801381,sub-801381_ses-SLAP2-801381-2025-09-26-14-17-56,fluorescence,False,2,7,1268,2210.559054585604,0.5736105522128664,0.001577287066246,0.2129852258473634,2.2861215035663207,ok,3.839128255844116,0.444794952681388,4.148569549867257,0.1437598736176935,0.3341232227488152,0.5221169036334913,Low SNR,Intermediate
801381,sub-801381_ses-SLAP2-801381-2025-09-26-14-17-56,fluorescence,False,2,8,1903,2199.17099133104,0.8653260740076499,0.0,0.5325846504807472,2.8986636371838266,ok,4.290575981140137,0.558066211245402,5.19155660754872,0.0818373812038014,0.203273495248152,0.7148891235480465,High SNR,High SNR
801381,sub-801381_ses-SLAP2-801381-2025-09-26-14-17-56,fluorescence,False,2,9,1318,2194.436796466214,0.6006096881543483,0.0030349013657056,0.2263736552327871,2.288392899896605,ok,3.807749032974243,0.421092564491654,3.6170568487374943,0.1867378048780487,0.3849085365853658,0.4283536585365853,Low SNR,Low SNR
801381,sub-801381_ses-SLAP2-801381-2025-09-26-14-17-56,fluorescence,False,2,10,895,2210.6940316303244,0.4048502358057947,0.0022346368715083,0.2191144479274749,2.140024440856468,ok,3.622809171676636,0.3351955307262569,3.911324776595353,0.1284916201117318,0.4011173184357542,0.4703910614525139,Low SNR,Low SNR
801381,sub-801381_ses-SLAP2-801381-2025-09-26-14-17-56,fluorescence,False,2,11,1888,2208.559394663819,0.854855886856231,0.0,0.2464601875841617,2.6190155174266083,ok,4.095322608947754,0.5296610169491526,4.544157825085485,0.129973474801061,0.2710875331564987,0.5989389920424403,Intermediate,Intermediate
801381,sub-801381_ses-SLAP2-801381-2025-09-26-14-17-56,fluorescence,False,2,12,1012,2210.3290936945987,0.4578503729996272,0.0029644268774703,0.2097394676685333,2.164315961841255,ok,3.675796508789064,0.3824110671936759,3.7114011563506857,0.1790306627101879,0.3857566765578635,0.4352126607319486,Low SNR,Low SNR
801381,sub-801381_ses-SLAP2-801381-2025-09-26-14-17-56,fluorescence,False,2,13,1014,2209.509233126667,0.4589254413592529,0.0019723865877712,0.2133026724278926,2.1750828128336366,ok,3.7136263847351074,0.3806706114398422,3.803381596817376,0.1425742574257425,0.4158415841584158,0.4415841584158416,Low SNR,Low SNR
801381,sub-801381_ses-SLAP2-801381-2025-09-26-14-17-56,fluorescence,False,2,14,2014,2207.8795102904123,0.9121874588777218,0.0,0.2493861794739961,2.6559609450839714,ok,3.987037181854248,0.4965243296921549,4.324854424927857,0.1328358208955224,0.2925373134328358,0.5746268656716418,Intermediate,Intermediate
801381,sub-801381_ses-SLAP2-801381-2025-09-26-14-17-56,fluorescence,False,2,15,1237,2207.719537496669,0.5603066779952642,0.0016168148746968,0.2249891648501157,2.2400606887627235,ok,3.6193578243255615,0.3371059013742926,3.841834699507389,0.1376518218623481,0.3959514170040485,0.4663967611336032,Low SNR,Low SNR
801381,sub-801381_ses-SLAP2-801381-2025-09-26-14-17-56,fluorescence,False,2,16,1173,2210.604046933844,0.5306241982262615,0.0,0.2193014164298772,2.247858908380504,ok,3.701833486557007,0.3793691389599318,3.817251537411706,0.1493174061433447,0.4044368600682594,0.4462457337883959,Low SNR,Low SNR
801381,sub-801381_ses-SLAP2-801381-2025-09-26-14-17-56,fluorescence,False,2,17,2823,2207.5145723546866,1.2788137552309766,0.0,0.3640843634337186,3.747899537172947,ok,5.163917541503906,0.7077577045696068,5.33310358552399,0.1554293825408091,0.1792051100070972,0.6653655074520937,High SNR,Intermediate
801381,sub-801381_ses-SLAP2-801381-2025-09-26-14-17-56,fluorescence,False,2,18,1389,2210.5540554357995,0.6283492577729187,0.0007199424046076,0.2538978798866272,2.324144861815312,ok,3.6901371479034415,0.3801295896328294,3.7252969907380495,0.1591072714182865,0.4017278617710583,0.4391648668106551,Low SNR,Low SNR
801381,sub-801381_ses-SLAP2-801381-2025-09-26-14-17-56,fluorescence,False,2,19,2009,2202.075497367432,0.912321127228266,0.0,0.2891576253175735,2.7479202043120843,ok,4.178583145141602,0.5480338476854156,4.317675875483051,0.1667498751872191,0.2720918622066899,0.5611582626060909,Intermediate,Intermediate
801381,sub-801381_ses-SLAP2-801381-2025-09-26-14-17-56,fluorescence,False,2,20,1103,2209.919163410633,0.4991132790113951,0.0027198549410698,0.18067220608145,2.20834520700734,ok,3.7112746238708496,0.3980054397098821,4.149227032673329,0.1087941976427923,0.3689936536718041,0.5222121486854034,Intermediate,Intermediate
801381,sub-801381_ses-SLAP2-801381-2025-09-26-14-17-56,fluorescence,False,2,21,1661,2210.5740520350173,0.7513885356932112,0.0,0.3037518833488226,2.59906458294376,ok,4.306360244750977,0.571944611679711,5.190145627000612,0.078963230861965,0.2163954189270645,0.7046413502109705,High SNR,High SNR
801381,sub-801381_ses-SLAP2-801381-2025-09-26-14-17-56,fluorescence,False,2,22,1761,2207.564563852731,0.797711663266886,0.0,0.219729457873106,2.5988863201818666,ok,4.125941276550293,0.532084043157297,4.356634757704812,0.1337507114399544,0.2970973249857712,0.5691519635742743,Intermediate,Intermediate
801381,sub-801381_ses-SLAP2-801381-2025-09-26-14-17-56,fluorescence,False,2,23,2056,2206.954667576587,0.9316004674702508,0.0004863813229571,0.2828463834464549,2.753698940179909,ok,4.376410484313965,0.6065175097276264,4.501997120503612,0.1506582155046318,0.2627986348122867,0.5865431496830814,Intermediate,Intermediate
801381,sub-801381_ses-SLAP2-801381-2025-09-26-14-17-56,fluorescence,False,2,24,1449,2205.744873323907,0.6569209420019895,0.0,0.2710203771293163,2.374114295869844,ok,3.776777744293213,0.4113181504485852,4.011201833097811,0.1284530386740331,0.3687845303867403,0.5027624309392266,Low SNR,Intermediate
801381,sub-801381_ses-SLAP2-801381-2025-09-26-14-17-56,fluorescence,False,2,25,2278,2210.334092844403,1.0306134296053495,0.0,0.2870076090484857,3.055295252661399,ok,4.810399055480957,0.660667251975417,5.126906086362268,0.1310466138962181,0.1996481970096746,0.6693051890941073,High SNR,High SNR
801381,sub-801381_ses-SLAP2-801381-2025-09-26-14-17-56,fluorescence,False,2,26,2230,2198.4661112086105,1.0143435864808732,0.0,0.3108282976269721,2.928813683037049,ok,4.38985538482666,0.5923766816143498,4.5007826334453895,0.1706438541197658,0.2417829806393516,0.5875731652408824,High SNR,Intermediate
801381,sub-801381_ses-SLAP2-801381-2025-09-26-14-17-56,fluorescence,False,2,27,1358,2210.45407243971,0.614353411333788,0.0,0.2653176058351993,2.332372818168254,ok,3.8274412155151367,0.4344624447717231,4.314456175039058,0.1061946902654867,0.3281710914454277,0.5656342182890856,Intermediate,Intermediate
801381,sub-801381_ses-SLAP2-801381-2025-09-26-14-17-56,fluorescence,False,2,28,1207,2210.3040979455764,0.5460787052432636,0.0,0.2196644618511199,2.2605443201698465,ok,3.6894850730896,0.3769676884838442,4.135845957748231,0.1135986733001658,0.3499170812603648,0.5364842454394693,Intermediate,Intermediate
801381,sub-801381_ses-SLAP2-801381-2025-09-26-14-17-56,fluorescence,False,2,29,1284,2210.309097095381,0.580914226742013,0.0007788161993769,0.2373812242180109,2.285236384273845,ok,3.7536468505859375,0.4080996884735202,3.749413504685221,0.15234375,0.41015625,0.4375,Low SNR,Low SNR
801381,sub-801381_ses-SLAP2-801381-2025-09-26-14-17-56,fluorescence,False,2,30,1159,2208.104472031613,0.5248845852540833,0.0,0.236610970544815,2.2452071782560554,ok,3.695526838302612,0.3856773080241588,3.938687916843881,0.1416234887737478,0.3739205526770293,0.4844559585492228,Low SNR,Low SNR
801381,sub-801381_ses-SLAP2-801381-2025-09-26-14-17-56,fluorescence,False,2,31,1524,2207.89950688963,0.6902488067253246,0.0,0.3154890779703855,2.478203193331085,ok,3.934345245361328,0.4809711286089239,4.4196082473632,0.1202365308804205,0.2851511169513798,0.5946123521681997,Intermediate,Intermediate
801381,sub-801381_ses-SLAP2-801381-2025-09-26-14-17-56,fluorescence,False,2,32,1770,2210.289100496163,0.8008002209315843,0.0,0.3438195007324218,2.5990050637061977,ok,4.02205228805542,0.5050847457627119,4.616432555231155,0.1081540203850509,0.268969422423556,0.622876557191393,High SNR,Intermediate
801381,sub-801381_ses-SLAP2-801381-2025-09-26-14-17-56,fluorescence,False,2,33,970,2210.5740520350173,0.4388000479364327,0.0010309278350515,0.2771750276327133,2.170653781391303,ok,3.5630669593811035,0.2979381443298969,3.882035988103824,0.1238390092879257,0.4127966976264189,0.4633642930856553,Low SNR,Low SNR
801381,sub-801381_ses-SLAP2-801381-2025-09-26-14-17-56,fluorescence,False,2,34,2199,2200.7907158676853,0.9991863306879776,0.0,0.2653465027749538,2.8997420205744184,ok,4.369030475616455,0.5943610732150978,4.747136634302009,0.1248860528714676,0.2411121239744758,0.6340018231540565,High SNR,Intermediate
801381,sub-801381_ses-SLAP2-801381-2025-09-26-14-17-56,fluorescence,False,2,35,1762,2209.769188916499,0.7973683445482148,0.0,0.2731297211766242,2.58326707967948,ok,4.121376991271973,0.5431328036322361,4.238045365544169,0.1553784860557769,0.2914058053500284,0.5532157085941947,Intermediate,Intermediate
801381,sub-801381_ses-SLAP2-801381-2025-09-26-14-17-56,fluorescence,False,2,36,1100,2210.7140282295422,0.4975767946254625,0.0018181818181818,0.2557264729321002,2.2182446438877266,ok,3.725609302520752,0.3809090909090909,3.94331756369516,0.1231751824817518,0.3850364963503649,0.4917883211678832,Low SNR,Intermediate
801381,sub-801381_ses-SLAP2-801381-2025-09-26-14-17-56,fluorescence,False,2,37,1529,2210.374086042839,0.6917381133151626,0.000654022236756,0.2479194609493017,2.3881202090883566,ok,3.836938142776489,0.4375408763897973,3.92478301867158,0.16633922724296,0.3516699410609037,0.4819908316961362,Low SNR,Low SNR
801381,sub-801381_ses-SLAP2-801381-2025-09-26-14-17-56,fluorescence,False,2,38,1034,2208.484407416752,0.4681943854923848,0.0,0.262715202230215,2.239448929379176,ok,3.701314449310303,0.379110251450677,4.079729525203639,0.1218323586744639,0.3625730994152046,0.5155945419103314,Intermediate,Intermediate
801381,sub-801381_ses-SLAP2-801381-2025-09-26-14-17-56,fluorescence,False,2,39,1725,2209.0293147454386,0.7808859703605986,0.0,0.2566269174814224,2.558525618315523,ok,4.0416460037231445,0.5118840579710144,4.205596593539443,0.139697322467986,0.3073341094295693,0.5529685681024447,Intermediate,Intermediate
801381,sub-801381_ses-SLAP2-801381-2025-09-26-14-17-56,fluorescence,False,2,40,1268,2205.809862271365,0.5748455574925737,0.0,0.2787406541079282,2.310658347280156,ok,3.7603893280029297,0.4045741324921135,3.8940557087144976,0.1523809523809524,0.3698412698412698,0.4777777777777778,Low SNR,Low SNR
801381,sub-801381_ses-SLAP2-801381-2025-09-26-14-17-56,fluorescence,False,2,41,1316,2210.9439891205475,0.5952208678626312,0.0,0.500456732404232,2.4257840036489533,ok,3.584836006164551,0.3153495440729483,4.299208696039132,0.0974866717440974,0.3236862147753236,0.5788271134805788,Intermediate,Intermediate
801381,sub-801381_ses-SLAP2-801381-2025-09-26-14-17-56,fluorescence,False,2,42,1652,2202.075497367432,0.7502013450378773,0.0,0.2347795938491821,2.488416133830177,ok,3.993288040161133,0.49818401937046,4.028173174048503,0.1616038882138517,0.3341433778857837,0.5042527339003645,Low SNR,Low SNR
801381,sub-801381_ses-SLAP2-801381-2025-09-26-14-17-56,fluorescence,False,2,43,1740,2188.237850708681,0.7951603613092081,0.0,0.2273198311775922,2.573973223219463,ok,3.920351982116699,0.4718390804597701,4.030485093788958,0.1581986143187067,0.336027713625866,0.5057736720554272,Low SNR,Low SNR
801381,sub-801381_ses-SLAP2-801381-2025-09-26-14-17-56,fluorescence,False,2,44,1877,2210.559054585604,0.8491064720059543,0.0,0.3019313098669052,2.601420613526605,ok,3.907961130142212,0.4645711241342568,4.347338976524296,0.1270688734650293,0.2989855846235985,0.5739455419113721,Intermediate,Intermediate
801381,sub-801381_ses-SLAP2-801381-2025-09-26-14-17-56,fluorescence,False,2,45,1748,2200.9956810096683,0.7941860200280518,0.0,0.3304844246417284,2.5702517864834187,ok,4.083494186401367,0.5240274599542334,4.526775452607215,0.1101549053356282,0.2713711990820424,0.6184738955823293,Intermediate,Intermediate
801381,sub-801381_ses-SLAP2-801381-2025-09-26-14-17-56,fluorescence,False,2,46,1604,2205.429926886226,0.7272958349053669,0.0,0.312178235399723,2.4721230119246327,ok,3.841610908508301,0.4407730673316708,4.217601764582766,0.1236727045596502,0.325421611492817,0.5509056839475328,Intermediate,Intermediate
801381,sub-801381_ses-SLAP2-801381-2025-09-26-14-17-56,fluorescence,False,2,47,1570,2190.767420509739,0.7166438505985718,0.0,0.3058547543048858,2.436921016837486,ok,3.79996395111084,0.4318471337579618,4.116219726256955,0.129073482428115,0.3424920127795527,0.5284345047923322,Intermediate,Intermediate
801381,sub-801381_ses-SLAP2-801381-2025-09-26-14-17-56,fluorescence,False,2,48,1868,2200.725726920228,0.8488109068521431,0.0,0.3071042818397283,2.701589006122455,ok,4.408761024475098,0.6059957173447538,4.458402531533027,0.1472326706072004,0.2713594841483073,0.5814078452444922,Intermediate,Intermediate
801381,sub-801381_ses-SLAP2-801381-2025-09-26-14-17-56,fluorescence,False,2,49,1609,2202.2754633596105,0.7306079674272181,0.0,0.2451253831475973,2.476443259841567,ok,3.989787817001343,0.4947172156619018,3.794478885868641,0.181023720349563,0.3558052434456928,0.4631710362047441,Low SNR,Low SNR
801381,sub-801381_ses-SLAP2-801381-2025-09-26-14-17-56,fluorescence,False,2,50,1449,2199.230981128693,0.6588666731387813,0.0,0.2560354139149189,2.424904145467834,ok,3.9524197578430176,0.4858523119392685,4.037927109311702,0.1428571428571428,0.3515950069348127,0.5055478502080444,Low SNR,Intermediate
801381,sub-801381_ses-SLAP2-801381-2025-09-26-14-17-56,fluorescence,False,2,51,1775,2210.789015476609,0.8028807758560984,0.0,0.3489609467625618,2.566456086627675,ok,3.9581878185272217,0.4861971830985915,4.354859717616266,0.1161217587373168,0.3100338218714769,0.5738444193912063,Intermediate,Intermediate
801381,sub-801381_ses-SLAP2-801381-2025-09-26-14-17-56,fluorescence,False,2,52,1707,2205.7598707733205,0.7738829700449399,0.0,0.3845099708855152,2.5061829899992127,ok,3.745295524597168,0.3983596953719976,4.031107184089385,0.1180270111567821,0.372284204345273,0.5096887844979449,Intermediate,Intermediate
801381,sub-801381_ses-SLAP2-801381-2025-09-26-14-17-56,fluorescence,False,2,53,1798,2210.5740520350173,0.8133633878244393,0.0,0.2971455745607614,2.6022673684969964,ok,4.185321807861328,0.5450500556173526,4.601890518570733,0.1275766016713092,0.2629526462395543,0.6094707520891365,High SNR,Intermediate
801381,sub-801381_ses-SLAP2-801381-2025-09-26-14-17-56,fluorescence,False,2,54,2162,2208.364427821445,0.9790050830210194,0.0,0.7062047108530998,3.0278104603611498,ok,3.9320497512817374,0.4777983348751156,5.212361199583068,0.0690134321445113,0.191755442334414,0.7392311255210746,High SNR,High SNR
801381,sub-801381_ses-SLAP2-801381-2025-09-26-14-17-56,fluorescence,False,2,55,1395,2206.959666726392,0.6320912978302043,0.0,0.28843281583786,2.3264873236255466,ok,3.8272438049316406,0.4379928315412186,4.0375651261273,0.1475881929445644,0.3441324694024478,0.5082793376529877,Low SNR,Intermediate
801381,sub-801381_ses-SLAP2-801381-2025-09-26-14-17-56,fluorescence,False,2,56,1704,2209.794184665521,0.7711125370066628,0.0,0.27693901386559,2.5143231992796755,ok,3.9207565784454346,0.4665492957746479,4.230746036050087,0.138905238375515,0.3101824602707475,0.5509123013537375,Intermediate,Intermediate
801381,sub-801381_ses-SLAP2-801381-2025-09-26-14-17-56,fluorescence,False,2,57,1568,2185.3733378707248,0.7174975427895307,0.0,0.5494897137165069,2.550046629945528,ok,3.679519653320313,0.3501275510204081,4.484835049724848,0.0807174887892376,0.2946828955797566,0.6245996156310057,Intermediate,Intermediate
801381,sub-801381_ses-SLAP2-801381-2025-09-26-14-17-56,fluorescence,False,2,58,1410,2209.2892705352706,0.6382142976045788,0.0,0.2631249732077121,2.3605395974144625,ok,3.91606879234314,0.4680851063829787,4.101461433992117,0.169623846699787,0.3094393186657204,0.5209368346344926,Low SNR,Low SNR
801381,sub-801381_ses-SLAP2-801381-2025-09-26-14-17-56,fluorescence,False,2,59,1768,2208.564393813624,0.8005200142465024,0.0005656108597285,0.2811570170938968,2.597047419902351,ok,4.26371955871582,0.5695701357466063,4.509853224293123,0.1338627339761769,0.2682926829268293,0.5978445830969937,Intermediate,Intermediate
801381,sub-801381_ses-SLAP2-801381-2025-09-26-14-17-56,fluorescence,False,2,60,1431,2207.799523893541,0.6481566756914484,0.0027952480782669,0.2497794473826885,2.34916865401736,ok,3.8433895111083984,0.4423480083857442,3.903588840806517,0.1531468531468531,0.3741258741258741,0.4727272727272727,Low SNR,Low SNR
801381,sub-801381_ses-SLAP2-801381-2025-09-26-14-17-56,fluorescence,False,2,61,1256,2207.779527294323,0.5688973851203578,0.000796178343949,0.2571893473684787,2.300332778378152,ok,3.72284460067749,0.3909235668789809,3.781597418872949,0.1502797761790567,0.4116706634692246,0.4380495603517186,Low SNR,Low SNR
801381,sub-801381_ses-SLAP2-801381-2025-09-26-14-17-56,fluorescence,False,2,62,1341,2208.1194694810265,0.6073040967820345,0.0,0.3491955245196819,2.384648564065402,ok,3.762256860733032,0.4146159582401193,4.259536669152623,0.1234106207928197,0.3118922961854899,0.5646970830216903,Intermediate,Intermediate
801381,sub-801381_ses-SLAP2-801381-2025-09-26-14-17-56,fluorescence,False,2,63,1563,2200.1108314942785,0.7104187560125944,0.000639795265515,0.2686642161011696,2.454970566164806,ok,3.790929794311523,0.4088291746641075,4.233050738959928,0.1289288005131494,0.3168697883258499,0.5542014111610006,Intermediate,Intermediate
801381,sub-801381_ses-SLAP2-801381-2025-09-26-14-17-56,fluorescence,False,2,64,1587,2205.9448393160856,0.7194196208877197,0.0,0.3191295400679111,2.505785277734423,ok,4.051915168762207,0.5148078134845621,4.54124283611201,0.1201771030993042,0.2795698924731182,0.6002530044275775,Intermediate,Intermediate
801381,sub-801381_ses-SLAP2-801381-2025-09-26-14-17-56,fluorescence,False,2,65,1174,2209.0593096442653,0.5314479311961319,0.0,0.2462175902634858,2.246562105084143,ok,3.707406997680664,0.3722316865417376,3.797708788676905,0.1454234388366125,0.4003421727972626,0.4542343883661249,Low SNR,Low SNR
801381,sub-801381_ses-SLAP2-801381-2025-09-26-14-17-56,fluorescence,False,2,66,1401,2210.4790681887325,0.633799261057007,0.0,0.2971654135912656,2.394952021088232,ok,3.8951454162597656,0.4610992148465382,4.066473467581231,0.1418338108882521,0.3445558739255014,0.5136103151862464,Low SNR,Intermediate
801381,sub-801381_ses-SLAP2-801381-2025-09-26-14-17-56,fluorescence,False,2,67,1566,2205.319945590528,0.7101010459417332,0.0,0.2409923033416271,2.40618485312264,ok,3.851299524307251,0.4476372924648786,4.028084401890621,0.1386581469648562,0.3546325878594249,0.5067092651757189,Low SNR,Intermediate
801381,sub-801381_ses-SLAP2-801381-2025-09-26-14-17-56,fluorescence,False,2,68,1494,2194.971705495292,0.6806465870423972,0.000669344042838,0.319244597607851,2.414168675475626,ok,3.793948888778688,0.4116465863453815,4.156689720464082,0.1279461279461279,0.338047138047138,0.534006734006734,Intermediate,Intermediate
801381,sub-801381_ses-SLAP2-801381-2025-09-26-14-17-56,fluorescence,False,2,69,1498,2201.395612994025,0.680477416761376,0.0,0.2717988712906837,2.417275442231949,ok,3.9215917587280273,0.4732977303070761,4.204407392919423,0.1149732620320855,0.3368983957219251,0.5481283422459893,Intermediate,Intermediate
801381,sub-801381_ses-SLAP2-801381-2025-09-26-14-17-56,fluorescence,False,2,70,1517,2208.274443124965,0.686961715615958,0.000659195781147,0.3125217510849237,2.409251834761799,ok,3.81239652633667,0.4238628872775214,4.287065611392282,0.1025132275132275,0.3386243386243386,0.5588624338624338,Intermediate,Intermediate
801381,sub-801381_ses-SLAP2-801381-2025-09-26-14-17-56,fluorescence,False,2,71,1340,2201.3256248967627,0.6087241182516299,0.0,0.3096528461158275,2.367599659998004,ok,3.8816475868225098,0.4626865671641791,4.403016717833159,0.0864012021036814,0.3200601051840721,0.5935386927122465,Intermediate,Intermediate
801381,sub-801381_ses-SLAP2-801381-2025-10-02-15-23-18,fluorescence,False,1,0,6145,3235.2882910523385,1.899367057023912,0.0,0.3312766824066638,6.317523811340674,ok,6.591127872467041,0.8403580146460538,6.607918275515089,0.1415972562469377,0.1090968479503511,0.7493058958027111,High SNR,High SNR
801381,sub-801381_ses-SLAP2-801381-2025-10-02-15-23-18,fluorescence,False,1,1,4317,3230.7892112427817,1.3362060220386176,0.0006949270326615,0.2594920004546642,4.624835104515512,ok,6.485024452209473,0.7861941162844568,6.731266323984122,0.1325581395348837,0.127906976744186,0.7395348837209302,High SNR,High SNR
801381,sub-801381_ses-SLAP2-801381-2025-10-02-15-23-18,fluorescence,False,1,2,4213,3235.5732327736105,1.302087666360287,0.0,0.2537582113444805,3.5738087192785564,ok,4.396190166473389,0.6114407785426063,4.606817120695253,0.1666269935729588,0.2366103308736015,0.5967626755534396,Intermediate,Intermediate
801381,sub-801381_ses-SLAP2-801381-2025-10-02-15-23-18,fluorescence,False,1,3,6056,3235.5732327736105,1.8716930708468784,0.0,0.3868012684464454,5.051202911093975,ok,5.349495887756348,0.7590819022457067,5.203289365077929,0.1835484938761999,0.1666666666666666,0.6497848394571334,High SNR,Intermediate
801381,sub-801381_ses-SLAP2-801381-2025-10-02-15-23-18,fluorescence,False,1,4,6121,3235.5732327736105,1.8917822468054395,0.0,0.3357982802420854,4.734116207330578,ok,5.253090858459473,0.7596797908838425,5.922338605380612,0.1249795249795249,0.14004914004914,0.7349713349713349,High SNR,High SNR
801381,sub-801381_ses-SLAP2-801381-2025-10-02-15-23-18,fluorescence,False,1,5,3694,3235.5732327736105,1.1416833229373131,0.0,0.2888790172845125,3.328530752489669,ok,4.726354598999023,0.6551164049810504,4.838544821572759,0.1635425156207552,0.2042923118717739,0.6321651725074708,High SNR,Intermediate
801381,sub-801381_ses-SLAP2-801381-2025-10-02-15-23-18,fluorescence,False,1,6,3851,3235.3082869626032,1.1903038778463444,0.0,0.353026092249155,4.22407362757964,ok,6.096683979034424,0.7681121786548948,6.233211174695461,0.13336820083682,0.1349372384937238,0.731694560669456,High SNR,High SNR
801381,sub-801381_ses-SLAP2-801381-2025-10-02-15-23-18,fluorescence,False,1,7,3681,3233.1287327437512,1.1385256524803355,0.0,0.2445634613871574,3.1718315665715022,ok,4.162384033203125,0.547948926922032,4.572398760652391,0.1475722858701582,0.25177304964539,0.6006546644844517,Intermediate,Intermediate
801381,sub-801381_ses-SLAP2-801381-2025-10-02-15-23-18,fluorescence,False,1,8,5138,3235.5732327736105,1.5879720934628898,0.0,0.4082146961331367,4.377040790604362,ok,5.43573808670044,0.7514597119501751,5.608989970219005,0.142578125,0.16015625,0.697265625,High SNR,High SNR
801381,sub-801381_ses-SLAP2-801381-2025-10-02-15-23-18,fluorescence,False,1,9,4758,3234.6834147668314,1.4709322026010312,0.0,0.2896657077491283,4.114056272144589,ok,5.135837554931641,0.6986128625472888,5.7071687060079945,0.1161467116357504,0.1627318718381113,0.7211214165261383,High SNR,High SNR
801381,sub-801381_ses-SLAP2-801381-2025-10-02-15-23-18,fluorescence,False,1,10,2826,3235.0933309272577,0.8735451224802836,0.0,0.2328909976780414,2.759315454221371,ok,3.938552618026733,0.4808917197452229,3.55599034930228,0.2273855977296913,0.3628946434905995,0.4097197587797091,Low SNR,Low SNR
801381,sub-801381_ses-SLAP2-801381-2025-10-02-15-23-18,fluorescence,False,1,11,3354,3235.5732327736105,1.0366014794617615,0.0,0.2457844012767076,2.997774319056644,ok,4.105472564697266,0.5271317829457365,3.883496332601005,0.2005379557680812,0.3236700537955768,0.4757919904363419,Low SNR,Low SNR
801381,sub-801381_ses-SLAP2-801381-2025-10-02-15-23-18,fluorescence,False,1,12,4617,3235.5732327736105,1.4269496215488833,0.0,0.2129846293509006,3.8293902052705553,ok,5.003830909729004,0.7073857483214209,5.711723638936197,0.1192700412774277,0.1657614599174451,0.7149684988051271,High SNR,High SNR
801381,sub-801381_ses-SLAP2-801381-2025-10-02-15-23-18,fluorescence,False,1,13,4950,3232.313899400465,1.5314106717537967,0.0,0.4308841244459152,4.738786426433693,ok,6.240612983703613,0.8,6.891409008795951,0.1183275827075299,0.106758676679521,0.774913740612949,High SNR,High SNR
801381,sub-801381_ses-SLAP2-801381-2025-10-02-15-23-18,fluorescence,False,1,14,4272,3234.278497583972,1.3208510037682946,0.0,0.2503454120635986,3.40305030793773,ok,4.272462844848633,0.588249063670412,4.1678917044420425,0.1933364617550445,0.2803847958704833,0.526278742374472,Low SNR,Low SNR
801381,sub-801381_ses-SLAP2-801381-2025-10-02-15-23-18,fluorescence,False,1,15,3125,3235.5732327736105,0.9658257672385228,0.0,0.266593268752098,3.0317722997394982,ok,4.52571439743042,0.61504,4.420128688765089,0.1715293363257454,0.2529656941327348,0.5755049695415198,Intermediate,Intermediate
801381,sub-801381_ses-SLAP2-801381-2025-10-02-15-23-18,fluorescence,False,1,16,3857,3235.5732327736105,1.1920607949564743,0.0,0.2556764114141464,3.180588082004237,ok,4.299900531768799,0.5895773917552501,4.4540832382570645,0.1697916666666666,0.2481770833333333,0.58203125,Intermediate,Intermediate
801381,sub-801381_ses-SLAP2-801381-2025-10-02-15-23-18,fluorescence,False,1,17,3297,3234.278497583972,1.0193927339475812,0.0,0.3654472032040357,2.8848167560596054,ok,4.221334457397461,0.5638459205338187,4.353878858961224,0.1567912488605287,0.2698268003646308,0.5733819507748404,Intermediate,Intermediate
801381,sub-801381_ses-SLAP2-801381-2025-10-02-15-23-18,fluorescence,False,1,18,2940,3235.5732327736105,0.9086488818180024,0.0,0.3312021203488111,2.755304237719125,ok,4.30258846282959,0.5772108843537415,4.663089140415572,0.1411483253588516,0.2474367737525632,0.6114149008885851,Intermediate,Intermediate
801381,sub-801381_ses-SLAP2-801381-2025-10-02-15-23-18,fluorescence,False,1,19,3145,3235.303287985037,0.9720881537380446,0.0,0.4148942193388938,2.9560957756320407,ok,4.659382343292236,0.6416534181240063,4.937660678480678,0.1279923396105968,0.2183210979891477,0.6536865624002554,High SNR,Intermediate
801381,sub-801381_ses-SLAP2-801381-2025-10-02-15-23-18,fluorescence,False,1,20,3525,3235.2882910523385,1.0895474167631063,0.0005673758865248,0.2531649845659732,2.935638612919085,ok,4.298695087432861,0.588936170212766,4.649681010277543,0.1265642775881683,0.2474402730375426,0.625995449374289,Intermediate,Intermediate
801381,sub-801381_ses-SLAP2-801381-2025-10-02-15-23-18,fluorescence,False,1,21,3649,3235.5732327736105,1.1277754318890785,0.000274047684297,0.2961539102375507,3.0236147981067454,ok,4.258173942565918,0.5700191833379008,4.129825819279273,0.2076457645764576,0.2714521452145214,0.5209020902090209,Low SNR,Low SNR
801381,sub-801381_ses-SLAP2-801381-2025-10-02-15-23-18,fluorescence,False,1,22,2826,3235.5732327736105,0.8734155578291409,0.0003538570417551,0.315792849317193,2.639472221040046,ok,3.8487281799316406,0.4412597310686482,3.711156036902216,0.19921875,0.3586647727272727,0.4421164772727273,Low SNR,Low SNR
801381,sub-801381_ses-SLAP2-801381-2025-10-02-15-23-18,fluorescence,False,1,23,3791,3233.328691846398,1.172475909906686,0.0013189132155104,0.2704956811666488,3.158686407194053,ok,4.307507514953613,0.5855974676866262,4.067425083868765,0.1979359618946811,0.2905530563641175,0.5115109817412014,Low SNR,Low SNR
801381,sub-801381_ses-SLAP2-801381-2025-10-02-15-23-18,fluorescence,False,1,24,2973,3235.5732327736105,0.9188480019200412,0.0100908173562058,0.2107210799217224,2.864822475166715,ok,4.544032096862793,0.62058526740666,4.366013894289241,0.1779203241053342,0.2640108035111411,0.5580688723835247,Intermediate,Intermediate
801381,sub-801381_ses-SLAP2-801381-2025-10-02-15-23-18,fluorescence,False,1,25,4801,3235.073335016993,1.4840467287196075,0.0,0.4245396113276481,3.630665288903321,ok,4.450656414031982,0.6186211205998751,5.036244694833185,0.1199080843952371,0.2047211196991853,0.6753707959055776,High SNR,High SNR
801381,sub-801381_ses-SLAP2-801381-2025-10-02-15-23-18,fluorescence,False,1,26,2459,3235.5732327736105,0.7599889797246488,0.0,0.3012494702249765,2.502561959616093,ok,3.865145444869995,0.447742984953233,3.8964838670067934,0.1572301425661914,0.3690427698574338,0.4737270875763748,Low SNR,Low SNR
801381,sub-801381_ses-SLAP2-801381-2025-10-02-15-23-18,fluorescence,False,1,27,5743,3233.358685711796,1.7761716401518657,0.0071391258923907,0.3360361497759819,4.130195926827658,ok,4.491113662719727,0.6245864530733066,5.050973633546996,0.1450795315504282,0.2039853172522286,0.6509351511973431,High SNR,Intermediate
801381,sub-801381_ses-SLAP2-801381-2025-10-02-15-23-18,fluorescence,False,1,28,1753,3235.5732327736105,0.5417896223901217,0.0,0.231110875493288,2.2837521723050163,ok,3.711749315261841,0.3833428408442669,3.659629827480372,0.1629502572898799,0.433390508862207,0.4036592338479131,Low SNR,Low SNR
801381,sub-801381_ses-SLAP2-801381-2025-10-02-15-23-18,fluorescence,False,1,29,2572,3232.693821695494,0.7956212811552407,0.0003888024883359,0.2248121821403503,2.56490838057561,ok,4.038545608520508,0.5081648522550545,4.160400145268459,0.1641325536062378,0.3060428849902534,0.5298245614035088,Intermediate,Intermediate
801381,sub-801381_ses-SLAP2-801381-2025-10-02-15-23-18,fluorescence,False,1,30,2600,3230.9541775024654,0.8047158384678194,0.0,0.21086549834311,2.59389068805227,ok,3.855656623840332,0.4419230769230769,3.425104630948275,0.2304431599229287,0.3984585741811175,0.3710982658959537,Low SNR,Low SNR
801381,sub-801381_ses-SLAP2-801381-2025-10-02-15-23-18,fluorescence,False,1,31,3136,3232.203921894009,0.9702358130183708,0.0,0.315906780141592,2.853825055707152,ok,4.215517520904541,0.5631377551020408,4.330801670043653,0.1618071131047741,0.2739506568407561,0.5642422300544697,Intermediate,Intermediate
801381,sub-801381_ses-SLAP2-801381-2025-10-02-15-23-18,fluorescence,False,1,32,2875,3235.5732327736105,0.888559705859441,0.0003478260869565,0.2399082262516021,2.704199460035112,ok,4.114614963531494,0.544,4.182731654591965,0.1688175793512382,0.2919427973491454,0.5392396232996163,Intermediate,Intermediate
801381,sub-801381_ses-SLAP2-801381-2025-10-02-15-23-18,fluorescence,False,1,33,3768,3226.010188689519,1.1680062304857908,0.0,0.3205160408645868,3.9795127337798286,ok,6.864643096923828,0.8028131634819533,8.001708495599779,0.0773745997865528,0.1125933831376734,0.8100320170757738,High SNR,High SNR
801381,sub-801381_ses-SLAP2-801381-2025-10-02-15-23-18,fluorescence,False,1,34,2430,3235.5732327736105,0.7510261166046753,0.0,0.289979177686572,2.483263643535808,ok,3.9208717346191406,0.4753086419753086,4.08985054703222,0.1588939331407346,0.3223276929426331,0.5187783739166323,Intermediate,Intermediate
801381,sub-801381_ses-SLAP2-801381-2025-10-02-15-23-18,fluorescence,False,1,35,2442,3235.4532573120223,0.7547628742529836,0.0012285012285012,0.2217736291587352,2.4840825524452743,ok,3.998074531555176,0.4995904995904996,4.366001034444434,0.1267432321575061,0.3010664479081214,0.5721903199343724,Intermediate,Intermediate
801381,sub-801381_ses-SLAP2-801381-2025-10-02-15-23-18,fluorescence,False,1,36,2003,3234.278497583972,0.6193035020009114,0.0,0.1978242078065872,2.34745354911391,ok,3.650354862213135,0.3609585621567648,3.386161790700722,0.2089178356713426,0.4268537074148296,0.3642284569138276,Low SNR,Low SNR
801381,sub-801381_ses-SLAP2-801381-2025-10-02-15-23-18,fluorescence,False,1,37,3567,3235.5732327736105,1.1024321637567396,0.0002803476310625,0.2333010337650775,3.024895084176901,ok,4.324753284454346,0.5887300252312868,4.134363335813674,0.1883445945945946,0.2888513513513513,0.5228040540540541,Low SNR,Low SNR
801381,sub-801381_ses-SLAP2-801381-2025-10-02-15-23-18,fluorescence,False,1,38,9046,3235.5732327736105,2.7957951649406967,0.0021003758567322,0.4445737182676791,6.542912619557386,ok,5.632498741149902,0.7655317267300464,7.10704866926171,0.1264150943396226,0.1079911209766925,0.7655937846836848,High SNR,High SNR
801381,sub-801381_ses-SLAP2-801381-2025-10-02-15-23-18,fluorescence,False,1,39,5469,3233.358685711796,1.6914300365646096,0.0,0.5055702535629272,3.92634585942882,ok,4.431547164916992,0.6286341195831048,4.756004035895922,0.1572004397215097,0.2160131916452913,0.6267863686331989,High SNR,Intermediate
801381,sub-801381_ses-SLAP2-801381-2025-10-02-15-23-18,fluorescence,False,1,40,2914,3235.5732327736105,0.9006132114345777,0.0,0.2324810941457748,2.705535007332136,ok,4.551337242126465,0.6221688400823611,4.749443829620949,0.1456110154905335,0.2316695352839931,0.6227194492254733,Intermediate,Intermediate
801381,sub-801381_ses-SLAP2-801381-2025-10-02-15-23-18,fluorescence,False,1,41,3552,3235.5732327736105,1.0977962000739947,0.0,0.2486170304238796,3.038864190480402,ok,4.403539657592773,0.5971283783783784,4.297862202885264,0.1864406779661017,0.2641242937853107,0.5494350282485876,Intermediate,Intermediate
801381,sub-801381_ses-SLAP2-801381-2025-10-02-15-23-18,fluorescence,False,1,42,3032,3235.3082869626032,0.9371595319735436,0.0,0.2422109235227107,2.785213061374128,ok,4.193114280700684,0.5567282321899736,3.901461151601595,0.2095332671300893,0.307845084409136,0.4826216484607746,Low SNR,Low SNR
801381,sub-801381_ses-SLAP2-801381-2025-10-02-15-23-18,fluorescence,False,1,43,2743,3235.5732327736105,0.8477632254512858,0.0,0.3004463871538639,2.6079547858090244,ok,3.8480730056762695,0.4425811155668975,4.296556812838516,0.1208470244614823,0.321285140562249,0.5578678349762687,Intermediate,Intermediate
801381,sub-801381_ses-SLAP2-801381-2025-10-02-15-23-18,fluorescence,False,1,44,3440,3235.5732327736105,1.063181004576166,0.0,0.3207947372674942,2.891503581459904,ok,4.178823947906494,0.5578488372093023,4.422868560220509,0.1370262390670553,0.2819241982507288,0.5810495626822157,Intermediate,Intermediate
801381,sub-801381_ses-SLAP2-801381-2025-10-02-15-23-18,fluorescence,False,1,45,4566,3230.9491785249,1.4132070013198483,0.0,0.3733385642051696,3.424888452826225,ok,4.223623752593994,0.5742444152431012,5.459982715785853,0.0709266578831796,0.1679841897233201,0.7610891523935002,High SNR,High SNR
801381,sub-801381_ses-SLAP2-801381-2025-10-02-15-23-18,fluorescence,False,1,46,3991,3235.5732327736105,1.2334754038556623,0.0,0.4297517532348632,3.171560722765536,ok,4.043443202972412,0.5174141819092959,4.855827118611018,0.1082914572864321,0.2402010050251256,0.6515075376884422,High SNR,Intermediate
801381,sub-801381_ses-SLAP2-801381-2025-10-02-15-23-18,fluorescence,False,1,47,3479,3235.5732327736105,1.0752345101513028,0.0,0.3281932596355676,2.9153471765111965,ok,4.0598626136779785,0.5168151767749354,4.447789212583987,0.1442556867261733,0.2651885977541031,0.5905557155197236,Intermediate,Intermediate
801381,sub-801381_ses-SLAP2-801381-2025-10-02-15-23-18,fluorescence,False,1,48,3912,3235.5732327736105,1.2090593284598723,0.0,0.4649516280949115,3.254256784114874,ok,4.422232627868652,0.6132413087934561,4.869673324326123,0.1261837727156386,0.2193498848221141,0.6544663424622472,High SNR,Intermediate
801381,sub-801381_ses-SLAP2-801381-2025-10-02-15-23-18,fluorescence,False,1,49,2423,3234.213510875611,0.7491775023053477,0.0,0.2626243138432502,2.49815025951592,ok,3.775596857070923,0.4077589764754437,3.5438210315692893,0.2012396694214876,0.4078512396694215,0.3909090909090909,Low SNR,Low SNR
801381,sub-801381_ses-SLAP2-801381-2025-10-02-15-23-18,fluorescence,False,1,50,2802,3235.5732327736105,0.8659980159367491,0.0,0.2524536073029041,2.599934630795401,ok,3.9520998001098633,0.4846538187009279,4.407649146674675,0.121244635193133,0.2939914163090129,0.5847639484978541,Intermediate,Intermediate
801381,sub-801381_ses-SLAP2-801381-2025-10-02-15-23-18,fluorescence,False,1,51,7959,3235.5732327736105,2.459842330064449,0.0,0.5634503820419311,5.570910521825963,ok,5.080106258392334,0.7264731750219877,6.666099824499029,0.1109290306315391,0.1150888692802218,0.773982100088239,High SNR,High SNR
801381,sub-801381_ses-SLAP2-801381-2025-10-02-15-23-18,fluorescence,False,1,52,4831,3224.3305322272845,1.4982955226562549,0.0,0.3177241944015025,3.676095246349544,ok,4.500899314880371,0.6267853446491409,5.4626564330136125,0.0731352586744234,0.1574901308954913,0.7693746104300851,High SNR,High SNR
801381,sub-801381_ses-SLAP2-801381-2025-10-02-15-23-18,fluorescence,False,1,53,2065,3235.5732327736105,0.6382176669912158,0.0004842615012106,0.2848680425137281,2.4064183694636547,ok,4.110093593597412,0.5230024213075061,4.13764155513003,0.166504854368932,0.3063106796116505,0.5271844660194175,Intermediate,Intermediate
801381,sub-801381_ses-SLAP2-801381-2025-10-02-15-23-18,fluorescence,False,1,54,2965,3235.3432798055665,0.9164406196112168,0.0,0.3224947963714599,2.678961186398107,ok,3.964996576309204,0.4863406408094435,3.974741559523488,0.1721921515561569,0.3349120433017591,0.4928958051420839,Low SNR,Low SNR
801381,sub-801381_ses-SLAP2-801381-2025-10-02-15-23-18,fluorescence,False,1,55,4039,3235.5732327736105,1.248310487640446,0.0,0.3163348215848207,3.158276043758555,ok,4.258827686309815,0.5808368408021788,4.242140339699597,0.1732439811367585,0.2844378257632167,0.5423181931000248,Intermediate,Intermediate
801381,sub-801381_ses-SLAP2-801381-2025-10-02-15-23-18,fluorescence,False,1,56,1867,3235.438260379324,0.5770470179768203,0.0,0.2268620753735303,2.33498657156598,ok,4.081956386566162,0.5190144617032673,4.5495357770698455,0.1209027404621171,0.2842557764642665,0.5948414830736163,Intermediate,Intermediate
801381,sub-801381_ses-SLAP2-801381-2025-10-02-15-23-18,fluorescence,False,1,57,2749,3235.5732327736105,0.8496176109243838,0.0,0.2441110298663377,2.641651780609529,ok,3.968463182449341,0.4921789741724263,3.758888886317736,0.2016011644832605,0.3537117903930131,0.4446870451237263,Low SNR,Low SNR
801381,sub-801381_ses-SLAP2-801381-2025-10-02-15-23-18,fluorescence,False,1,58,2997,3235.438260379324,0.926304184722298,0.0,0.2813985981613397,2.674052782428478,ok,4.213885307312012,0.5555555555555556,4.7003745329222495,0.1191033790565406,0.2479089996654399,0.6329876212780194,High SNR,Intermediate
801381,sub-801381_ses-SLAP2-801381-2025-10-02-15-23-18,fluorescence,False,1,59,3135,3235.5732327736105,0.968916409693686,0.0,0.2260610910862684,2.7176652230758607,ok,3.942835092544556,0.4822966507177033,3.857281625833905,0.1817891373801917,0.3495207667731629,0.4686900958466454,Low SNR,Low SNR
801381,sub-801381_ses-SLAP2-801381-2025-10-02-15-23-18,fluorescence,False,1,60,3509,3235.468254244721,1.0845416255889464,0.0,0.4483247531354427,2.9817691165449323,ok,4.274039268493652,0.5748076375035622,4.89698071409135,0.1157142857142857,0.2148571428571428,0.6694285714285715,High SNR,High SNR
801381,sub-801381_ses-SLAP2-801381-2025-10-02-15-23-18,fluorescence,False,1,61,2444,3235.5732327736105,0.755353016041904,0.0012274959083469,0.2642560409635305,2.45179958775756,ok,3.7102537155151367,0.3788870703764321,4.073802348430899,0.1351351351351351,0.3525798525798526,0.5122850122850123,Intermediate,Intermediate
801381,sub-801381_ses-SLAP2-801381-2025-10-02-15-23-18,fluorescence,False,1,62,2472,3235.5732327736105,0.7640068149163611,0.0004045307443365,0.2268752424806356,2.512710870242388,ok,3.81987190246582,0.4271844660194174,3.8281793900145686,0.1711273317112733,0.3734793187347932,0.4553933495539335,Low SNR,Low SNR
801381,sub-801381_ses-SLAP2-801381-2025-10-02-15-23-18,fluorescence,False,1,63,3270,3235.5732327736105,1.0106400828383904,0.0,0.3871150697708129,2.84839455483077,ok,4.070989608764648,0.5211009174311927,4.564333689577797,0.1296353049341097,0.2568188783328226,0.6135458167330677,Intermediate,Intermediate
801381,sub-801381_ses-SLAP2-801381-2025-10-02-15-23-18,fluorescence,False,1,64,2051,3235.3232838953018,0.6339397395646389,0.0,0.2852433271586895,2.3921802331529523,ok,3.796500205993652,0.4280838615309605,4.062279764572748,0.1298828125,0.3564453125,0.513671875,Intermediate,Intermediate
801381,sub-801381_ses-SLAP2-801381-2025-10-02-15-23-18,fluorescence,False,1,65,2725,3228.389702011018,0.8440740590587784,0.0,0.2483975860029459,2.6577162180894844,ok,4.193579196929932,0.5519266055045872,4.231986263350795,0.1796385097749907,0.283659166359277,0.5367023238657322,Intermediate,Intermediate
801381,sub-801381_ses-SLAP2-801381-2025-10-02-15-23-18,fluorescence,False,1,66,2593,3233.7686018722216,0.8018508184224306,0.0,0.2597997484445571,2.602854707198846,ok,4.039374828338623,0.5148476667952179,3.913558501473728,0.1858304297328687,0.3321718931475029,0.4819976771196283,Low SNR,Low SNR
801381,sub-801381_ses-SLAP2-801381-2025-10-02-15-23-18,fluorescence,False,1,67,3033,3235.5732327736105,0.9373918566510208,0.0105506099571381,0.2386036443024873,2.8785740315927857,ok,4.6185503005981445,0.6369930761622157,4.553364588648092,0.1661701423369745,0.245945051307514,0.5878848063555114,Intermediate,Intermediate
801381,sub-801381_ses-SLAP2-801381-2025-10-02-15-23-18,fluorescence,False,1,68,2886,3235.3082869626032,0.8920324568851077,0.0003465003465003,0.342831150278449,2.7155263074002565,ok,4.164102554321289,0.5426195426195426,4.299038081496709,0.1565428670600486,0.2901770218674071,0.5532801110725443,Intermediate,Intermediate
801381,sub-801381_ses-SLAP2-801381-2025-10-02-15-23-18,fluorescence,False,1,69,3306,3235.3082869626032,1.0218500701532107,0.0,0.3080408696562051,2.8407147964829416,ok,3.996731758117676,0.4978826376285541,4.003468640714832,0.1771653543307086,0.3225317989097516,0.5003028467595396,Low SNR,Low SNR
801381,sub-801381_ses-SLAP2-801381-2025-10-02-15-23-18,fluorescence,False,1,70,1861,3235.5732327736105,0.5751685609058851,0.0010746910263299,0.3155193446427583,2.344408489441732,ok,3.883434295654297,0.46211714132187,3.84656215453444,0.1993517017828201,0.3333333333333333,0.4673149648838465,Low SNR,Low SNR
801381,sub-801381_ses-SLAP2-801381-2025-10-02-15-23-18,fluorescence,False,1,71,2756,3235.213306388846,0.8518758236303914,0.0,0.3703745511889457,2.635858350613804,ok,4.067093849182129,0.5181422351233672,4.534401789515974,0.1280465623863223,0.2699163332120771,0.6020371044016006,Intermediate,Intermediate
801381,sub-801381_ses-SLAP2-801381-2025-10-02-15-23-18,fluorescence,False,1,72,3078,3232.603840099303,0.9521735889249722,0.0,0.2567680441260337,2.7278939691265807,ok,4.06588077545166,0.5233918128654971,4.084281486022991,0.1705249429409846,0.3087707857841539,0.5207042712748614,Intermediate,Low SNR
801381,sub-801381_ses-SLAP2-801381-2025-10-02-15-23-18,fluorescence,False,1,73,2645,3235.5732327736105,0.8174749293906858,0.0,0.2536434851914644,2.557772955028586,ok,3.826403617858887,0.4321361058601134,4.116998909123128,0.1360879454131918,0.3377558756633813,0.5261561789234268,Intermediate,Intermediate
801381,sub-801381_ses-SLAP2-801381-2025-10-02-15-23-18,fluorescence,False,1,74,2795,3235.5732327736105,0.8638345662181348,0.0,0.3170893896102905,2.675068674773417,ok,4.246336936950684,0.5642218246869409,4.450496730535348,0.1478292070326516,0.2622891998564765,0.589881593110872,Intermediate,Intermediate
801381,sub-801381_ses-SLAP2-801381-2025-10-02-15-23-18,fluorescence,False,1,75,2655,3235.5732327736105,0.820565571845849,0.0,0.2391951478689908,2.618080229433182,ok,3.9472618103027344,0.4824858757062147,3.868681563927847,0.1865558912386707,0.3421450151057402,0.4712990936555891,Low SNR,Low SNR
801381,sub-801381_ses-SLAP2-801381-2025-10-02-15-23-18,fluorescence,False,1,76,3205,3233.328691846398,0.991238536336304,0.0,0.3029837063670158,2.987156877144104,ok,4.594598770141602,0.6221528861154446,4.644351349460159,0.1597744360902255,0.2421679197994987,0.5980576441102757,Intermediate,Intermediate
801381,sub-801381_ses-SLAP2-801381-2025-10-02-15-23-18,fluorescence,False,1,77,2893,3235.5732327736105,0.8941228622787349,0.0,0.2454675732851028,2.67372880076184,ok,4.26125955581665,0.5796750777739371,4.393461322289904,0.145775623268698,0.2839335180055402,0.5702908587257618,Intermediate,Intermediate
801381,sub-801381_ses-SLAP2-801381-2025-10-02-15-23-18,fluorescence,False,1,78,2567,3235.5732327736105,0.7933679182404122,0.0,0.3105503081828356,2.561622907999236,ok,3.944613456726074,0.4803272302298403,4.075022817502192,0.1568244035979663,0.3273367227219397,0.5158388736800938,Intermediate,Intermediate
801381,sub-801381_ses-SLAP2-801381-2025-10-02-15-23-18,fluorescence,False,1,79,2914,3235.163316613184,0.900727324965652,0.0,0.3057709796905517,2.6566883327945887,ok,3.996920347213745,0.498627316403569,4.239056785557251,0.133103448275862,0.3158620689655172,0.5510344827586207,Intermediate,Intermediate
801381,sub-801381_ses-SLAP2-801381-2025-10-02-15-23-18,fluorescence,False,1,80,2826,3235.278293097206,0.8734951815519416,0.0,0.2756047175556421,2.6304740495896937,ok,4.234949588775635,0.5608634111818825,4.550006176506151,0.1454416459737495,0.2582476055338772,0.5963107484923732,Intermediate,Intermediate
801381,sub-801381_ses-SLAP2-801381-2025-10-02-15-23-18,fluorescence,False,1,81,2607,3231.6140425412004,0.8067176233551606,0.0,0.28055181620121,2.5654007122253537,ok,4.063727378845215,0.5193709244342156,4.041880691198468,0.1808755760368663,0.3099078341013825,0.5092165898617511,Low SNR,Low SNR
801381,sub-801381_ses-SLAP2-801381-2025-10-02-15-23-18,fluorescence,False,1,82,2868,3235.5732327736105,0.8863962561408267,0.0,0.314212818557024,2.640150456128596,ok,3.824143409729004,0.4337517433751743,3.816076275761487,0.1730635031402651,0.3681088625261688,0.4588276343335659,Low SNR,Low SNR
801381,sub-801381_ses-SLAP2-801381-2025-10-02-15-23-18,fluorescence,False,1,83,2668,3235.5732327736105,0.8245834070375613,0.0,0.2889627256214618,2.594206193649132,ok,4.099032402038574,0.5258620689655172,4.096431869508248,0.1750563486100676,0.3102930127723516,0.5146506386175808,Low SNR,Low SNR
801381,sub-801381_ses-SLAP2-801381-2025-10-02-15-23-18,fluorescence,False,1,84,3210,3235.5732327736105,0.9920962281074108,0.0,0.3569118248552084,2.7987269794971312,ok,4.070023059844971,0.5193146417445483,4.868202799716084,0.0913928012519561,0.2400625978090766,0.6685446009389672,High SNR,High SNR
801381,sub-801381_ses-SLAP2-801381-2025-10-02-15-23-18,fluorescence,False,1,85,1734,3231.7840077784504,0.5365457579548959,0.0,0.2277372240543365,2.258759626672355,ok,3.635232448577881,0.3281430219146482,3.708411094944633,0.162037037037037,0.4137731481481481,0.4241898148148148,Low SNR,Low SNR
801381,sub-801381_ses-SLAP2-801381-2025-10-02-15-23-18,fluorescence,False,1,86,5165,3231.344097752627,1.5984060637776751,0.0,0.5691624763548374,3.7249403366288254,ok,4.3746256828308105,0.6079380445304937,5.281295603687686,0.1015139751552795,0.1768245341614907,0.7216614906832298,High SNR,High SNR
801381,sub-801381_ses-SLAP2-801381-2025-10-02-15-23-18,fluorescence,False,1,87,2110,3225.8152285644383,0.6540982202936027,0.0,0.2925717943310737,2.3861939291539525,ok,3.751225471496582,0.4061611374407582,3.948877518297121,0.1538461538461538,0.3537511870845204,0.4924026590693257,Low SNR,Low SNR
801381,sub-801381_ses-SLAP2-801381-2025-10-02-15-23-18,fluorescence,False,1,88,1972,3235.5732327736105,0.6094746921581975,0.0,0.3282922780483961,2.351792215499238,ok,3.847846031188965,0.4487829614604463,4.320244454332027,0.1057985757884028,0.3138351983723296,0.5803662258392676,Intermediate,Intermediate
801381,sub-801381_ses-SLAP2-801381-2025-10-02-15-23-18,fluorescence,False,1,89,2875,3233.053748080258,0.889252151068362,0.0,0.2582341219693422,2.660814666138088,ok,4.049108028411865,0.5186086956521739,4.054683942833817,0.1770869717079986,0.3122598672720922,0.5106531610199092,Low SNR,Low SNR
801381,sub-801381_ses-SLAP2-801381-2025-10-02-15-23-18,fluorescence,False,1,90,2390,3235.5732327736105,0.7386635467840222,0.0,0.2251673626452684,2.453499931349458,ok,3.859907150268554,0.4577405857740586,3.925202556501376,0.160167714884696,0.3555555555555555,0.4842767295597484,Low SNR,Low SNR
801381,sub-801381_ses-SLAP2-801381-2025-10-02-15-23-18,fluorescence,False,1,91,2524,3235.1733145683165,0.7801745855884041,0.0,0.2977034975856542,2.580780381609458,ok,3.971580743789673,0.4920760697305864,4.288436334892367,0.1353174603174603,0.3047619047619048,0.5599206349206349,Intermediate,Intermediate
801381,sub-801381_ses-SLAP2-801381-2025-10-02-15-23-18,fluorescence,False,1,92,2533,3232.8237951122146,0.7835255369716422,0.0,0.4787304754614829,2.574506307001493,ok,3.7841835021972656,0.4109751283063561,4.026933761206013,0.1580824088748019,0.3371632329635499,0.5047543581616482,Intermediate,Low SNR
801381,sub-801381_ses-SLAP2-801381-2025-10-02-15-23-18,fluorescence,False,1,93,2860,3235.5732327736105,0.8839237421766961,0.0,0.4388831420123577,2.693322823454978,ok,3.993940830230713,0.4986013986013986,4.786942304928608,0.0960392569225376,0.2478093235191027,0.6561514195583596,High SNR,High SNR
801381,sub-801381_ses-SLAP2-801381-2025-10-02-15-23-18,fluorescence,False,1,94,2030,3232.9987593270307,0.6279000244412581,0.0,0.3087946423530578,2.384692286002183,ok,3.994627475738525,0.4995073891625616,4.361611969421203,0.1404549950544016,0.2784371909000989,0.5811078140454995,Intermediate,Intermediate
801381,sub-801381_ses-SLAP2-801381-2025-10-02-15-23-18,fluorescence,False,1,95,2304,3235.5732327736105,0.7120840216696182,0.0,0.3085669574439525,2.495929444038636,ok,4.164680480957031,0.5460069444444444,4.350579680458547,0.1428571428571428,0.2865827181936604,0.5705601389491967,Intermediate,Intermediate
801381,sub-801381_ses-SLAP2-801381-2025-10-02-15-23-18,fluorescence,False,1,96,3005,3235.2932900299047,0.9288184194182358,0.0,0.2928530976444483,2.678911632895628,ok,4.252183437347412,0.5693843594009983,4.243774882118418,0.1649450183272242,0.2829056981006331,0.5521492835721427,Intermediate,Intermediate
801381,sub-801381_ses-SLAP2-801381-2025-10-02-15-23-18,fluorescence,False,1,97,3089,3235.5732327736105,0.9546994543999352,0.0009711880867594,0.2978642865210771,2.7659732781259034,ok,3.920956611633301,0.4703787633538362,4.244189848813252,0.1300681154719429,0.3217645150827116,0.5481673694453455,Intermediate,Intermediate
801381,sub-801381_ses-SLAP2-801381-2025-10-02-15-23-18,fluorescence,False,1,98,2837,3235.438260379324,0.8768518425282482,0.0,0.3985306865215301,2.7198033510327844,ok,4.257603645324707,0.5622136059217483,4.633716298981838,0.1339696005655708,0.2527394839165783,0.6132909155178509,Intermediate,Intermediate
801381,sub-801381_ses-SLAP2-801381-2025-10-02-15-23-18,fluorescence,False,1,99,2315,3234.513449529581,0.7157181554884822,0.0,0.2466591743856668,2.4521267530224304,ok,3.893801927566528,0.4630669546436285,4.193449209257908,0.1432900432900433,0.3203463203463203,0.5363636363636364,Intermediate,Intermediate
801381,sub-801381_ses-SLAP2-801381-2025-10-02-15-23-18,fluorescence,False,1,100,2987,3229.939385056532,0.9247851565944232,0.0,0.32183202252388,2.6898505379922266,ok,3.791027307510376,0.4181452962838969,3.974403772749461,0.1535102452133019,0.3516963385959019,0.4947934161907961,Low SNR,Low SNR
801381,sub-801381_ses-SLAP2-801381-2025-10-02-15-23-18,fluorescence,False,1,101,2167,3233.358685711796,0.6702009305605247,0.0,0.2772250891506672,2.436610192399024,ok,3.690606594085693,0.3700969081679741,3.976810730331225,0.1465557096625057,0.356911696717522,0.4965325936199722,Intermediate,Low SNR
801381,sub-801381_ses-SLAP2-801381-2025-10-02-15-23-18,fluorescence,False,1,102,2855,3234.9683564881034,0.8825434085851156,0.0,0.4296814992070197,2.6529565069914485,ok,3.7621543407440186,0.4126094570928196,3.959096539359167,0.1631578947368421,0.3456140350877193,0.4912280701754385,Low SNR,Low SNR
801381,sub-801381_ses-SLAP2-801381-2025-10-02-15-23-18,fluorescence,False,1,103,3377,3213.587729437576,1.05085041527434,0.0,0.5451302082717419,2.914420492528587,ok,4.099594593048096,0.5276872964169381,4.857400890978062,0.1013674197384066,0.2244351961950059,0.6741973840665874,High SNR,High SNR
801381,sub-801381_ses-SLAP2-801381-2025-10-02-15-23-18,fluorescence,False,1,104,4296,3233.358685711796,1.3286493759520135,0.0,0.343758392983675,3.4258087520228986,ok,4.589007377624512,0.6403631284916201,5.043034620416185,0.1128468174399627,0.1988808580088598,0.6882723245511775,High SNR,High SNR
801381,sub-801381_ses-SLAP2-801381-2025-10-02-15-23-18,fluorescence,False,1,105,2621,3235.3082869626032,0.8101237247040427,0.0,0.28195356079638,2.560813087119463,ok,3.921482563018799,0.4689049980923311,3.980007346114476,0.1611174894756984,0.3425181783390739,0.4963643321852277,Low SNR,Low SNR
801381,sub-801381_ses-SLAP2-801381-2025-10-02-15-23-18,fluorescence,False,1,106,2867,3200.705364249545,0.8957400553087812,0.0,0.5200656478285789,2.7233013842059663,ok,3.8515939712524414,0.4412277642134635,4.614393500558927,0.0932025227750525,0.2669936930623686,0.6398037841625789,High SNR,Intermediate
801381,sub-801381_ses-SLAP2-801381-2025-10-02-15-23-18,fluorescence,False,1,107,2658,3205.019481889153,0.8293241320434283,0.0,0.3677753068059682,2.585257867504421,ok,3.7736172676086426,0.4085778781038374,4.427196104463173,0.1085476550680786,0.294251134644478,0.5972012102874432,Intermediate,Intermediate
801381,sub-801381_ses-SLAP2-801381-2025-10-02-15-23-18,fluorescence,False,1,108,2463,3233.028753192428,0.7618243412057288,0.0,0.4121674351751804,2.5300048397686337,ok,3.696831703186035,0.3589118960617133,4.409237108941405,0.0871335504885993,0.3253257328990228,0.5875407166123778,Intermediate,Intermediate
801381,sub-801381_ses-SLAP2-801381-2025-10-02-15-23-18,fluorescence,False,1,109,3727,3230.9491785249,1.1535309885937526,0.0,0.3993058226287365,3.1152609231668067,ok,4.412406921386719,0.6042393345854574,4.514647905750246,0.16832749798007,0.2335039051979531,0.5981685968219769,Intermediate,Intermediate
801381,sub-801381_ses-SLAP2-801381-2025-10-02-15-23-18,fluorescence,False,1,110,4246,3234.513449529581,1.3127167551637562,0.0004710315591144,0.3940141920447349,3.2882887924645834,ok,4.373152732849121,0.599152143193594,4.6845725328828784,0.139413988657845,0.2360586011342155,0.6245274102079396,Intermediate,Intermediate
801381,sub-801381_ses-SLAP2-801381-2025-10-02-15-23-18,fluorescence,False,1,111,2389,3235.438260379324,0.7383852843849084,0.0,0.3314609335362911,2.4609307284833646,ok,3.905270576477051,0.4646295521138551,4.158380976106038,0.1584905660377358,0.3090146750524109,0.5324947589098532,Intermediate,Intermediate
801381,sub-801381_ses-SLAP2-801381-2025-10-02-15-23-18,fluorescence,False,1,112,3002,3216.482137448391,0.9333177899695916,0.0,0.2884763821721077,2.786849620477624,ok,4.111412048339844,0.5369753497668222,3.946588151296729,0.1969189551239115,0.3114534494306765,0.4916275954454119,Low SNR,Low SNR
801381,sub-801381_ses-SLAP2-801381-2025-10-02-15-23-18,fluorescence,False,1,113,2587,3235.5732327736105,0.7995492031507387,0.0003865481252415,0.3634545736312866,2.6088611765036926,ok,4.230082511901856,0.5589485890993429,4.5722473172248455,0.1410804508356004,0.2592304702681695,0.5996890788962301,Intermediate,Intermediate
801381,sub-801381_ses-SLAP2-801381-2025-10-02-15-23-18,fluorescence,False,1,114,4538,3235.5732327736105,1.4025335461530932,0.0793301013662406,0.3150268815815448,3.777474924872037,ok,5.467712879180908,0.745702952842662,5.581177586508691,0.1583370190181335,0.1859796550199026,0.6556833259619638,High SNR,Intermediate
801381,sub-801381_ses-SLAP2-801381-2025-10-02-15-23-18,fluorescence,False,1,115,2329,3233.3886795771923,0.7202969487431208,0.0,0.3112493799448013,2.445331718700823,ok,3.7788450717926025,0.4182052382996994,3.8452991044909166,0.1693895098882201,0.3723129836629407,0.4582975064488392,Low SNR,Low SNR
801381,sub-801381_ses-SLAP2-801381-2025-10-02-15-23-18,fluorescence,False,1,116,2528,3226.095171308144,0.7836098644836089,0.0,0.365006458595395,2.576617109425382,ok,3.994851112365722,0.4984177215189873,4.473520347784202,0.125,0.2746815286624204,0.6003184713375797,Intermediate,Intermediate
801381,sub-801381_ses-SLAP2-801381-2025-10-02-15-23-18,fluorescence,False,1,117,2673,3216.3621619868027,0.8310631282731051,0.0,0.3631080312788486,2.5938518918521645,ok,3.959229469299317,0.4863449307893752,4.325722660074559,0.127731725697061,0.3036925395629239,0.5685757347400151,Intermediate,Intermediate
801381,sub-801381_ses-SLAP2-801381-2025-10-02-15-23-18,fluorescence,False,1,118,2664,3235.438260379324,0.8233814975309317,0.0,0.4115156633734703,2.6512752329903866,ok,4.030198574066162,0.5108858858858859,4.757358819882449,0.0925856228829506,0.2480240873165224,0.6593902898005269,High SNR,High SNR
801381,sub-801381_ses-SLAP2-801381-2025-10-02-15-23-18,fluorescence,False,1,119,8331,3235.5732327736105,2.5748142293965226,0.0054015124234785,0.4662371884346008,5.574776666845293,ok,5.355039596557617,0.7490097227223622,6.644931143467652,0.1103215705166807,0.1179091894495965,0.7717692400337227,High SNR,High SNR
801381,sub-801381_ses-SLAP2-801381-2025-10-02-15-23-18,fluorescence,False,1,120,2579,3235.5732327736105,0.7970766891866081,0.0,0.4277236210763454,2.574654805994221,ok,3.8444228172302246,0.4447460255913145,4.799873247183346,0.0745920745920745,0.2529137529137529,0.6724941724941725,High SNR,High SNR
801381,sub-801381_ses-SLAP2-801381-2025-10-02-15-23-18,fluorescence,False,1,121,7331,3235.3082869626032,2.2659355306391977,0.0,0.6854772540986538,5.512591340085159,ok,4.873558044433594,0.6866730323284681,7.0769608289933865,0.0824431662558203,0.0987400712133662,0.8188167625308135,High SNR,High SNR
801381,sub-801381_ses-SLAP2-801381-2025-10-02-15-23-18,fluorescence,False,1,122,2085,3235.5732327736105,0.6443989519015424,0.0004796163069544,0.2970482572674751,2.3819972331288923,ok,3.794569492340088,0.4292565947242206,4.343323343783871,0.1086016338298894,0.3109082172032676,0.5804901489668428,Intermediate,Intermediate
801381,sub-801381_ses-SLAP2-801381-2025-10-02-15-23-18,fluorescence,False,1,123,1756,3235.073335016993,0.5428006781153157,0.0,0.2697709379643201,2.24361480692295,ok,3.6800012588500977,0.3638952164009111,3.84631609081424,0.1358447488584475,0.4081050228310502,0.4560502283105023,Low SNR,Low SNR
801381,sub-801381_ses-SLAP2-801381-2025-10-02-15-23-18,fluorescence,False,1,124,2396,3228.6296529341944,0.7421105105141135,0.0,0.2821742865800857,2.478738385077284,ok,4.0179948806762695,0.5054257095158597,3.9874225648938815,0.1654103852596315,0.338358458961474,0.4962311557788945,Low SNR,Low SNR
801381,sub-801381_ses-SLAP2-801381-2025-10-02-15-23-18,fluorescence,False,1,125,2168,3235.5732327736105,0.6700512842793976,0.0,0.2888025994598865,2.4110136396989845,ok,3.880068302154541,0.4515682656826568,4.556428627954958,0.0973696354407014,0.2907245039224734,0.6119058606368251,Intermediate,Intermediate
801381,sub-801381_ses-SLAP2-801381-2025-10-02-15-23-18,fluorescence,False,1,126,2885,3235.3082869626032,0.8917233673297075,0.0,0.5048248980939388,2.7066961281507704,ok,3.974424839019776,0.4932409012131716,4.824886012336804,0.0958333333333333,0.2461805555555555,0.6579861111111112,High SNR,High SNR
801381,sub-801381_ses-SLAP2-801381-2025-10-02-15-23-18,fluorescence,False,1,127,2319,3235.3082869626032,0.7167786789731686,0.0,0.3986949218809604,2.473378479508296,ok,3.885177612304688,0.4592496765847348,4.368194063253254,0.1193771626297577,0.3019031141868512,0.578719723183391,Intermediate,Intermediate
801381,sub-801381_ses-SLAP2-801381-2025-10-02-15-23-18,fluorescence,False,1,128,2058,3230.9491785249,0.636964522276883,0.0,0.397749187785387,2.420192095894941,ok,3.898677349090576,0.4698736637512147,4.415896038390277,0.1106777181862506,0.2974158946855192,0.5919063871282302,Intermediate,Intermediate
801381,sub-801381_ses-SLAP2-801381-2025-10-02-15-23-18,fluorescence,False,2,0,5836,3719.789196765951,1.5689061103446185,0.0,0.4136684853851795,4.677190084894901,ok,5.357824802398682,0.7436600411240576,5.753570815390381,0.1208734525447042,0.1504470426409903,0.7286795048143053,High SNR,High SNR
801381,sub-801381_ses-SLAP2-801381-2025-10-02-15-23-18,fluorescence,False,2,1,2142,3710.661063730117,0.5772556326787683,0.0046685340802987,0.0773406046539545,2.3382145278093467,ok,3.744637489318848,0.3800186741363212,2.937684702295164,0.2988290398126463,0.4135831381733021,0.2875878220140515,Low SNR,Low SNR
801381,sub-801381_ses-SLAP2-801381-2025-10-02-15-23-18,fluorescence,False,2,2,5362,3718.759407387319,1.4418787053952409,0.0,0.2382125856399536,3.742740237070637,ok,4.476914405822754,0.6214099216710183,4.9083202847994105,0.1478228368529247,0.2010839095496168,0.6510932535974584,High SNR,Intermediate
801381,sub-801381_ses-SLAP2-801381-2025-10-02-15-23-18,fluorescence,False,2,3,2003,3719.2443082112377,0.538550262906321,0.0,0.3100500685751438,2.316164037111532,ok,3.8477165699005127,0.4593110334498252,3.8860058998162303,0.1565782891445722,0.3631815907953977,0.48024012006003,Low SNR,Low SNR
801381,sub-801381_ses-SLAP2-801381-2025-10-02-15-23-18,fluorescence,False,2,4,3211,3718.3244963390616,0.8635609945182148,0.0,0.2149502619355917,2.7581353994036064,ok,4.229423522949219,0.5702273435066957,3.982980629152872,0.198125,0.3040625,0.4978125,Low SNR,Low SNR
801381,sub-801381_ses-SLAP2-801381-2025-10-02-15-23-18,fluorescence,False,2,5,1567,3719.76420187812,0.4212632615822307,0.0210593490746649,0.1055169104039669,2.1082137883671144,ok,3.5428826808929443,0.2718570516911295,2.6671227188172533,0.3378119001919386,0.4452975047984644,0.2168905950095969,Low SNR,Low SNR
801381,sub-801381_ses-SLAP2-801381-2025-10-02-15-23-18,fluorescence,False,2,6,2718,3714.48528156824,0.7317299151748078,0.0,0.4062438718199729,2.573016495573098,ok,3.8635482788085938,0.4506990434142752,4.143791791326153,0.1352247605011053,0.3330876934414148,0.5316875460574797,Intermediate,Intermediate
801381,sub-801381_ses-SLAP2-801381-2025-10-02-15-23-18,fluorescence,False,2,7,5457,3717.429679354717,1.4679497584866874,0.0,0.3133252980977297,4.258424593438031,ok,5.340379238128662,0.7419827744181785,4.964590314387608,0.1716596213931262,0.1968388163940452,0.6315015622128285,High SNR,Intermediate
801381,sub-801381_ses-SLAP2-801381-2025-10-02-15-23-18,fluorescence,False,2,8,3274,3719.024353198326,0.8803384138058657,0.0,0.2473348944157362,2.686088554223996,ok,4.256767272949219,0.5693341478313989,4.36050401761625,0.1527862829148805,0.2755664421310471,0.5716472749540723,Intermediate,Intermediate
801381,sub-801381_ses-SLAP2-801381-2025-10-02-15-23-18,fluorescence,False,2,9,2383,3717.484668107944,0.6410248360789755,0.0033571128829206,0.114133036699891,2.342938733642701,ok,3.893937826156616,0.4599244649601343,3.4326084704975823,0.2453781512605042,0.3718487394957983,0.3827731092436974,Low SNR,Low SNR
801381,sub-801381_ses-SLAP2-801381-2025-10-02-15-23-18,fluorescence,False,2,10,4176,3719.789196765951,1.122644262645498,0.0,0.2717708138644695,2.981260503381981,ok,4.175083160400391,0.5567528735632183,4.192517231103616,0.1656677055861903,0.292495804363462,0.5418364900503476,Intermediate,Intermediate
801381,sub-801381_ses-SLAP2-801381-2025-10-02-15-23-18,fluorescence,False,2,11,3140,3719.789196765951,0.8441338564911072,0.0,0.2665168730199337,2.6235003260004284,ok,4.390562057495117,0.5977707006369427,4.696329483674616,0.1331417624521073,0.25,0.6168582375478927,Intermediate,Intermediate
801381,sub-801381_ses-SLAP2-801381-2025-10-02-15-23-18,fluorescence,False,2,12,2177,3701.942846854709,0.5880695867170532,0.0,0.4286251702487468,2.365611348788262,ok,3.7501728534698486,0.3964170877354157,3.998366147509783,0.1283348666053357,0.3716651333946642,0.5,Intermediate,Intermediate
801381,sub-801381_ses-SLAP2-801381-2025-10-02-15-23-18,fluorescence,False,2,13,2438,3719.784197788385,0.6554143655563472,0.0,0.2364651602983474,2.385104565767121,ok,3.776287078857422,0.4171452009844134,3.9884608865630753,0.1528976572133168,0.3514180024660912,0.4956843403205919,Low SNR,Low SNR
801381,sub-801381_ses-SLAP2-801381-2025-10-02-15-23-18,fluorescence,False,2,14,1672,3680.752180951696,0.4542549777332978,0.0,0.1192329930871725,2.1290322889116085,ok,3.518742799758911,0.263755980861244,2.7203438377154208,0.312086590499098,0.4960914010823812,0.1918220084185207,Low SNR,Low SNR
801381,sub-801381_ses-SLAP2-801381-2025-10-02-15-23-18,fluorescence,False,2,15,2390,3719.65922334923,0.6425319784665684,0.007949790794979,0.1893171961784362,2.338246260946517,ok,3.710361003875733,0.3753138075313807,3.6742444038997233,0.160167714884696,0.4176100628930818,0.4222222222222222,Low SNR,Low SNR
801381,sub-801381_ses-SLAP2-801381-2025-10-02-15-23-18,fluorescence,False,2,16,2031,3719.789196765951,0.5459986823354901,0.000984736582964,0.2839872602552175,2.2780903603460763,ok,3.716200828552246,0.3825701624815362,3.92054125592966,0.1435619141588554,0.3788850518006906,0.4775530340404538,Low SNR,Low SNR
801381,sub-801381_ses-SLAP2-801381-2025-10-02-15-23-18,fluorescence,False,2,17,2885,3699.0784327092906,0.7799239871448087,0.0,0.2447018927514553,2.507454840251458,ok,4.201176643371582,0.5511265164644714,4.432611150255791,0.1456445993031359,0.2686411149825784,0.5857142857142857,Intermediate,Intermediate
801381,sub-801381_ses-SLAP2-801381-2025-10-02-15-23-18,fluorescence,False,2,18,3458,3716.1099492772464,0.9305429729474376,0.0,0.3196415770500898,2.796061176698512,ok,4.236540794372559,0.5670908039329092,4.118497468993315,0.1882250580046403,0.2856728538283062,0.5261020881670534,Low SNR,Low SNR
801381,sub-801381_ses-SLAP2-801381-2025-10-02-15-23-18,fluorescence,False,2,19,2582,3719.414273448488,0.6941953249015405,0.0,0.3075007089704274,2.43342678827646,ok,3.7877931594848633,0.4144074360960496,3.8971818840164913,0.1494163424124513,0.377431906614786,0.4731517509727626,Low SNR,Low SNR
801381,sub-801381_ses-SLAP2-801381-2025-10-02-15-23-18,fluorescence,False,2,20,2725,3718.899378759172,0.7327436756057673,0.0,0.308206408470869,2.515956419786562,ok,3.947335958480835,0.4777981651376147,4.22524286459836,0.120073664825046,0.3274401473296501,0.5524861878453039,Intermediate,Intermediate
801381,sub-801381_ses-SLAP2-801381-2025-10-02-15-23-18,fluorescence,False,2,21,2910,3717.86958938054,0.7827063133983824,0.0,0.3603000573188066,2.657062727584401,ok,4.304871082305908,0.5735395189003436,5.010962516244421,0.1103448275862069,0.2358620689655172,0.6537931034482759,High SNR,High SNR
801381,sub-801381_ses-SLAP2-801381-2025-10-02-15-23-18,fluorescence,False,2,22,2028,3719.784197788385,0.5451929176982249,0.0044378698224852,0.0901521335899829,2.227708181688432,ok,3.65537691116333,0.3491124260355029,2.951492319928472,0.2890971879625061,0.4464726196349284,0.2644301924025654,Low SNR,Low SNR
801381,sub-801381_ses-SLAP2-801381-2025-10-02-15-23-18,fluorescence,False,2,23,3056,3693.609551251896,0.8273749451845046,0.0,0.2031008597016334,2.6269644631595126,ok,4.000727653503418,0.5009816753926701,3.779663757993151,0.2007227332457293,0.3409986859395532,0.4582785808147174,Low SNR,Low SNR
801381,sub-801381_ses-SLAP2-801381-2025-10-02-15-23-18,fluorescence,False,2,24,3848,3719.684218237061,1.0344964180383447,0.0,0.3420905005037784,2.874721704582263,ok,4.346987724304199,0.5974532224532224,4.452921131686322,0.1578125,0.2622395833333333,0.5799479166666667,Intermediate,Intermediate
801381,sub-801381_ses-SLAP2-801381-2025-10-02-15-23-18,fluorescence,False,2,25,2351,3719.65922334923,0.6320471470187875,0.0012760527435133,0.2057641943156719,2.3396380648774127,ok,3.847698926925659,0.4393874946831135,4.23151154801602,0.1229193341869398,0.3294921041399914,0.5475885616730687,Intermediate,Intermediate
801381,sub-801381_ses-SLAP2-801381-2025-10-02-15-23-18,fluorescence,False,2,26,2553,3703.537520698318,0.6893409303218347,0.0,0.3559284010201692,2.452363125051988,ok,3.809674739837648,0.4206815511163337,4.237936243368404,0.1245565628695309,0.3275522270398108,0.5478912100906582,Intermediate,Intermediate
801381,sub-801381_ses-SLAP2-801381-2025-10-02-15-23-18,fluorescence,False,2,27,2053,3719.454265269017,0.5519626949496884,0.0,0.251098345246911,2.285543403792318,ok,3.644036531448364,0.3438869946419873,3.44615984153065,0.2010763209393346,0.4324853228962818,0.3664383561643836,Low SNR,Low SNR
801381,sub-801381_ses-SLAP2-801381-2025-10-02-15-23-18,fluorescence,False,2,28,2199,3719.789196765951,0.591162531982148,0.0013642564802182,0.2470947051733732,2.319647199888526,ok,3.894147396087648,0.4670304683947249,4.246896131997817,0.141750227894257,0.3076572470373747,0.5505925250683683,Intermediate,Intermediate
801381,sub-801381_ses-SLAP2-801381-2025-10-02-15-23-18,fluorescence,False,2,29,3310,3719.519251977377,0.8898999509789691,0.0006042296072507,0.2729393283426761,2.6436593254828407,ok,3.947723388671875,0.4821752265861027,3.8787498110054064,0.1849833484710868,0.3421132303966091,0.472903421132304,Low SNR,Low SNR
801381,sub-801381_ses-SLAP2-801381-2025-10-02-15-23-18,fluorescence,False,2,30,4955,3719.789196765951,1.332064732138037,0.0,0.2280402000725269,3.491785196067445,ok,4.440291881561279,0.6078708375378405,4.808016841777255,0.146469755209387,0.2243576775237709,0.629172567266842,High SNR,Intermediate
801381,sub-801381_ses-SLAP2-801381-2025-10-02-15-23-18,fluorescence,False,2,31,3756,3719.784197788385,1.0097359955002625,0.0005324813631522,0.226798647916317,2.911632285454781,ok,4.5971527099609375,0.6389776357827476,4.836331312699178,0.1292389853137516,0.2355140186915887,0.6352469959946595,High SNR,Intermediate
801381,sub-801381_ses-SLAP2-801381-2025-10-02-15-23-18,fluorescence,False,2,32,3109,3703.11760658276,0.8395628576509047,0.0,0.5977162759959698,2.724622880174046,ok,3.926500558853149,0.4753940173689289,4.5553409807649805,0.1026800129157249,0.2757507265095253,0.6215692605747497,Intermediate,Intermediate
801381,sub-801381_ses-SLAP2-801381-2025-10-02-15-23-18,fluorescence,False,2,33,2696,3718.1795259896426,0.7250860215746102,0.0014836795252225,0.2073290254622697,2.433046048239358,ok,3.872668743133545,0.4532640949554896,4.147531209751804,0.1394052044609665,0.3286245353159851,0.5319702602230483,Intermediate,Intermediate
801381,sub-801381_ses-SLAP2-801381-2025-10-02-15-23-18,fluorescence,False,2,34,2326,3718.649429880863,0.6254959075490264,0.0021496130696474,0.2187040141761302,2.32605860901268,ok,3.904751300811768,0.4660361134995701,4.073252152434338,0.1374407582938388,0.3481258078414476,0.5144334338647135,Intermediate,Intermediate
801381,sub-801381_ses-SLAP2-801381-2025-10-02-15-23-18,fluorescence,False,2,35,2378,3718.5544493071056,0.6394958127998107,0.0004205214465937,0.4082907825708389,2.42086024845625,ok,3.803992748260498,0.4339781328847771,4.459061513097409,0.0884955752212389,0.304677623261694,0.606826801517067,Intermediate,Intermediate
801381,sub-801381_ses-SLAP2-801381-2025-10-02-15-23-18,fluorescence,False,2,36,3264,3719.114334794517,0.8776283023792377,0.0,0.2759921751469373,2.644806875323684,ok,4.026866912841797,0.507046568627451,4.533838793625963,0.1185867895545314,0.2844854070660522,0.5969278033794163,Intermediate,Intermediate
801381,sub-801381_ses-SLAP2-801381-2025-10-02-15-23-18,fluorescence,False,2,37,4049,3698.683513481563,1.094713831351492,0.0002469745616201,0.2804164115041494,2.8991328878416103,ok,4.352269649505615,0.5979254136823907,4.678504575759457,0.1319117282420034,0.2454748326307959,0.6226134391272006,Intermediate,Intermediate
801381,sub-801381_ses-SLAP2-801381-2025-10-02-15-23-18,fluorescence,False,2,38,2541,3710.4411087172048,0.6848242366737063,0.0043290043290043,0.2113348526895046,2.375616249093015,ok,3.757770776748657,0.4151908697363243,3.8506370364716886,0.1531780497433872,0.3770232925384919,0.4697986577181208,Low SNR,Low SNR
801381,sub-801381_ses-SLAP2-801381-2025-10-02-15-23-18,fluorescence,False,2,39,3201,3718.84938898351,0.8607501044496303,0.0009372071227741,0.2069183486938476,2.726367886573983,ok,4.064018249511719,0.5173383317713215,3.6929692999445183,0.2279987472596304,0.3341684935797056,0.4378327591606639,Low SNR,Low SNR
801381,sub-801381_ses-SLAP2-801381-2025-10-02-15-23-18,fluorescence,False,2,40,1881,3719.76420187812,0.5056772144455495,0.0,0.23596693110466,2.236977253406759,ok,3.7400095462799072,0.416267942583732,3.894819006365237,0.1542553191489361,0.3675531914893617,0.4781914893617021,Low SNR,Low SNR
801381,sub-801381_ses-SLAP2-801381-2025-10-02-15-23-18,fluorescence,False,2,41,3025,3719.6742202819287,0.8132432629464855,0.0006611570247933,0.21397209610641,2.633307841376801,ok,4.113858699798584,0.5338842975206611,4.123719083272835,0.1739130434782608,0.3023564553601062,0.5237305011616329,Intermediate,Low SNR
801381,sub-801381_ses-SLAP2-801381-2025-10-02-15-23-18,fluorescence,False,2,42,2285,3701.5629245596792,0.6173068097368122,0.0017505470459518,0.2662359452784061,2.33074944089175,ok,3.702813386917114,0.3842450765864332,4.083475345694714,0.1291739894551845,0.3475395430579965,0.523286467486819,Intermediate,Intermediate
801381,sub-801381_ses-SLAP2-801381-2025-10-02-15-23-18,fluorescence,False,2,43,2694,3719.429270381186,0.7243046726155126,0.0011135857461024,0.1958282643646001,2.4502884394043987,ok,4.058013916015625,0.5256124721603563,3.719307098504976,0.2142060245444403,0.3439940498326515,0.4417999256229081,Low SNR,Low SNR
801381,sub-801381_ses-SLAP2-801381-2025-10-02-15-23-18,fluorescence,False,2,44,2672,3719.65922334923,0.7183453750889836,0.0003742514970059,0.2437637142777443,2.4534084006187147,ok,3.8942792415618896,0.4636976047904191,4.185163313707834,0.1354596622889305,0.3227016885553471,0.5418386491557223,Intermediate,Intermediate
801381,sub-801381_ses-SLAP2-801381-2025-10-02-15-23-18,fluorescence,False,2,45,2110,3716.689830674922,0.5677094662528888,0.000473933649289,0.1782573122441768,2.2620947676152348,ok,3.989128589630127,0.4966824644549763,3.8768738177545696,0.1802187351402758,0.3461721350451736,0.4736091298145506,Low SNR,Low SNR
801381,sub-801381_ses-SLAP2-801381-2025-10-02-15-23-18,fluorescence,False,2,46,2440,3719.789196765951,0.6559511496300323,0.0,0.3082612640529871,2.3840567853444807,ok,3.824311494827272,0.4344262295081967,4.069372583229829,0.1322381930184805,0.3523613963039014,0.5154004106776181,Intermediate,Intermediate
801381,sub-801381_ses-SLAP2-801381-2025-10-02-15-23-18,fluorescence,False,2,47,3096,3718.264508608268,0.8326465190500449,0.0,0.21409760338068,2.668435927718235,ok,3.981894016265869,0.4919250645994832,3.878297715842289,0.1895043731778425,0.3352769679300291,0.4752186588921283,Low SNR,Low SNR
801381,sub-801381_ses-SLAP2-801381-2025-10-02-15-23-18,fluorescence,False,2,48,2889,3717.794604717047,0.77707358990045,0.0006922810661128,0.2074197150170803,2.617138172203295,ok,3.9018805027008057,0.4603669089650398,3.897915211076001,0.1699029126213592,0.3484743411927878,0.481622746185853,Low SNR,Low SNR
801381,sub-801381_ses-SLAP2-801381-2025-10-02-15-23-18,fluorescence,False,2,49,2839,3719.5292499325096,0.7632686313870265,0.0,0.2139513512849807,2.5444764612553588,ok,3.967843770980835,0.4899612539626629,3.801558840584002,0.1889791593076651,0.3542917696926881,0.4567290709996467,Low SNR,Low SNR
801381,sub-801381_ses-SLAP2-801381-2025-10-02-15-23-18,fluorescence,False,2,50,2929,3719.559243797906,0.7874588917716242,0.0013656538067599,0.1957548069298267,2.617417369431813,ok,4.065421104431152,0.5203141003755548,3.736770972439784,0.2077344284736481,0.3477070499657768,0.4445585215605749,Low SNR,Low SNR
801381,sub-801381_ses-SLAP2-801381-2025-10-02-15-23-18,fluorescence,False,2,51,2633,3719.544246865208,0.70788242463282,0.0,0.1954278605908155,2.422515683459745,ok,3.843719244003296,0.4451196353968857,3.691068328029438,0.1853120243531202,0.3770928462709285,0.4375951293759513,Low SNR,Low SNR
801381,sub-801381_ses-SLAP2-801381-2025-10-02-15-23-18,fluorescence,False,2,52,3794,3718.74441045462,1.0202368276060627,0.0,0.2297399056971073,2.9289475410523047,ok,4.330565452575684,0.5888244596731682,4.468845158366204,0.1505546751188589,0.2670364500792393,0.5824088748019017,Intermediate,Intermediate
801381,sub-801381_ses-SLAP2-801381-2025-10-02-15-23-18,fluorescence,False,2,53,2500,3717.7396159638192,0.6724516126049022,0.0008,0.2685182732999324,2.3865881759785825,ok,3.755304098129273,0.4024,4.010587753898448,0.1342147435897435,0.3629807692307692,0.5028044871794872,Intermediate,Intermediate
801381,sub-801381_ses-SLAP2-801381-2025-10-02-15-23-18,fluorescence,False,2,54,2309,3694.0494612777193,0.6250593080043247,0.0,0.2769290059804916,2.354883353455058,ok,3.866343975067138,0.4595062797747943,3.900826666851768,0.1839930404523706,0.3371030882992605,0.4789038712483688,Low SNR,Low SNR
801381,sub-801381_ses-SLAP2-801381-2025-10-02-15-23-18,fluorescence,False,2,55,3132,3719.544246865208,0.8420386456323556,0.0,0.210307906705141,2.700568836298899,ok,4.068828582763672,0.5156449553001277,3.888336126568533,0.1921229586935638,0.329490874159462,0.4783861671469741,Low SNR,Low SNR
801381,sub-801381_ses-SLAP2-801381-2025-10-02-15-23-18,fluorescence,False,2,56,1943,3719.65922334923,0.5223596795650804,0.0010293360782295,0.279856809452176,2.2616621327359496,ok,3.708348512649536,0.3849716932578487,4.1776197420250165,0.1030396702730551,0.3539412673879443,0.5430190623390005,Intermediate,Intermediate
801381,sub-801381_ses-SLAP2-801381-2025-10-02-15-23-18,fluorescence,False,2,57,2703,3704.9522313495454,0.7295640621567259,0.0,0.335358750718832,2.4913685367412786,ok,3.896388292312622,0.4665186829448761,4.489378281148199,0.10479375696767,0.2853957636566332,0.6098104793756968,Intermediate,Intermediate
801381,sub-801381_ses-SLAP2-801381-2025-10-02-15-23-18,fluorescence,False,2,58,2447,3677.842776008182,0.6653356733905572,0.0004086636697997,0.2253454057931899,2.4035829736432723,ok,3.9108192920684814,0.4695545565999183,3.796833501607117,0.1990131578947368,0.3515625,0.4494243421052631,Low SNR,Low SNR
801381,sub-801381_ses-SLAP2-801381-2025-10-02-15-23-18,fluorescence,False,2,59,2272,3719.789196765951,0.6107872999833744,0.0004401408450704,0.2263636915326118,2.333573307999566,ok,3.675220012664795,0.363556338028169,3.817780995216825,0.1488986784140969,0.4,0.4511013215859031,Low SNR,Low SNR
801381,sub-801381_ses-SLAP2-801381-2025-10-02-15-23-18,fluorescence,False,2,60,2366,3717.049757059687,0.6365263191611367,0.0016906170752324,0.2725912837028503,2.346553121314752,ok,3.71485447883606,0.3981403212172443,4.152967030296294,0.1161016949152542,0.3512711864406779,0.5326271186440678,Intermediate,Intermediate
801381,sub-801381_ses-SLAP2-801381-2025-10-02-15-23-18,fluorescence,False,2,61,1827,3717.7246190311207,0.4914296208620572,0.0,0.3018943270862102,2.253866052200956,ok,3.6786954402923584,0.3732895457033388,4.055161425756063,0.1228070175438596,0.3634868421052631,0.5137061403508771,Intermediate,Intermediate
801381,sub-801381_ses-SLAP2-801381-2025-10-02-15-23-18,fluorescence,False,2,62,2741,3701.7428877520615,0.7404620156275935,0.0,0.2677437999665737,2.48395776760861,ok,3.8524327278137207,0.4498358263407515,3.637921891201016,0.2126647144948755,0.369692532942899,0.4176427525622255,Low SNR,Low SNR
801381,sub-801381_ses-SLAP2-801381-2025-10-02-15-23-18,fluorescence,False,2,63,2258,3694.724323249153,0.6111416718674987,0.0,0.1825095808804035,2.2889126299307474,ok,3.8840274810791016,0.4517271922054915,3.8574902799304738,0.1751111111111111,0.3586666666666667,0.4662222222222222,Low SNR,Low SNR
801381,sub-801381_ses-SLAP2-801381-2025-10-02-15-23-18,fluorescence,False,2,64,2558,3713.225539221564,0.6888889384662199,0.0003909304143862,0.1604186878591775,2.427831246245832,ok,3.803014278411865,0.4304143862392494,3.651861029335132,0.208773991382687,0.3693693693693693,0.4218566392479436,Low SNR,Low SNR
801381,sub-801381_ses-SLAP2-801381-2025-10-02-15-23-18,fluorescence,False,2,65,2296,3714.3903009944825,0.6181364406926418,0.0004355400696864,0.2436731572777032,2.321729602554426,ok,3.7887721061706543,0.4133275261324042,3.912514182965365,0.1517662450937636,0.3706934147405146,0.4775403401657218,Low SNR,Low SNR
801381,sub-801381_ses-SLAP2-801381-2025-10-02-15-23-18,fluorescence,False,2,66,2450,3695.619140233498,0.6629471022398707,0.0008163265306122,0.1878055415868759,2.3720761179512464,ok,4.011642456054688,0.5016326530612245,4.097196010308542,0.1614881439084219,0.3192968111201962,0.5192150449713818,Intermediate,Intermediate
801381,sub-801381_ses-SLAP2-801381-2025-10-02-15-23-18,fluorescence,False,2,67,2982,3716.894788755136,0.8022825959512114,0.0,0.2255717872470617,2.5548861376465943,ok,4.088608741760254,0.5271629778672032,4.36314222143533,0.1419441641439623,0.2902791792801883,0.5677766565758493,Intermediate,Intermediate
801381,sub-801381_ses-SLAP2-801381-2025-10-02-15-23-18,fluorescence,False,2,68,2957,3715.180139449938,0.7959237207910482,0.0006763611768684,0.2601242425203323,2.5363374496046704,ok,3.99826979637146,0.4998309097057828,3.9838098500908248,0.1742963716514072,0.3292641573414717,0.496439471007121,Low SNR,Low SNR
801381,sub-801381_ses-SLAP2-801381-2025-10-02-15-23-18,fluorescence,False,2,69,2734,3716.9097856878334,0.7355572660190509,0.0,0.306588224029541,2.475725043202047,ok,4.106767654418945,0.5391367959034382,4.249316513998137,0.1482568807339449,0.2943119266055046,0.5574311926605504,Intermediate,Intermediate
801381,sub-801381_ses-SLAP2-801381-2025-10-02-15-23-18,fluorescence,False,2,70,3430,3719.434269358752,0.9221832546569906,0.0,0.3047588135629892,2.701989212776614,ok,4.143728256225586,0.5463556851311954,4.276058087475086,0.1610640163694826,0.2852966968722595,0.5536392867582578,Intermediate,Intermediate
801381,sub-801381_ses-SLAP2-801381-2025-10-02-15-23-18,fluorescence,False,2,71,2341,3715.435087305813,0.6300742564439574,0.0004271678769756,0.2253195576131343,2.3643659632104663,ok,3.985243082046509,0.496369073045707,4.259302128273827,0.1475128644939965,0.3113207547169811,0.5411663807890223,Intermediate,Intermediate
801381,sub-801381_ses-SLAP2-801381-2025-10-02-15-23-18,fluorescence,False,2,72,3217,3661.9960171234097,0.8784826594451173,0.0,0.2700697164148092,2.6271130981548163,ok,3.8815724849700928,0.4591234069008393,4.4027973721912685,0.1125744747569771,0.2997804954531201,0.5876450297899027,Intermediate,Intermediate
801381,sub-801381_ses-SLAP2-801381-2025-10-02-15-23-18,fluorescence,False,2,73,2216,3698.77849405532,0.5991167093573073,0.0004512635379061,0.3084564951360225,2.357170121225072,ok,3.912410259246826,0.4706678700361011,4.232096511123354,0.1311623699683401,0.3197648123021257,0.5490728177295342,Intermediate,Intermediate
803496,sub-803496_ses-SLAP2-803496-2025-07-02-15-33-26,fluorescence,False,1,0,3116,3691.686500520833,0.8440586706266598,0.0,0.2631339427471161,2.5651662676618945,ok,3.868750810623169,0.4486521181001284,4.09766947200788,0.1584190231362467,0.313624678663239,0.5279562982005142,High SNR,Intermediate
803496,sub-803496_ses-SLAP2-803496-2025-07-02-15-33-26,fluorescence,False,1,1,3300,3691.686500520833,0.8939003893029452,0.0,0.1756227088764309,2.6841827478878133,ok,3.85225510597229,0.4436363636363636,4.139612110044447,0.153355602793805,0.3149104160340115,0.5317339811721834,High SNR,Intermediate
803496,sub-803496_ses-SLAP2-803496-2025-07-02-15-33-26,fluorescence,False,1,2,2149,3691.686500520833,0.5821187686703119,0.0,0.2124135392189025,2.3020597841104347,ok,3.6485538482666016,0.3629595160539786,3.5970695735504457,0.1794035414725069,0.4077353215284249,0.412861136999068,Intermediate,Low SNR
803496,sub-803496_ses-SLAP2-803496-2025-07-02-15-33-26,fluorescence,False,1,3,2015,3691.686500520833,0.5458209952864953,0.0004962779156327,0.3989341832399368,2.3083225229498936,ok,3.555562973022461,0.290818858560794,3.911140683239195,0.1346249379036264,0.3894684550422255,0.475906607054148,Intermediate,Low SNR
803496,sub-803496_ses-SLAP2-803496-2025-07-02-15-33-26,fluorescence,False,1,4,1906,3691.686500520833,0.5162951945489133,0.0015739769150052,0.340042175835371,2.266327302672983,ok,3.674273014068604,0.3567681007345226,3.87718160942122,0.1496062992125984,0.3868766404199475,0.463517060367454,Intermediate,Low SNR
803496,sub-803496_ses-SLAP2-803496-2025-07-02-15-33-26,fluorescence,False,1,5,1183,3691.686500520833,0.3204497456198134,0.0016906170752324,0.2906324296832084,2.1272531200070413,ok,3.362159490585327,0.1487743026204564,3.8325242643766426,0.077900084674005,0.4657070279424217,0.4563928873835732,Intermediate,Intermediate
803496,sub-803496_ses-SLAP2-803496-2025-07-02-15-33-26,fluorescence,False,1,6,1557,3691.576504200584,0.4217710233631391,0.0006422607578676,0.3834167917013168,2.2015563831858587,ok,3.4641501903533936,0.2202954399486191,3.943476109157314,0.094412331406551,0.4206807964033398,0.4849068721901092,Intermediate,Intermediate
803496,sub-803496_ses-SLAP2-803496-2025-07-02-15-33-26,fluorescence,False,1,7,1996,3691.686500520833,0.5406742960753572,0.0,0.2289660509526729,2.242974320615035,ok,3.694161891937256,0.3707414829659318,3.845021456816746,0.1541164658634538,0.3905622489959839,0.4553212851405622,Intermediate,Low SNR
803496,sub-803496_ses-SLAP2-803496-2025-07-02-15-33-26,fluorescence,False,1,8,1319,3691.55650486963,0.357301858514172,0.0,0.3769535536944866,2.157448049434428,ok,3.4605112075805664,0.2304776345716452,3.957952079689344,0.0783269961977186,0.4349809885931558,0.4866920152091255,Intermediate,Intermediate
803496,sub-803496_ses-SLAP2-803496-2025-07-02-15-33-26,fluorescence,False,1,9,1819,3691.216516243407,0.4927914664434849,0.0016492578339747,0.2726777535974979,2.217872659409254,ok,3.641602277755737,0.3474436503573392,3.7874058099243366,0.1487603305785124,0.4110192837465565,0.4402203856749311,Intermediate,Low SNR
803496,sub-803496_ses-SLAP2-803496-2025-07-02-15-33-26,fluorescence,False,1,10,1645,3691.686500520833,0.4455958001222257,0.0006079027355623,0.3930572349786758,2.247681262604265,ok,3.4804940223693848,0.2522796352583586,4.019245322636689,0.0998174071819841,0.3950091296409008,0.505173463177115,Intermediate,Intermediate
803496,sub-803496_ses-SLAP2-803496-2025-07-02-15-33-26,fluorescence,False,1,11,1583,3691.216516243407,0.4288559051017243,0.0,0.2873361460447311,2.1875942116953384,ok,3.556565284729004,0.3095388502842703,4.015159965130403,0.1063964534515516,0.3907536415452818,0.5028499050031665,Intermediate,Intermediate
803496,sub-803496_ses-SLAP2-803496-2025-07-02-15-33-26,fluorescence,False,1,12,2100,3691.686500520833,0.5688457022836925,0.0,0.3583467965126037,2.310408975436433,ok,3.6133370399475098,0.3347619047619047,3.6278507144665975,0.1788268955650929,0.4182164997615641,0.4029566046733429,Intermediate,Low SNR
803496,sub-803496_ses-SLAP2-803496-2025-07-02-15-33-26,fluorescence,False,2,0,1646,3805.50103494661,0.4325317441473492,0.0,0.3683337600499391,2.2176102530151667,ok,3.5581722259521484,0.2922235722964763,3.980926286055105,0.1144248326232501,0.3907486305538649,0.4948265368228849,Intermediate,Intermediate
803496,sub-803496_ses-SLAP2-803496-2025-07-02-15-33-26,fluorescence,False,2,1,2997,3805.036034820149,0.787640372541612,0.0,0.3968510408520698,2.5730161921671053,ok,3.994836807250977,0.4994994994994995,4.716442267038227,0.1051574012056262,0.2561955793703951,0.6386470194239786,High SNR,Intermediate
803496,sub-803496_ses-SLAP2-803496-2025-07-02-15-33-26,fluorescence,False,2,2,1683,3805.1110348405455,0.4422998395027194,0.0005941770647653,0.2741839071661234,2.198470243450005,ok,3.6560893058776855,0.3731431966726084,3.9770296613746,0.1313432835820895,0.3761194029850746,0.4925373134328358,Intermediate,Intermediate
803496,sub-803496_ses-SLAP2-803496-2025-07-02-15-33-26,fluorescence,False,2,3,1462,3804.616034705925,0.3842700516066674,0.0013679890560875,0.2756097546368837,2.15231544207967,ok,3.519991159439087,0.2824897400820793,3.958334337172976,0.0986301369863013,0.4136986301369863,0.4876712328767123,Intermediate,Intermediate
803496,sub-803496_ses-SLAP2-803496-2025-07-02-15-33-26,fluorescence,False,2,4,3152,3805.461034935732,0.8282833462393426,0.0358502538071066,0.1911409288823604,2.591449760628376,ok,4.270718574523926,0.5688451776649747,2.7919535614786897,0.3564387917329094,0.3596184419713831,0.2839427662957074,Low SNR,Low SNR
803496,sub-803496_ses-SLAP2-803496-2025-07-02-15-33-26,fluorescence,False,2,5,1963,3805.606034975166,0.5158179753656003,0.0025471217524197,0.2998897896766662,2.2547212302805075,ok,3.658911466598511,0.3560876209882832,4.005981713517961,0.1214285714285714,0.376530612244898,0.5020408163265306,Intermediate,Intermediate
803496,sub-803496_ses-SLAP2-803496-2025-07-02-15-33-26,fluorescence,False,2,6,1195,3805.3710349112553,0.3140298249597278,0.00836820083682,0.2187753949195146,2.0501198180194056,ok,3.458024501800537,0.209205020920502,3.492653420006848,0.162048698572628,0.4743912678421494,0.3635600335852225,Intermediate,Low SNR
803496,sub-803496_ses-SLAP2-803496-2025-07-02-15-33-26,fluorescence,False,2,7,1759,3802.8410342231946,0.4625489164995587,0.0,0.2783140707671642,2.1981077406337124,ok,3.582093954086304,0.3217737350767481,3.91710059331854,0.1351197263397947,0.3933865450399088,0.4714937286202965,Intermediate,Low SNR
803496,sub-803496_ses-SLAP2-803496-2025-07-02-15-33-26,fluorescence,False,2,8,1404,3805.606034975166,0.3689294128442704,0.0028490028490028,0.2386490443110465,2.1349969116300955,ok,3.5973005294799805,0.3532763532763532,3.935578707672101,0.1129378127233738,0.4017155110793424,0.4853466761972838,Intermediate,Intermediate
803496,sub-803496_ses-SLAP2-803496-2025-07-02-15-33-26,fluorescence,False,2,9,2349,3805.366034909896,0.6172862159515281,0.0004257130693912,0.2014971237301826,2.31578487617852,ok,4.082890033721924,0.5278842060451255,4.404359667206293,0.1292662116040955,0.2939419795221843,0.5767918088737202,High SNR,Intermediate
803496,sub-803496_ses-SLAP2-803496-2025-07-02-15-33-26,fluorescence,False,2,10,2775,3805.2660348826994,0.7292525606782029,0.0,0.364958540046215,2.4467165982058368,ok,3.8298380374908447,0.4327927927927928,3.9559038792416943,0.1589595375722543,0.3489884393063583,0.4920520231213873,Intermediate,Low SNR
803496,sub-803496_ses-SLAP2-803496-2025-07-02-15-33-26,fluorescence,False,2,11,2065,3803.746034469319,0.54288587652464,0.0019370460048426,0.3824668158531188,2.326226615878208,ok,3.693320035934448,0.3941888619854721,4.30265025331704,0.100387972841901,0.3273520853540252,0.5722599418040737,High SNR,Intermediate
803496,sub-803496_ses-SLAP2-803496-2025-07-02-15-33-26,fluorescence,False,2,12,1726,3803.061034283026,0.4538449381802769,0.0005793742757821,0.3221233999997377,2.213724454100217,ok,3.585204124450684,0.3215527230590961,3.9883396467673538,0.1276102088167053,0.3787703016241299,0.4936194895591647,Intermediate,Intermediate
803496,sub-803496_ses-SLAP2-803496-2025-07-02-15-33-26,fluorescence,False,2,13,1409,3805.4960349452494,0.3702539661219937,0.0021291696238466,0.2254586075663566,2.1065829244502017,ok,3.557041883468628,0.3122782114975159,3.808672685048109,0.1225071225071225,0.4259259259259259,0.4515669515669516,Intermediate,Low SNR
803496,sub-803496_ses-SLAP2-803496-2025-07-02-15-33-26,fluorescence,False,2,14,1703,3801.656033900921,0.4479626733227974,0.0017615971814445,0.2691113896161318,2.1882334412706315,ok,3.5807063579559326,0.2994715208455666,3.789831168261723,0.1342756183745583,0.4305064782096584,0.4352179034157832,Intermediate,Low SNR
803496,sub-803496_ses-SLAP2-803496-2025-07-02-15-33-26,fluorescence,False,2,15,2000,3803.9860345345896,0.525764285631689,0.0,0.3830381269097328,2.28158274534535,ok,3.595085620880127,0.309,4.039881098040282,0.0956434651977966,0.3960941412118177,0.5082623935903856,Intermediate,Intermediate
803496,sub-803496_ses-SLAP2-803496-2025-07-02-15-33-26,fluorescence,False,2,16,2914,3805.50103494661,0.7657335980834603,0.0,0.4331911960244178,2.545092151805961,ok,3.827130556106568,0.4378860672614962,4.339525240442741,0.1242257398485891,0.299036476256022,0.5767377838953889,High SNR,Intermediate
803496,sub-803496_ses-SLAP2-803496-2025-07-02-15-33-26,fluorescence,False,2,17,1786,3805.376034912615,0.4693360087450629,0.0027995520716685,0.3195484794169664,2.2096400884036296,ok,3.563595533370972,0.3045912653975364,3.98455262473627,0.1155356141334829,0.3886707795849691,0.4957936062815479,Intermediate,Intermediate
803496,sub-803496_ses-SLAP2-803496-2025-07-02-15-33-26,fluorescence,False,2,18,2806,3805.226034871821,0.737406917298809,0.0007127583749109,0.2732677990615367,2.439200760142465,ok,3.843231201171875,0.440128296507484,3.980167928014137,0.1473421334284695,0.3560470924009989,0.4966107741705315,Intermediate,Low SNR
803496,sub-803496_ses-SLAP2-803496-2025-07-02-15-33-26,fluorescence,False,2,19,2551,3804.49103467193,0.6705233306509759,0.0,0.4033220112204551,2.4131667869481723,ok,3.744608163833618,0.4010192081536652,4.203924396357205,0.1194029850746268,0.3326787117046347,0.5479183032207384,High SNR,Intermediate
803496,sub-803496_ses-SLAP2-803496-2025-07-02-15-33-26,fluorescence,False,2,20,2012,3805.50103494661,0.5287083045106116,0.0,0.3407123948425054,2.3133205600858067,ok,3.680732727050781,0.371272365805169,4.238221709345671,0.1039283938339134,0.3276976628543013,0.5683739433117851,High SNR,Intermediate
803496,sub-803496_ses-SLAP2-803496-2025-07-02-15-33-26,fluorescence,False,2,21,2865,3802.2360340586574,0.7535039840600808,0.0,0.3736542654812336,2.511773533153327,ok,4.036627292633057,0.5116928446771378,4.693744636903102,0.1035327037425673,0.2539349422875131,0.6425323539699196,High SNR,Intermediate
803496,sub-803496_ses-SLAP2-803496-2025-07-02-15-33-26,fluorescence,False,2,22,2481,3805.481034941171,0.6519543724485685,0.0,0.4028796317696571,2.407719162133745,ok,3.648794174194336,0.3446191051995163,4.23197714330005,0.0937752627324171,0.3504446240905416,0.5557801131770412,High SNR,Intermediate
803496,sub-803496_ses-SLAP2-803496-2025-07-02-15-33-26,fluorescence,False,2,23,2942,3805.606034975166,0.773070037455729,0.000679809653297,0.3195577803432941,2.5216552338710927,ok,4.017705917358398,0.5047586675730795,4.39746076344304,0.123721881390593,0.294478527607362,0.581799591002045,High SNR,Intermediate
803496,sub-803496_ses-SLAP2-803496-2025-07-02-15-33-26,fluorescence,False,2,24,2385,3805.3960349180543,0.626741600116099,0.00041928721174,0.3916070416152477,2.403327759364108,ok,3.770427942276001,0.4029350104821803,4.465587968547854,0.0852582948341033,0.2965140697186056,0.6182276354472911,High SNR,Intermediate
803496,sub-803496_ses-SLAP2-803496-2025-07-02-15-33-26,fluorescence,False,2,25,2260,3804.081034560426,0.5940988058528964,0.0,0.3897778741657733,2.385938578752512,ok,3.7020769119262695,0.384070796460177,4.2753740512349205,0.1156402303943287,0.3212228622064688,0.5631369073992025,High SNR,Intermediate
803496,sub-803496_ses-SLAP2-803496-2025-07-02-15-33-26,fluorescence,False,2,26,2195,3805.481034941171,0.5767996160921434,0.0,0.4153919183135032,2.362067093259371,ok,3.704748153686523,0.3722095671981776,4.27226985100361,0.1036529680365296,0.3269406392694064,0.5694063926940639,High SNR,Intermediate
803496,sub-803496_ses-SLAP2-803496-2025-07-02-15-33-26,fluorescence,False,2,27,1665,3805.50103494661,0.4375245164066443,0.0,0.3488243048876523,2.2328115854624087,ok,3.5914723873138428,0.3231231231231231,4.185499723502362,0.0992779783393501,0.3513838748495788,0.549338146811071,High SNR,Intermediate
803496,sub-803496_ses-SLAP2-803496-2025-07-02-15-33-26,fluorescence,False,2,28,2141,3805.606034975166,0.5625910775638056,0.0004670714619336,0.4087470802724361,2.3471744018378766,ok,3.7008349895477295,0.3867351704810836,4.23513865366528,0.0926532522227421,0.342536265793168,0.5648104819840899,High SNR,Intermediate
803496,sub-803496_ses-SLAP2-803496-2025-07-02-15-33-26,fluorescence,False,2,29,2485,3805.50103494661,0.653002056018325,0.0,0.3685482999444007,2.421860426868527,ok,3.802461862564087,0.4317907444668008,4.349476358042528,0.1225806451612903,0.2967741935483871,0.5806451612903226,High SNR,Intermediate
803496,sub-803496_ses-SLAP2-803496-2025-07-02-15-33-26,fluorescence,False,2,30,2589,3805.00103481063,0.6804203142953551,0.0,0.3108400508165359,2.3913120180048177,ok,3.817272186279297,0.4391657010428737,4.073167604919825,0.1392012407910042,0.3435440093059325,0.5172547499030632,High SNR,Intermediate
803496,sub-803496_ses-SLAP2-803496-2025-07-02-15-33-26,fluorescence,False,2,31,2394,3804.261034609379,0.6292943565703072,0.0004177109440267,0.3138001092821359,2.3522093782578617,ok,3.859255313873291,0.4431913116123642,4.209725487847402,0.142078792958927,0.3130762782900251,0.5448449287510477,High SNR,Intermediate
803496,sub-803496_ses-SLAP2-803496-2025-07-02-15-33-26,fluorescence,False,2,32,2323,3803.946034523711,0.6106816392548694,0.0012914334911752,0.3048302826762199,2.3372699502115104,ok,3.819145917892456,0.4433921653034868,4.151075728103999,0.1229508196721311,0.3416738567730802,0.5353753235547886,High SNR,Intermediate
803496,sub-803496_ses-SLAP2-803496-2025-07-02-15-33-26,fluorescence,False,2,33,2509,3804.23103460122,0.6595288186178753,0.0,0.3625186706811189,2.4052996156984388,ok,3.778325080871582,0.3981666002391391,4.1434998482035565,0.1251499400239904,0.3406637345061975,0.534186325469812,High SNR,Intermediate
803496,sub-803496_ses-SLAP2-803496-2025-07-02-15-33-26,fluorescence,False,2,34,2244,3805.50103494661,0.5896726815714773,0.0,0.461710531425476,2.394299184404063,ok,3.6366608142852783,0.3524955436720142,4.353004650906751,0.0969615728328865,0.324396782841823,0.5786416443252904,High SNR,Intermediate
803496,sub-803496_ses-SLAP2-803496-2025-07-02-15-33-26,fluorescence,False,2,35,2330,3804.971034802471,0.6123568297073668,0.0017167381974248,0.3626575880795717,2.3540102420390365,ok,3.802770614624024,0.415450643776824,3.89747775841621,0.1576460481099656,0.3655498281786941,0.4768041237113402,Intermediate,Low SNR
803496,sub-803496_ses-SLAP2-803496-2025-07-02-15-33-26,fluorescence,False,2,36,2045,3805.156034852784,0.5374286839407147,0.0,0.4199502117276191,2.292757752433891,ok,3.614853620529175,0.3378973105134474,3.914117457749428,0.1326480665687714,0.3984336759667156,0.468918257464513,Intermediate,Low SNR
803496,sub-803496_ses-SLAP2-803496-2025-07-02-15-33-26,fluorescence,False,2,37,2198,3805.4710349384513,0.5775894704807679,0.0,0.3816010122835636,2.340294249540209,ok,3.69116735458374,0.3666969972702457,4.314674759214805,0.0815489749430524,0.3375854214123007,0.5808656036446469,High SNR,Intermediate
803496,sub-803496_ses-SLAP2-803496-2025-07-02-15-33-26,fluorescence,False,2,38,3168,3797.416032747808,0.8342514943530266,0.0,0.3697003113538026,2.595430068009754,ok,3.9112300872802734,0.4734848484848485,4.109796449088487,0.1561114629512349,0.324255858138062,0.519632678910703,High SNR,Intermediate
828408,sub-828408_ses-828408-2025-11-13-10-30-53,dual,True,1,0,4833,3945.474164276532,1.2249478259823332,0.0,0.3011166061609983,3.23965917158399,ok,4.131814002990723,0.5361059383405752,5.150127582701348,0.1300914380714879,0.1872402327514547,0.6826683291770573,Intermediate,High SNR
828408,sub-828408_ses-828408-2025-11-13-10-30-53,dual,True,1,1,4620,3945.474164276532,1.1709619193127208,0.0,0.317761685308814,3.120589147115955,ok,3.8507955074310303,0.443073593073593,4.637212267206845,0.1270323000216778,0.2473444613050076,0.6256232386733146,Low SNR,Intermediate
828408,sub-828408_ses-828408-2025-11-13-10-30-53,dual,True,1,2,5243,3945.474164276532,1.3288643599473149,0.0,0.4693770132601261,3.361460976564925,ok,3.932314872741699,0.4770169750143048,5.470687218213355,0.0778351501243067,0.1713520749665328,0.7508127749091604,Intermediate,High SNR
828408,sub-828408_ses-828408-2025-11-13-10-30-53,dual,True,1,3,5895,3945.474164276532,1.4941169944477248,0.0,0.4702133454859256,3.573837940631001,ok,4.1304192543029785,0.542832909245123,5.204706821988017,0.1200272016320979,0.1842910574634478,0.6956817409044542,Intermediate,High SNR
828408,sub-828408_ses-828408-2025-11-13-10-30-53,dual,True,1,4,5603,3945.474164276532,1.4201081458677869,0.0,0.3408870799362659,3.44281727325041,ok,4.052330493927002,0.5163305372122078,5.144470968463477,0.1001072577761887,0.2003932785126921,0.699499463711119,Intermediate,High SNR
828408,sub-828408_ses-828408-2025-11-13-10-30-53,dual,True,1,5,4924,3945.474164276532,1.2480122274233412,0.0,0.2692679367989301,3.457310094193414,ok,4.087523460388184,0.5257920389926889,5.468705084560713,0.1008762991644589,0.1697574893009985,0.7293662115345425,Intermediate,High SNR
828408,sub-828408_ses-828408-2025-11-13-10-30-53,dual,True,1,6,4972,3945.474164276532,1.2601780655460708,0.0,0.4236548966109752,3.34945492901085,ok,3.849345207214356,0.4402654867256637,5.340365031021054,0.0693209377526273,0.1859337105901374,0.7447453516572352,Intermediate,High SNR
828408,sub-828408_ses-828408-2025-11-13-10-30-53,dual,True,1,7,6570,3945.474164276532,1.6651990930486094,0.0,0.2812435532659292,4.248840342020652,ok,4.6897382736206055,0.639117199391172,5.786568719047157,0.1220592728383745,0.1422242590895203,0.7357164680721051,Intermediate,High SNR
828408,sub-828408_ses-828408-2025-11-13-10-30-53,dual,True,1,8,5738,3945.474164276532,1.4543245655879635,0.0,0.5439983230948447,3.6832810132700033,ok,4.12993860244751,0.5378180550714534,5.660265382244988,0.1009094088842252,0.1483036026582721,0.7507869884575026,Intermediate,High SNR
828408,sub-828408_ses-828408-2025-11-13-10-30-53,dual,True,1,9,13930,3945.474164276532,3.530627605200476,0.0,0.169433958658576,16.13843542025874,ok,5.671332836151123,0.7750179468772433,17.121487463584888,0.0597047173208498,0.0184371624054735,0.9218581202736766,High SNR,High SNR
828408,sub-828408_ses-828408-2025-11-13-10-30-53,dual,True,1,10,6152,3945.474164276532,1.559254919396506,0.0,0.547326950097084,4.295577875810808,ok,4.140124797821045,0.5398244473342002,6.668267614985842,0.0703697670630395,0.1003420752565564,0.829288157680404,High SNR,High SNR
828408,sub-828408_ses-828408-2025-11-13-10-30-53,dual,True,1,11,6000,3945.474164276532,1.5207297653411955,0.0,0.5457473390936851,3.816338888537315,ok,4.157292366027832,0.5481666666666667,5.620245960005837,0.1018735362997658,0.1602542656406825,0.7378721980595517,Intermediate,High SNR
828408,sub-828408_ses-828408-2025-11-13-10-30-53,dual,True,1,12,12671,3945.474164276532,3.211527809439715,0.0,,,ok,300.7393798828125,0.9998421592613054,,,,,Excluded (no baseline noise),Excluded (no baseline noise)
828408,sub-828408_ses-828408-2025-11-13-10-30-53,dual,True,1,13,6297,3945.474164276532,1.5960058887255848,0.0,0.5674306041061878,4.396136971817411,ok,4.180386066436768,0.5543909798316659,6.750543469854451,0.0727475326329194,0.0908946195479146,0.8363578478191659,High SNR,High SNR
828408,sub-828408_ses-828408-2025-11-13-10-30-53,dual,True,1,14,4632,3945.474164276532,1.174003378843403,0.0,0.4037692510128021,3.340174996169949,ok,4.030611991882324,0.5082037996545768,5.47934970448252,0.0996533795493934,0.1655112651646447,0.7348353552859619,Intermediate,High SNR
828408,sub-828408_ses-828408-2025-11-13-10-30-53,dual,True,1,15,17832,3945.474164276532,4.519608862594033,0.0,0.04049944768399,65.79117593561917,ok,14.559930801391602,0.9625953342305968,56.3828775353898,0.0593836272466054,0.0045636373880218,0.9360527353653728,High SNR,High SNR
828408,sub-828408_ses-828408-2025-11-13-10-30-53,dual,True,1,16,11495,3945.474164276532,2.913464775432841,0.0,0.1958844896793365,11.218622733041036,ok,4.973165035247803,0.7076989995650282,14.199299901714864,0.0443242299973824,0.0252159497426053,0.9304598202600122,High SNR,High SNR
828408,sub-828408_ses-828408-2025-11-13-10-30-53,dual,True,1,17,17320,3945.474164276532,4.389839922618251,0.0,0.0464562270551919,58.92006446872099,ok,13.243449211120604,0.9526558891454964,53.70510315555651,0.0539991879821356,0.0055101212226668,0.9404906907951976,High SNR,High SNR
828408,sub-828408_ses-828408-2025-11-13-10-30-53,dual,True,1,18,17118,3945.474164276532,4.338642020518432,0.0,0.0614238035023212,37.1116096280972,ok,9.050821304321287,0.9056548662226896,35.05887640592776,0.0570707959411109,0.0080356619156548,0.9348935421432342,High SNR,High SNR
828408,sub-828408_ses-828408-2025-11-13-10-30-53,dual,True,1,19,4637,3945.474164276532,1.175270653647854,0.0,0.2950677564561367,3.1497141498911803,ok,3.806529045104981,0.4119042484364891,4.7677218352572925,0.0982721382289416,0.252267818574514,0.6494600431965443,Intermediate,High SNR
828408,sub-828408_ses-828408-2025-11-13-10-30-53,dual,True,1,20,4832,3945.474164276532,1.2246943710214429,0.0,0.2356259118676185,3.29961797488196,ok,4.002341747283936,0.5006208609271523,5.02800475471316,0.1131644518272425,0.2138704318936877,0.6729651162790697,Intermediate,High SNR
828408,sub-828408_ses-828408-2025-11-13-10-30-53,dual,True,1,21,6339,3945.474164276532,1.6066509970829732,0.0,0.2675753449469805,3.938313524911073,ok,4.482051849365234,0.6117684177315034,5.382558346683308,0.1287770922322417,0.1680113906027527,0.7032115171650055,Intermediate,High SNR
828408,sub-828408_ses-828408-2025-11-13-10-30-53,dual,True,1,22,6353,3945.474164276532,1.610199366535436,0.0,0.2608875370681285,3.941761413791578,ok,4.2384796142578125,0.5665040138517236,5.989701459682006,0.0807522123893805,0.1313211125158027,0.7879266750948167,High SNR,High SNR
828408,sub-828408_ses-828408-2025-11-13-10-30-53,dual,True,1,23,5368,3945.474164276532,1.3605462300585898,0.0,0.3105185392230749,3.482429347212997,ok,4.156524658203125,0.5497391952309985,5.2831805918980095,0.1181750186985789,0.1724008975317875,0.7094240837696335,Intermediate,High SNR
828408,sub-828408_ses-828408-2025-11-13-10-30-53,dual,True,1,24,6030,3945.474164276532,1.5283334141679017,0.0,0.3942196519374847,3.6253391015439753,ok,4.169759750366211,0.552072968490879,5.326966244103261,0.1003996003996004,0.1804861804861804,0.7191142191142191,Intermediate,High SNR
828408,sub-828408_ses-828408-2025-11-13-10-30-53,dual,True,1,25,6600,3945.474164276532,1.6728027418753153,0.0,0.2627744321197271,4.4159597459173,ok,4.9241251945495605,0.6768181818181818,5.8695024753547695,0.1326143095852954,0.1396020051648184,0.7277836852498861,Intermediate,High SNR
828408,sub-828408_ses-828408-2025-11-13-10-30-53,dual,True,1,26,8000,3945.474164276532,2.027639687121594,0.0,0.3838046469569206,5.399566185856653,ok,5.387929916381836,0.72575,5.955558770949599,0.1711021842832036,0.1230228471001757,0.7058749686166207,Intermediate,High SNR
828408,sub-828408_ses-828408-2025-11-13-10-30-53,dual,True,1,27,7153,3945.474164276532,1.812963335247596,0.0,0.2529493179559707,4.176336091877852,ok,4.4489054679870605,0.6162449321962813,5.872682517481008,0.1102704217458315,0.1377329410116295,0.7519966372425388,Intermediate,High SNR
828408,sub-828408_ses-828408-2025-11-13-10-30-53,dual,True,2,0,5321,3839.0703871061314,1.3860126185419952,0.0,0.2619990088105202,3.4692213032693213,ok,3.905580520629883,0.466829543318925,4.954028307599497,0.1122833458929917,0.2157121326299924,0.6720045214770158,Intermediate,High SNR
828408,sub-828408_ses-828408-2025-11-13-10-30-53,dual,True,2,1,5868,3839.0703871061314,1.5284950283037826,0.0,0.271048036891222,3.6928118527814697,ok,4.132252216339111,0.5424335378323109,5.253836193755411,0.1165926937521338,0.196654148173438,0.6867531580744282,Intermediate,High SNR
828408,sub-828408_ses-828408-2025-11-13-10-30-53,dual,True,2,2,4996,3839.0703871061314,1.301356707806015,0.0,0.4515695171535014,3.405574820688879,ok,3.935092449188232,0.4757806244995997,5.586185963221233,0.079037111334002,0.1723169508525576,0.7486459378134404,Intermediate,High SNR
828408,sub-828408_ses-828408-2025-11-13-10-30-53,dual,True,2,3,6088,3839.0703871061314,1.585800567878907,0.0,0.243904443258047,4.10982179057156,ok,4.344230651855469,0.5909986859395532,5.74627965644958,0.1393051210274987,0.1435863658817718,0.7171085130907294,Intermediate,High SNR
828408,sub-828408_ses-828408-2025-11-13-10-30-53,dual,True,2,4,5362,3839.0703871061314,1.3966922872809957,0.0,0.2496872334480285,3.64383149540068,ok,4.148063659667969,0.5438269302499068,5.3787398675445175,0.1305809826265645,0.1722398654959835,0.6971791518774519,Intermediate,High SNR
828408,sub-828408_ses-828408-2025-11-13-10-30-53,dual,True,2,5,5215,3839.0703871061314,1.358401767655799,0.0,0.1605837848246097,3.5708604207477537,ok,4.163536071777344,0.5449664429530201,5.139136996948372,0.1480484522207268,0.1959238607960007,0.6560276869832724,Low SNR,Intermediate
828408,sub-828408_ses-828408-2025-11-13-10-30-53,dual,True,2,6,4361,3839.0703871061314,1.135952082214178,0.0,0.1706653482824563,3.191346214316494,ok,3.910339832305908,0.4682412290759,4.575663202531463,0.1502638219775177,0.2479926588667125,0.6017435191557696,Low SNR,Intermediate
828408,sub-828408_ses-828408-2025-11-13-10-30-53,dual,True,2,7,4475,3839.0703871061314,1.1656467709031062,0.0,0.18506618681252,3.157167880808788,ok,4.0059895515441895,0.5018994413407821,4.430967961856539,0.1666666666666666,0.2590604026845637,0.5742729306487696,Low SNR,Intermediate
828408,sub-828408_ses-828408-2025-11-13-10-30-53,dual,True,2,8,4372,3839.0703871061314,1.1388173591929345,0.0,0.2861193374454975,3.222033924251241,ok,3.881650447845459,0.4650045745654163,4.93769003865505,0.1162844036697247,0.2149082568807339,0.6688073394495413,Intermediate,High SNR
828408,sub-828408_ses-828408-2025-11-13-10-30-53,dual,True,2,9,4688,3839.0703871061314,1.2211289524008406,0.0,0.3385144821166992,3.225914229478584,ok,4.06303071975708,0.5174914675767918,4.658026082699883,0.1563434429730884,0.2360102520290474,0.6076463049978642,Low SNR,Intermediate
828408,sub-828408_ses-828408-2025-11-13-10-30-53,dual,True,2,10,6620,3839.0703871061314,1.7243757817605727,0.0,0.141748304387927,4.111760863103109,ok,4.27601957321167,0.5787009063444108,5.585233112599592,0.1110942939306795,0.1666414408960193,0.722264265173301,Intermediate,High SNR
828408,sub-828408_ses-828408-2025-11-13-10-30-53,dual,True,2,11,6434,3839.0703871061314,1.6759265528470582,0.0,0.3001793334782123,4.020259922273467,ok,4.463541030883789,0.6182778986633509,5.869869634782669,0.1134806973848069,0.1533312577833125,0.7331880448318805,Intermediate,High SNR
828408,sub-828408_ses-828408-2025-11-13-10-30-53,dual,True,2,12,6573,3839.0703871061314,1.7121332346695233,0.0,0.4140452944099902,4.431207760627528,ok,4.692571640014648,0.6503879507074395,5.868093511476683,0.1770626811041634,0.1175842610950129,0.7053530578008236,Intermediate,High SNR
828408,sub-828408_ses-828408-2025-11-13-10-30-53,dual,True,2,13,6989,3839.0703871061314,1.8204928004115768,0.0,0.4308075077891349,4.920624521548947,ok,4.199246406555176,0.5676062383745887,7.472945165794859,0.0658631080499354,0.0905438369923948,0.8435930549576697,High SNR,High SNR
828408,sub-828408_ses-828408-2025-11-13-10-30-53,dual,True,2,14,6718,3839.0703871061314,1.749902794844037,0.0,0.4347193757772445,4.0612970433005975,ok,4.0883073806762695,0.5309615957130098,5.932866086422438,0.0796420581655481,0.1412378821774794,0.7791200596569724,High SNR,High SNR
828408,sub-828408_ses-828408-2025-11-13-10-30-53,dual,True,2,15,5369,3839.0703871061314,1.398515645358386,0.0,0.1625071103453636,3.7845893564676873,ok,4.04326057434082,0.5144347178245483,5.270862663454395,0.1335571721693713,0.1757134862898713,0.6907293415407573,Intermediate,High SNR
828408,sub-828408_ses-828408-2025-11-13-10-30-53,dual,True,2,16,4446,3839.0703871061314,1.1580928588682031,0.0,0.3638570540964603,3.1870453209346987,ok,3.757291793823242,0.405982905982906,5.003769026108445,0.0889439315469488,0.2258500337761765,0.6852060346768746,Intermediate,High SNR
828408,sub-828408_ses-828408-2025-11-13-10-30-53,dual,True,2,17,5592,3839.0703871061314,1.4566026241095351,0.0,0.3606815720379352,3.5069320183070976,ok,3.8895022869110094,0.4545779685264663,5.1075676365601055,0.1089605734767025,0.2025089605734767,0.6885304659498208,Intermediate,High SNR
828408,sub-828408_ses-828408-2025-11-13-10-30-53,dual,True,2,18,5717,3839.0703871061314,1.4891625897772196,0.0,0.2707025328844785,3.662026272673741,ok,4.077095985412598,0.5263249956270771,5.131726060748581,0.1267950963222416,0.1975481611208406,0.6756567425569177,Intermediate,High SNR
828408,sub-828408_ses-828408-2025-11-13-10-30-53,dual,True,2,19,4077,3839.0703871061314,1.0619758402171986,0.0,0.31170388815701,3.114968634463346,ok,3.6735262870788574,0.3502575423105224,4.953629369842004,0.0788697788697788,0.2282555282555282,0.6928746928746928,Intermediate,High SNR
828408,sub-828408_ses-828408-2025-11-13-10-30-53,dual,True,2,20,4045,3839.0703871061314,1.0536404890062714,0.0,0.1808837193086743,3.0752636708548726,ok,3.8501322269439697,0.4442521631644004,4.634596853196661,0.1337468982630273,0.2496277915632754,0.6166253101736973,Low SNR,Intermediate
828408,sub-828408_ses-828408-2025-11-13-10-30-53,dual,True,2,21,4101,3839.0703871061314,1.068227353625394,0.0,0.166274427357316,3.069858192986038,ok,3.7795989513397217,0.4062423799073397,4.580064638733168,0.1207233626588465,0.2693059628543499,0.6099706744868035,Low SNR,Intermediate
828408,sub-828408_ses-828408-2025-11-13-10-30-53,dual,True,2,22,3291,3839.0703871061314,0.8572387760987983,0.0,0.1934934888392686,2.835843401399601,ok,3.669705390930176,0.35247645092677,4.518787875824377,0.11830900243309,0.2801094890510949,0.601581508515815,Low SNR,Intermediate
828408,sub-828408_ses-828408-2025-11-13-10-30-53,dual,True,2,23,5252,3839.0703871061314,1.3680395174934332,0.0,0.1853096126005053,3.4884345675652573,ok,4.043723106384277,0.5131378522467631,4.931374428679623,0.1378718535469107,0.2126239511823036,0.6495041952707856,Low SNR,Intermediate
828408,sub-828408_ses-828408-2025-11-13-10-30-53,dual,True,2,24,4595,3839.0703871061314,1.1969043379440834,0.0,0.2091707856148481,3.215385177449475,ok,3.923075199127197,0.473993471164309,5.057436966354092,0.1021786492374727,0.2132897603485838,0.6845315904139434,Intermediate,High SNR
828408,sub-828408_ses-828408-2025-11-13-10-30-53,dual,True,2,25,3725,3839.0703871061314,0.970286976896999,0.0,0.252319240951538,2.979684960187704,ok,3.925602436065674,0.4778523489932886,4.911854209076709,0.1087832393231265,0.2237442922374429,0.6674724684394305,Intermediate,High SNR
828408,sub-828408_ses-828408-2025-11-13-10-30-53,dual,True,2,26,3426,3839.0703871061314,0.8924035390198977,0.0,0.1591469794929027,2.886513897473173,ok,3.7639431953430176,0.4153531815528313,4.786784632289852,0.1118266978922716,0.2368266978922716,0.6513466042154566,Intermediate,Intermediate
828408,sub-828408_ses-828408-2025-11-13-10-30-53,dual,True,2,27,3766,3839.0703871061314,0.9809666456359996,0.0,0.2358327856779098,2.927419329915988,ok,3.672053098678589,0.3645778013807753,4.922030896502624,0.0894806924101198,0.2268974700399467,0.6836218375499334,Intermediate,High SNR
828408,sub-828408_ses-828408-2025-11-13-10-30-53,dual,True,2,28,4461,3839.0703871061314,1.1620000547483256,0.0,0.1827665051624178,3.150993938205229,ok,4.038242340087891,0.5162519614436225,5.5854377057336215,0.079928154467894,0.1690615177368657,0.7510103277952402,Intermediate,High SNR
828408,sub-828408_ses-828408-2025-11-13-10-30-53,dual,True,2,29,3327,3839.0703871061314,0.8666160462110915,0.0,0.1718804336696863,2.8157129857826737,ok,3.738911867141724,0.3892395551547941,4.52855670873212,0.1175406871609403,0.2790837854128993,0.6033755274261603,Low SNR,Intermediate
828408,sub-828408_ses-828408-2025-11-13-10-30-53,dual,True,2,30,5155,3839.0703871061314,1.34277298413531,0.0,0.2354275436550378,3.503823774727988,ok,4.58468770980835,0.6180407371483996,4.68686619846912,0.1704236300038865,0.224640497473766,0.6049358725223475,Low SNR,Intermediate
828408,sub-828408_ses-828408-2025-11-13-10-30-53,dual,True,2,31,3841,3839.0703871061314,1.0005026250366102,0.0,0.196425246861577,3.006355246538903,ok,3.956493616104126,0.4858109867222077,4.961255141464234,0.1223903966597077,0.2108559498956158,0.6667536534446764,Intermediate,High SNR
828408,sub-828408_ses-828408-2025-11-13-10-30-53,dual,True,2,32,4711,3839.0703871061314,1.2271199860836943,0.0,0.2561100201576948,3.2405744642292995,ok,4.160323143005371,0.5446826576098492,4.495462666121508,0.1689332766680833,0.2403314917127071,0.5907352316192095,Low SNR,Intermediate
828408,sub-828408_ses-828408-2025-11-13-10-30-53,dual,True,2,33,6887,3839.0703871061314,1.793923868426747,0.0,0.3706198658823967,4.261392036958531,ok,4.222477436065674,0.5718019456947873,5.739146798424368,0.1046663759267335,0.1565634539904055,0.7387701700828608,Intermediate,High SNR
828408,sub-828408_ses-828408-2025-11-13-10-30-53,dual,True,2,34,4509,3839.0703871061314,1.1745030815647164,0.0,0.2441123554140329,3.2455286756361432,ok,4.041236877441406,0.5165225105344866,5.138419207738531,0.1284505788067675,0.1967943009795191,0.6747551202137133,Intermediate,High SNR
828408,sub-828408_ses-828408-2025-11-13-10-30-53,dual,True,2,35,4224,3839.0703871061314,1.1002663598423956,0.0,0.1908143581151962,3.1541072065345093,ok,3.949508666992188,0.4820075757575757,4.883256622148915,0.1253858940869152,0.2194253146521016,0.6551887912609832,Intermediate,Intermediate
828408,sub-828408_ses-828408-2025-11-13-10-30-53,dual,True,2,36,5580,3839.0703871061314,1.4534768674054377,0.0,0.2257265007555484,3.637429015924406,ok,4.213921546936035,0.5562724014336917,5.223205915679264,0.1304737975592247,0.1884422110552764,0.6810839913854989,Intermediate,High SNR
828408,sub-828408_ses-828408-2025-11-13-10-30-53,dual,True,2,37,7886,3839.0703871061314,2.0541431140428816,0.0,0.181387162323296,5.126952679937795,ok,4.592062473297119,0.6434187167131625,6.77042595526553,0.1009407576913297,0.1081871345029239,0.7908721078057462,High SNR,High SNR
828408,sub-828408_ses-828408-2025-11-13-10-30-53,dual,True,2,38,5627,3839.0703871061314,1.465719414496487,0.0,0.3594778863608837,3.596950362827656,ok,4.040924072265625,0.5169717433801315,5.528607378854734,0.0986291614740964,0.1717998931814135,0.72957094534449,Intermediate,High SNR
828408,sub-828408_ses-828408-2025-11-13-10-30-53,dual,True,2,39,5564,3839.0703871061314,1.449309191799974,0.0,0.105517330160737,3.685397666105498,ok,4.03346061706543,0.5098849748382459,4.670247431004487,0.1559120403749098,0.2344989185291997,0.6095890410958904,Low SNR,Intermediate
828408,sub-828408_ses-828408-2025-11-13-10-30-53,dual,True,2,40,5699,3839.0703871061314,1.484473954721073,0.0,0.1473158145859837,3.582801144004813,ok,4.051079750061035,0.5127215300929988,5.008468288643963,0.1235718052381789,0.2105818245737388,0.6658463701880822,Intermediate,High SNR
828408,sub-828408_ses-828408-2025-11-13-10-30-53,dual,True,2,41,6828,3839.0703871061314,1.7785555646315998,0.0,0.1027939703285694,4.090041909664652,ok,4.197022438049316,0.5553602811950791,5.505156254758169,0.1138868479059515,0.1744305657604702,0.7116825863335783,Intermediate,High SNR
828408,sub-828408_ses-828408-2025-11-13-10-30-53,dual,True,2,42,5265,3839.0703871061314,1.3714257539228725,0.0,0.1302068047910928,3.4587488358392138,ok,3.994371175765991,0.4970560303893637,4.329108132296983,0.1778158947970268,0.2649132837812083,0.5572708214217649,Low SNR,Intermediate
828408,sub-828408_ses-828408-2025-11-13-10-30-53,dual,True,2,43,5337,3839.0703871061314,1.3901802941474588,0.0,0.1435664366528391,3.490238189060704,ok,4.05240535736084,0.515270751358441,4.354198931713873,0.1845517759819582,0.2580342040969742,0.5574140199210674,Low SNR,Intermediate
828408,sub-828408_ses-828408-2025-11-13-10-30-53,dual,True,2,44,3679,3839.0703871061314,0.9583049095312912,0.0,0.2022285830408334,3.014817675522133,ok,3.805967807769776,0.4300081543897798,4.684070740999262,0.128777566022325,0.2414919684181867,0.6297304655594882,Low SNR,Intermediate
828408,sub-828408_ses-828408-2025-11-13-10-30-53,dual,True,2,45,4295,3839.0703871061314,1.1187604203416406,0.0,0.3063861442834139,3.268602072255287,ok,4.033937454223633,0.5131548311990687,5.14589234835181,0.1276546091015169,0.1911318553092182,0.6812135355892649,Intermediate,High SNR
828408,sub-828408_ses-828408-2025-11-13-10-30-53,dual,True,2,46,4687,3839.0703871061314,1.2208684726754993,0.0,0.2478882884860038,3.289340727118562,ok,4.079214572906494,0.5261361211862599,5.477845337758708,0.0961538461538461,0.1602564102564102,0.7435897435897436,Intermediate,High SNR
828408,sub-828408_ses-828408-2025-11-13-10-30-53,dual,True,2,47,4528,3839.0703871061314,1.1794521963462044,0.0,0.2579552267342805,3.24572815591355,ok,3.926227569580078,0.4748233215547703,4.82597719165395,0.1264647357948264,0.2301569754587663,0.6433782887464072,Low SNR,Intermediate
828408,sub-828408_ses-828408-2025-11-13-10-30-53,dual,True,2,48,4621,3839.0703871061314,1.2036768108029616,0.0,0.1649323324084282,3.520368023924364,ok,3.840047836303711,0.4380004328067517,5.451470039507598,0.0908696595098677,0.1787031012795489,0.7304272392105834,Intermediate,High SNR
828408,sub-828408_ses-828408-2025-11-13-10-30-53,dual,True,2,49,5564,3839.0703871061314,1.449309191799974,0.0,0.1942332549154758,3.797877374946816,ok,4.061883926391602,0.5206685837526959,5.658162478151207,0.0953923686105111,0.1632469402447804,0.7413606911447084,Intermediate,High SNR
828408,sub-828408_ses-828408-2025-11-13-10-30-53,dual,True,2,50,4702,3839.0703871061314,1.2247756685556213,0.0,0.2328522033154964,3.4276970147692327,ok,3.925610065460205,0.4749042960442365,5.187050953240051,0.0943959088003409,0.2058384828467931,0.6997656083528659,Intermediate,High SNR
828408,sub-828408_ses-828408-2025-11-13-10-30-53,dual,True,2,51,6597,3839.0703871061314,1.7183847480777188,0.0,0.1207140827581286,4.356317146926038,ok,4.167854309082031,0.5531302107018342,6.274458011468641,0.0758955676988463,0.1268973891924711,0.7972070431086824,High SNR,High SNR
828408,sub-828408_ses-828408-2025-11-13-10-30-53,dual,True,2,52,5731,3839.0703871061314,1.4928093059320005,0.0,0.2273576534718275,3.887358905657545,ok,4.117088317871094,0.5321933344965974,5.427076483061904,0.1326459279972038,0.1651520447396015,0.7022020272631947,Intermediate,High SNR
828408,sub-828408_ses-828408-2025-11-13-10-30-53,dual,True,2,53,7843,3839.0703871061314,2.042942485853198,0.0,0.0856470609158277,5.319767333277662,ok,4.586964130401611,0.6395511921458625,5.897286193743941,0.1507601890890507,0.1254631404113964,0.7237766704995529,Intermediate,High SNR
828408,sub-828408_ses-828408-2025-11-13-10-30-53,dual,True,2,54,6239,3839.0703871061314,1.6251330064054703,0.0,0.2078753057599067,3.952005149512134,ok,4.080742359161377,0.5286103542234333,5.6083783656493225,0.0942063874177499,0.1593644679826673,0.7464291445995828,Intermediate,High SNR
828408,sub-828408_ses-828408-2025-11-13-10-30-53,dual,True,2,55,5376,3839.0703871061314,1.4003390034357763,0.0,0.2607645262420177,3.669656195886404,ok,3.9847142696380615,0.4951636904761904,5.358974397556316,0.0981195308136287,0.1776205548315025,0.7242599143548687,Intermediate,High SNR
828408,sub-828408_ses-828408-2025-11-13-10-30-53,dual,True,2,56,4341,3839.0703871061314,1.1307424877073484,0.0,0.2639786922007799,3.1613453512123173,ok,3.841188907623291,0.4413729555401981,4.870559039097143,0.1019843101061375,0.2438855560682971,0.6541301338255653,Intermediate,High SNR
828408,sub-828408_ses-828408-2025-11-13-10-30-53,dual,True,2,57,5773,3839.0703871061314,1.5037494543963423,0.0,0.3402753838598728,4.048906949225647,ok,4.249728679656982,0.5662567122813096,6.403410281697347,0.0910196282786173,0.1050894563140524,0.8038909154073302,High SNR,High SNR
828408,sub-828408_ses-828408-2025-11-13-10-30-53,dual,True,2,58,5287,3839.0703871061314,1.377156307880385,0.0,0.1722565357357263,3.6396488247931145,ok,4.007386684417725,0.5021751465859656,5.373237377580037,0.0967925602581134,0.1880812298348833,0.7151262099070033,Intermediate,High SNR
828408,sub-828408_ses-828408-2025-11-13-10-30-53,dual,True,2,59,7614,3839.0703871061314,1.98329262875,0.0,0.1005086819171905,4.970270566288954,ok,4.491147041320801,0.6258208563173102,5.717966171162789,0.1464506782562886,0.1415777689977611,0.7119715527459503,Intermediate,High SNR
828408,sub-828408_ses-828408-2025-11-13-10-30-53,dual,True,2,60,7644,3839.0703871061314,1.9911070205102444,0.0,0.1552793958440423,5.030953925206853,ok,4.595503807067871,0.6390633176347462,6.300224717495035,0.1231475409836065,0.1240655737704918,0.7527868852459016,Intermediate,High SNR
828408,sub-828408_ses-828408-2025-11-13-10-30-53,dual,True,2,61,5625,3839.0703871061314,1.465198455045804,0.0,0.179367579947412,3.6290569001042616,ok,4.032851696014404,0.5121777777777777,5.233117498808338,0.1029568934805842,0.1959387246170288,0.7011043819023869,Intermediate,High SNR
828408,sub-828408_ses-828408-2025-11-13-10-30-53,dual,True,2,62,7031,3839.0703871061314,1.83143294887592,0.0,0.099396193921566,4.5282465519289055,ok,4.266763687133789,0.5780116626368937,6.215721613078706,0.0913886512688907,0.1223267750213858,0.7862845737097234,High SNR,High SNR
828408,sub-828408_ses-828408-2025-11-18-14-44-48,dual,True,1,0,2768,3967.5823308010586,0.6976540797935095,0.0,0.3082703440546989,2.760017142549718,ok,3.5809645652771,0.3211705202312139,5.162514995955132,0.0499276410998552,0.2058610709117221,0.7442112879884226,Intermediate,High SNR
828408,sub-828408_ses-828408-2025-11-18-14-44-48,dual,True,1,1,4162,3967.5823308010586,1.0490015462791136,0.0,0.3874273688077926,3.10497781818703,ok,3.9570279121398926,0.486304661220567,5.597699853324599,0.0772005772005772,0.1568061568061568,0.765993265993266,Intermediate,High SNR
828408,sub-828408_ses-828408-2025-11-18-14-44-48,dual,True,1,2,5348,3967.5823308010586,1.3479241397166506,0.0,0.4789725204706191,3.601315326930234,ok,4.234935283660889,0.5611443530291698,5.739948232927231,0.1021747281589801,0.1439820022497188,0.7538432695913011,Intermediate,High SNR
828408,sub-828408_ses-828408-2025-11-18-14-44-48,dual,True,1,3,4314,3967.5823308010586,1.0873120304296242,0.0,0.4109900395274162,3.209743538481907,ok,4.076266288757324,0.5217895224849328,5.489994926690795,0.0989776951672862,0.1635687732342007,0.737453531598513,Intermediate,High SNR
828408,sub-828408_ses-828408-2025-11-18-14-44-48,dual,True,1,4,4841,3967.5823308010586,1.2201385116619867,0.0,0.4000942142128944,3.186515603527566,ok,3.830723762512207,0.4395785994629209,5.019737115723582,0.0982419855222337,0.2099276111685625,0.6918304033092038,Intermediate,High SNR
828408,sub-828408_ses-828408-2025-11-18-14-44-48,dual,True,1,5,5199,3967.5823308010586,1.3103697835427948,0.0,0.4486002461314201,3.4132554928243937,ok,4.196599960327148,0.5547220619349875,5.626964234797418,0.0911368015414258,0.1543352601156069,0.7545279383429673,Intermediate,High SNR
828408,sub-828408_ses-828408-2025-11-18-14-44-48,dual,True,1,6,4683,3967.5823308010586,1.1803157715581665,0.0,0.289502002608776,3.174721429812158,ok,3.9742512702941895,0.4898569293188127,4.925020109225507,0.1102075754333404,0.2274769955060988,0.6623154290605606,Low SNR,High SNR
828408,sub-828408_ses-828408-2025-11-18-14-44-48,dual,True,1,7,5091,3967.5823308010586,1.2831491763832217,0.0,0.4884988340914249,3.371054359954237,ok,4.055634498596191,0.521704969554115,5.589167113682529,0.0904621435594886,0.1626352015732546,0.7469026548672566,Intermediate,High SNR
828408,sub-828408_ses-828408-2025-11-18-14-44-48,dual,True,1,8,4674,3967.5823308010586,1.178047387628202,0.0,0.3374673657149076,3.219166355425908,ok,4.080055236816406,0.5216089002995293,5.634997196748687,0.0859408486926703,0.153450492927561,0.7606086583797685,Intermediate,High SNR
828408,sub-828408_ses-828408-2025-11-18-14-44-48,dual,True,1,9,5468,3967.5823308010586,1.3781692587828431,0.0,0.3454856037229299,3.522167193234914,ok,4.297706604003906,0.5780907095830286,5.493709025355282,0.1078952189045612,0.1604689503572083,0.7316358307382305,Intermediate,High SNR
828408,sub-828408_ses-828408-2025-11-18-14-44-48,dual,True,1,10,4961,3967.5823308010586,1.2503836307281793,0.0,0.4411934390902519,3.2613840913918755,ok,3.844862699508667,0.4370086676073372,5.230522077870539,0.0857373411337502,0.1952794028646358,0.7189832560016138,Intermediate,High SNR
828408,sub-828408_ses-828408-2025-11-18-14-44-48,dual,True,1,11,4195,3967.5823308010586,1.0573189540223165,0.0,0.3088943898171186,3.0534277649489363,ok,4.041814804077148,0.5094159713945173,5.202407948741554,0.1011450381679389,0.1939408396946564,0.7049141221374046,Intermediate,High SNR
828408,sub-828408_ses-828408-2025-11-18-14-44-48,dual,True,1,12,11570,3967.5823308010586,2.9161335632987373,0.0,0.7463088028907775,5.92209144795069,ok,5.279892921447754,0.7470181503889369,5.071049692004699,0.1763891293058681,0.1909295482084126,0.6326813224857192,Low SNR,Intermediate
828408,sub-828408_ses-828408-2025-11-18-14-44-48,dual,True,1,13,5192,3967.5823308010586,1.3086054849306,0.0,0.3966376276731491,3.3321647897861744,ok,3.891302108764648,0.4587827426810477,5.4260026777073165,0.0716077977224474,0.1773788843852538,0.7510133178922987,Intermediate,High SNR
828408,sub-828408_ses-828408-2025-11-18-14-44-48,dual,True,1,14,5222,3967.5823308010586,1.3161667646971482,0.0,0.6437653168916702,3.512074793221412,ok,3.863437175750733,0.4477211796246649,5.617023631575102,0.0714696301973558,0.1626748419237401,0.765855527878904,Intermediate,High SNR
828408,sub-828408_ses-828408-2025-11-18-14-44-48,dual,True,1,15,4884,3967.5823308010586,1.230976345994039,0.0,0.4744190873980521,3.315965114769732,ok,4.027296543121338,0.5112612612612613,5.347974661215151,0.1001642036124794,0.1898604269293924,0.7099753694581281,Intermediate,High SNR
828408,sub-828408_ses-828408-2025-11-18-14-44-48,dual,True,1,16,5902,3967.5823308010586,1.4875557727389064,0.0,0.437315151643753,3.80452480964174,ok,4.547515869140625,0.6286004744154524,6.164447435092268,0.1010015277542013,0.1218808351722967,0.7771176370735019,Intermediate,High SNR
828408,sub-828408_ses-828408-2025-11-18-14-44-48,dual,True,1,17,4149,3967.5823308010586,1.045724991713609,0.0,0.3288467104643583,3.076408494596825,ok,4.017853260040283,0.5061460592913956,5.450165848242169,0.0837153196622436,0.161881785283474,0.7544028950542823,Intermediate,High SNR
828408,sub-828408_ses-828408-2025-11-18-14-44-48,dual,True,1,18,16813,3967.5823308010586,4.237593223832469,0.0,0.0156598699657246,135.2479218894895,ok,29.54652214050293,0.9977398441682032,125.75242689569724,0.049314251639833,0.0022659511031604,0.9484197972570064,High SNR,High SNR
828408,sub-828408_ses-828408-2025-11-18-14-44-48,dual,True,1,19,11921,3967.5823308010586,3.0046005365673505,0.0,,,ok,985.2244262695312,0.9999161144199312,,,,,Excluded (no baseline noise),Excluded (no baseline noise)
828408,sub-828408_ses-828408-2025-11-18-14-44-48,dual,True,1,20,12773,3967.5823308010586,3.219340881937318,0.0,,,ok,418.08599853515625,0.999843419713458,,,,,Excluded (no baseline noise),Excluded (no baseline noise)
828408,sub-828408_ses-828408-2025-11-18-14-44-48,dual,True,1,21,8140,3967.5823308010586,2.051627243323398,0.0,0.3457722313195467,6.247288697789573,ok,4.245089530944824,0.5723587223587223,9.148112250218206,0.0460307692307692,0.0489846153846153,0.9049846153846154,High SNR,High SNR
828408,sub-828408_ses-828408-2025-11-18-14-44-48,dual,True,1,22,13842,3967.5823308010586,3.488774484285317,0.0,0.1349645268559456,14.880617336887006,ok,5.252259254455566,0.7477243172951885,17.532092580131863,0.0431259044862518,0.0151953690303907,0.9416787264833576,High SNR,High SNR
828408,sub-828408_ses-828408-2025-11-18-14-44-48,dual,True,1,23,17084,3967.5823308010586,4.305896784390288,0.0,0.0255889471113681,115.53222879505807,ok,25.81143379211425,0.9991219854834932,108.13070321635604,0.0437485338963171,0.0027562749237626,0.9534951911799202,High SNR,High SNR
828408,sub-828408_ses-828408-2025-11-18-14-44-48,dual,True,1,24,14922,3967.5823308010586,3.7609805558810505,0.0,0.0960606961637735,19.120049057327392,ok,6.003276824951172,0.8063262297279186,21.047680874859275,0.0418289243990868,0.011749697864912,0.9464213777360012,High SNR,High SNR
828408,sub-828408_ses-828408-2025-11-18-14-44-48,dual,True,1,25,17744,3967.5823308010586,4.472244939254347,0.0,0.0309470097273588,70.47568058092766,ok,15.529012680053713,0.9656785392245266,65.77959365000257,0.0456933069754306,0.0042925727195707,0.9500141203049984,High SNR,High SNR
828408,sub-828408_ses-828408-2025-11-18-14-44-48,dual,True,1,26,0,3967.5823308010586,0.0,,,,rectified_trace,,,,,,,Excluded (no baseline noise),Excluded (no baseline noise)
828408,sub-828408_ses-828408-2025-11-18-14-44-48,dual,True,1,27,12544,3967.5823308010586,3.161623113052668,0.0,,,ok,384.048583984375,0.9999202806122448,,,,,Excluded (no baseline noise),Excluded (no baseline noise)
828408,sub-828408_ses-828408-2025-11-18-14-44-48,dual,True,1,28,17907,3967.5823308010586,4.513327892652592,0.0,0.0446542471412569,50.14066881729254,ok,11.209001541137695,0.9385715083486904,45.61659947994927,0.0462968146447965,0.0065498516486592,0.9471533337065442,High SNR,High SNR
828408,sub-828408_ses-828408-2025-11-18-14-44-48,dual,True,1,29,11271,3967.5823308010586,2.8407728082921406,0.0,,,ok,3067.55419921875,0.9994676603673144,,,,,Excluded (no baseline noise),Excluded (no baseline noise)
828408,sub-828408_ses-828408-2025-11-18-14-44-48,dual,True,1,30,5078,3967.5823308010586,1.2798726218177172,0.0,0.4336014088511467,3.320425373056501,ok,3.93549108505249,0.4736116581331233,5.161872482894322,0.0964497041420118,0.1964497041420118,0.7071005917159763,Intermediate,High SNR
828408,sub-828408_ses-828408-2025-11-18-14-44-48,dual,True,1,31,5727,3967.5823308010586,1.443448307434042,0.0,0.2679046993643045,4.213397942141592,ok,4.151020050048828,0.5414702287410511,6.662558625750772,0.0690800979363413,0.0953130465197621,0.8356068555438965,High SNR,High SNR
828408,sub-828408_ses-828408-2025-11-18-14-44-48,dual,True,1,32,5903,3967.5823308010586,1.4878078153977914,0.0,0.311806397178769,4.225112279308723,ok,4.513951778411865,0.6144333389801796,7.049828512404179,0.0680352901255514,0.0821174075330845,0.8498473023413641,High SNR,High SNR
828408,sub-828408_ses-828408-2025-11-18-14-44-48,dual,True,1,33,7191,3967.5823308010586,1.812438760041592,0.0,0.5892739069104195,4.472670582455938,ok,4.385715007781982,0.6070087609511889,6.182858547277179,0.1042884990253411,0.137844611528822,0.7578668894458368,Intermediate,High SNR
828408,sub-828408_ses-828408-2025-11-18-14-44-48,dual,True,1,34,4993,3967.5823308010586,1.2584489958124974,0.0,0.490624659115076,3.282472546424227,ok,3.947439670562744,0.4784698578009212,5.195405281339311,0.0925331192292252,0.2043356081894821,0.7031312725812926,Intermediate,High SNR
828408,sub-828408_ses-828408-2025-11-18-14-44-48,dual,True,1,35,5495,3967.5823308010586,1.3849744105727364,0.0,0.6848119175255298,3.6377117669122754,ok,3.8995361328125,0.4606005459508644,5.58086959425367,0.0768810347968664,0.1690654035343414,0.7540535616687921,Intermediate,High SNR
828408,sub-828408_ses-828408-2025-11-18-14-44-48,dual,True,1,36,4416,3967.5823308010586,1.113020381635888,0.0,0.4517941974878311,3.161756429405801,ok,3.91725492477417,0.4723731884057971,5.634360646004813,0.0607709750566893,0.1594104308390022,0.7798185941043084,Intermediate,High SNR
828408,sub-828408_ses-828408-2025-11-18-14-44-48,dual,True,1,37,5925,3967.5823308010586,1.49335275389326,0.0,0.3317539900392294,3.955714030215557,ok,4.367884635925293,0.6033755274261603,6.305505911101892,0.082291314633322,0.1155795876985468,0.8021290976681311,Intermediate,High SNR
828408,sub-828408_ses-828408-2025-11-18-14-44-48,dual,True,1,38,4476,3967.5823308010586,1.1281429411689845,0.0,0.4639529162764549,3.272109382342471,ok,3.954265832901001,0.4850312779267203,5.675341438634247,0.0715723551778125,0.1581301722209796,0.7702974726012077,Intermediate,High SNR
828408,sub-828408_ses-828408-2025-11-18-14-44-48,dual,True,1,39,8646,3967.5823308010586,2.1791608287191773,0.0,0.2206540715754032,9.246669627027927,ok,4.297588348388672,0.5887115429100162,13.726784729523525,0.0335881399119759,0.0202687051192958,0.9461431549687284,High SNR,High SNR
828408,sub-828408_ses-828408-2025-11-18-14-44-48,dual,True,1,40,4408,3967.5823308010586,1.1110040403648085,0.0,0.2300809028416872,3.119225087249802,ok,3.9096927642822266,0.4668784029038113,4.994570884191893,0.0938849738576949,0.213230279609002,0.692884746533303,Intermediate,High SNR
828408,sub-828408_ses-828408-2025-11-18-14-44-48,dual,True,1,41,5359,3967.5823308010586,1.3506966089643848,0.0,0.3705237857669591,3.4243874652076416,ok,4.0144782066345215,0.5047583504385147,5.30781627962764,0.0826941066417212,0.1943872778297474,0.7229186155285313,Intermediate,High SNR
828408,sub-828408_ses-828408-2025-11-18-14-44-48,dual,True,1,42,5136,3967.5823308010586,1.2944910960330436,0.0,0.2643377609789371,3.287223980363269,ok,4.053238868713379,0.5169392523364486,5.105543649664427,0.1100273117440499,0.2028872415138509,0.6870854467420991,Low SNR,High SNR
828408,sub-828408_ses-828408-2025-11-18-14-44-48,dual,True,1,43,4725,3967.5823308010586,1.190901563231334,0.0,0.361951093250513,3.297014042651941,ok,3.92836856842041,0.4755555555555555,5.4956120112030185,0.0885405634399491,0.1660665113323448,0.745392925227706,Intermediate,High SNR
828408,sub-828408_ses-828408-2025-11-18-14-44-48,dual,True,1,44,8312,3967.5823308010586,2.094978580651608,0.0,0.2721390289217233,5.042497207408035,ok,4.855424880981445,0.6815447545717036,6.579429866584258,0.0941941700794989,0.1069621777884847,0.7988436521320164,Intermediate,High SNR
828408,sub-828408_ses-828408-2025-11-18-14-44-48,dual,True,1,45,7587,3967.5823308010586,1.912247652960028,0.0,0.1469237286239862,5.083707256926611,ok,4.545980930328369,0.6254118887570845,6.95521654871435,0.0850838948341921,0.0874620161183775,0.8274540890474303,Intermediate,High SNR
828408,sub-828408_ses-828408-2025-11-18-14-44-48,dual,True,1,46,4744,3967.5823308010586,1.1956903737501476,0.0,0.3180364934384823,3.2748072818504155,ok,4.111449718475342,0.5295109612141653,5.449390742255478,0.0992398648648648,0.1682854729729729,0.7324746621621622,Intermediate,High SNR
828408,sub-828408_ses-828408-2025-11-18-14-44-48,dual,True,1,47,6556,3967.5823308010586,1.652391671649656,0.0,0.4812522857666015,4.204633255421056,ok,4.337888240814209,0.5857230018303844,6.447407208439028,0.0650282399633643,0.103953594871012,0.8310181651656235,High SNR,High SNR
828408,sub-828408_ses-828408-2025-11-18-14-44-48,dual,True,1,48,5540,3967.5823308010586,1.3963163302225587,0.0,0.3767891415953636,3.818547434503204,ok,4.622083187103272,0.632129963898917,5.931371548577957,0.1131189013371882,0.1376942537043729,0.7491868449584388,Intermediate,High SNR
828408,sub-828408_ses-828408-2025-11-18-14-44-48,dual,True,1,49,12269,3967.5823308010586,3.092311381859309,0.0,0.1570400103852152,12.398314939740503,ok,4.925006866455078,0.7067405656532725,15.607561739855802,0.0351020408163265,0.0164081632653061,0.9484897959183674,High SNR,High SNR
828408,sub-828408_ses-828408-2025-11-18-14-44-48,dual,True,1,50,11128,3967.5823308010586,2.8047307080715944,0.0,,,ok,2812.94287109375,0.9998202731847592,,,,,Excluded (no baseline noise),Excluded (no baseline noise)
828408,sub-828408_ses-828408-2025-11-18-14-44-48,dual,True,1,51,16873,3967.5823308010586,4.2527157833655655,0.0,0.0157920864444226,126.7809102022821,ok,28.21502685546875,0.9988146743317726,122.5088562624037,0.0479980990851847,0.0023761435190685,0.9496257573957468,High SNR,High SNR
828408,sub-828408_ses-828408-2025-11-18-14-44-48,dual,True,1,52,10911,3967.5823308010586,2.750037451093563,0.0,,,ok,5406.39404296875,0.9998166987443864,,,,,Excluded (no baseline noise),Excluded (no baseline noise)
828408,sub-828408_ses-828408-2025-11-18-14-44-48,dual,True,1,53,0,3967.5823308010586,0.0,,,,rectified_trace,,,,,,,Excluded (no baseline noise),Excluded (no baseline noise)
828408,sub-828408_ses-828408-2025-11-18-14-44-48,dual,True,1,54,18538,3967.5823308010586,4.672366810408988,0.0,0.0674407185539603,55.006436768497295,ok,12.160993576049805,0.9429280397022332,44.70080660190027,0.0687027027027027,0.0061081081081081,0.9251891891891892,High SNR,High SNR
828408,sub-828408_ses-828408-2025-11-18-14-44-48,dual,True,1,55,0,3967.5823308010586,0.0,,,,rectified_trace,,,,,,,Excluded (no baseline noise),Excluded (no baseline noise)
828408,sub-828408_ses-828408-2025-11-18-14-44-48,dual,True,1,56,11877,3967.5823308010586,2.993510659576413,0.0,,,ok,1154.7801513671875,0.9994948219247284,,,,,Excluded (no baseline noise),Excluded (no baseline noise)
828408,sub-828408_ses-828408-2025-11-18-14-44-48,dual,True,1,57,0,3967.5823308010586,0.0,,,,rectified_trace,,,,,,,Excluded (no baseline noise),Excluded (no baseline noise)
828408,sub-828408_ses-828408-2025-11-18-14-44-48,dual,True,1,58,18153,3967.5823308010586,4.575330386738287,0.0,0.0269823297098278,80.20543350961226,ok,17.573835372924805,0.9771387649424338,69.89919740952367,0.0571712377904089,0.0050769825064841,0.9377517797031067,High SNR,High SNR
828408,sub-828408_ses-828408-2025-11-18-14-44-48,dual,True,1,59,13342,3967.5823308010586,3.362753154842848,0.0,0.1273176852196454,13.730203027821847,ok,5.186162948608398,0.7337730475191125,16.182189371121105,0.0447615471273,0.0171986481411941,0.9380398047315058,High SNR,High SNR
828408,sub-828408_ses-828408-2025-11-18-14-44-48,dual,True,1,60,15009,3967.5823308010586,3.78290826720404,0.0,0.0055452126908116,373.25549742129846,ok,62.007659912109375,1.0,386.2058275631019,0.0369999332131169,0.0008682294797301,0.9621318373071528,High SNR,High SNR
828408,sub-828408_ses-828408-2025-11-18-14-44-48,dual,True,1,61,10012,3967.5823308010586,2.523451100756003,0.0,0.2117222440034151,8.402761546077695,ok,4.474058628082275,0.6293447862564923,11.480554957621832,0.035524867407185,0.0300210147102972,0.9344541178825178,High SNR,High SNR
828408,sub-828408_ses-828408-2025-11-18-14-44-48,dual,True,1,62,0,3967.5823308010586,0.0,,,,rectified_trace,,,,,,,Excluded (no baseline noise),Excluded (no baseline noise)
828408,sub-828408_ses-828408-2025-11-18-14-44-48,dual,True,1,63,0,3967.5823308010586,0.0,,,,rectified_trace,,,,,,,Excluded (no baseline noise),Excluded (no baseline noise)
828408,sub-828408_ses-828408-2025-11-18-14-44-48,dual,True,1,64,6362,3967.5823308010586,1.603495395825978,0.0,0.499267583566904,4.625628656460129,ok,4.231101512908936,0.5653882426909776,7.040327417913607,0.0741148701809598,0.0846577498033044,0.8412273800157356,High SNR,High SNR
828408,sub-828408_ses-828408-2025-11-18-14-44-48,dual,True,1,65,18084,3967.5823308010586,4.557939443275226,0.0,0.0507005258359015,44.17744637629804,ok,10.3226957321167,0.9304910418049104,39.5329196520247,0.0591236827509706,0.0075984470327232,0.933277870216306,High SNR,High SNR
828408,sub-828408_ses-828408-2025-11-18-14-44-48,dual,True,1,66,14959,3967.5823308010586,3.770306134259793,0.0,0.0064869874030351,384.5244872313491,ok,62.14824295043945,0.999933150611672,395.8184275203197,0.0396836037002279,0.0004021986861509,0.9599141976136212,High SNR,High SNR
828408,sub-828408_ses-828408-2025-11-18-14-44-48,dual,True,1,67,4402,3967.5823308010586,1.1094917844114989,0.0,0.3207414944350719,3.131817388683545,ok,3.854976177215576,0.4466151749204907,4.8769300718854165,0.1084583901773533,0.2360163710777626,0.655525238744884,Low SNR,High SNR
828408,sub-828408_ses-828408-2025-11-18-14-44-48,dual,True,1,68,4896,3967.5823308010586,1.2340008579006585,0.0,0.5219687808394432,3.4295962941268305,ok,3.976712226867676,0.4910130718954248,5.774280622821474,0.0746268656716417,0.158454303823349,0.7669188305050092,Intermediate,High SNR
828408,sub-828408_ses-828408-2025-11-18-14-44-48,dual,True,1,69,7157,3967.5823308010586,1.803869309639504,0.0,0.1389137973815202,4.9577462762065085,ok,4.388254165649414,0.60039122537376,6.95035478226263,0.0783022832329457,0.0794228883597142,0.8422748284073399,High SNR,High SNR
828408,sub-828408_ses-828408-2025-11-18-14-44-48,dual,True,1,70,6427,3967.5823308010586,1.619878168653499,0.0,0.2536409887433052,4.356785360409659,ok,4.477969169616699,0.6058814376847674,6.29612213561638,0.0995319812792511,0.1101404056162246,0.7903276131045242,Intermediate,High SNR
828408,sub-828408_ses-828408-2025-11-18-14-44-48,dual,True,1,71,5981,3967.5823308010586,1.5074671427908166,0.0,0.4184645378708839,3.98068922738787,ok,4.257080554962158,0.5671292426015716,6.065720274949552,0.1013570112246607,0.1199530909700117,0.7786898978053275,Intermediate,High SNR
828408,sub-828408_ses-828408-2025-11-18-14-44-48,dual,True,1,72,4826,3967.5823308010586,1.216357871778713,0.0,0.2947873810261487,3.183354698576959,ok,3.9298794269561768,0.4765851636966431,5.16401202567093,0.098981077147016,0.1923476814306508,0.7086712414223332,Intermediate,High SNR
828408,sub-828408_ses-828408-2025-11-18-14-44-48,dual,True,1,73,4702,3967.5823308010586,1.1851045820769803,0.0,0.3164156358093023,3.148611948491008,ok,3.895791530609131,0.4619310931518502,5.020251139388595,0.1020234291799787,0.2076677316293929,0.6903088391906284,Intermediate,High SNR
828408,sub-828408_ses-828408-2025-11-18-14-44-48,dual,True,1,74,4815,3967.5823308010586,1.2135854025309785,0.0,0.4179344955325126,3.553337429985401,ok,4.262929916381836,0.5671858774662513,6.291371228522417,0.0843724023275145,0.1084788029925187,0.8071487946799667,Intermediate,High SNR
828408,sub-828408_ses-828408-2025-11-18-14-44-48,dual,True,1,75,5621,3967.5823308010586,1.4167317855922388,0.0,0.2557374970704317,3.735361046940705,ok,4.451479911804199,0.5986479274150507,5.905936739657127,0.099108734402852,0.1427807486631016,0.7581105169340463,Intermediate,High SNR
828408,sub-828408_ses-828408-2025-11-18-14-44-48,dual,True,1,76,4946,3967.5823308010586,1.2466029908449052,0.0,0.3735790185570716,3.430735416193462,ok,4.141700744628906,0.5416498180347755,5.805117712006648,0.0941867530889204,0.135912497468098,0.7699007494429816,Intermediate,High SNR
828408,sub-828408_ses-828408-2025-11-18-14-44-48,dual,True,1,77,5601,3967.5823308010586,1.41169093241454,0.0,0.1941281610757112,3.4506691544697743,ok,4.105982303619385,0.5340117836100696,4.885823938503915,0.141860465116279,0.216994633273703,0.6411449016100179,Low SNR,Intermediate
828408,sub-828408_ses-828408-2025-11-18-14-44-48,dual,True,1,78,5578,3967.5823308010586,1.4058939512601865,0.0,0.2597041985481977,3.406858605114321,ok,4.006603240966797,0.5019720329867337,4.768668594299451,0.1287022078621432,0.2407108239095315,0.6305869682283253,Low SNR,Intermediate
828408,sub-828408_ses-828408-2025-11-18-14-44-48,dual,True,1,79,4969,3967.5823308010586,1.252399971999259,0.0,0.3924365251779556,3.8264311019530792,ok,4.109909534454346,0.5345139867176494,6.713434289663284,0.062512603347449,0.0935672514619883,0.8439201451905626,High SNR,High SNR
828408,sub-828408_ses-828408-2025-11-18-14-44-48,dual,True,1,80,8780,3967.5823308010586,2.21293454500976,0.0,0.6553058002352714,4.79022098709762,ok,4.364711761474609,0.6061503416856492,6.406693295664753,0.0775635907379947,0.1194251169157066,0.8030112923462986,Intermediate,High SNR
828408,sub-828408_ses-828408-2025-11-18-14-44-48,dual,True,1,81,5290,3967.5823308010586,1.333305665501324,0.0,0.1841293228402733,3.692361232355782,ok,3.974389314651489,0.4926275992438563,5.755356710120486,0.0830331753554502,0.1370616113744076,0.7799052132701422,Intermediate,High SNR
828408,sub-828408_ses-828408-2025-11-18-14-44-48,dual,True,1,82,5198,3967.5823308010586,1.3101177408839098,0.0,0.353344776007533,3.5281307797613564,ok,4.049539566040039,0.51673720661793,5.767176990100898,0.0795454545454545,0.1436825885978428,0.7767719568567026,Intermediate,High SNR
828408,sub-828408_ses-828408-2025-11-18-14-44-48,dual,True,1,83,6130,3967.5823308010586,1.5450214989646724,0.0,0.2430449360400438,4.092139049718995,ok,4.367492198944092,0.5965742251223491,6.160606942613665,0.0996569188041169,0.1143603986276752,0.7859826825682078,Intermediate,High SNR
828408,sub-828408_ses-828408-2025-11-18-14-44-48,dual,True,1,84,5291,3967.5823308010586,1.333557708160209,0.0,0.2711724174499511,3.688447014736703,ok,4.062718868255615,0.5201285201285202,5.840015955651672,0.0873436907919666,0.1386888973095869,0.7739674118984464,Intermediate,High SNR
828408,sub-828408_ses-828408-2025-11-18-14-44-48,dual,True,1,85,17362,3967.5823308010586,4.375964643560301,0.0,0.0672803051903843,33.16340004710033,ok,8.238075256347656,0.8913719617555581,32.515600157266775,0.0494575253924284,0.007848568790397,0.9426939058171744,High SNR,High SNR
828408,sub-828408_ses-828408-2025-11-18-14-44-48,dual,True,1,86,5495,3967.5823308010586,1.3849744105727364,0.0,0.2983844977140426,3.899281309245254,ok,4.385843753814697,0.5909008189262966,6.367277370902326,0.079489516864175,0.1110300820419325,0.8094804010938924,Intermediate,High SNR
828408,sub-828408_ses-828408-2025-11-18-14-44-48,dual,True,1,87,12740,3967.5823308010586,3.211023474194115,0.0,,,ok,316.806396484375,0.9999215070643642,,,,,Excluded (no baseline noise),Excluded (no baseline noise)
828408,sub-828408_ses-828408-2025-11-18-14-44-48,dual,True,1,88,11849,3967.5823308010586,2.986453465127635,0.0,,,ok,952.587890625,0.9997468140771372,,,,,Excluded (no baseline noise),Excluded (no baseline noise)
828408,sub-828408_ses-828408-2025-11-18-14-44-48,dual,True,1,89,5770,3967.5823308010586,1.4542861417660946,0.0,0.4353347392022609,3.783365960424182,ok,4.235657691955566,0.5651646447140382,6.143091800049799,0.0702149791955617,0.1230929264909847,0.8066920943134536,Intermediate,High SNR
828408,sub-828408_ses-828408-2025-11-18-14-44-48,dual,True,1,90,6097,3967.5823308010586,1.5367040912214691,0.0,0.1602997751846909,3.9173171287610735,ok,4.2478461265563965,0.5707725110710186,5.547074259597668,0.1179756818928688,0.1575747617482747,0.7244495563588564,Intermediate,High SNR
828408,sub-828408_ses-828408-2025-11-18-14-44-48,dual,True,1,91,7413,3967.5823308010586,1.8683922303140483,0.0,0.2628313643932342,5.380634750599019,ok,4.376410007476807,0.5986779981114259,8.096844044624046,0.0573127872397945,0.0565017572316842,0.8861854555285212,High SNR,High SNR
828408,sub-828408_ses-828408-2025-11-18-14-44-48,dual,True,1,92,5997,3967.5823308010586,1.5114998253329754,0.0,0.4215318110525607,4.088908440402866,ok,4.086544036865234,0.5305986326496581,6.489489646078903,0.0649849649181423,0.0977280320748412,0.8372870030070164,High SNR,High SNR
828408,sub-828408_ses-828408-2025-11-18-14-44-48,dual,True,1,93,4379,3967.5823308010586,1.1036948032571452,0.0,0.4589803450226783,3.397495384804383,ok,3.847384214401245,0.4352591915962548,6.235676945507619,0.0427624056711639,0.106105648296364,0.851131946032472,High SNR,High SNR
828408,sub-828408_ses-828408-2025-11-18-14-44-48,dual,True,2,0,5392,3888.997756695661,1.3864754719173162,0.0,0.2989334953844547,3.641884457981143,ok,4.245862007141113,0.5647255192878339,5.137924107823439,0.1516895655402896,0.1806535462309692,0.6676568882287411,Low SNR,Intermediate
828408,sub-828408_ses-828408-2025-11-18-14-44-48,dual,True,2,1,4780,3888.997756695661,1.229108448769431,0.0,0.28335029040277,3.3124869793809286,ok,4.063742637634277,0.5194560669456066,4.929155817988876,0.1248428990364474,0.2268537913699204,0.6483033095936321,Low SNR,Intermediate
828408,sub-828408_ses-828408-2025-11-18-14-44-48,dual,True,2,2,4867,3888.997756695661,1.2514792510796695,0.0,0.2342640883505344,3.5009143096382256,ok,3.991682767868042,0.4968152866242038,5.475842128793397,0.0934156378600823,0.1646090534979424,0.7419753086419754,Intermediate,High SNR
828408,sub-828408_ses-828408-2025-11-18-14-44-48,dual,True,2,3,3059,3888.997756695661,0.7865779800806881,0.0,0.2384325381875038,2.7903421292352952,ok,3.698059558868408,0.3909774436090225,4.810029879244111,0.0921869892121608,0.2464857796665576,0.6613272311212814,Low SNR,High SNR
828408,sub-828408_ses-828408-2025-11-18-14-44-48,dual,True,2,4,3895,3888.997756695661,1.0015433907859694,0.0,0.2822215865403413,3.017311786476963,ok,3.796827793121338,0.4218228498074454,4.827912548535899,0.1121399176954732,0.2286522633744856,0.6592078189300411,Low SNR,High SNR
828408,sub-828408_ses-828408-2025-11-18-14-44-48,dual,True,2,5,4154,3888.997756695661,1.0681415263992085,0.0,0.2053011363208293,3.0021413779746853,ok,3.913629055023194,0.4752046220510351,4.470477489011788,0.1523258616534104,0.2651241262954928,0.5825500120510967,Low SNR,Intermediate
828408,sub-828408_ses-828408-2025-11-18-14-44-48,dual,True,2,6,4003,3888.997756695661,1.0293140419297138,0.0,0.4610433390855789,3.144985004576752,ok,3.9674324989318848,0.490382213339995,5.422438728953358,0.0930698023517638,0.1718789091818864,0.7350512884663498,Intermediate,High SNR
828408,sub-828408_ses-828408-2025-11-18-14-44-48,dual,True,2,7,3384,3888.997756695661,0.8701470691706599,0.0,0.279739785683155,2.8488994410955537,ok,3.7518715858459473,0.4063238770685579,4.8071086957779725,0.1002365464222353,0.247191011235955,0.6525724423418096,Low SNR,High SNR
828408,sub-828408_ses-828408-2025-11-18-14-44-48,dual,True,2,8,4359,3888.997756695661,1.1208543364405752,0.0,0.2790131867140531,3.12218433412042,ok,3.963079214096069,0.4847442073870153,4.85412580798685,0.1265793705490466,0.2223753733057661,0.6510452561451873,Low SNR,Intermediate
828408,sub-828408_ses-828408-2025-11-18-14-44-48,dual,True,2,9,3754,3888.997756695661,0.9652872629038586,0.0,0.281823193180561,2.9753326222218126,ok,3.886945962905884,0.4667021843367075,5.00703967906576,0.0975219824140687,0.2158273381294964,0.6866506794564349,Intermediate,High SNR
828408,sub-828408_ses-828408-2025-11-18-14-44-48,dual,True,2,10,5650,3888.997756695661,1.4528164718718168,0.0,0.5318378810942173,3.5551488022038136,ok,3.948227405548096,0.4830088495575221,5.135789497217185,0.112488928255093,0.1976970770593445,0.6898139946855625,Low SNR,High SNR
828408,sub-828408_ses-828408-2025-11-18-14-44-48,dual,True,2,11,4381,3888.997756695661,1.1265113209328197,0.0,0.4087741656303406,3.156683267014426,ok,3.9443554878234863,0.4818534581145857,4.889347312959358,0.1236571428571428,0.2260571428571428,0.6502857142857142,Low SNR,Intermediate
828408,sub-828408_ses-828408-2025-11-18-14-44-48,dual,True,2,12,5164,3888.997756695661,1.3278485417249668,0.0,0.5584138310194016,3.41155119167616,ok,4.000288009643555,0.5,4.8015356130948295,0.1357378320729106,0.2315299592786504,0.632732208648439,Low SNR,Intermediate
828408,sub-828408_ses-828408-2025-11-18-14-44-48,dual,True,2,13,4217,3888.997756695661,1.084341072899726,0.0,0.347966454604268,3.0894104716962687,ok,3.900656938552856,0.4619397676073037,5.1904117162114085,0.0923332542131497,0.1910752432945644,0.7165915024922858,Intermediate,High SNR
828408,sub-828408_ses-828408-2025-11-18-14-44-48,dual,True,2,14,3328,3888.997756695661,0.8557474722813109,0.0,0.3080062728613615,2.9099574438806,ok,3.82248854637146,0.4368990384615384,5.075676454733888,0.1056274450797472,0.2085464941318086,0.6858260607884442,Low SNR,High SNR
828408,sub-828408_ses-828408-2025-11-18-14-44-48,dual,True,2,15,3176,3888.997756695661,0.816662852153078,0.0,0.2644773411512375,2.8110759779455075,ok,3.695356369018554,0.3841309823677581,4.677392161378313,0.1109360226914591,0.2464544595020485,0.6426095178064922,Low SNR,Intermediate
828408,sub-828408_ses-828408-2025-11-18-14-44-48,dual,True,2,16,4064,3888.997756695661,1.0449993171127547,0.0,0.3038100969851017,2.991527002571097,ok,3.8461084365844727,0.4436515748031496,4.654025939529483,0.1247846418902288,0.2431700713758306,0.6320452867339404,Low SNR,Intermediate
828408,sub-828408_ses-828408-2025-11-18-14-44-48,dual,True,2,17,9905,3888.997756695661,2.546928699803601,0.0,0.1976546039789915,5.744368665333181,ok,4.98456335067749,0.7097425542655225,5.269682669571651,0.1874620829120323,0.1675429726996966,0.644994944388271,Low SNR,Intermediate
828408,sub-828408_ses-828408-2025-11-18-14-44-48,dual,True,2,18,4455,3888.997756695661,1.1455393596794592,0.0,0.299011658513546,3.09079430945923,ok,3.867544651031494,0.4549943883277216,4.514993807733296,0.1389388489208633,0.2684352517985611,0.5926258992805755,Low SNR,Intermediate
828408,sub-828408_ses-828408-2025-11-18-14-44-48,dual,True,2,19,4764,3888.997756695661,1.224994278229617,0.0,0.2998656868010759,3.186994111035198,ok,3.985236167907715,0.4951721242653232,4.691929181514207,0.1326466260248055,0.238595753626235,0.6287576203489594,Low SNR,Intermediate
828408,sub-828408_ses-828408-2025-11-18-14-44-48,dual,True,2,20,3542,3888.997756695661,0.9107745032513233,0.0,0.2422279789030551,2.896376948923518,ok,3.801330089569092,0.4209486166007905,4.80529406463558,0.1116134501271545,0.2475275501554111,0.6408589997174343,Low SNR,Intermediate
828408,sub-828408_ses-828408-2025-11-18-14-44-48,dual,True,2,21,3808,3888.997756695661,0.9791725884757309,0.0,0.2155179940134286,2.939990653194768,ok,3.896529674530029,0.4663865546218487,4.587783889937774,0.1369250985545335,0.2533508541392904,0.6097240473061761,Low SNR,Intermediate
828408,sub-828408_ses-828408-2025-11-18-14-44-48,dual,True,2,22,5971,3888.997756695661,1.5353570183268352,0.0,0.1381029819488525,3.773444774048164,ok,4.306159496307373,0.5848266622006364,4.9953522363329,0.1645123384253819,0.1868390129259694,0.6486486486486487,Low SNR,Intermediate
828408,sub-828408_ses-828408-2025-11-18-14-44-48,dual,True,2,23,5934,3888.997756695661,1.5258429989535154,0.0,0.1619130219608545,3.6364531137481673,ok,4.289885520935059,0.5785305021907651,5.007142884495655,0.1482106684672518,0.200877785280216,0.6509115462525321,Low SNR,Intermediate
828408,sub-828408_ses-828408-2025-11-18-14-44-48,dual,True,2,24,3460,3888.997756695661,0.8896893792347764,0.0,0.1742714345097541,2.8968281580250896,ok,3.882303953170776,0.4580924855491329,4.755702489133853,0.115417992479028,0.2354642753832803,0.6491177321376916,Low SNR,Intermediate
828408,sub-828408_ses-828408-2025-11-18-14-44-48,dual,True,2,25,4249,3888.997756695661,1.092569413979354,0.0,0.2165926597148179,3.1976783739708137,ok,4.119480609893799,0.5333019534008002,5.137211135340633,0.1309776207302709,0.1861012956419316,0.6829210836277974,Low SNR,High SNR
828408,sub-828408_ses-828408-2025-11-18-14-44-48,dual,True,2,26,6256,3888.997756695661,1.608640681067272,0.0,0.4532532720208168,3.926489929666945,ok,4.553415298461914,0.6331521739130435,6.093011205091531,0.0960922485586162,0.128122998078155,0.7757847533632287,Intermediate,High SNR
828408,sub-828408_ses-828408-2025-11-18-14-44-48,dual,True,2,27,5195,3888.997756695661,1.3358197471458564,0.0,0.4832699019134044,3.4106083876216053,ok,3.919899225234986,0.4696823869104908,5.259226463908021,0.0872496147919876,0.187788906009245,0.7249614791987673,Intermediate,High SNR
828408,sub-828408_ses-828408-2025-11-18-14-44-48,dual,True,2,28,3862,3888.997756695661,0.993057914047603,0.0,0.3381290791243314,3.091763729260335,ok,3.923562049865722,0.474883480062144,5.089861658002202,0.1011148561057816,0.1988592170080373,0.7000259268861809,Intermediate,High SNR
828408,sub-828408_ses-828408-2025-11-18-14-44-48,dual,True,2,29,4650,3888.997756695661,1.1956808131334422,0.0,0.1813412873268127,3.24663306210758,ok,3.95888900756836,0.4836559139784946,5.472150060685447,0.0788453252908229,0.1656613528651443,0.7554933218440327,Intermediate,High SNR
828408,sub-828408_ses-828408-2025-11-18-14-44-48,dual,True,2,30,3604,3888.997756695661,0.9267169140931024,0.0,0.2658036841750145,2.9767555828427428,ok,3.828274965286255,0.4433962264150943,5.147259751786428,0.0886850152905198,0.2015568529329997,0.7097581317764804,Intermediate,High SNR
828408,sub-828408_ses-828408-2025-11-18-14-44-48,dual,True,2,31,6008,3888.997756695661,1.544871037700155,0.0,0.1162176592826843,4.144900252651074,ok,4.526453018188477,0.6220039946737683,5.465652400720392,0.1512675116744496,0.1541027351567711,0.6946297531687792,Low SNR,High SNR
828408,sub-828408_ses-828408-2025-11-18-14-44-48,dual,True,2,32,9048,3888.997756695661,2.326563440264814,0.0,0.2409427720427513,5.000914468063948,ok,4.65930700302124,0.6578249336870027,5.876121386390258,0.1298715677590788,0.1436005314437555,0.7265279007971657,Intermediate,High SNR
828408,sub-828408_ses-828408-2025-11-18-14-44-48,dual,True,2,33,4861,3888.997756695661,1.2499364371272392,0.0,0.207418234822154,3.3241383358778025,ok,3.978257656097412,0.4937255708701913,4.967009217985426,0.1207003089598352,0.2191555097837281,0.6601441812564367,Low SNR,High SNR
828408,sub-828408_ses-828408-2025-11-18-14-44-48,dual,True,2,34,5347,3888.997756695661,1.3749043672740895,0.0,0.2906660544097423,3.550861879978473,ok,4.298276901245117,0.5812605199177109,5.280498977328689,0.1316725978647686,0.1711931073234688,0.6971342948117625,Low SNR,High SNR
828408,sub-828408_ses-828408-2025-11-18-14-44-48,dual,True,2,35,5889,3888.997756695661,1.5142718943102884,0.0,0.1278971925795078,4.1868509486704335,ok,4.403662204742432,0.6057055527254203,5.970108264996148,0.1063286832255869,0.1308268118407621,0.7628445049336509,Intermediate,High SNR
828408,sub-828408_ses-828408-2025-11-18-14-44-48,dual,True,2,36,6239,3888.997756695661,1.6042693748687196,0.0,0.2762896280497312,3.890943659382841,ok,4.075527667999268,0.5247635839076775,5.591945347065886,0.0969346814315519,0.171240571336864,0.731824747231584,Intermediate,High SNR
828408,sub-828408_ses-828408-2025-11-18-14-44-48,dual,True,2,37,7698,3888.997756695661,1.9794303009680083,0.0,0.2909784860014915,4.208545976411735,ok,4.281073570251465,0.5832683813977656,4.529941340016535,0.1809077903498504,0.2406034594875796,0.57848875016257,Low SNR,Intermediate
828408,sub-828408_ses-828408-2025-11-18-14-44-48,dual,True,2,38,4295,3888.997756695661,1.1043976542813192,0.0,0.2122236324191093,3.293892768441966,ok,3.9578468799591056,0.4840512223515716,5.26673321139762,0.1055206149545772,0.1761006289308176,0.7183787561146052,Intermediate,High SNR
828408,sub-828408_ses-828408-2025-11-18-14-44-48,dual,True,2,39,7806,3888.997756695661,2.0072009521117526,0.0,0.2194505847305059,4.426426960055652,ok,4.490548133850098,0.6224698949526005,4.690364322138269,0.1855604001025904,0.2126186201590151,0.6018209797383944,Low SNR,Intermediate
828409,sub-828409_ses-828409-2025-11-20-10-01-34,dual,True,1,0,6409,4103.353631539806,1.5618931672713248,0.0,0.3497668576687574,3.809543396736605,ok,4.497694492340088,0.6266188172881885,5.70786309038569,0.1081926203877423,0.1449343339587242,0.7468730456535334,Intermediate,High SNR
828409,sub-828409_ses-828409-2025-11-20-10-01-34,dual,True,1,1,5893,4103.353631539806,1.4361423677219405,0.0,0.264518830794096,3.5033164500265306,ok,4.1873979568481445,0.5627015102664178,5.014380754102336,0.1380425531914893,0.1981276595744681,0.6638297872340425,Low SNR,Intermediate
828409,sub-828409_ses-828409-2025-11-20-10-01-34,dual,True,1,2,5642,4103.353631539806,1.3749728896465618,0.0,0.2915258267372846,3.567709298911876,ok,4.066498279571533,0.5235732009925558,5.817671623385859,0.074613608100906,0.1394563865695505,0.7859300053295435,Intermediate,High SNR
828409,sub-828409_ses-828409-2025-11-20-10-01-34,dual,True,1,3,5786,4103.353631539806,1.4100661360324365,0.0,0.2681120150238275,3.566645708953157,ok,4.227646350860596,0.561873487729001,5.421440878199606,0.1101665510062456,0.1776544066620402,0.7121790423317141,Intermediate,High SNR
828409,sub-828409_ses-828409-2025-11-20-10-01-34,dual,True,1,4,4684,4103.353631539806,1.1415053199405345,0.0,0.384997772437334,3.3659994904318014,ok,4.108022689819336,0.5318104184457728,6.070440290239827,0.0665525358442114,0.1296811470147656,0.8037663171410229,High SNR,High SNR
828409,sub-828409_ses-828409-2025-11-20-10-01-34,dual,True,1,5,4954,4103.353631539806,1.2073051569140494,0.0,0.146141699668765,3.1730307074275266,ok,3.9624111652374254,0.4876867178037949,4.690715564507503,0.1170040485829959,0.2546558704453441,0.6283400809716599,Low SNR,Intermediate
828409,sub-828409_ses-828409-2025-11-20-10-01-34,dual,True,1,6,5733,4103.353631539806,1.3971498717376354,0.0,0.15455084169209,3.585446335595967,ok,4.396244049072266,0.6009070294784581,5.414791585547653,0.1249126484975541,0.1677148846960167,0.7073724668064291,Intermediate,High SNR
828409,sub-828409_ses-828409-2025-11-20-10-01-34,dual,True,1,7,4668,4103.353631539806,1.1376060703421038,0.0,0.1414861000075936,3.13428322325284,ok,3.920644760131836,0.4745072836332476,4.774531684557026,0.1162290142057684,0.2442961687473095,0.6394748170469221,Low SNR,Intermediate
828409,sub-828409_ses-828409-2025-11-20-10-01-34,dual,True,1,8,6917,4103.353631539806,1.6856943420214938,0.0,0.4749727686703205,5.0413392865043285,ok,4.118600368499756,0.5362151221627873,6.852431879853949,0.0911066048667439,0.104577056778679,0.804316338354577,Intermediate,High SNR
828409,sub-828409_ses-828409-2025-11-20-10-01-34,dual,True,1,9,4114,4103.353631539806,1.0025945529964473,0.0,0.5347028756976128,3.347208963846711,ok,3.840497493743897,0.4455517744287798,6.073902913522298,0.0538236726741354,0.1151972722844617,0.8309790550414028,High SNR,High SNR
828409,sub-828409_ses-828409-2025-11-20-10-01-34,dual,True,1,10,4398,4103.353631539806,1.071806233368589,0.0,0.1820468100875616,3.0919009667745128,ok,3.676034450531006,0.3560709413369713,4.78310526792778,0.0862422997946611,0.2511978097193703,0.6625598904859685,Low SNR,High SNR
828409,sub-828409_ses-828409-2025-11-20-10-01-34,dual,True,1,11,4444,4103.353631539806,1.0830165759640766,0.0,0.4120482242524623,3.1005084334751314,ok,3.783679962158203,0.4147164716471647,4.897796608010759,0.0903356611849515,0.2342870015769317,0.6753773372381167,Low SNR,High SNR
828409,sub-828409_ses-828409-2025-11-20-10-01-34,dual,True,1,12,4731,4103.353631539806,1.152959365635924,0.0,0.3888566627025604,3.207531398867883,ok,3.90962290763855,0.4664975692242655,5.23809519027132,0.080262600592969,0.1918678526048284,0.7278695468022025,Intermediate,High SNR
828409,sub-828409_ses-828409-2025-11-20-10-01-34,dual,True,1,13,6836,4103.353631539806,1.6659543909294392,0.0,0.7622775876045227,4.291115356565786,ok,4.355693817138672,0.6013750731421884,6.150878825205021,0.1009093575828688,0.124229979466119,0.7748606629510121,Intermediate,High SNR
828409,sub-828409_ses-828409-2025-11-20-10-01-34,dual,True,1,14,0,4103.353631539806,0.0,,,,rectified_trace,,,,,,,Excluded (no baseline noise),Excluded (no baseline noise)
828409,sub-828409_ses-828409-2025-11-20-10-01-34,dual,True,1,15,17736,4103.353631539806,4.32231817986023,0.0,0.0583062036931514,47.81434192315234,ok,12.078804969787598,0.9550631483987372,43.375787990194375,0.0526613496238475,0.0052039142485434,0.942134736127609,High SNR,High SNR
828409,sub-828409_ses-828409-2025-11-20-10-01-34,dual,True,1,16,0,4103.353631539806,0.0,,,,rectified_trace,,,,,,,Excluded (no baseline noise),Excluded (no baseline noise)
828409,sub-828409_ses-828409-2025-11-20-10-01-34,dual,True,1,17,3956,4103.353631539806,0.9640894632119458,0.0,0.5348279190301894,3.2151212572370054,ok,3.841538429260254,0.4441354903943377,6.070468992203315,0.0435884439939178,0.11454637607704,0.8418651799290421,High SNR,High SNR
828409,sub-828409_ses-828409-2025-11-20-10-01-34,dual,True,2,0,15245,3621.920241512432,4.209093238793694,0.0,0.0828865249939262,32.878179284863606,ok,8.612587928771973,0.9006231551328304,31.2406009148805,0.055746140651801,0.0089061881514711,0.9353476711967278,High SNR,High SNR
828409,sub-828409_ses-828409-2025-11-20-10-01-34,dual,True,2,1,4169,3621.920241512432,1.151046881766541,0.0,0.3850680706501007,3.284513326053368,ok,3.882124423980713,0.4471096186135764,4.841345472642633,0.116172571704025,0.2304169679440829,0.653410460351892,Low SNR,Intermediate
828409,sub-828409_ses-828409-2025-11-20-10-01-34,dual,True,2,2,3473,3621.920241512432,0.9588836220616924,0.0,0.2970231602311134,2.963086300574989,ok,3.781339168548584,0.4103080909876188,5.118398388151574,0.0821283979178716,0.2076344707923655,0.7102371312897628,Low SNR,High SNR
828409,sub-828409_ses-828409-2025-11-20-10-01-34,dual,True,2,3,4692,3621.920241512432,1.2954454231826835,0.0,0.2588584770262241,3.430091339837354,ok,4.109273910522461,0.5291986359761296,5.70643388555781,0.0901692011137288,0.1544227886056971,0.755408010280574,Intermediate,High SNR
828409,sub-828409_ses-828409-2025-11-20-10-01-34,dual,True,2,4,4426,3621.920241512432,1.222003717605831,0.0,0.2062438658416271,3.400841220079309,ok,4.115933418273926,0.5329868956168098,5.531813679789406,0.1017064846416382,0.1640500568828214,0.7342434584755404,Intermediate,High SNR
828409,sub-828409_ses-828409-2025-11-20-10-01-34,dual,True,2,5,4628,3621.920241512432,1.277775238382238,0.0,0.4152470801353454,3.3293924867949864,ok,4.045736312866211,0.5149092480553155,5.177556662298803,0.1077792264232942,0.2020860495436766,0.6901347240330291,Low SNR,High SNR
828409,sub-828409_ses-828409-2025-11-20-10-01-34,dual,True,2,6,6334,3621.920241512432,1.7487961019691218,0.0,0.216699277934432,4.448097131568241,ok,4.671643257141113,0.6514051152510262,6.1222357100515,0.1134413727359389,0.128852875754687,0.757705751509374,Intermediate,High SNR
828409,sub-828409_ses-828409-2025-11-20-10-01-34,dual,True,2,7,4934,3621.920241512432,1.3622608094593696,0.0,0.2325089306473731,3.515279780333817,ok,4.4006757736206055,0.6082286177543575,5.690574998030417,0.1050599471652103,0.1576915261125787,0.737248526722211,Intermediate,High SNR
828409,sub-828409_ses-828409-2025-11-20-10-01-34,dual,True,2,8,4843,3621.920241512432,1.3371360154462355,0.0,0.2707479549854993,3.432485572382271,ok,4.200220584869385,0.5597769977286806,5.268191751860327,0.1116866970576046,0.1821384169084127,0.7061748860339826,Intermediate,High SNR
828409,sub-828409_ses-828409-2025-11-20-10-01-34,dual,True,2,9,5345,3621.920241512432,1.4757365274747325,0.0,0.2077578622341155,3.740645827763693,ok,4.323129653930664,0.5869036482694107,5.387589487491828,0.1237502358045651,0.1733635163176759,0.7028862478777589,Intermediate,High SNR
828409,sub-828409_ses-828409-2025-11-21-11-14-03,dual,True,1,0,4333,3865.902310930112,1.1208250109552065,0.0,0.31158339587152,3.1356834976305024,ok,3.891932487487793,0.4624971151627048,5.493285006784408,0.0561330561330561,0.164010164010164,0.7798567798567798,High SNR,High SNR
828409,sub-828409_ses-828409-2025-11-21-11-14-03,dual,True,1,1,6722,3865.902310930112,1.73879199714768,0.0,0.2696281102001667,4.334280097401108,ok,4.9931745529174805,0.6984528414162452,6.486287323099811,0.1089094159713945,0.1126340882002383,0.7784564958283671,High SNR,High SNR
828409,sub-828409_ses-828409-2025-11-21-11-14-03,dual,True,1,2,4228,3865.902310930112,1.0936644694942563,0.0,0.3808169066369533,3.1324583363669136,ok,3.9549365043640137,0.4860454115421003,5.375118592378223,0.0783061272770286,0.1760113555713272,0.7456825171516442,High SNR,High SNR
828409,sub-828409_ses-828409-2025-11-21-11-14-03,dual,True,1,3,5595,3865.902310930112,1.4472688521334824,0.0,0.2567619245141744,3.544297695919347,ok,4.208698749542236,0.5596067917783736,5.215168847206192,0.1148890479599141,0.1904080171796707,0.6947029348604151,Intermediate,High SNR
828409,sub-828409_ses-828409-2025-11-21-11-14-03,dual,True,1,4,4984,3865.902310930112,1.289220368013097,0.0,0.3136809646368027,3.324439751028111,ok,4.026115894317627,0.5070224719101124,5.270016401359361,0.0990158666398875,0.1889937738501707,0.7119903595099417,High SNR,High SNR
828409,sub-828409_ses-828409-2025-11-21-11-14-03,dual,True,1,5,5258,3865.902310930112,1.3600964476350046,0.0,0.2000231146931648,3.41969288659532,ok,4.030075073242188,0.5100798782807151,5.589030555734838,0.0735098076556846,0.1512092934679108,0.7752808988764045,High SNR,High SNR
828409,sub-828409_ses-828409-2025-11-21-11-14-03,dual,True,1,6,3406,3865.902310930112,0.8810362306285329,0.0,0.3279420020699501,2.9009698132717734,ok,3.74953556060791,0.4004697592483852,5.180818490013595,0.0658242727005583,0.1995298266235674,0.7346459006758742,High SNR,High SNR
828409,sub-828409_ses-828409-2025-11-21-11-14-03,dual,True,1,7,5915,3865.902310930112,1.5300438356335209,0.0,0.2260430636376142,3.672710288170416,ok,4.478928089141846,0.6236686390532544,5.089594418327991,0.1504484684379759,0.1936029785073616,0.6559485530546624,Intermediate,Intermediate
828409,sub-828409_ses-828409-2025-11-21-11-14-03,dual,True,1,8,4912,3865.902310930112,1.2705959967255882,0.0,0.5223493897676468,3.275222413141541,ok,3.801164150238037,0.4167345276872964,4.964195556115966,0.0955193482688391,0.2130346232179226,0.6914460285132383,Low SNR,High SNR
828409,sub-828409_ses-828409-2025-11-21-11-14-03,dual,True,1,9,4531,3865.902310930112,1.172042031995855,0.0,0.2474110250383615,3.203857502594204,ok,3.956660032272339,0.488633855661002,5.467238385714627,0.0790461470523294,0.1715610510046367,0.7493928019430338,High SNR,High SNR
828409,sub-828409_ses-828409-2025-11-21-11-14-03,dual,True,1,10,4424,3865.902310930112,1.14436414688803,0.0,0.264421601870656,3.24759502928601,ok,4.366971969604492,0.5777576853526221,5.632581140055342,0.1123925825418362,0.1515151515151515,0.7360922659430122,High SNR,High SNR
828409,sub-828409_ses-828409-2025-11-21-11-14-03,dual,True,1,11,5224,3865.902310930112,1.3513016056381255,0.0,0.104331384730339,3.425758955407369,ok,4.0526628494262695,0.5153139356814701,4.841376288774572,0.1369731800766283,0.217816091954023,0.6452107279693486,Intermediate,Intermediate
828409,sub-828409_ses-828409-2025-11-21-11-14-03,dual,True,1,12,4048,3865.902310930112,1.0471035412754848,0.0,0.0905521286532282,3.110920260647391,ok,3.834471702575684,0.4372529644268774,5.018600353381639,0.0949789760079149,0.2171654711847638,0.6878555528073212,Low SNR,High SNR
828409,sub-828409_ses-828409-2025-11-21-11-14-03,dual,True,1,13,4780,3865.902310930112,1.2364513160318225,0.0,0.1643581051468849,3.254065617080321,ok,4.118120193481445,0.5366108786610879,5.3362525654632975,0.0965040820598702,0.1821226711325099,0.7213732468076198,High SNR,High SNR
828409,sub-828409_ses-828409-2025-11-21-11-14-03,dual,True,1,14,3563,3865.902310930112,0.9216477069082392,0.0,0.3147053258031606,2.91045644006382,ok,3.802469491958618,0.4232388436710637,4.990973631271124,0.0822802583543948,0.2193204156135917,0.6983993260320135,Low SNR,High SNR
828409,sub-828409_ses-828409-2025-11-21-11-14-03,dual,True,1,15,5363,3865.902310930112,1.3872569890959547,0.0,0.1247879437208175,3.497536007317895,ok,4.052380561828613,0.5153831810553795,5.740688193681859,0.0660694288913773,0.1631205673758865,0.7708100037327361,High SNR,High SNR
828409,sub-828409_ses-828409-2025-11-21-11-14-03,dual,True,1,16,10556,3865.902310930112,2.7305397682075143,0.0,0.0458031241826713,8.473654155031056,ok,6.245987892150879,0.7762410003789314,8.062465749391144,0.1213270142180094,0.0690047393364928,0.8096682464454976,High SNR,High SNR
828409,sub-828409_ses-828409-2025-11-21-11-14-03,dual,True,1,17,6153,3865.902310930112,1.5916077296116744,0.0,0.094327697199583,3.994069252900853,ok,4.252887725830078,0.578417032341947,5.797017689351552,0.0998861233121848,0.1537335285505124,0.7463803481373027,High SNR,High SNR
828409,sub-828409_ses-828409-2025-11-21-11-14-03,dual,True,1,18,5185,3865.902310930112,1.3412134045240585,0.0,0.3337083112835884,3.3110044126998,ok,4.139681339263916,0.5423336547733848,5.011479440602869,0.1213057755456828,0.2055244350009658,0.6731697894533514,Intermediate,High SNR
828409,sub-828409_ses-828409-2025-11-21-11-14-03,dual,True,1,19,4286,3865.902310930112,1.1086674352536383,0.0,0.2796638980776071,3.0888041678147053,ok,3.8292722702026367,0.4267382174521698,5.15363100930321,0.078252744685821,0.2020555944872693,0.7196916608269096,High SNR,High SNR
828409,sub-828409_ses-828409-2025-11-21-11-14-03,dual,True,1,20,4157,3865.902310930112,1.0752987700301853,0.0,0.1668993015870452,3.006350216172415,ok,3.785414934158325,0.4190522011065672,4.701291924481312,0.1071772639691714,0.2509633911368015,0.641859344894027,Low SNR,Intermediate
828409,sub-828409_ses-828409-2025-11-21-11-14-03,dual,True,1,21,3904,3865.902310930112,1.0098547987004676,0.0,0.1443201762109995,3.061444723420716,ok,3.701147794723511,0.3652663934426229,4.763676525566577,0.0997180210202512,0.2535247372468597,0.646757241732889,Low SNR,Intermediate
828409,sub-828409_ses-828409-2025-11-21-11-14-03,dual,True,1,22,6947,3865.902310930112,1.7969931574211444,0.0,0.1228605090022087,4.234142693398225,ok,4.360373973846436,0.5939254354397582,5.481055671337463,0.1269635394149013,0.1706297737426142,0.7024066868424845,Intermediate,High SNR
828409,sub-828409_ses-828409-2025-11-21-11-14-03,dual,True,1,23,4158,3865.902310930112,1.075557441853623,0.0,0.4434467818021774,3.167534780820182,ok,3.830688714981079,0.4365079365079365,5.3776250522241895,0.0750902527075812,0.1742478941034897,0.750661853188929,High SNR,High SNR
828409,sub-828409_ses-828409-2025-11-21-11-14-03,dual,True,1,24,6417,3865.902310930112,1.659897090999206,0.0,0.2643306472063064,3.8717243324379007,ok,4.472187519073486,0.6113448652018078,5.37926171053864,0.1213160767191642,0.1797910494308436,0.6988928738499922,Intermediate,High SNR
828409,sub-828409_ses-828409-2025-11-21-11-14-03,dual,True,1,25,4186,3865.902310930112,1.0828002529098764,0.0,0.213476562193036,3.023409764902003,ok,3.90451717376709,0.459866220735786,5.243266986592934,0.0774748923959827,0.1889048302247728,0.7336202773792444,High SNR,High SNR
828409,sub-828409_ses-828409-2025-11-21-11-14-03,dual,True,1,26,5010,3865.902310930112,1.2959458354224749,0.0,0.1154034084722399,3.4720989737129555,ok,3.9603428840637207,0.4878243512974052,5.4180641055339525,0.0888578274760383,0.1811102236421725,0.7300319488817891,High SNR,High SNR
828409,sub-828409_ses-828409-2025-11-21-11-14-03,dual,True,1,27,4885,3865.902310930112,1.2636118574927726,0.0,0.2036529061317443,3.364783580760332,ok,3.905545234680176,0.4669396110542477,5.257136892232787,0.0977058582548136,0.1839410077836952,0.7183531339614911,High SNR,High SNR
828409,sub-828409_ses-828409-2025-11-21-11-14-03,dual,True,1,28,4422,3865.902310930112,1.1438468032411546,0.0,0.2123661067038774,3.085671107382031,ok,3.907828330993652,0.4633649932157395,4.680988134859144,0.1231047748359357,0.2385155012446254,0.6383797239194388,Low SNR,Intermediate
828409,sub-828409_ses-828409-2025-11-21-11-14-03,dual,True,1,29,4157,3865.902310930112,1.0752987700301853,0.0,0.225227365770936,3.0601315975675485,ok,3.8135037422180176,0.430358431561222,4.874416516374817,0.1056558363417569,0.2293622141997593,0.6649819494584838,Low SNR,High SNR
828409,sub-828409_ses-828409-2025-11-21-11-14-03,dual,True,1,30,3834,3865.902310930112,0.991747771059834,0.0,0.2850966994911432,2.9567186294325163,ok,3.783102035522461,0.418622848200313,4.970543436325335,0.0901018542700444,0.2199007573779054,0.6899973883520502,Low SNR,High SNR
828409,sub-828409_ses-828409-2025-11-21-11-14-03,dual,True,1,31,4554,3865.902310930112,1.1779914839349204,0.0,0.3188007600545883,3.218269494335713,ok,3.9478507041931152,0.48177426438296,5.548014405594025,0.0753846153846153,0.1586813186813186,0.765934065934066,High SNR,High SNR
828409,sub-828409_ses-828409-2025-11-21-11-14-03,dual,True,1,32,4242,3865.902310930112,1.097285875022383,0.0,0.3953932918667793,3.089449760587024,ok,3.873528718948364,0.4594530881659595,5.186086429068981,0.083077649280151,0.2017937219730941,0.7151286287467548,High SNR,High SNR
828409,sub-828409_ses-828409-2025-11-21-11-14-03,dual,True,1,33,5035,3865.902310930112,1.3024126310084154,0.0,0.2621496352136135,3.3622215425634066,ok,4.315309047698975,0.5831181727904667,5.715257807710462,0.0854361215974567,0.1591496125571229,0.7554142658454203,High SNR,High SNR
828409,sub-828409_ses-828409-2025-11-21-11-14-03,dual,True,1,34,4183,3865.902310930112,1.0820242374395634,0.0,0.2046150770187378,3.080688697665331,ok,3.804531097412109,0.4169256514463303,5.068471042589705,0.078745811393011,0.2202010531354715,0.7010531354715175,Low SNR,High SNR
828409,sub-828409_ses-828409-2025-11-21-11-14-03,dual,True,1,35,3762,3865.902310930112,0.9731233997723256,0.0,0.3259048120021819,2.96951159910571,ok,3.772268295288086,0.4008506113769272,5.325442566534155,0.0619845703644586,0.1923383878691141,0.7456770417664272,High SNR,High SNR
828409,sub-828409_ses-828409-2025-11-21-11-14-03,dual,True,1,36,4436,3865.902310930112,1.1474682087692811,0.0,0.2988352281153202,3.2274340531233565,ok,4.102245330810547,0.5288548241659152,5.522483652723098,0.0883678990081154,0.1582506762849413,0.7533814247069431,High SNR,High SNR
828409,sub-828409_ses-828409-2025-11-21-11-14-03,dual,True,1,37,5028,3865.902310930112,1.3006019282443522,0.0,0.2024717547655105,3.5752515299302834,ok,4.029175758361816,0.5095465393794749,5.433959438517203,0.1190523591479195,0.160063706948039,0.7208839339040414,High SNR,High SNR
828409,sub-828409_ses-828409-2025-11-21-11-14-03,dual,True,1,38,6782,3865.902310930112,1.7543123065539372,0.0,0.1226186628252267,4.425211541710958,ok,4.228022575378418,0.5653199646122088,6.21971188733863,0.082349468713105,0.1232290436835891,0.7944214876033058,High SNR,High SNR
828409,sub-828409_ses-828409-2025-11-21-11-14-03,dual,True,1,39,4413,3865.902310930112,1.141518756830216,0.0,0.3131268636077642,3.1591052451184227,ok,3.921884536743164,0.4754135508724224,5.214976112338051,0.0882686634899024,0.2026321760835035,0.709099160426594,High SNR,High SNR
828409,sub-828409_ses-828409-2025-11-21-11-14-03,dual,True,1,40,4905,3865.902310930112,1.268785293961525,0.0,0.1770295015990734,3.3928375204144654,ok,3.931396961212158,0.4768603465851172,5.305219894236364,0.095063239494084,0.1884944920440636,0.7164422684618523,High SNR,High SNR
828409,sub-828409_ses-828409-2025-11-21-11-14-03,dual,True,1,41,4201,3865.902310930112,1.0866803302614405,0.0,0.268569792920351,3.089853470794886,ok,3.9557700157165527,0.4848845512973102,4.80403820301197,0.1250893495353824,0.2232547057421968,0.6516559447224207,Low SNR,Intermediate
828409,sub-828409_ses-828409-2025-11-21-11-14-03,dual,True,1,42,4336,3865.902310930112,1.1216010264255192,0.0,0.3808914466023445,3.14816072313103,ok,3.923011302947998,0.4716328413284132,5.322027801481182,0.0821601661666282,0.1839372259404569,0.7339026078929148,High SNR,High SNR
828409,sub-828409_ses-828409-2025-11-21-11-14-03,dual,True,1,43,4451,3865.902310930112,1.1513482861208455,0.0,0.3517424539536237,3.1793922870160056,ok,4.03279972076416,0.5097730847000674,5.455034647819453,0.0852451641925326,0.1680161943319838,0.7467386414754836,High SNR,High SNR
828409,sub-828409_ses-828409-2025-11-21-11-14-03,dual,True,1,44,3881,3865.902310930112,1.0039053467614023,0.0,0.1429556132286787,2.977746230017484,ok,3.84230637550354,0.4426694150992012,4.750414565459323,0.1115691832002061,0.2437516104096882,0.6446792063901057,Low SNR,Intermediate
828409,sub-828409_ses-828409-2025-11-21-11-14-03,dual,True,1,45,5404,3865.902310930112,1.397862533856897,0.0,0.1153983272060751,3.456835441243141,ok,4.066505432128906,0.5242413027387121,5.149871539740843,0.1155341603406776,0.2018144788002221,0.6826513608591002,Low SNR,High SNR
828409,sub-828409_ses-828409-2025-11-21-11-14-03,dual,True,1,46,5165,3865.902310930112,1.336039968055306,0.0,0.185051296493411,3.374954598140764,ok,4.212020397186279,0.5606969990319458,5.307517916619169,0.1075998449011244,0.1808840635905389,0.7115160915083366,High SNR,High SNR
828409,sub-828409_ses-828409-2025-11-21-11-14-03,dual,True,1,47,4577,3865.902310930112,1.1839409358739856,0.0,0.2209593673020601,3.1466319604637367,ok,3.929923295974731,0.4756390648896657,4.592434226850467,0.1283340620900743,0.2588543944031482,0.6128115435067775,Low SNR,Intermediate
828409,sub-828409_ses-828409-2025-11-21-11-14-03,dual,True,1,48,4602,3865.902310930112,1.1904077314599262,0.0,0.347563885769248,3.1803293266581685,ok,3.93941068649292,0.4776184267709691,5.195217104199802,0.0924717145343777,0.198651000870322,0.7088772845953003,High SNR,High SNR
828409,sub-828409_ses-828409-2025-11-21-11-14-03,dual,True,1,49,5029,3865.902310930112,1.3008606000677898,0.0,0.2426042356163263,3.25025268729007,ok,3.984298706054688,0.4945317160469278,4.823722139966667,0.12472647702407,0.2335388899940322,0.6417346329818977,Low SNR,Intermediate
828409,sub-828409_ses-828409-2025-11-21-11-14-03,dual,True,1,50,4182,3865.902310930112,1.0817655656161258,0.0,0.3579590296268463,3.152950705753204,ok,4.0334672927856445,0.5131516021042564,5.472557782040557,0.0775305096913137,0.1593682699210337,0.7631012203876526,High SNR,High SNR
828409,sub-828409_ses-828409-2025-11-21-11-14-03,dual,True,1,51,4729,3865.902310930112,1.2232590530365035,0.0,0.141692863355577,3.4027634550174906,ok,4.287332534790039,0.5671389300063439,5.364818624300301,0.111205253124338,0.1783520440584622,0.7104427028171998,High SNR,High SNR
828409,sub-828409_ses-828409-2025-11-21-11-14-03,dual,True,1,52,4404,3865.902310930112,1.139190710419277,0.0,0.1353931758418679,3.1179031733675475,ok,3.821735858917236,0.428928247048138,4.572087174141204,0.1272727272727272,0.2654545454545454,0.6072727272727273,Low SNR,Intermediate
828409,sub-828409_ses-828409-2025-11-21-11-14-03,dual,True,1,53,4673,3865.902310930112,1.208773430923997,0.0,0.2445989639729261,3.233494556220811,ok,4.009402275085449,0.503530922319709,5.194920622194202,0.1036624544870422,0.1936174769757978,0.70272006853716,Low SNR,High SNR
828409,sub-828409_ses-828409-2025-11-21-11-14-03,dual,True,1,54,5060,3865.902310930112,1.308879426594356,0.0,0.1712576029926538,3.275633108843417,ok,4.0566606521606445,0.51699604743083,4.62178991071091,0.1653792830263418,0.2305407011289364,0.6040800158447217,Intermediate,Intermediate
828409,sub-828409_ses-828409-2025-11-21-11-14-03,dual,True,1,55,5921,3865.902310930112,1.5315958665741465,0.0,0.2433155245095491,4.19256888827493,ok,4.9957451820373535,0.6715081911839217,5.470988595867556,0.2005745184183845,0.1333220682663062,0.6661034133153092,Intermediate,Intermediate
828409,sub-828409_ses-828409-2025-11-21-11-14-03,dual,True,1,56,3391,3865.902310930112,0.8771561532769686,0.0,0.208015637075901,2.864845087789484,ok,3.735266923904419,0.3989973459156591,4.949193045506044,0.0850310008857395,0.2199586654856805,0.6950103336285799,Low SNR,High SNR
828409,sub-828409_ses-828409-2025-11-21-11-14-03,dual,True,1,57,7474,3865.902310930112,1.93331320837277,0.0,0.2241497617721557,5.182225294504057,ok,5.116724967956543,0.6957452502006958,7.035883872503328,0.100575867148788,0.0906655952859247,0.8087585375652873,High SNR,High SNR
828409,sub-828409_ses-828409-2025-11-21-11-14-03,dual,True,1,58,6537,3865.902310930112,1.6909377098117204,0.0,0.165320982992649,4.4817354025365725,ok,4.163902282714844,0.547651828055683,6.369375327722871,0.0819295558958652,0.1157733537519142,0.8022970903522205,High SNR,High SNR
828409,sub-828409_ses-828409-2025-11-21-11-14-03,dual,True,1,59,5411,3865.902310930112,1.3996732366209603,0.0,0.2227073007702827,3.842031261889249,ok,4.189145088195801,0.553686934023286,5.758686733192746,0.1144812280377288,0.1425929350841501,0.742925836878121,High SNR,High SNR
828409,sub-828409_ses-828409-2025-11-21-11-14-03,dual,True,1,60,6814,3865.902310930112,1.762589804903941,0.0,0.1801844597607851,4.460567901772695,ok,4.971181392669678,0.6819782800117405,6.361677375713897,0.1060672836785661,0.1232554723079183,0.7706772440135155,High SNR,High SNR
828409,sub-828409_ses-828409-2025-11-21-11-14-03,dual,True,1,61,6461,3865.902310930112,1.6712786512304612,0.0,0.1342984612315893,4.210092127896072,ok,4.2010416984558105,0.55749883918898,5.893961209807074,0.0922743458739743,0.142591732466326,0.7651339216596996,High SNR,High SNR
828409,sub-828409_ses-828409-2025-11-21-11-14-03,dual,True,1,62,6547,3865.902310930112,1.6935244280460966,0.0,0.1152699920967221,3.978988399286961,ok,4.16151762008667,0.5423858255689629,5.300049306678908,0.1165775401069518,0.1889992360580596,0.6944232238349886,Intermediate,High SNR
828409,sub-828409_ses-828409-2025-11-21-11-14-03,dual,True,1,63,5300,3865.902310930112,1.3709606642193848,0.0,0.1989170776963233,3.630750126629682,ok,3.975076198577881,0.4915094339622641,5.687175692485845,0.0779686615065131,0.1546158202756277,0.7674155182178591,High SNR,High SNR
828409,sub-828409_ses-828409-2025-11-21-11-14-03,dual,True,2,0,5723,4002.0190977989832,1.4300281583232617,0.0,0.1716696274012327,3.420145949630805,ok,4.166489601135254,0.551459024986895,4.635356033369366,0.158180227471566,0.2307961504811898,0.6110236220472441,Intermediate,Intermediate
828409,sub-828409_ses-828409-2025-11-21-11-14-03,dual,True,2,1,4338,4002.0190977989832,1.0839528482974503,0.0,0.1651228136122226,3.047755880398186,ok,3.916915416717529,0.4727985246657445,4.562382930900537,0.1326718966312875,0.2591139824642363,0.6082141209044762,Low SNR,Intermediate
828409,sub-828409_ses-828409-2025-11-21-11-14-03,dual,True,2,2,4496,4002.0190977989832,1.1234329197660988,0.0,0.1889296281248331,3.145825169099961,ok,4.2389817237854,0.5618327402135231,5.59987986068821,0.0931372549019607,0.1646613190730838,0.7422014260249554,High SNR,High SNR
828409,sub-828409_ses-828409-2025-11-21-11-14-03,dual,True,2,3,5854,4002.0190977989832,1.462761635300432,0.0,0.4623284133911132,3.691572511276544,ok,4.332545280456543,0.5912196788520669,5.195898322728468,0.139335843889079,0.1817870592262923,0.6788770968846286,Intermediate,High SNR
828409,sub-828409_ses-828409-2025-11-21-11-14-03,dual,True,2,4,5823,4002.0190977989832,1.455015545328735,0.0,0.4343583849549293,3.859030184419458,ok,4.079537391662598,0.527047913446677,6.10141024057546,0.0770818995182381,0.1274948382656572,0.7954232622161046,High SNR,High SNR
828409,sub-828409_ses-828409-2025-11-21-11-14-03,dual,True,2,5,5725,4002.0190977989832,1.4305279060633709,0.0,0.5690356656253338,3.9316279012630906,ok,4.0270586013793945,0.508471615720524,6.076196814119706,0.0839160839160839,0.1262237762237762,0.7898601398601398,High SNR,High SNR
828409,sub-828409_ses-828409-2025-11-21-11-14-03,dual,True,2,6,4653,4002.0190977989832,1.1626631173646924,0.0,0.2762986638665199,3.199637782905985,ok,3.9377057552337646,0.4758220502901354,4.889371729719073,0.1210424294637088,0.226146887788068,0.6528106827482232,Low SNR,Intermediate
828409,sub-828409_ses-828409-2025-11-21-11-14-03,dual,True,2,7,4578,4002.0190977989832,1.1439225771105872,0.0,0.3423378035187721,3.301825740221495,ok,3.862048149108887,0.4447356924421144,5.4006155710595,0.0717567271931743,0.17873550645373,0.7495077663530956,High SNR,High SNR
828409,sub-828409_ses-828409-2025-11-21-11-14-03,dual,True,2,8,0,4002.0190977989832,0.0,,,,rectified_trace,,,,,,,Excluded (no baseline noise),Excluded (no baseline noise)
828409,sub-828409_ses-828409-2025-11-21-11-14-03,dual,True,2,9,3857,4002.0190977989832,0.9637635168011216,0.0,0.2257406841158867,3.1731484989722274,ok,3.67467212677002,0.3570132227119523,5.369870840068144,0.0634095634095634,0.1806133056133056,0.7559771309771309,High SNR,High SNR
828409,sub-828409_ses-828409-2025-11-21-11-14-03,dual,True,2,10,5209,4002.0190977989832,1.3015929891151263,0.0,0.6080692011594772,3.535519329748529,ok,4.077214241027832,0.5225571126895757,5.361199342944854,0.1203846153846153,0.1775,0.7021153846153846,Intermediate,High SNR
828409,sub-828409_ses-828409-2025-11-21-11-14-03,dual,True,2,11,4313,4002.0190977989832,1.0777060015460818,0.0,0.3501350285410881,3.047465811764791,ok,3.871663093566896,0.456294922327846,4.832674442839481,0.1148758412624739,0.2255743792063123,0.6595497795312137,Low SNR,High SNR
828409,sub-828409_ses-828409-2025-11-21-11-14-03,dual,True,2,12,4446,4002.0190977989832,1.110939226263362,0.0,0.3565472329616546,3.2525865974939374,ok,4.180359840393066,0.5503823661718399,5.520842532923185,0.1168918918918918,0.1490990990990991,0.734009009009009,High SNR,High SNR
828409,sub-828409_ses-828409-2025-11-21-11-14-03,dual,True,2,13,3949,4002.0190977989832,0.9867519128461576,0.0,0.2989347325623035,2.98589389687674,ok,3.871403694152832,0.4499873385667257,5.390230296442933,0.0712113532691333,0.1702990369994931,0.7584896097313736,High SNR,High SNR
828409,sub-828409_ses-828409-2025-11-21-11-14-03,dual,True,2,14,4810,4002.0190977989832,1.2018933149632862,0.0,0.4172372574448585,3.301907956646152,ok,4.134542465209961,0.5411642411642411,5.071597763490539,0.1192163401417257,0.2002917882451021,0.6804918716131722,Intermediate,High SNR
828409,sub-828409_ses-828409-2025-11-21-11-14-03,dual,True,2,15,4459,4002.0190977989832,1.1141875865740734,0.0,0.2682634809404611,3.109325957211298,ok,3.9157886505126953,0.4700605516932047,4.870994296414287,0.1245223645763092,0.2175769835918183,0.6579006518318723,Low SNR,Intermediate
828409,sub-828409_ses-828409-2025-11-21-11-14-03,dual,True,2,16,6335,4002.0190977989832,1.5829509667967605,0.0,0.3930757484614849,3.850382967964507,ok,4.577566146850586,0.6298342541436464,5.310034896153422,0.1458168590858769,0.1709631504032895,0.6832199905108335,Intermediate,High SNR
828409,sub-828409_ses-828409-2025-11-21-11-14-03,dual,True,2,17,5392,4002.0190977989832,1.3473199073351434,0.0,0.3708214816868305,3.375401548887456,ok,4.204968452453613,0.5615727002967359,5.000017604131436,0.1437059041960638,0.1953212031191979,0.6609728926847382,Intermediate,Intermediate
828409,sub-828409_ses-828409-2025-11-21-11-14-03,dual,True,2,18,5958,4002.0190977989832,1.4887485177861246,0.0,0.4067646353244781,3.736776516036637,ok,4.533728122711182,0.6289023162134945,5.733907346776763,0.1138047138047138,0.1429292929292929,0.7432659932659933,High SNR,High SNR
828409,sub-828409_ses-828409-2025-11-21-11-14-03,dual,True,2,19,4920,4002.0190977989832,1.2293794406693073,0.0,0.5599330854177474,3.448383435027818,ok,4.100492000579834,0.5247967479674797,5.722251111937124,0.0834181078331637,0.1582909460834181,0.7582909460834181,High SNR,High SNR
828409,sub-828409_ses-828409-2025-11-21-11-14-03,dual,True,2,20,3353,4002.0190977989832,0.8378270862935341,0.0,0.2292283326566219,2.869688225016931,ok,3.690690517425537,0.3683268714583955,4.885671970300248,0.0896592946802151,0.2364016736401673,0.6739390316796174,Low SNR,High SNR
828409,sub-828409_ses-828409-2025-11-21-11-14-03,dual,True,2,21,3505,4002.0190977989832,0.8758079145418541,0.0,0.3215581643700599,2.9334892001245123,ok,3.81026840209961,0.440228245363766,4.9571513818605695,0.1104751001717229,0.2172295363480252,0.6722953634802519,Low SNR,High SNR
828409,sub-828409_ses-828409-2025-11-21-11-14-03,dual,True,2,22,3945,4002.0190977989832,0.9857524173659384,0.0,0.4385221511900424,3.019318601645478,ok,3.840966939926148,0.4372623574144487,5.33069728645723,0.0741116751269035,0.1852791878172588,0.7406091370558375,High SNR,High SNR
828409,sub-828409_ses-828409-2025-11-21-11-14-03,dual,True,2,23,4664,4002.0190977989832,1.1654117299352946,0.0,0.5035518862724304,3.2982345445487184,ok,3.829168319702149,0.4384648370497427,5.23788149880588,0.0827245380318006,0.1989686291362269,0.7183068328319725,High SNR,High SNR
828409,sub-828409_ses-828409-2025-11-21-11-14-03,dual,True,2,24,4272,4002.0190977989832,1.0674611728738377,0.0,0.2256869552493095,3.0347849281798496,ok,3.870175838470459,0.4557584269662921,4.728369873790489,0.1197282099343955,0.2488284910965323,0.6314432989690721,Low SNR,Intermediate
828409,sub-828409_ses-828409-2025-11-21-11-14-03,dual,True,2,25,4091,4002.0190977989832,1.0222340023939305,0.0,0.2668476855397224,2.999363680399508,ok,3.9407355785369873,0.4815448545587876,4.87140444966076,0.1109750122488976,0.2263596276335129,0.6626653601175894,Low SNR,High SNR
828409,sub-828409_ses-828409-2025-11-21-11-14-03,dual,True,2,26,6103,4002.0190977989832,1.5249802289440617,0.0,0.3557220353364944,3.6508895248267073,ok,4.437544345855713,0.611830247419302,5.001995615828729,0.152431011826544,0.1967805519053876,0.6507884362680684,Intermediate,Intermediate
828409,sub-828409_ses-828409-2025-11-21-11-14-03,dual,True,2,27,6142,4002.0190977989832,1.5347253098761964,0.0,0.1822450236529111,3.905348671359637,ok,4.789247989654541,0.6502767828069033,5.172023004079746,0.1575253019915116,0.1815213842637936,0.6609533137446948,Intermediate,Intermediate
828409,sub-828409_ses-828409-2025-11-21-11-14-03,dual,True,2,28,8873,4002.0190977989832,2.217130848995684,0.0,0.2296430302530527,5.083237471403257,ok,5.167868137359619,0.7294038093091401,6.001320003620171,0.1523852588740673,0.1359936694551209,0.7116210716708117,Intermediate,High SNR
828409,sub-828409_ses-828409-2025-11-21-11-14-03,dual,True,2,29,4422,4002.0190977989832,1.104942253382048,0.0,0.1540930306568741,3.2271998274147555,ok,4.030631065368652,0.5106286748077793,5.037104584261055,0.1236973266878115,0.2025373810602628,0.6737652922519257,Intermediate,High SNR
828409,sub-828409_ses-828409-2025-11-21-11-14-03,dual,True,2,30,5677,4002.0190977989832,1.4185339603007434,0.0,0.2536191613912582,3.510911788646855,ok,4.182673931121826,0.5548705302096177,5.4174042183006605,0.0989941768131286,0.1842244573848597,0.7167813658020117,High SNR,High SNR
828409,sub-828409_ses-828409-2025-11-21-11-14-03,dual,True,2,31,5139,4002.0190977989832,1.2841018182112949,0.0,0.1145500098198652,3.514769305698821,ok,4.000634670257568,0.500875656742557,4.996262007156054,0.1320717908700741,0.2017167381974249,0.666211470932501,Intermediate,High SNR
828409,sub-828409_ses-828409-2025-11-21-11-14-03,dual,True,2,32,5539,4002.0190977989832,1.3840513662331897,0.0,0.2408827910095453,3.647040328541616,ok,4.473086833953857,0.6066076909189384,5.676516985295385,0.113323678493845,0.1587617668356263,0.7279145546705286,High SNR,High SNR
829704,sub-829704_ses-829704-2025-12-10-13-47-47,dual,True,1,0,3924,3790.946374664549,1.0350977334379268,0.0,0.1780492896258831,2.958996302494951,ok,3.889974594116211,0.460499490316004,4.7766875862641145,0.112697603263641,0.2320244773074961,0.6552779194288628,Intermediate,High SNR
829704,sub-829704_ses-829704-2025-12-10-13-47-47,dual,True,1,1,4062,3790.946374664549,1.0715002531154074,0.0,0.1918379239529371,3.074699912661316,ok,3.996664047241211,0.4992614475627769,5.212128392284288,0.0956136027599802,0.1922129127649088,0.7121734844751109,Intermediate,High SNR
829704,sub-829704_ses-829704-2025-12-10-13-47-47,dual,True,1,2,4754,3790.946374664549,1.254040424251759,0.0,0.217567445397377,3.2979777589498647,ok,4.4008331298828125,0.5942364324779134,5.257679044325629,0.1401220281927203,0.1733641910372396,0.68651378077004,Intermediate,High SNR
829704,sub-829704_ses-829704-2025-12-10-13-47-47,dual,True,1,3,5179,3790.946374664549,1.3661496334034209,0.0,0.4177176359295845,3.339732314570434,ok,4.081002235412598,0.5257771770612087,5.378489207064465,0.0963878694224454,0.1771296117442534,0.7264825188333012,High SNR,High SNR
829704,sub-829704_ses-829704-2025-12-10-13-47-47,dual,True,1,4,4694,3790.946374664549,1.2382132417832896,0.0,0.264390915441513,3.29445247691672,ok,4.248234272003174,0.5703025138474649,5.695922683136875,0.0899978673491149,0.1586692258477287,0.7513329068031563,High SNR,High SNR
829704,sub-829704_ses-829704-2025-12-10-13-47-47,dual,True,1,5,4375,3790.946374664549,1.154065388325925,0.0,0.145645050086081,3.123157001054697,ok,4.094244480133057,0.5227428571428572,5.006873562495292,0.1184541504687857,0.2101532128973245,0.6713926366338898,Intermediate,High SNR
829704,sub-829704_ses-829704-2025-12-10-13-47-47,dual,True,1,6,5261,3790.946374664549,1.3877801161103294,0.0,0.2713227787435054,3.356595339134104,ok,4.201544284820557,0.5654818475574985,5.2182409398395135,0.1196727549467275,0.1868340943683409,0.6934931506849316,Intermediate,High SNR
829704,sub-829704_ses-829704-2025-12-10-13-47-47,dual,True,1,7,4393,3790.946374664549,1.158813543066466,0.0,0.1459434861034154,3.043982749773896,ok,3.7922909259796143,0.4108809469610744,4.581280245296051,0.1104029137263828,0.27452765763715,0.6150694286364671,Intermediate,Intermediate
829704,sub-829704_ses-829704-2025-12-10-13-47-47,dual,True,1,8,3624,3790.946374664549,0.9559618210955776,0.0,0.1702592004686594,2.8987615651978014,ok,3.788753509521485,0.4277041942604856,4.877485759749716,0.0897542115437724,0.2446837890085611,0.6655619994476664,Intermediate,High SNR
829704,sub-829704_ses-829704-2025-12-10-13-47-47,dual,True,1,9,4920,3790.946374664549,1.2978289624145258,0.0,0.2481986875712871,3.1065081853363905,ok,3.94233751296997,0.4804878048780487,4.323540148765349,0.1572416598860862,0.2815296989422294,0.5612286411716843,Low SNR,Intermediate
829704,sub-829704_ses-829704-2025-12-10-13-47-47,dual,True,1,10,5766,3790.946374664549,1.5209922352199503,0.0,0.3947568080484867,3.705490655954421,ok,4.519120216369629,0.6184530003468609,5.352720361445212,0.142485248177716,0.1697327316903852,0.6877820201318986,Intermediate,High SNR
829704,sub-829704_ses-829704-2025-12-10-13-47-47,dual,True,1,11,3315,3790.946374664549,0.874451831382958,0.0,0.2423633615076541,2.821397439617332,ok,3.754852533340454,0.4126696832579185,5.007230533243952,0.0948640483383685,0.2036253776435045,0.7015105740181269,Intermediate,High SNR
829704,sub-829704_ses-829704-2025-12-10-13-47-47,dual,True,1,12,6057,3790.946374664549,1.5977540701920292,0.0,0.2877680094838142,3.869657167853196,ok,4.848616123199463,0.6665015684332177,5.530044600106886,0.1391735537190082,0.1565289256198347,0.704297520661157,Intermediate,High SNR
829704,sub-829704_ses-829704-2025-12-10-13-47-47,dual,True,1,13,5204,3790.946374664549,1.372744292765283,0.0,0.2248975032269954,3.3748712046834424,ok,4.157687187194824,0.5476556495003844,5.297391003818717,0.1105981919599923,0.1871513752644739,0.7022504327755338,Intermediate,High SNR
829704,sub-829704_ses-829704-2025-12-10-13-47-47,dual,True,1,14,4745,3790.946374664549,1.251666346881489,0.0,0.1850874949917197,3.267968176633194,ok,4.2474446296691895,0.5551106427818756,4.809213312307794,0.1642766765078026,0.2085617882749894,0.627161535217208,Low SNR,Intermediate
829704,sub-829704_ses-829704-2025-12-10-13-47-47,dual,True,1,15,4634,3790.946374664549,1.2223860593148197,0.0,0.2530834633827209,3.245051460529187,ok,4.1638054847717285,0.5457488131204143,5.29149031333096,0.1040811919671777,0.1861369034765709,0.7097819045562513,Intermediate,High SNR
829704,sub-829704_ses-829704-2025-12-10-13-47-47,dual,True,1,16,4490,3790.946374664549,1.1844008213904922,0.0,0.4689105530261993,3.3118994851324106,ok,4.103541374206543,0.5273942093541203,5.781132475782024,0.0826833073322932,0.1386226877646534,0.7786940049030533,High SNR,High SNR
829704,sub-829704_ses-829704-2025-12-10-13-47-47,dual,True,1,17,4346,3790.946374664549,1.1464155834661645,0.0,0.2490498659312724,3.1618139686529334,ok,4.28666877746582,0.5708697653014266,5.4284469427498845,0.1059175685010361,0.1664747870135851,0.7276076444853787,High SNR,High SNR
829704,sub-829704_ses-829704-2025-12-10-13-47-47,dual,True,1,18,4073,3790.946374664549,1.0744019032346268,0.0,0.346336583250761,3.0971572440747988,ok,3.974327325820923,0.4920206236189541,5.600877620701401,0.0693726937269372,0.1589175891758917,0.771709717097171,High SNR,High SNR
829704,sub-829704_ses-829704-2025-12-10-13-47-47,dual,True,1,19,6567,3790.946374664549,1.732285121174023,0.0,0.349454116782546,3.7459465656044304,ok,4.219470024108887,0.5667732602405969,5.127526000134012,0.1199695121951219,0.1978658536585366,0.6821646341463414,Intermediate,High SNR
829704,sub-829704_ses-829704-2025-12-10-13-47-47,dual,True,1,20,4527,3790.946374664549,1.1941609172460486,0.0,0.3582857992261648,3.1917045730369176,ok,3.9666666984558105,0.489065606361829,5.297212014118602,0.0870910698496905,0.1832449160035367,0.7296640141467727,High SNR,High SNR
829704,sub-829704_ses-829704-2025-12-10-13-47-47,dual,True,1,21,3708,3790.946374664549,0.9781198765514354,0.0,0.243232920795679,2.9572203780158923,ok,3.927175045013428,0.4751887810140237,5.06953115724515,0.103401727861771,0.1916846652267818,0.7049136069114471,Intermediate,High SNR
829704,sub-829704_ses-829704-2025-12-10-13-47-47,dual,True,1,22,7560,3790.946374664549,1.9942249910271983,0.0,0.2682503801107406,4.699527240793808,ok,4.482507705688477,0.6134920634920635,6.295797398337188,0.1066701958708311,0.123875066172578,0.7694547379565908,High SNR,High SNR
829704,sub-829704_ses-829704-2025-12-10-13-47-47,dual,True,1,23,4606,3790.946374664549,1.2150000408295338,0.0,0.3775338342905044,3.218107603506661,ok,3.9920482635498047,0.4978289188015631,5.320078502897271,0.0998914223669924,0.1771986970684039,0.7229098805646037,High SNR,High SNR
829704,sub-829704_ses-829704-2025-12-10-13-47-47,dual,True,1,24,4034,3790.946374664549,1.0641142346301216,0.0,0.3584444672852754,3.0665908472807777,ok,3.8485846519470215,0.4464551313832424,5.295147191824702,0.085132787292132,0.1816827997021593,0.7331844130057086,High SNR,High SNR
829704,sub-829704_ses-829704-2025-12-10-13-47-47,dual,True,1,25,5367,3790.946374664549,1.4157414718046262,0.0,0.4993951454401016,3.827174354378018,ok,4.06917667388916,0.519470840320477,6.166139196978724,0.0691648023862789,0.1245339299030574,0.8063012677106637,High SNR,High SNR
829704,sub-829704_ses-829704-2025-12-10-13-47-47,dual,True,1,26,6254,3790.946374664549,1.649719985963505,0.0,0.3750299630641937,3.8997285475632713,ok,4.590811729431152,0.6367125039974416,5.516501883213698,0.1300448430493273,0.1665598975016015,0.7033952594490711,Intermediate,High SNR
829704,sub-829704_ses-829704-2025-12-10-13-47-47,dual,True,1,27,4132,3790.946374664549,1.0899652993286222,0.0,0.5556162184238433,3.287856002346325,ok,3.991493225097656,0.4968538238141335,5.85115238063335,0.0786734446865165,0.1389494069232631,0.7823771483902203,High SNR,High SNR
829704,sub-829704_ses-829704-2025-12-10-13-47-47,dual,True,1,28,6207,3790.946374664549,1.6373220263632038,0.0,0.5329523574113846,4.008480735247449,ok,4.5109477043151855,0.626389560173997,6.338070982562341,0.0883112689699709,0.1159186309331611,0.7957701000968679,High SNR,High SNR
829704,sub-829704_ses-829704-2025-12-10-13-47-47,dual,True,1,29,3945,3790.946374664549,1.0406372473018912,0.0,0.3197201378434896,3.0636483751732086,ok,3.900857448577881,0.4674271229404309,5.264602402036155,0.0908860116780908,0.1782178217821782,0.7308961665397309,High SNR,High SNR
829704,sub-829704_ses-829704-2025-12-10-13-47-47,dual,True,1,30,6880,3790.946374664549,1.8148502563845403,0.0,0.2586231260329484,4.25008770405351,ok,4.582447052001953,0.6283430232558139,5.690414910470942,0.1358347876672484,0.14630599185573,0.7178592204770216,Intermediate,High SNR
829704,sub-829704_ses-829704-2025-12-10-13-47-47,dual,True,1,31,6245,3790.946374664549,1.6473459085932347,0.0,0.4654202975749969,4.458061805278924,ok,4.310047626495361,0.5823859087269816,6.766161986370798,0.0788335202691876,0.0902099022592533,0.830956577471559,High SNR,High SNR
829704,sub-829704_ses-829704-2025-12-10-13-47-47,dual,True,2,0,3818,3068.0064432547024,1.244456317356904,0.0,0.4131890347838401,3.443085661182581,ok,4.05407190322876,0.5204295442640126,5.828626023697332,0.0681578947368421,0.1413157894736842,0.7905263157894736,High SNR,High SNR
829704,sub-829704_ses-829704-2025-12-10-13-47-47,dual,True,2,1,4789,3068.0064432547024,1.5609484818811454,0.0,0.4114194286108016,3.9665746763097487,ok,4.704469203948975,0.6554604301524326,5.359190254615792,0.1462392625183322,0.1730567777079405,0.6807039597737272,Intermediate,High SNR
829704,sub-829704_ses-829704-2025-12-10-13-47-47,dual,True,2,2,4277,3068.0064432547024,1.3940648688673332,0.0,0.2987228658556938,3.539528381598766,ok,4.498739242553711,0.6198269815291092,4.7359127290329806,0.1772567409144197,0.2117233294255568,0.6110199296600235,Low SNR,Intermediate
829704,sub-829704_ses-829704-2025-12-10-13-47-47,dual,True,2,3,4620,3068.0064432547024,1.5058638518043206,0.0,0.4408003700137138,3.464975056615781,ok,3.9188766479492174,0.4707792207792208,4.237741866494972,0.1768027801911381,0.2832319721980886,0.5399652476107732,Low SNR,Intermediate
829704,sub-829704_ses-829704-2025-12-10-13-47-47,dual,True,2,4,3208,3068.0064432547024,1.0456301377896668,0.0,0.5191519478023052,3.178608049793572,ok,3.951984405517578,0.4797381546134663,5.203689963326063,0.1136079900124844,0.1750936329588015,0.7112983770287141,Intermediate,High SNR
829704,sub-829704_ses-829704-2025-12-10-13-47-47,dual,True,2,5,3732,3068.0064432547024,1.2164250854834902,0.0,0.3258321278035641,3.197813063415712,ok,3.9741501808166495,0.4898177920685959,4.099753491889047,0.1904378189632017,0.2876712328767123,0.521890948160086,Low SNR,Low SNR
829704,sub-829704_ses-829704-2025-12-10-13-47-47,dual,True,2,6,4246,3068.0064432547024,1.3839605876106376,0.0,0.4195138856112956,3.5894700881591253,ok,4.235644340515137,0.5734809232218558,5.228665775861501,0.1287735849056603,0.1813679245283019,0.6898584905660378,Intermediate,High SNR
829704,sub-829704_ses-829704-2025-12-10-13-47-47,dual,True,2,7,3723,3068.0064432547024,1.2134915844734817,0.0,0.5299529080867768,3.360522271536848,ok,4.104729175567627,0.5278001611603546,5.237636263141945,0.1206477732793522,0.1865047233468286,0.6928475033738192,Intermediate,High SNR
829704,sub-829704_ses-829704-2025-12-10-13-47-47,dual,True,2,8,3287,3068.0064432547024,1.0713797577664073,0.0,0.5610289156973362,3.449413016077833,ok,3.896660327911377,0.4654700334651658,5.791316747244893,0.0832063395306309,0.1450777202072538,0.7717159402621152,High SNR,High SNR
829704,sub-829704_ses-829704-2025-12-10-13-47-47,dual,True,2,9,2891,3068.0064432547024,0.942305713326037,0.0,0.4341346325039863,3.012347432096374,ok,3.836440324783325,0.4427533725354549,5.08731260125415,0.1076869806094182,0.1918282548476454,0.7004847645429363,Intermediate,High SNR
829704,sub-829704_ses-829704-2025-12-10-13-47-47,dual,True,2,10,3046,3068.0064432547024,0.9928271196095152,0.0,0.3876687510430812,3.0931400385772827,ok,3.8538856506347656,0.4464871963230466,5.172494423004688,0.0960526315789473,0.1950657894736842,0.7088815789473685,Intermediate,High SNR
829704,sub-829704_ses-829704-2025-12-10-13-47-47,dual,True,2,11,3124,3068.0064432547024,1.0182507950295885,0.0,0.1779540600702166,3.0191050009252725,ok,3.989391803741455,0.4958386683738796,4.747844101655272,0.1313423249839435,0.2315350032113038,0.6371226718047527,Intermediate,Intermediate
829704,sub-829704_ses-829704-2025-12-10-13-47-47,dual,True,2,12,4585,3068.0064432547024,1.4944557923209545,0.0,0.1686400218665599,4.059932679069782,ok,4.214175701141357,0.5589967284623774,5.688818504917231,0.1123029772329246,0.1482049036777583,0.739492119089317,High SNR,High SNR
829704,sub-829704_ses-829704-2025-12-10-13-47-47,dual,True,2,13,3183,3068.0064432547024,1.0374815238729769,0.0,0.3783157306909561,3.129175660145946,ok,3.968223810195923,0.4885328306628966,5.027140231669793,0.1382241813602015,0.1863979848866498,0.6753778337531486,Intermediate,High SNR
829704,sub-829704_ses-829704-2025-12-10-13-47-47,dual,True,2,14,2763,3068.0064432547024,0.900584810072584,0.0,0.2832154601097106,2.899020743773556,ok,3.766083717346192,0.4035468693449149,5.167765552835433,0.0652883569096844,0.2042074718897352,0.7305041712005803,High SNR,High SNR
829704,sub-829704_ses-829704-2025-12-10-13-47-47,dual,True,2,15,4841,3068.0064432547024,1.5778975988278607,0.0,0.2297212154746055,3.652020857370698,ok,4.032134056091309,0.5112580045445156,4.948187081751005,0.1284650393049234,0.2072817542407943,0.6642532064542822,Intermediate,High SNR
829704,sub-829704_ses-829704-2025-12-10-13-47-47,dual,True,2,16,2983,3068.0064432547024,0.9722926125394564,0.0,0.2531317575037479,2.9879401762568025,ok,3.759796380996704,0.3995977204156889,5.215009939728634,0.06380120886501,0.1994627266621894,0.7367360644728005,High SNR,High SNR
829704,sub-829704_ses-829704-2025-12-10-13-47-47,dual,True,2,17,3104,3068.0064432547024,1.0117319038962362,0.0,0.143472576829791,3.032767410945496,ok,3.807261466979981,0.4249355670103092,4.614144416676235,0.1090322580645161,0.2706451612903225,0.6203225806451613,Intermediate,Intermediate
829704,sub-829704_ses-829704-2025-12-10-13-47-47,dual,True,2,18,2966,3068.0064432547024,0.9667515550761072,0.0,0.1494821903228759,3.0102287733135173,ok,3.9918737411499023,0.49763991908294,4.980146307522725,0.1248730964467005,0.216243654822335,0.6588832487309645,Intermediate,Intermediate
829704,sub-829704_ses-829704-2025-12-10-13-47-47,dual,True,2,19,3023,3068.0064432547024,0.9853303948061604,0.0,0.1880835973083972,2.9894615393396053,ok,3.7434604167938232,0.4055573933178961,4.954853802412437,0.0795492210805435,0.2214119986741796,0.6990387802452768,Intermediate,High SNR
829704,sub-829704_ses-829704-2025-12-10-13-47-47,dual,True,2,20,5244,3068.0064432547024,1.7092532551649042,0.0,0.2600246055185795,4.553187876699276,ok,4.798616409301758,0.6529366895499619,5.583827066564242,0.1477164150582839,0.1492451748519014,0.7030384100898146,Intermediate,High SNR
829704,sub-829704_ses-829704-2025-12-10-13-47-47,dual,True,2,21,3587,3068.0064432547024,1.1691631247666878,0.0,0.2301663343906402,3.2012613494611,ok,3.992833614349365,0.4979091162531363,4.817617929632837,0.1328866554997208,0.2272473478503629,0.6398659966499163,Intermediate,Intermediate
829704,sub-829704_ses-829704-2025-12-10-13-47-47,dual,True,2,22,3331,3068.0064432547024,1.0857213182597818,0.0,0.258843807631731,3.0983759884971325,ok,3.907876968383789,0.4698288802161513,4.930370080003336,0.0965994583207944,0.2232922058380981,0.6801083358411074,Intermediate,High SNR
829704,sub-829704_ses-829704-2025-12-10-13-47-47,dual,True,2,23,4352,3068.0064432547024,1.4185107106174033,0.0,0.1441300263941287,3.564087171897529,ok,4.154416084289551,0.5466452205882353,5.232668392296539,0.1163594470046082,0.1896313364055299,0.6940092165898617,Intermediate,High SNR
829704,sub-829704_ses-829704-2025-12-10-13-47-47,dual,True,2,24,4538,3068.0064432547024,1.4791363981575774,0.0,0.1663551863506436,3.655218293449298,ok,4.2586164474487305,0.5718378140149846,5.282066122092283,0.1225165562913907,0.1785871964679911,0.698896247240618,Intermediate,High SNR
829704,sub-829704_ses-829704-2025-12-10-13-47-47,dual,True,2,25,2757,3068.0064432547024,0.8986291427325783,0.0,0.3483654223680496,2.915177189266436,ok,3.753183841705322,0.4080522306855277,5.144838317302012,0.079607415485278,0.2053798618684114,0.7150127226463104,High SNR,High SNR
829704,sub-829704_ses-829704-2025-12-10-13-47-47,dual,True,2,26,3835,3068.0064432547024,1.249997374820253,0.0,0.2202997968614101,3.3088479258731174,ok,4.049995422363281,0.5173402868318122,5.294712804338554,0.0863648259617901,0.183459827270348,0.7301753467678618,High SNR,High SNR
829704,sub-829704_ses-829704-2025-12-10-13-47-47,dual,True,2,27,5042,3068.0064432547024,1.6434124547180486,0.0,0.157374556531012,4.316763679966924,ok,4.4852705001831055,0.6128520428401428,5.937083993834444,0.1101391650099403,0.1276341948310139,0.7622266401590457,High SNR,High SNR
829704,sub-829704_ses-829704-2025-12-10-13-47-47,dual,True,2,28,3335,3068.0064432547024,1.0870250964864523,0.0,0.2623850082993507,3.068279936251232,ok,3.875765562057495,0.4587706146926537,4.989638376902635,0.1043425814234016,0.2104945717732207,0.6851628468033776,Intermediate,High SNR
829704,sub-829704_ses-829704-2025-12-10-13-47-47,dual,True,2,29,2893,3068.0064432547024,0.9429576024393722,0.0,0.271308020979166,2.8982818344364,ok,3.810556888580322,0.4306947805046664,4.658985973163608,0.1091476091476091,0.2446292446292446,0.6462231462231462,Intermediate,Intermediate
829704,sub-829704_ses-829704-2025-12-10-13-47-47,dual,True,2,30,3671,3068.0064432547024,1.1965424675267664,0.0,0.3189628966301679,3.2688328034858896,ok,4.158445835113525,0.547534731680741,5.422181705820856,0.1027041791860147,0.1832832559409997,0.7140125648729855,Intermediate,High SNR
829704,sub-829704_ses-829704-2025-12-10-13-47-47,dual,True,2,31,2763,3068.0064432547024,0.900584810072584,0.0,0.2711495959371328,2.925441948249783,ok,3.8326735496521,0.4491494752081071,5.094369648565202,0.0873188405797101,0.2068840579710145,0.7057971014492753,Intermediate,High SNR
829704,sub-829704_ses-829704-2025-12-10-13-47-47,dual,True,2,32,3337,3068.0064432547024,1.0876769855997874,0.0,0.3236378382414579,3.063078255159375,ok,3.821279764175415,0.4291279592448306,4.899175762306455,0.0935338345864661,0.2333834586466165,0.6730827067669173,Intermediate,High SNR
829704,sub-829704_ses-829704-2025-12-10-13-47-47,dual,True,2,33,4107,3068.0064432547024,1.3386542942338409,0.0,0.3540600194513797,3.563614675396074,ok,4.593839168548584,0.6223520818115412,5.287505761529703,0.1472811509387954,0.1680078029748841,0.6847110460863204,Intermediate,High SNR
829704,sub-829704_ses-829704-2025-12-10-13-47-47,dual,True,2,34,3881,3068.0064432547024,1.2649908244269628,0.0,0.4668423893272876,3.4087841005011987,ok,4.098171710968018,0.5246070600360732,5.350715946661081,0.1121157323688969,0.1735985533453888,0.7142857142857143,Intermediate,High SNR
829704,sub-829704_ses-829704-2025-12-10-13-47-47,dual,True,2,35,6438,3068.0064432547024,2.098431055826021,0.0,0.4187323868751526,5.687567087646648,ok,4.9305338859558105,0.6862379621000311,6.663134126635297,0.1293183940242764,0.1087768440709617,0.7619047619047619,High SNR,High SNR
829704,sub-829704_ses-829704-2025-12-10-13-47-47,dual,True,2,36,3765,3068.0064432547024,1.2271812558535211,0.0,0.2364956037104129,3.342750499142642,ok,4.25637149810791,0.5683930942895087,5.055575463183896,0.1325525685387277,0.1985626829917487,0.6688847484695235,Intermediate,High SNR
829704,sub-829704_ses-829704-2025-12-10-13-47-47,dual,True,2,37,4083,3068.0064432547024,1.3308316248738183,0.0,0.3694295240521431,3.490387248037358,ok,4.105114459991455,0.5302473671320108,5.454830894062386,0.0943952802359882,0.1723205506391347,0.733284169124877,High SNR,High SNR
829704,sub-829704_ses-829704-2025-12-10-13-47-47,dual,True,2,38,3471,3068.0064432547024,1.1313535561932462,0.0,0.397454783642292,3.2290032054920776,ok,3.930411100387573,0.4822817631806396,5.2612771371682685,0.1,0.1846820809248555,0.7153179190751445,Intermediate,High SNR
829704,sub-829704_ses-829704-2025-12-10-13-47-47,dual,True,2,39,4136,3068.0064432547024,1.348106686377201,0.0,0.1902240033566951,3.441079759851757,ok,4.2360711097717285,0.5735009671179884,4.943161526530208,0.1312348668280871,0.2048426150121065,0.6639225181598063,Intermediate,High SNR
829704,sub-829704_ses-829704-2025-12-10-13-47-47,dual,True,2,40,3471,3068.0064432547024,1.1313535561932462,0.0,0.1862357838213443,3.1021404698419794,ok,3.8440921306610094,0.4341688274272544,4.55254734554772,0.125108350187807,0.2655301935856688,0.6093614562265242,Intermediate,Intermediate
829704,sub-829704_ses-829704-2025-12-10-13-47-47,dual,True,2,41,3660,3068.0064432547024,1.1929570774034228,0.0,0.2588000645577907,3.250450916009446,ok,4.094698905944824,0.5297814207650273,5.0383222487723565,0.1270581778265642,0.1995060373216245,0.6734357848518112,Intermediate,High SNR
829704,sub-829704_ses-829704-2025-12-10-13-47-47,dual,True,2,42,3138,3068.0064432547024,1.0228140188229349,0.0,0.340230867549777,3.003274302858544,ok,3.899587631225586,0.4572976418100701,4.778293505361125,0.1136653895274585,0.2346743295019157,0.6516602809706258,Intermediate,Intermediate
829704,sub-829704_ses-829704-2025-12-10-13-47-47,dual,True,2,43,2931,3068.0064432547024,0.9553434955927412,0.0,0.2433319833934307,2.905317647076304,ok,3.848596572875977,0.4350051177072671,4.675896910968941,0.1108829568788501,0.2481177275838466,0.6409993155373033,Intermediate,Intermediate
829704,sub-829704_ses-829704-2025-12-10-13-47-47,dual,True,2,44,6754,3068.0064432547024,2.201429535732983,0.0,0.2346858334422111,6.138628513239914,ok,4.903182029724121,0.6892212022505182,7.4538294162474035,0.0953301606186793,0.08343248066627,0.8212373587150505,High SNR,High SNR
829704,sub-829704_ses-829704-2025-12-10-13-47-47,dual,True,2,45,4543,3068.0064432547024,1.4807661209409153,0.0,0.5982393371164798,3.8687733490403433,ok,4.235374450683594,0.5657054809597183,6.067092017486395,0.087618627234606,0.1145442507172809,0.797837122048113,High SNR,High SNR
829704,sub-829704_ses-829704-2025-12-10-13-47-47,dual,True,2,46,3594,3068.0064432547024,1.1714447366633611,0.0,0.3976049240112304,3.220068255045491,ok,4.077377796173096,0.5178074568725654,4.845698967994792,0.1352104822971842,0.2216336771675494,0.6431558405352662,Intermediate,Intermediate
829704,sub-829704_ses-829704-2025-12-10-13-47-47,dual,True,2,47,2977,3068.0064432547024,0.9703369451994508,0.0,0.4144462725877761,3.050460879341826,ok,3.794080972671509,0.4272757809875714,5.190986076534706,0.0813172043010752,0.1861559139784946,0.7325268817204301,High SNR,High SNR
829704,sub-829704_ses-829704-2025-12-10-13-47-47,dual,True,2,48,3600,3068.0064432547024,1.1734004040033668,0.0,0.3331701831042766,3.2927853734433072,ok,4.129483222961426,0.5302777777777777,5.38688976115953,0.1052045644308377,0.1675480100194823,0.7272474255496799,High SNR,High SNR
829704,sub-829704_ses-829704-2025-12-10-13-47-47,dual,True,2,49,3760,3068.0064432547024,1.225551533070183,0.0,0.4374665733754634,3.3829566385222494,ok,4.238433837890625,0.5707446808510638,5.768643391213425,0.0831778192482004,0.1495601173020528,0.7672620634497468,High SNR,High SNR
829704,sub-829704_ses-829704-2025-12-10-13-47-47,dual,True,2,50,3434,3068.0064432547024,1.1192936075965447,0.0,0.2679760359227657,3.1111021473723346,ok,3.935769557952881,0.4772859638905067,4.6583932080639165,0.1303587051618547,0.2443861184018664,0.6252551764362788,Intermediate,Intermediate
829704,sub-829704_ses-829704-2025-12-10-13-47-47,dual,True,2,51,3586,3068.0064432547024,1.1688371802100204,0.0,0.4438484227538108,3.234525433148152,ok,4.077266216278076,0.5248187395426659,5.038646091711331,0.1239854464035824,0.2107472712006717,0.6652672823957458,Intermediate,High SNR
829704,sub-829704_ses-829704-2025-12-10-13-47-47,dual,True,2,52,3667,3068.0064432547024,1.195238689300096,0.0,0.409460445857048,3.383254234305992,ok,4.148337841033936,0.5459503681483502,5.252252632148918,0.1219912472647702,0.1799781181619256,0.6980306345733042,Intermediate,High SNR
829704,sub-829704_ses-829704-2025-12-10-13-47-47,dual,True,2,53,3614,3068.0064432547024,1.1779636277967132,0.0,0.3613320624768734,3.206129975746677,ok,3.915138483047485,0.4692861095738793,5.011528541181529,0.0968368479467258,0.2239178690344062,0.6792452830188679,Intermediate,High SNR
829704,sub-829704_ses-829704-2025-12-10-13-47-47,dual,True,2,54,3377,3068.0064432547024,1.1007147678664917,0.0,0.4963044542491436,3.34313665786865,ok,3.954897880554199,0.4823808113710394,5.921699657279828,0.0582293523469994,0.129827688651218,0.8119429590017825,High SNR,High SNR
829704,sub-829704_ses-829704-2025-12-10-13-47-47,dual,True,2,55,3375,3068.0064432547024,1.1000628787531563,0.0,0.3728905290842056,3.16248930527328,ok,3.906480550765991,0.4637037037037037,5.350791314230101,0.0794170136823319,0.184711481261154,0.735871505056514,High SNR,High SNR
829704,sub-829704_ses-829704-2025-12-10-13-47-47,dual,True,2,56,3587,3068.0064432547024,1.1691631247666878,0.0,0.3193206840455532,3.268737308457679,ok,4.178187370300293,0.5433509896849735,5.172395323824825,0.1275524475524475,0.1941258741258741,0.6783216783216783,Intermediate,High SNR
829704,sub-829704_ses-829704-2025-12-10-13-47-47,dual,True,2,57,3865,3068.0064432547024,1.2597757115202812,0.0,0.2196474506556987,3.2233091152454705,ok,4.027004241943359,0.5084087968952135,4.380562667612169,0.1716359865180191,0.2621208192896033,0.5662431941923775,Low SNR,Intermediate
829704,sub-829704_ses-829704-2025-12-10-13-47-47,dual,True,2,58,3883,3068.0064432547024,1.265642713540298,0.0,0.4177346913099288,3.496984577368335,ok,4.302947044372559,0.5838269379345866,5.829468553096312,0.092573491490459,0.1325425477050025,0.7748839608045385,High SNR,High SNR
829704,sub-829704_ses-829704-2025-12-10-13-47-47,dual,True,2,59,3895,3068.0064432547024,1.2695540482203094,0.0,0.2807845823764801,3.366564734665117,ok,4.19282865524292,0.55198973042362,5.330469025145971,0.1111682964487905,0.1857951621204323,0.7030365414307771,Intermediate,High SNR
829704,sub-829704_ses-829704-2025-12-10-13-47-47,dual,True,2,60,2837,3068.0064432547024,0.9247047072659864,0.0,0.4417487110197544,3.013119519494409,ok,3.8001322746276855,0.4169897779344378,5.223466498617644,0.0854218143310977,0.187080833039181,0.7274973526297212,High SNR,High SNR
829704,sub-829704_ses-829704-2025-12-10-13-47-47,dual,True,2,61,4904,3068.0064432547024,1.5984321058979196,0.0,0.4325455217421055,4.035797497860267,ok,4.61625862121582,0.6445758564437194,6.000522276228283,0.0984243912420708,0.1375076734192756,0.7640679353386536,High SNR,High SNR
829704,sub-829704_ses-829704-2025-12-10-13-47-47,dual,True,2,62,3168,3068.0064432547024,1.0325923555229628,0.0,0.2994233073502779,2.9824584567161927,ok,3.8223447799682617,0.4327651515151515,4.711610124112315,0.1103382864369269,0.2516598166297819,0.6380018969332911,Intermediate,Intermediate
829704,sub-829704_ses-829704-2025-12-10-13-47-47,dual,True,2,63,6750,3068.0064432547024,2.2001257575063127,0.0,0.180755019673705,6.6610554958119375,ok,5.200241088867188,0.709037037037037,7.553023392876812,0.1092287115470352,0.0774260662802793,0.8133452221726853,High SNR,High SNR
829704,sub-829704_ses-829704-2025-12-10-13-47-47,dual,True,2,64,5036,3068.0064432547024,1.641456787378043,0.0,0.216248945197463,4.098951041409584,ok,4.823869705200195,0.6679904686258936,5.08543411297539,0.1658371491140752,0.1905235914791957,0.6436392594067291,Low SNR,Intermediate
829704,sub-829704_ses-829704-2025-12-10-13-47-47,dual,True,2,65,5177,3068.0064432547024,1.6874149698681749,0.0,0.2239465994954109,4.509359009549845,ok,4.342562675476074,0.5930075333204559,6.438147279864489,0.0919674039580908,0.1127279782693053,0.7953046177726038,High SNR,High SNR
829704,sub-829704_ses-829704-2025-12-10-13-47-47,dual,True,2,66,5529,3068.0064432547024,1.8021474538151707,0.0,0.4230147454440593,4.635827486992389,ok,4.510053634643555,0.6232591788750226,6.262451304305523,0.1285817918026841,0.1166122597025752,0.7548059484947407,High SNR,High SNR
829704,sub-829704_ses-829704-2025-12-10-13-47-47,dual,True,2,67,4633,3068.0064432547024,1.5101011310409995,0.0,0.1566276435434818,3.958288097144553,ok,4.32001543045044,0.5909777681847614,5.775292153097828,0.0995455529106254,0.1510495563730794,0.7494048907162951,High SNR,High SNR
829704,sub-829704_ses-829704-2025-12-10-13-47-47,dual,True,2,68,4228,3068.0064432547024,1.378093585590621,0.0,0.1452917253479361,3.68894990270573,ok,4.339785575866699,0.5804162724692526,5.106488225637054,0.1466540104413858,0.1905552918841955,0.6627906976744186,Intermediate,Intermediate
829704,sub-829704_ses-829704-2025-12-11-12-57-26,dual,True,1,0,4517,4042.8874350115657,1.117270780502717,0.0,0.2575966439902782,3.0884178255427743,ok,3.9323811531066895,0.4790790347575824,4.93690555926784,0.1264953478068232,0.2135578201151971,0.6599468320779797,Low SNR,High SNR
829704,sub-829704_ses-829704-2025-12-11-12-57-26,dual,True,1,1,4146,4042.8874350115657,1.0255046836316726,0.0,0.2481316590428352,2.974495584780592,ok,3.880758762359619,0.4553786782440907,4.773649865946121,0.1224046354418155,0.2407049734427812,0.6368903911154031,Low SNR,Intermediate
829704,sub-829704_ses-829704-2025-12-11-12-57-26,dual,True,1,2,3984,4042.8874350115657,0.9854343124912164,0.0,0.2425731736153364,2.950365453695129,ok,3.9326419830322266,0.4764056224899598,4.745376316763727,0.127199597787833,0.2332830568124685,0.6395173453996983,Low SNR,Intermediate
829704,sub-829704_ses-829704-2025-12-11-12-57-26,dual,True,1,3,7397,4042.8874350115657,1.8296329341108253,0.0,0.2293726185232401,3.973960623834294,ok,4.544620037078857,0.6382317155603623,4.78877718076714,0.1727174207531834,0.2107829856407477,0.6164995936060688,Low SNR,Intermediate
829704,sub-829704_ses-829704-2025-12-11-12-57-26,dual,True,1,4,4602,4042.8874350115657,1.1382953579529564,0.0,0.3085130076527595,3.161205053960567,ok,4.147181034088135,0.5443285528031291,5.20218881542331,0.1231773667029379,0.1875952121871599,0.6892274211099021,Low SNR,High SNR
829704,sub-829704_ses-829704-2025-12-11-12-57-26,dual,True,1,5,4587,4042.8874350115657,1.1345851384029142,0.0,0.4255711967289448,3.2922378267459136,ok,4.092187881469727,0.5293219969478963,5.762831500262597,0.0816593886462882,0.1473799126637554,0.7709606986899563,High SNR,High SNR
829704,sub-829704_ses-829704-2025-12-11-12-57-26,dual,True,1,6,5236,4042.8874350115657,1.2951139709347417,0.0,0.3043899578243494,3.3805016200246025,ok,4.154848098754883,0.5460275019098548,5.375466948529819,0.1003440366972477,0.1668577981651376,0.7327981651376146,High SNR,High SNR
829704,sub-829704_ses-829704-2025-12-11-12-57-26,dual,True,1,7,3649,4042.8874350115657,0.9025727425402732,0.0,0.1928566294491291,2.85124671307473,ok,3.814286947250366,0.4244998629761578,4.808535307873424,0.1012623490669593,0.239297475301866,0.6594401756311745,Low SNR,High SNR
829704,sub-829704_ses-829704-2025-12-11-12-57-26,dual,True,1,8,4052,4042.8874350115657,1.0022539744514078,0.0,0.3412398744553327,2.9788724312819626,ok,3.890377998352051,0.4568114511352418,5.038539819985499,0.0988630746416213,0.2105783489866534,0.6905585763717251,Low SNR,High SNR
829704,sub-829704_ses-829704-2025-12-11-12-57-26,dual,True,1,9,4237,4042.8874350115657,1.0480133489019288,0.0,0.1683014438465237,2.985518318880497,ok,3.7813758850097656,0.4132641019589332,4.653466284633613,0.1178554558337269,0.2517713745866792,0.6303731695795938,Low SNR,Intermediate
829704,sub-829704_ses-829704-2025-12-11-12-57-26,dual,True,1,10,4504,4042.8874350115657,1.1140552568926805,0.0,0.3185688775777817,3.1464885878593942,ok,3.951782464981079,0.4840142095914742,5.2846737836887705,0.0913333333333333,0.1804444444444444,0.7282222222222222,High SNR,High SNR
829704,sub-829704_ses-829704-2025-12-11-12-57-26,dual,True,1,11,4928,4042.8874350115657,1.2189307961738742,0.0,0.2493460374712943,3.228324141280212,ok,4.147972106933594,0.544237012987013,4.891412966689847,0.1396341463414634,0.2099593495934959,0.6504065040650406,Low SNR,Intermediate
829704,sub-829704_ses-829704-2025-12-11-12-57-26,dual,True,1,12,4438,4042.8874350115657,1.0977302908724946,0.0,0.2096886108219623,3.106624103949752,ok,4.043398380279541,0.5128436232537179,4.84770382733853,0.1267478574650428,0.2192151556156968,0.6540369869192603,Low SNR,Intermediate
829704,sub-829704_ses-829704-2025-12-11-12-57-26,dual,True,1,13,5311,4042.8874350115657,1.3136650686849525,0.0,0.2461924932271242,3.2950951047245325,ok,4.16350793838501,0.5411410280549802,4.69651445248802,0.1460610629476064,0.2348284960422163,0.6191104410101772,Low SNR,Intermediate
829704,sub-829704_ses-829704-2025-12-11-12-57-26,dual,True,1,14,6932,4042.8874350115657,1.7146161280595162,0.0,0.6036096168637275,4.50648410902964,ok,4.977438449859619,0.6833525678015003,5.979994692114785,0.1368497109826589,0.1369942196531791,0.7261560693641619,Intermediate,High SNR
829704,sub-829704_ses-829704-2025-12-11-12-57-26,dual,True,1,15,5900,4042.8874350115657,1.4593530230166107,0.0,0.4102756576895713,3.859199960522747,ok,4.837560653686523,0.6659322033898305,5.631357616639602,0.1437054631828978,0.1443841194435018,0.7119104173736003,Intermediate,High SNR
829704,sub-829704_ses-829704-2025-12-11-12-57-26,dual,True,1,16,6283,4042.8874350115657,1.554087295527689,0.0,0.3919494305849075,3.7929434308452175,ok,4.258133411407471,0.5758395670857871,5.748983779477265,0.0962703219636595,0.1388269046860057,0.7649027733503347,High SNR,High SNR
829704,sub-829704_ses-829704-2025-12-11-12-57-26,dual,True,1,17,3602,4042.8874350115657,0.8909473879501411,0.0,0.3331320957005024,2.8829500860453567,ok,3.723179817199707,0.3886729594669628,5.031203159898666,0.0817120622568093,0.217065036131184,0.7012229016120066,High SNR,High SNR
829704,sub-829704_ses-829704-2025-12-11-12-57-26,dual,True,1,18,5959,4042.8874350115657,1.4739465532467768,0.0,0.2756693380057811,3.4535750229112763,ok,4.183976650238037,0.5578117133747273,4.608038866809018,0.1543635446443585,0.2379350933243652,0.6077013620312762,Low SNR,Intermediate
829704,sub-829704_ses-829704-2025-12-11-12-57-26,dual,True,1,19,6044,4042.8874350115657,1.494971130697016,0.0,0.2702846981585026,3.686584750792817,ok,4.400302886962891,0.6015883520847121,5.055344642753116,0.1570480928689883,0.1877280265339966,0.655223880597015,Low SNR,Intermediate
829704,sub-829704_ses-829704-2025-12-11-12-57-26,dual,True,1,20,4090,4042.8874350115657,1.011653197311515,0.0,0.2729403004109859,3.0027735051268283,ok,3.959223985671997,0.4828850855745721,4.870743433206602,0.115874571288584,0.2212150906418422,0.6629103380695738,Low SNR,High SNR
829704,sub-829704_ses-829704-2025-12-11-12-57-26,dual,True,1,21,5368,4042.8874350115657,1.327763902975113,0.0,0.3011015832871198,3.4330419664229503,ok,4.285839080810547,0.5747019374068555,5.509780048509665,0.1072561089349002,0.1591121059503824,0.7336317851147174,High SNR,High SNR
829704,sub-829704_ses-829704-2025-12-11-12-57-26,dual,True,1,22,4089,4042.8874350115657,1.011405849341512,0.0,0.4929490953683852,3.099000437522716,ok,3.759009838104248,0.4037662020053802,5.101259856118272,0.0893731635651322,0.1976003917727718,0.713026444662096,High SNR,High SNR
829704,sub-829704_ses-829704-2025-12-11-12-57-26,dual,True,1,23,4212,4042.8874350115657,1.0418296496518584,0.0,0.4637338474273681,3.204367503735904,ok,3.917459726333618,0.4679487179487179,5.35140258660718,0.0954080418748513,0.1734475374732334,0.7311444206519153,High SNR,High SNR
829704,sub-829704_ses-829704-2025-12-11-12-57-26,dual,True,1,24,5167,4042.8874350115657,1.278046961004547,0.0,0.4679427264690399,3.465163674939096,ok,4.081625461578369,0.5239016837623379,5.594946906450839,0.1026932764968029,0.1505522185622941,0.7467545049409029,High SNR,High SNR
829704,sub-829704_ses-829704-2025-12-11-12-57-26,dual,True,1,25,4415,4042.8874350115657,1.09204128756243,0.0,0.2105101190060377,3.087800723620351,ok,4.017143249511719,0.5048697621744055,5.0313721445677775,0.1254537205081669,0.2057622504537205,0.6687840290381125,Low SNR,High SNR
829704,sub-829704_ses-829704-2025-12-11-12-57-26,dual,True,1,26,4614,4042.8874350115657,1.1412635335929902,0.0,0.4040436393857002,3.23950277349546,ok,4.024895191192627,0.5095361941915908,5.488948845682448,0.0914620899413426,0.1607647186617423,0.747773191396915,High SNR,High SNR
829704,sub-829704_ses-829704-2025-12-11-12-57-26,dual,True,1,27,3388,4042.8874350115657,0.8380149223695386,0.0,0.2133818739026785,2.856216896307767,ok,3.738090991973877,0.4064344746162928,4.9460333970381605,0.0888954518606024,0.2347903130537507,0.6763142350856468,Low SNR,High SNR
829704,sub-829704_ses-829704-2025-12-11-12-57-26,dual,True,1,28,4758,4042.8874350115657,1.1768816412733956,0.0,0.501785107934475,3.439771211814133,ok,4.173111915588379,0.544766708701135,5.906860898461561,0.0787700084245998,0.1303706823925863,0.7908593091828138,High SNR,High SNR
829704,sub-829704_ses-829704-2025-12-11-12-57-26,dual,True,1,29,5455,4042.8874350115657,1.349283176365358,0.0,0.3707523322820663,3.4508988442631474,ok,4.204501152038574,0.556736938588451,5.039220042648481,0.1393427574811823,0.1951532953919589,0.6655039471268588,Low SNR,High SNR
829704,sub-829704_ses-829704-2025-12-11-12-57-26,dual,True,1,30,4732,4042.8874350115657,1.1704505940533223,0.0,0.4044203158557414,3.223685078329521,ok,4.078830718994141,0.5274725274725275,4.950381630399514,0.1304715584690209,0.2015225206174667,0.6680059209135124,Low SNR,High SNR
829704,sub-829704_ses-829704-2025-12-11-12-57-26,dual,True,2,0,3899,3476.4764905180914,1.1215378589886396,0.0,0.4489554487287998,3.5095226366044017,ok,4.01848840713501,0.5073095665555271,6.035695277516602,0.0725200725200725,0.1266511266511266,0.8008288008288008,High SNR,High SNR
829704,sub-829704_ses-829704-2025-12-11-12-57-26,dual,True,2,1,3508,3476.4764905180914,1.0090676607674145,0.0,0.3015283875524998,2.9805888193654924,ok,3.8624496459960938,0.4495438996579247,4.865290679092132,0.1193214491086831,0.2274295572167912,0.6532489936745256,Low SNR,Intermediate
829704,sub-829704_ses-829704-2025-12-11-12-57-26,dual,True,2,2,4067,3476.4764905180914,1.1698626500402147,0.0,0.4424159475445747,3.323693862842912,ok,4.013154029846191,0.5052864519301696,5.310634418686608,0.0997518610421836,0.1826302729528536,0.7176178660049628,High SNR,High SNR
829704,sub-829704_ses-829704-2025-12-11-12-57-26,dual,True,2,3,3763,3476.4764905180914,1.0824177900421263,0.0,0.4102677044034004,3.092247201633388,ok,3.944641590118408,0.4786074940207281,4.8989913798702185,0.1210242587601078,0.2253369272237196,0.6536388140161725,Low SNR,Intermediate
829704,sub-829704_ses-829704-2025-12-11-12-57-26,dual,True,2,4,4378,3476.4764905180914,1.2593210429987851,0.0,0.3605666249603033,3.184239752942453,ok,3.913931369781494,0.4687071722247601,4.290999817357365,0.1724217311233885,0.2748618784530386,0.5527163904235728,Low SNR,Intermediate
829704,sub-829704_ses-829704-2025-12-11-12-57-26,dual,True,2,5,4707,3476.4764905180914,1.3539570921414534,0.0,0.4727720502018928,3.523734740016517,ok,4.170480251312256,0.5564053537284895,5.381940345371633,0.1064785118665811,0.1753260637160573,0.7181954244173615,High SNR,High SNR
829704,sub-829704_ses-829704-2025-12-11-12-57-26,dual,True,2,6,3163,3476.4764905180914,0.9098292505722152,0.0,0.3300010194897651,2.908958719460941,ok,3.800124168395996,0.4252292127726841,4.732572861354869,0.1251596424010217,0.2369093231162196,0.6379310344827587,Low SNR,Intermediate
829704,sub-829704_ses-829704-2025-12-11-12-57-26,dual,True,2,7,3210,3476.4764905180914,0.923348686164025,0.0,0.4838720982313156,3.0468643906291093,ok,3.755411148071289,0.4015576323987539,5.378323029514314,0.0639097744360902,0.1741854636591478,0.7619047619047619,High SNR,High SNR
829704,sub-829704_ses-829704-2025-12-11-12-57-26,dual,True,2,8,2967,3476.4764905180914,0.8534503276787109,0.0,0.2287101539701223,2.8463592442443297,ok,3.72721791267395,0.3902932254802831,4.765383059743136,0.0949796472184531,0.2442333785617367,0.66078697421981,Low SNR,High SNR
829704,sub-829704_ses-829704-2025-12-11-12-57-26,dual,True,2,9,4470,3476.4764905180914,1.2857846190508384,0.0,0.2576587458997965,3.5148448420139715,ok,4.4878411293029785,0.6029082774049217,5.024913694268994,0.153566560654248,0.1937755565651976,0.6526578827805543,Low SNR,Intermediate
829704,sub-829704_ses-829704-2025-12-11-12-57-26,dual,True,2,10,5107,3476.4764905180914,1.4690161184547277,0.0,0.3787045138299465,3.874142331931324,ok,4.1283721923828125,0.5400430781280595,6.116520801152405,0.0729970326409495,0.1305637982195845,0.7964391691394659,High SNR,High SNR
829704,sub-829704_ses-829704-2025-12-11-12-57-26,dual,True,2,11,3709,3476.4764905180914,1.0668848214898343,0.0,0.2806300235152244,3.057165791618327,ok,3.797933340072632,0.4181720140199514,4.757251836347875,0.1043360433604336,0.2474254742547425,0.6482384823848238,Low SNR,Intermediate
829704,sub-829704_ses-829704-2025-12-11-12-57-26,dual,True,2,12,3867,3476.4764905180914,1.1123331368835776,0.0,0.2173149506539106,3.036702785406772,ok,3.785151243209839,0.4248771657615722,4.518213986035077,0.1195539419087137,0.2860477178423236,0.5943983402489627,Low SNR,Intermediate
829704,sub-829704_ses-829704-2025-12-11-12-57-26,dual,True,2,13,3049,3476.4764905180914,0.8770374280729321,0.0,0.1794025191754102,2.897360699556336,ok,3.803082942962648,0.4332568055100033,4.753507663502934,0.0985822617870095,0.2518958127266733,0.6495219254863172,Low SNR,High SNR
829704,sub-829704_ses-829704-2025-12-11-12-57-26,dual,True,2,14,2937,3476.4764905180914,0.8448209007052153,0.0,0.2803119583457708,2.842568199067638,ok,3.776081562042236,0.4208375893769152,4.7976400484478585,0.1227288309907439,0.2214604045251971,0.655810764484059,Low SNR,Intermediate
829704,sub-829704_ses-829704-2025-12-11-12-57-26,dual,True,2,15,3202,3476.4764905180914,0.9210475056377596,0.0,0.2919708351910114,2.8991225756077066,ok,3.842283248901367,0.4378513429106808,4.887386833844439,0.1019509125235997,0.2303335431088735,0.6677155443675268,Low SNR,High SNR
829704,sub-829704_ses-829704-2025-12-11-12-57-26,dual,True,2,16,3169,3476.4764905180914,0.9115551359669144,0.0,0.4481530505239963,3.0595959811633846,ok,3.785727024078369,0.4234774376775008,5.497921078442617,0.0723621294230156,0.1727765380937201,0.7548613324832643,High SNR,High SNR
829704,sub-829704_ses-829704-2025-12-11-12-57-26,dual,True,2,17,3562,3476.4764905180914,1.024600629319706,0.0,0.1881528129905462,2.998595152784012,ok,3.768131971359253,0.4059517125210556,4.823931043044375,0.0945485519591141,0.24190800681431,0.6635434412265758,Low SNR,High SNR
829704,sub-829704_ses-829704-2025-12-11-12-57-26,dual,True,2,18,8192,3476.4764905180914,2.3564088588958545,0.0,0.0742246286407113,6.343074592915531,ok,4.707606315612793,0.664794921875,7.517639205215165,0.0842835894893406,0.0764749628160634,0.839241447694596,High SNR,High SNR
829704,sub-829704_ses-829704-2025-12-11-12-57-26,dual,True,2,19,4185,3476.4764905180914,1.2038050628026309,0.0,0.1919209474235773,3.263620964633226,ok,4.071932792663574,0.5252090800477898,4.798098353110153,0.135576923076923,0.2264423076923077,0.6379807692307692,Low SNR,Intermediate
829704,sub-829704_ses-829704-2025-12-11-12-57-26,dual,True,2,20,3988,3476.4764905180914,1.1471384923433432,0.0,0.2232336315751075,3.1635348792018734,ok,4.042535781860352,0.5127883650952858,5.000237561083379,0.1191262382524765,0.2118364236728473,0.6690373380746761,Low SNR,High SNR
829704,sub-829704_ses-829704-2025-12-11-12-57-26,dual,True,2,21,3376,3476.4764905180914,0.9710981820840338,0.0,0.3901058146655559,3.0254212012450283,ok,3.796109199523926,0.4188388625592417,5.293648107878438,0.0732217573221757,0.2044231918708906,0.7223550508069336,High SNR,High SNR
829704,sub-829704_ses-829704-2025-12-11-12-57-26,dual,True,2,22,3444,3476.4764905180914,0.9906582165572904,0.0,0.2761101488918066,2.993129079789758,ok,3.8790884017944336,0.45267131242741,5.058511424889497,0.096148191708321,0.2128785651279035,0.6909732431637754,Low SNR,High SNR
829704,sub-829704_ses-829704-2025-12-11-12-57-26,dual,True,2,23,4478,3476.4764905180914,1.288085799577104,0.0,0.2523897821813821,3.5442642928964605,ok,4.218286514282227,0.5587315765966949,5.659499322471543,0.0939551731944758,0.1609689834729454,0.7450758433325787,High SNR,High SNR
829704,sub-829704_ses-829704-2025-12-11-12-57-26,dual,True,2,24,3096,3476.4764905180914,0.8905568636647418,0.0,0.3071280312359333,2.8956773833816487,ok,3.908469676971436,0.4680232558139535,4.782126073412464,0.1149688830658368,0.2374713396659024,0.6475597772682608,Low SNR,Intermediate
829704,sub-829704_ses-829704-2025-12-11-12-57-26,dual,True,2,25,6846,3476.4764905180914,1.9692352353516869,0.0,0.5025364725530147,6.05076821136598,ok,4.834467887878418,0.6679813029506281,7.214901239116877,0.1363301400147384,0.0888725128960943,0.7747973470891673,Intermediate,High SNR
829704,sub-829704_ses-829704-2025-12-11-12-57-26,dual,True,2,26,4157,3476.4764905180914,1.1957509309607015,0.0,0.2974392496526241,3.38309043980232,ok,4.28334379196167,0.5669954293961992,5.156444012544219,0.1329297820823244,0.197094430992736,0.6699757869249394,Low SNR,High SNR
829704,sub-829704_ses-829704-2025-12-11-12-57-26,dual,True,2,27,4939,3476.4764905180914,1.4206913274031523,0.0,0.4624230574965476,3.664727175774625,ok,4.157265663146973,0.5440372545049605,5.730984406713786,0.0859885620915032,0.1462418300653594,0.7677696078431373,High SNR,High SNR
829704,sub-829704_ses-829704-2025-12-11-12-57-26,dual,True,2,28,3680,3476.4764905180914,1.058543042082122,0.0,0.1888736458271741,3.1201866313056152,ok,3.896851062774658,0.4614130434782608,4.561269820921278,0.1364506426032267,0.2627837024883784,0.6007656549083948,Low SNR,Intermediate
829704,sub-829704_ses-829704-2025-12-11-12-57-26,dual,True,2,29,4250,3476.4764905180914,1.2225021545785375,0.0,0.1978290681481361,3.3534678148117587,ok,3.9263570308685294,0.4734117647058823,5.010632340958771,0.1169632265717675,0.2125741399762752,0.6704626334519573,Low SNR,High SNR
829704,sub-829704_ses-829704-2025-12-11-12-57-26,dual,True,2,30,3716,3476.4764905180914,1.0688983544503168,0.0,0.3752526992619037,3.1687350451585488,ok,3.8918323516845694,0.4634015069967707,5.310942297238502,0.0876050989964741,0.1857879034445348,0.726606997558991,High SNR,High SNR
829704,sub-829704_ses-829704-2025-12-11-12-57-26,dual,True,2,31,3719,3476.4764905180914,1.0697612971476662,0.0,0.2042858330637216,3.0311561221568883,ok,3.833094358444214,0.4417854261898359,4.728386829035983,0.1095741795497694,0.2535937076213724,0.6368321128288581,Low SNR,Intermediate
829704,sub-829704_ses-829704-2025-12-11-12-57-26,dual,True,2,32,3253,3476.4764905180914,0.935717531492702,0.0,0.3962479166507721,2.9786293982613548,ok,3.8057587146759033,0.4269904703350753,5.103237978284879,0.0896722325293753,0.2053184910327767,0.7050092764378478,High SNR,High SNR
829704,sub-829704_ses-829704-2025-12-11-12-57-26,dual,True,2,33,5656,3476.4764905180914,1.6269346320696962,0.0,0.4402608721017837,4.568238949758083,ok,4.855544090270996,0.6640735502121641,6.248661257568298,0.1221469329529243,0.1166191155492154,0.7612339514978602,Intermediate,High SNR
829704,sub-829704_ses-829704-2025-12-11-12-57-26,dual,True,2,34,4265,3476.4764905180914,1.2268168680652856,0.0,0.5536144646644592,3.6888948088105127,ok,3.980099439620972,0.4951934349355217,6.19583353130473,0.0720188902007083,0.109090909090909,0.8188902007083825,High SNR,High SNR
829704,sub-829704_ses-829704-2025-12-11-12-57-26,dual,True,2,35,4895,3476.4764905180914,1.4080348345086922,0.0,0.4127182886123657,3.819650467788689,ok,4.564769268035889,0.6234933605720122,6.173094609102456,0.0909278776606736,0.1190328580285182,0.7900392643108081,High SNR,High SNR
829704,sub-829704_ses-829704-2025-12-11-12-57-26,dual,True,2,36,3518,3476.4764905180914,1.011944136425246,0.0,0.3533688346982002,3.084093723723669,ok,3.918619155883789,0.477259806708357,5.096484658073778,0.1023734629682585,0.1978839004861309,0.6997426365456105,Low SNR,High SNR
829704,sub-829704_ses-829704-2025-12-11-12-57-26,dual,True,2,37,3102,3476.4764905180914,0.8922827490594409,0.0,0.2739784693658352,2.9044870631375765,ok,3.849466800689697,0.4451966473243069,5.022763192895962,0.1012289780077619,0.2163648124191461,0.6824062095730918,Low SNR,High SNR
829704,sub-829704_ses-829704-2025-12-11-12-57-26,dual,True,2,38,3458,3476.4764905180914,0.9946852824782548,0.0,0.3549461259931326,3.031804454862666,ok,3.8215701580047607,0.4352226720647773,4.953514902259677,0.0902716914986853,0.2310838445807771,0.6786444639205376,Low SNR,High SNR
829704,sub-829704_ses-829704-2025-12-11-12-57-26,dual,True,2,39,3679,3476.4764905180914,1.0582553945163389,0.0,0.4406520854115486,3.227691722007996,ok,3.904220104217529,0.4618102745311226,5.35664549549435,0.0938697318007662,0.1765188834154351,0.7296113847837986,High SNR,High SNR
829704,sub-829704_ses-829704-2025-12-11-12-57-26,dual,True,2,40,4468,3476.4764905180914,1.285209323919272,0.0,0.2516081067055463,3.4746141342874544,ok,4.114038467407227,0.5317815577439571,5.404201283947175,0.1140727354867856,0.166704314434154,0.7192229500790603,Intermediate,High SNR
829704,sub-829704_ses-829704-2025-12-11-12-57-26,dual,True,2,41,6114,3476.4764905180914,1.758677217198395,0.0,0.1386495052635669,4.601413638383536,ok,4.250391960144043,0.5739286882564606,6.4018667012546295,0.091059056417024,0.1072253381722204,0.8017156054107555,High SNR,High SNR
829704,sub-829704_ses-829704-2025-12-11-12-57-26,dual,True,2,42,9206,3476.4764905180914,2.6480834906000044,0.0,0.2763022649377584,8.821798722937858,ok,4.752629280090332,0.676189441668477,10.625397999775592,0.0652796125055041,0.0395200352267723,0.8952003522677234,High SNR,High SNR
829704,sub-829704_ses-829704-2025-12-11-12-57-26,dual,True,2,43,6343,3476.4764905180914,1.8245485097627443,0.0,0.371318959736824,4.831526601146471,ok,4.381309986114502,0.6061800409900678,6.920181569719873,0.076592356687898,0.0869426751592356,0.8364649681528662,High SNR,High SNR
829704,sub-829704_ses-829704-2025-12-11-12-57-26,dual,True,2,44,6011,3476.4764905180914,1.729049517922727,0.0,0.1294594610005617,4.519347749156668,ok,4.335272312164307,0.5890866744302112,6.064272066230492,0.1023396734556471,0.1259047298434606,0.7717555967008921,High SNR,High SNR
829704,sub-829704_ses-829704-2025-12-16-11-03-04,dual,True,1,0,4221,3796.122511171825,1.1119240718859251,0.0,0.2487592395991086,3.137762965978276,ok,3.93910813331604,0.478559583037195,4.923786168246552,0.1069480673464548,0.230732748399336,0.6623191842542091,Intermediate,High SNR
829704,sub-829704_ses-829704-2025-12-16-11-03-04,dual,True,1,1,3948,3796.122511171825,1.0400085846495222,0.0,0.7138050478577613,3.242155558414297,ok,3.897415161132813,0.4647922998986828,5.711675148173868,0.0555133079847908,0.1480354879594423,0.7964512040557667,High SNR,High SNR
829704,sub-829704_ses-829704-2025-12-16-11-03-04,dual,True,1,2,4242,3796.122511171825,1.1174560324425715,0.0,0.5350863124608993,3.132791458844299,ok,3.857155799865722,0.4443658651579443,4.652595815928585,0.1363207547169811,0.2400943396226415,0.6235849056603774,Low SNR,Intermediate
829704,sub-829704_ses-829704-2025-12-16-11-03-04,dual,True,1,3,3699,3796.122511171825,0.9744153380492864,0.0,0.1865391133189201,3.0263460269259315,ok,3.892829179763794,0.4633684779670181,4.882203106204546,0.1163734776725304,0.2213802435723951,0.6622462787550745,Low SNR,High SNR
829704,sub-829704_ses-829704-2025-12-16-11-03-04,dual,True,1,4,3553,3796.122511171825,0.9359550408459352,0.0,0.5632668820559978,3.11370390058366,ok,3.818479061126709,0.4328736279200675,5.447391834458605,0.0687323943661971,0.1732394366197183,0.7580281690140845,Intermediate,High SNR
829704,sub-829704_ses-829704-2025-12-16-11-03-04,dual,True,1,5,4874,3796.122511171825,1.2839417025283109,0.0,0.3056796273618936,3.7870127090106793,ok,5.145654201507568,0.689372178908494,6.360087757666912,0.1140801644398766,0.1280575539568345,0.7578622816032888,High SNR,High SNR
829704,sub-829704_ses-829704-2025-12-16-11-03-04,dual,True,1,6,4241,3796.122511171825,1.1171926057493982,0.0,0.4677711122274398,3.198892905590779,ok,3.828219175338745,0.4399905682622023,5.238282314454953,0.0790653764455983,0.2025017701203681,0.7184328534340335,Intermediate,High SNR
829704,sub-829704_ses-829704-2025-12-16-11-03-04,dual,True,1,7,4061,3796.122511171825,1.0697758009781433,0.0,0.2166115929543972,3.0875379583473324,ok,4.005008697509766,0.5025855700566363,4.707922488821327,0.143491124260355,0.2408777120315582,0.6156311637080868,Low SNR,Intermediate
829704,sub-829704_ses-829704-2025-12-16-11-03-04,dual,True,1,8,4228,3796.122511171825,1.1137680587381409,0.0,0.3643112530142068,3.188723001353221,ok,3.840590953826904,0.4330652790917692,5.38691154032789,0.0790158504849775,0.1736456115448308,0.7473385379701917,Intermediate,High SNR
829704,sub-829704_ses-829704-2025-12-16-11-03-04,dual,True,1,9,5050,3796.122511171825,1.3303048005268712,0.0,0.1319940849334001,3.466359230501428,ok,4.255367755889893,0.5712871287128712,5.049936539914494,0.1451229183187946,0.1932989690721649,0.6615781126090404,Low SNR,Intermediate
829704,sub-829704_ses-829704-2025-12-16-11-03-04,dual,True,1,10,3669,3796.122511171825,0.9665125372540772,0.0,0.4400434822797775,3.0562947009859607,ok,3.715725898742676,0.3698555464704279,5.18915361331876,0.0616307608399236,0.1892555222252522,0.7491137169348241,Intermediate,High SNR
829704,sub-829704_ses-829704-2025-12-16-11-03-04,dual,True,1,11,3987,3796.122511171825,1.0502822256832942,0.0,0.4634882676243781,3.239175338223063,ok,4.0657734870910645,0.5196889892149485,5.547380746705258,0.0972850678733031,0.1601307189542483,0.7425842131724485,Intermediate,High SNR
829704,sub-829704_ses-829704-2025-12-16-11-03-04,dual,True,1,12,4162,3796.122511171825,1.0963818969886807,0.0,0.2954619080632925,3.147384261074372,ok,4.021777153015137,0.5057664584334455,4.760825196744216,0.1248796920115495,0.242781520692974,0.6323387872954764,Low SNR,Intermediate
829704,sub-829704_ses-829704-2025-12-16-11-03-04,dual,True,1,13,4876,3796.122511171825,1.2844685559146582,0.0,0.1300037529766559,3.606741888385724,ok,4.017001152038574,0.5084085315832649,5.364541697646233,0.0990139687756778,0.1836483155299917,0.7173377156943304,Intermediate,High SNR
829704,sub-829704_ses-829704-2025-12-16-11-03-04,dual,True,1,14,5451,3796.122511171825,1.4359389044895,0.0,0.3282323412001133,3.925817571028733,ok,4.981719493865967,0.6756558429645937,6.442425305183163,0.0986225895316804,0.1272727272727272,0.7741046831955923,High SNR,High SNR
829704,sub-829704_ses-829704-2025-12-16-11-03-04,dual,True,1,15,3589,3796.122511171825,0.9454384018001862,0.0,0.2072458473443985,2.938158061010302,ok,3.840148448944092,0.4421844524937308,4.704183128814383,0.1260808926080892,0.2376569037656903,0.6362622036262203,Low SNR,Intermediate
829704,sub-829704_ses-829704-2025-12-16-11-03-04,dual,True,1,16,5809,3796.122511171825,1.5302456606456625,0.0,0.2807755023747682,4.073929262991486,ok,3.934892654418945,0.4761576863487691,5.440585483182431,0.1178903826266804,0.1804550155118924,0.7016546018614271,Intermediate,High SNR
829704,sub-829704_ses-829704-2025-12-16-11-03-04,dual,True,1,17,4028,3796.122511171825,1.0610827201034132,0.0,0.1886663080751895,3.0704190175501327,ok,4.01580810546875,0.5049652432969215,4.4375257958249925,0.1699801192842942,0.25,0.5800198807157058,Low SNR,Intermediate
829704,sub-829704_ses-829704-2025-12-16-11-03-04,dual,True,1,18,4732,3796.122511171825,1.2465351120976544,0.0,0.2678801104545593,3.3623836915875045,ok,4.167769432067871,0.5486052409129332,5.126973466209333,0.116264294790343,0.1965268953833121,0.6872088098263448,Intermediate,High SNR
829704,sub-829704_ses-829704-2025-12-16-11-03-04,dual,True,1,19,4307,3796.122511171825,1.1345787674988583,0.0,0.2610551746666431,3.1817535383434965,ok,4.18710994720459,0.5481773856512654,4.588522789718782,0.1540785498489426,0.2533116430397397,0.5926098071113177,Low SNR,Intermediate
829704,sub-829704_ses-829704-2025-12-16-11-03-04,dual,True,1,20,4338,3796.122511171825,1.142744994987241,0.0,0.4966344714403152,3.2409974247808355,ok,3.9991509914398193,0.499769479022591,4.97824461431027,0.1234425473004153,0.2115828334102446,0.6649746192893401,Low SNR,High SNR
829704,sub-829704_ses-829704-2025-12-16-11-03-04,dual,True,1,21,4231,3796.122511171825,1.114558338817662,0.0,0.168104732568562,3.168838548333439,ok,4.040729522705078,0.5138265185535335,4.602982885232619,0.1460355029585799,0.2459171597633136,0.6080473372781066,Low SNR,Intermediate
829704,sub-829704_ses-829704-2025-12-16-11-03-04,dual,True,1,22,3961,3796.122511171825,1.0434331316607797,0.0,0.14363080303967,3.15416191822469,ok,4.043581485748291,0.5114869982327696,4.886893718795621,0.1316654030831437,0.2201162496841041,0.6482183472327521,Low SNR,Intermediate
829704,sub-829704_ses-829704-2025-12-16-11-03-04,dual,True,1,23,5010,3796.122511171825,1.3197677327999258,0.0,0.1921214806973934,3.4398334561097186,ok,4.252370357513428,0.5672654690618762,5.32681599701278,0.111088911088911,0.1852147852147852,0.7036963036963036,Intermediate,High SNR
829704,sub-829704_ses-829704-2025-12-16-11-03-04,dual,True,1,24,3621,3796.122511171825,0.9538680559817428,0.0,0.2410664014577865,2.967692039143823,ok,3.9033334255218506,0.4664457332228666,4.68059611716672,0.1290055248618784,0.2414364640883977,0.6295580110497238,Low SNR,Intermediate
829704,sub-829704_ses-829704-2025-12-16-11-03-04,dual,True,1,25,4972,3796.122511171825,1.3097575184593275,0.0,0.2466048711150884,3.506209742846844,ok,4.247684001922607,0.5609412711182623,5.235607733909825,0.1292790978654853,0.1788159484494563,0.6919049536850584,Intermediate,High SNR
829704,sub-829704_ses-829704-2025-12-16-11-03-04,dual,True,1,26,4992,3796.122511171825,1.3150260523228,0.0,0.1607139646545052,3.5968167553745096,ok,4.483798027038574,0.6233974358974359,5.70818499615676,0.1065623118603251,0.1553281155930162,0.7381095725466587,Intermediate,High SNR
829704,sub-829704_ses-829704-2025-12-16-11-03-04,dual,True,1,27,4181,3796.122511171825,1.10138700415898,0.0,0.1188494790002703,3.188077931425226,ok,3.948570966720581,0.4805070557282946,5.096340082514439,0.1117759693633317,0.1969842029679272,0.691239827668741,Intermediate,High SNR
829704,sub-829704_ses-829704-2025-12-16-11-03-04,dual,True,1,28,4363,3796.122511171825,1.149330662316582,0.0,0.1913980409502983,3.47508953069745,ok,4.569894790649414,0.6156314462525785,5.397232782444845,0.1425947187141217,0.1662456946039035,0.6911595866819747,Intermediate,High SNR
829704,sub-829704_ses-829704-2025-12-16-11-03-04,dual,True,1,29,4575,3796.122511171825,1.2051771212693931,0.0,0.1010718298092484,3.312926468468972,ok,3.928997039794922,0.4758469945355191,4.941695982449647,0.1150984682713348,0.2192560175054704,0.6656455142231947,Intermediate,High SNR
829704,sub-829704_ses-829704-2025-12-16-11-03-04,dual,True,1,30,4877,3796.122511171825,1.2847319826078318,0.0,0.1880126805067062,3.3971404712588367,ok,4.309401988983154,0.5804798031576789,4.84562209467664,0.1558201601313898,0.2036542804352289,0.6405255594333812,Low SNR,Intermediate
829704,sub-829704_ses-829704-2025-12-16-11-03-04,dual,True,1,31,3925,3796.122511171825,1.0339497707065286,0.0,0.4005714997529983,3.137626125254336,ok,4.102686405181885,0.5266242038216561,5.053236586496668,0.1244897959183673,0.1956632653061224,0.6798469387755102,Intermediate,High SNR
829704,sub-829704_ses-829704-2025-12-16-11-03-04,dual,True,1,32,3727,3796.122511171825,0.9817912854581484,0.0,0.454241335272789,3.0537330941807395,ok,3.911006212234497,0.4751811108129863,5.257880528692558,0.0841397849462365,0.1854838709677419,0.7303763440860215,Intermediate,High SNR
829704,sub-829704_ses-829704-2025-12-16-11-03-04,dual,True,1,33,3106,3796.122511171825,0.8182033089973192,0.0,0.3857817897140979,2.871414345197073,ok,3.816242218017578,0.4301352221506761,5.26029021595663,0.0799484203739522,0.1998710509348807,0.720180528691167,Intermediate,High SNR
829704,sub-829704_ses-829704-2025-12-16-11-03-04,dual,True,1,34,6555,3796.122511171825,1.7267619737531965,0.0,0.2699333396494388,5.075527152129093,ok,5.910053253173828,0.7739130434782608,6.674656331415997,0.1438387540082455,0.1062757672927164,0.749885478699038,High SNR,High SNR
829704,sub-829704_ses-829704-2025-12-16-11-03-04,dual,True,1,35,3945,3796.122511171825,1.0392183045700014,0.0,0.3745646958231926,3.077794667245076,ok,3.976473569869995,0.494296577946768,5.02903938948994,0.1217964983506724,0.2108601877696016,0.667343313879726,Low SNR,High SNR
829704,sub-829704_ses-829704-2025-12-16-11-03-04,dual,True,1,36,6366,3796.122511171825,1.6769743287433787,0.0,0.4143731465399265,4.537164145422567,ok,5.16696310043335,0.7117499214577443,5.838636044124322,0.15117193644801,0.1431492842535787,0.7056787792984112,High SNR,High SNR
829704,sub-829704_ses-829704-2025-12-16-11-03-04,dual,True,1,37,3476,3796.122511171825,0.9156711854715652,0.0,0.2261733207911253,2.85870876757886,ok,3.762759923934937,0.393843498273878,4.272713500651326,0.1424870466321243,0.3045480713874496,0.552964881980426,Low SNR,Intermediate
829704,sub-829704_ses-829704-2025-12-16-11-03-04,dual,True,1,38,4887,3796.122511171825,1.287366249539568,0.0,0.2275999635905027,3.51583851547829,ok,4.139283657073975,0.5404133415183139,5.497546773744711,0.10079901659496,0.1661544765416922,0.7330465068633477,Intermediate,High SNR
829704,sub-829704_ses-829704-2025-12-16-11-03-04,dual,True,1,39,3529,3796.122511171825,0.929632800209768,0.0,0.2881673528194427,3.0142653120635945,ok,4.06155252456665,0.515726834797393,4.998860389759988,0.132557479420948,0.2015327845586148,0.6659097360204371,Low SNR,High SNR
829704,sub-829704_ses-829704-2025-12-16-11-03-04,dual,True,1,40,4683,3796.122511171825,1.233627204132146,0.0,0.2039122937232255,3.522789907696648,ok,4.068292140960693,0.5171898355754858,5.43135230929922,0.1141757536882617,0.1648492623476587,0.7209749839640796,Intermediate,High SNR
829704,sub-829704_ses-829704-2025-12-16-11-03-04,dual,True,1,41,5106,3796.122511171825,1.3450566953445948,0.0,0.3265409865260124,3.606848875041567,ok,4.162693977355957,0.5524872698785742,5.346105767774924,0.1211764705882352,0.1725490196078431,0.7062745098039216,Intermediate,High SNR
829704,sub-829704_ses-829704-2025-12-16-11-03-04,dual,True,1,42,4216,3796.122511171825,1.1106069384200572,0.0,0.4109611425876617,3.2624175996199742,ok,3.999968528747559,0.5,5.341885803087965,0.0935200569665321,0.189888440541182,0.7165915024922858,Intermediate,High SNR
829704,sub-829704_ses-829704-2025-12-16-11-03-04,dual,True,1,43,4018,3796.122511171825,1.058448453171677,0.0,0.2020376158028841,3.1991168928260683,ok,4.125433921813965,0.5326032852165257,4.8397453977856655,0.1511830635118306,0.2079701120797011,0.6408468244084683,Low SNR,Intermediate
829704,sub-829704_ses-829704-2025-12-16-11-03-04,dual,True,1,44,3310,3796.122511171825,0.8719423544047413,0.0,0.2597627435714006,2.876993688284699,ok,3.8379311561584473,0.4398791540785498,4.749222051532636,0.1070456607196855,0.2537042636830964,0.639250075597218,Low SNR,Intermediate
829704,sub-829704_ses-829704-2025-12-16-11-03-04,dual,True,1,45,5136,3796.122511171825,1.3529594961398042,0.0,0.3925245415449142,3.6589891367207112,ok,4.523251056671143,0.6246105919003115,5.8292334062176,0.1177387914230019,0.147953216374269,0.734307992202729,High SNR,High SNR
829704,sub-829704_ses-829704-2025-12-16-11-03-04,dual,True,1,46,3710,3796.122511171825,0.9773130316741964,0.0,0.2360230017721653,2.965049236153897,ok,3.827786445617676,0.4309973045822102,4.850658345852763,0.1079622132253711,0.235357624831309,0.6566801619433198,Low SNR,High SNR
829704,sub-829704_ses-829704-2025-12-16-11-03-04,dual,True,1,47,3986,3796.122511171825,1.0500187989901206,0.0,0.3680377210646867,3.0979562461058325,ok,3.894469976425171,0.4558454591068741,5.052206096585914,0.0967093695051494,0.205978397387591,0.6973122331072594,Intermediate,High SNR
829704,sub-829704_ses-829704-2025-12-16-11-03-04,dual,True,1,48,4564,3796.122511171825,1.2022794276444833,0.0,0.2851476668000221,3.3736858876246485,ok,4.275390625,0.5692375109553024,5.486303468420854,0.1045005488474204,0.1670691547749725,0.728430296377607,Intermediate,High SNR
829704,sub-829704_ses-829704-2025-12-16-11-03-04,dual,True,1,49,4123,3796.122511171825,1.086108255954909,0.0,0.4236772099971771,3.201321472083529,ok,3.995460987091065,0.4976958525345622,5.275681129042596,0.0939320388349514,0.1827669902912621,0.7233009708737864,Intermediate,High SNR
829704,sub-829704_ses-829704-2025-12-16-11-03-04,dual,True,1,50,3604,3796.122511171825,0.9493898021977908,0.0,0.4893040159463882,3.0931287954119457,ok,3.8032541275024414,0.4270255271920088,5.395726298957788,0.0803000833564879,0.180050013892748,0.7396499027507641,Intermediate,High SNR
829704,sub-829704_ses-829704-2025-12-16-11-03-04,dual,True,1,51,3813,3796.122511171825,1.004445981071081,0.0,0.2998358177930116,3.0461191728214545,ok,4.03826904296875,0.5111460792027275,4.72175561824206,0.1476228001050696,0.2301024428684003,0.6222747570265301,Low SNR,Intermediate
829704,sub-829704_ses-829704-2025-12-16-11-03-04,dual,True,1,52,4602,3796.122511171825,1.2122896419850815,0.0,0.3085425673663616,3.2411753795198592,ok,4.034993171691895,0.5093437635810517,4.925829502566972,0.1252991081139874,0.2114422449423537,0.6632586469436589,Low SNR,High SNR
829704,sub-829704_ses-829704-2025-12-16-11-03-04,dual,True,1,53,3794,3796.122511171825,0.999440873900782,0.0,0.1510211732894182,2.999393939474636,ok,3.9329545497894287,0.4794412229836584,4.596428451161979,0.1326826694803481,0.2569242943814297,0.6103930361382222,Low SNR,Intermediate
829704,sub-829704_ses-829704-2025-12-16-11-03-04,dual,True,1,54,3374,3796.122511171825,0.8888016627678541,0.0,0.4318177960574627,3.023971521004604,ok,3.9290480613708496,0.477474807350326,5.3142575506422665,0.1023435182438445,0.1720557698012459,0.7256007119549095,Intermediate,High SNR
829704,sub-829704_ses-829704-2025-12-16-11-03-04,dual,True,1,55,4248,3796.122511171825,1.1190365926016137,0.0,0.4596387003779411,3.2124895677030194,ok,4.02757453918457,0.5065913370998116,5.780031921020866,0.0631777463460631,0.1419141914191419,0.7949080622347949,High SNR,High SNR
829704,sub-829704_ses-829704-2025-12-16-11-03-04,dual,True,1,56,3702,3796.122511171825,0.9752056181288072,0.0,0.2535684812843799,2.951518724059801,ok,3.89926815032959,0.464073473797947,4.5163859535517785,0.1555315120367865,0.2564241276710847,0.5880443602921287,Low SNR,Intermediate
829704,sub-829704_ses-829704-2025-12-16-11-03-04,dual,True,1,57,5486,3796.122511171825,1.4451588387505774,0.0,0.2793769611865282,3.5543252213473107,ok,4.050333023071289,0.51822821728035,5.191510514643722,0.1110705817982856,0.1951486412547875,0.6937807769469269,Intermediate,High SNR
829704,sub-829704_ses-829704-2025-12-16-11-03-04,dual,True,1,58,3688,3796.122511171825,0.9715176444243764,0.0,0.2868101024419069,2.9693417186160493,ok,3.849678039550781,0.4373644251626898,4.928712571414791,0.1006511123168746,0.217308735756918,0.6820401519262073,Intermediate,High SNR
829704,sub-829704_ses-829704-2025-12-16-11-03-04,dual,True,1,59,3376,3796.122511171825,0.8893285161542014,0.0,0.3875402612864971,2.9839483115859022,ok,3.892953872680664,0.461196682464455,5.122253519432629,0.1034380557202133,0.1953171310017783,0.7012448132780082,Intermediate,High SNR
829704,sub-829704_ses-829704-2025-12-16-11-03-04,dual,True,1,60,3613,3796.122511171825,0.9517606424363536,0.0,0.3829335853815078,3.062666269139396,ok,4.054318904876709,0.5164683088845834,5.384073434353187,0.0878116343490304,0.1853185595567867,0.7268698060941828,Intermediate,High SNR
829704,sub-829704_ses-829704-2025-12-16-11-03-04,dual,True,1,61,3265,3796.122511171825,0.8600881532119277,0.0,0.3353124670118093,2.912243936718483,ok,3.905759811401367,0.4732006125574272,4.890120632750637,0.1284488044144696,0.2032495401594114,0.668301655426119,Low SNR,High SNR
829704,sub-829704_ses-829704-2025-12-16-11-03-04,dual,True,1,62,6114,3796.122511171825,1.610590802063622,0.0,0.2187713078141212,4.077748629098384,ok,3.924230098724365,0.4687602224403009,5.331008704073393,0.1160013089005235,0.1924083769633507,0.6915903141361257,Intermediate,High SNR
829704,sub-829704_ses-829704-2025-12-16-11-03-04,dual,True,1,63,6049,3796.122511171825,1.5934680670073351,0.0,0.2032236275106668,4.014519323128304,ok,3.9101638793945312,0.4665233922962473,5.355749238306584,0.1193980486191499,0.191665288572846,0.6889366628080039,Intermediate,High SNR
829704,sub-829704_ses-829704-2025-12-16-11-03-04,dual,True,1,64,5255,3796.122511171825,1.384307272627467,0.0,0.1049905022755265,3.8363992671057576,ok,4.148517608642578,0.544243577545195,5.686323466383345,0.0955644393679802,0.1496287835522558,0.754806777079764,High SNR,High SNR
829704,sub-829704_ses-829704-2025-12-16-11-03-04,dual,True,2,0,3434,3361.3563285985897,1.0216114164342989,0.0,0.3677569479703903,3.069315633709447,ok,3.8996756076812735,0.4694234129295282,5.215365096942091,0.0923928883707373,0.1871174584669192,0.7204896531623434,Intermediate,High SNR
829704,sub-829704_ses-829704-2025-12-16-11-03-04,dual,True,2,1,4475,3361.3563285985897,1.3313078300942014,0.0,0.4817313387036323,3.6227900361754135,ok,4.291793823242188,0.5767597765363128,5.771299552349808,0.084715374271627,0.1438816674137158,0.7714029583146571,High SNR,High SNR
829704,sub-829704_ses-829704-2025-12-16-11-03-04,dual,True,2,2,3683,3361.3563285985897,1.0956886565892612,0.0,0.2521532161027193,2.9808063637295072,ok,3.9056179523468018,0.4607656801520499,4.195248784209664,0.1623606200707098,0.2937177046505303,0.5439216752787599,Low SNR,Intermediate
829704,sub-829704_ses-829704-2025-12-16-11-03-04,dual,True,2,3,5157,3361.3563285985897,1.5342021183901222,0.0,0.3950063644945621,3.6991971512801975,ok,4.345990180969238,0.5974403723094822,5.239367567767096,0.119075369075369,0.1911421911421911,0.6897824397824398,Intermediate,High SNR
829704,sub-829704_ses-829704-2025-12-16-11-03-04,dual,True,2,4,4113,3361.3563285985897,1.2236132078608828,0.0,0.4846942912817001,3.4825026314560343,ok,4.387766361236572,0.5888645757354729,5.176645543231729,0.1612354085603113,0.170476653696498,0.6682879377431906,Low SNR,Intermediate
829704,sub-829704_ses-829704-2025-12-16-11-03-04,dual,True,2,5,7214,3361.3563285985897,2.1461574717987864,0.0,0.5546924884200096,5.114385767960796,ok,5.016092300415039,0.7137510396451344,6.195770421076071,0.1204551762420205,0.1179572578406883,0.7615875659172912,High SNR,High SNR
829704,sub-829704_ses-829704-2025-12-16-11-03-04,dual,True,2,6,3486,3361.3563285985897,1.037081362169472,0.0,0.3521740743756294,3.0536034909321748,ok,3.935956478118897,0.4790590935169248,4.955701353276047,0.0996839988509049,0.2186153404194197,0.6817006607296754,Intermediate,High SNR
829704,sub-829704_ses-829704-2025-12-16-11-03-04,dual,True,2,7,4921,3361.3563285985897,1.4639923646689532,0.0,0.1724446751385927,4.0756595706932375,ok,4.906589508056641,0.6449908555171713,5.472489560588043,0.1643919331839478,0.1489101650030556,0.6866979018129965,Low SNR,High SNR
829704,sub-829704_ses-829704-2025-12-16-11-03-04,dual,True,2,8,5695,3361.3563285985897,1.694256556957872,0.0,0.2557364587247371,4.146559505450198,ok,4.784739971160889,0.6526777875329236,4.517043022342051,0.239612676056338,0.2003521126760563,0.5600352112676056,Low SNR,Low SNR
829704,sub-829704_ses-829704-2025-12-16-11-03-04,dual,True,2,9,3544,3361.3563285985897,1.0543363016433185,0.0,0.2214279263198375,3.0503045665398543,ok,3.991441965103149,0.4983069977426637,5.11175545093726,0.1039841763209946,0.1963831590844871,0.6996326645945182,Intermediate,High SNR
829704,sub-829704_ses-829704-2025-12-16-11-03-04,dual,True,2,10,6542,3361.3563285985897,1.946238173067322,0.0,0.3854531864404678,4.4634021614024055,ok,4.690214157104492,0.6618771018037297,5.413603976088143,0.1502677888293802,0.1568477429227238,0.692884468247896,Intermediate,High SNR
829704,sub-829704_ses-829704-2025-12-16-11-03-04,dual,True,2,11,3495,3361.3563285985897,1.0397588527774824,0.0,0.3741565155029296,3.042225983663352,ok,3.877626895904541,0.4586552217453505,5.135994133108988,0.0828317569504155,0.1957580968758956,0.7214101461736887,Intermediate,High SNR
829704,sub-829704_ses-829704-2025-12-16-11-03-04,dual,True,2,12,4471,3361.3563285985897,1.330117834268419,0.0,0.2902087846398353,3.3335145756718343,ok,4.198028087615967,0.55893536121673,5.266905848429424,0.0993942113529279,0.1902625084137312,0.7103432802333408,Intermediate,High SNR
829704,sub-829704_ses-829704-2025-12-16-11-03-04,dual,True,2,13,4347,3361.3563285985897,1.2932279636691606,0.0,0.2661633936345577,3.241936674342435,ok,4.025046348571777,0.5088566827697263,4.638478850717781,0.1380897583429229,0.2499424626006904,0.6119677790563867,Low SNR,Intermediate
829704,sub-829704_ses-829704-2025-12-16-11-03-04,dual,True,2,14,4841,3361.3563285985897,1.4401924481533026,0.0,0.4423232475757598,3.9722131813973527,ok,4.780300617218018,0.6486263168766784,5.738735970224083,0.1291123525760397,0.1367680529691703,0.73411959445479,High SNR,High SNR
829704,sub-829704_ses-829704-2025-12-16-11-03-04,dual,True,2,15,3565,3361.3563285985897,1.0605837797286766,0.0,0.2297581761628389,2.9950521869051325,ok,3.904487371444702,0.4653576437587657,4.290183688289422,0.1558368495077355,0.2860759493670886,0.5580872011251758,Low SNR,Intermediate
829704,sub-829704_ses-829704-2025-12-16-11-03-04,dual,True,2,16,3138,3361.3563285985897,0.933551725326392,0.0,0.4679037553668022,3.038727178078532,ok,3.956214189529419,0.4872530274059911,5.561789477485331,0.0718161506543249,0.1496967762527928,0.7784870730928822,High SNR,High SNR
829704,sub-829704_ses-829704-2025-12-16-11-03-04,dual,True,2,17,4212,3361.3563285985897,1.2530656045490003,0.0,0.346405423361063,3.2616430814705017,ok,4.017061710357666,0.5064102564102564,5.13250674972506,0.0986216730038022,0.1960551330798479,0.7053231939163498,Intermediate,High SNR
829704,sub-829704_ses-829704-2025-12-16-11-03-04,dual,True,2,18,4966,3361.3563285985897,1.4773798177090065,0.0,0.2775521680444479,3.897912891483405,ok,4.401898384094238,0.6008860249697946,6.501330944984017,0.0674474959612277,0.0995557350565428,0.8329967689822294,High SNR,High SNR
829704,sub-829704_ses-829704-2025-12-16-11-03-04,dual,True,2,19,3675,3361.3563285985897,1.0933086649376962,0.0,0.2295971883952617,3.125901409034211,ok,3.9960179328918457,0.4987755102040816,5.25359747533421,0.1004901960784313,0.1911764705882352,0.7083333333333334,Intermediate,High SNR
829704,sub-829704_ses-829704-2025-12-16-11-03-04,dual,True,2,20,6355,3361.3563285985897,1.8906058682119888,0.0,0.1962272763133049,6.000691281684447,ok,5.663197994232178,0.7274586939417781,7.321973494098228,0.1171838084737754,0.0823751771932587,0.8004410143329658,High SNR,High SNR
829704,sub-829704_ses-829704-2025-12-16-11-03-04,dual,True,2,21,4943,3361.3563285985897,1.470537341710757,0.0,0.2246156917870044,3.86295243281907,ok,4.544092178344727,0.6231033785150718,5.787711136360612,0.1007296311309282,0.1505877584110255,0.7486826104580462,High SNR,High SNR
829704,sub-829704_ses-829704-2025-12-16-11-03-04,dual,True,2,22,3072,3361.3563285985897,0.9139167942009804,0.0,0.2258366979539394,2.930798405507876,ok,3.989350080490112,0.4954427083333333,5.105552936430561,0.1033583306162373,0.19563090968373,0.7010107597000326,Intermediate,High SNR
829704,sub-829704_ses-829704-2025-12-16-11-03-04,dual,True,2,23,5536,3361.3563285985897,1.6469542228830163,0.0,0.1461569876521825,4.047128786151027,ok,4.279204368591309,0.5803829479768786,5.402754895924593,0.1209049773755656,0.1741176470588235,0.7049773755656109,Intermediate,High SNR
829704,sub-829704_ses-829704-2025-12-16-11-03-04,dual,True,2,24,2802,3361.3563285985897,0.8335920759606598,0.0,0.2239307150155305,2.811906775769672,ok,3.701372146606445,0.3704496788008565,4.525315620080547,0.1094029317125491,0.2745799070432606,0.6160171612441903,Low SNR,Intermediate
829704,sub-829704_ses-829704-2025-12-16-11-03-04,dual,True,2,25,3240,3361.3563285985897,0.9638966188838464,0.0,0.3123225433588028,3.0025917819074057,ok,3.945390701293945,0.4808641975308642,4.974569784248248,0.1081582200247218,0.2135352286773794,0.6783065512978986,Intermediate,High SNR
829704,sub-829704_ses-829704-2025-12-16-11-03-04,dual,True,2,26,2957,3361.3563285985897,0.8797044142097327,0.0,0.145025500139594,2.9068608460215004,ok,3.812987804412842,0.4409874873182279,5.11268282147654,0.0853369454791737,0.2123264476803251,0.7023366068405011,Intermediate,High SNR
829704,sub-829704_ses-829704-2025-12-16-11-03-04,dual,True,2,27,4750,3361.3563285985897,1.41312004311675,0.0,0.2666702830731868,4.109133076431608,ok,5.21993350982666,0.6877894736842105,6.021940699827701,0.1396377422072451,0.1316343723673125,0.7287278854254423,High SNR,High SNR
829704,sub-829704_ses-829704-2025-12-16-11-03-04,dual,True,2,28,3767,3361.3563285985897,1.1206785689306942,0.0,0.3587712368845939,3.153308823434327,ok,4.084742546081543,0.5234934961507831,5.126858974031515,0.1091633466135458,0.1944223107569721,0.6964143426294821,Intermediate,High SNR
829704,sub-829704_ses-829704-2025-12-16-11-03-04,dual,True,2,29,3842,3361.3563285985897,1.1429909906641167,0.0,0.1654737192258238,3.228670117176973,ok,4.191117286682129,0.553878188443519,4.912404484138614,0.1284595300261096,0.2114882506527415,0.6600522193211488,Low SNR,Intermediate
829704,sub-829704_ses-829704-2025-12-16-11-03-04,dual,True,2,30,3433,3361.3563285985897,1.0213139174778534,0.0,0.1824788834050297,2.9964370828011195,ok,3.783913373947144,0.4171278764928633,4.896096196101768,0.1017196152725153,0.2308364908190032,0.6674438939084815,Intermediate,High SNR
829704,sub-829704_ses-829704-2025-12-16-11-03-04,dual,True,2,31,2963,3361.3563285985897,0.8814894079484065,0.0,0.2189830419659614,2.878894563750552,ok,3.813353538513184,0.4276071549105636,4.989579273199276,0.0861777627576884,0.2257519432240622,0.6880702940182494,Intermediate,High SNR
829704,sub-829704_ses-829704-2025-12-16-11-03-04,dual,True,2,32,5829,3361.3563285985897,1.7341214171215866,0.0,0.2992106232225894,5.2969910976045576,ok,5.750899791717529,0.7352890718819695,6.761105259204244,0.1566638005159071,0.1011177987962166,0.7422184006878761,High SNR,High SNR
829704,sub-829704_ses-829704-2025-12-16-11-03-04,dual,True,2,33,4480,3361.3563285985897,1.3327953248764297,0.0,0.5208019012033939,3.6223171469747975,ok,4.39185905456543,0.6,5.5461287745321926,0.1316201117318435,0.1385474860335195,0.7298324022346369,High SNR,High SNR
829704,sub-829704_ses-829704-2025-12-16-11-03-04,dual,True,2,34,6920,3361.3563285985897,2.0586927786037705,0.0,0.4396945981264114,5.430876651793511,ok,5.204705238342285,0.709393063583815,6.310110159831724,0.1500940801852656,0.1194094659140251,0.7304964539007093,High SNR,High SNR
829704,sub-829704_ses-829704-2025-12-16-11-03-04,dual,True,2,35,4725,3361.3563285985897,1.4056825692056094,0.0,0.1796440891966223,3.7204985694338935,ok,4.611320972442627,0.6243386243386243,5.17758838884275,0.1603473840288074,0.1762338487608557,0.6634187672103368,Low SNR,Intermediate
829704,sub-829704_ses-829704-2025-12-16-11-03-04,dual,True,2,36,4468,3361.3563285985897,1.329225337399082,0.0,0.1549019903227687,3.429128919081024,ok,4.158245086669922,0.5445389435989257,5.020684449779019,0.1266248319139399,0.1938592559390408,0.6795159121470192,Intermediate,High SNR
829704,sub-829704_ses-829704-2025-12-16-11-03-04,dual,True,2,37,3446,3361.3563285985897,1.0251814039116465,0.0,0.3997359186708927,3.120890179041372,ok,4.004408836364746,0.5011607661056298,5.305429692398151,0.1038394415357766,0.1759744037230948,0.7201861547411286,Intermediate,High SNR
829704,sub-829704_ses-829704-2025-12-16-11-03-04,dual,True,2,38,3623,3361.3563285985897,1.0778387192025234,0.0,0.3058065264612436,3.225519662394344,ok,4.043674945831299,0.5081424234060171,5.33084476723497,0.1058011049723756,0.1734806629834254,0.7207182320441989,Intermediate,High SNR
829704,sub-829704_ses-829704-2025-12-16-11-03-04,dual,True,2,39,4758,3361.3563285985897,1.415500034768315,0.0,0.3027922310024499,3.5113862321491305,ok,4.170783042907715,0.5540142917192098,5.030153615203259,0.1348054679284963,0.1968454258675079,0.6683491062039958,Low SNR,High SNR
829704,sub-829704_ses-829704-2025-12-16-11-03-04,dual,True,2,40,5037,3361.3563285985897,1.4985022436166464,0.0,0.2871541925311088,3.923316614198298,ok,4.927773952484131,0.6650784196942625,5.3548483541615886,0.1713773885350318,0.1526671974522293,0.6759554140127388,Low SNR,Intermediate
829704,sub-829704_ses-829704-2025-12-16-11-03-04,dual,True,2,41,4712,3361.3563285985897,1.401815082771816,0.0,0.2716884531676769,3.850801532374881,ok,4.87474250793457,0.6600169779286927,5.831539369257599,0.1383340416489587,0.1364215894602635,0.7252443688907777,High SNR,High SNR
829704,sub-829704_ses-829704-2025-12-16-11-03-04,dual,True,2,42,4586,3361.3563285985897,1.3643302142596665,0.0,0.343569325697422,3.6959979061587767,ok,4.652122497558594,0.6284343654600959,5.564925361533079,0.1311654299432562,0.1588825840244434,0.7099519860323003,Intermediate,High SNR
829704,sub-829704_ses-829704-2025-12-16-11-03-04,dual,True,2,43,7060,3361.3563285985897,2.100342632506159,0.0,0.2412002375900745,6.648874820791091,ok,6.126701354980469,0.7767705382436261,7.168002050419903,0.1446826636376544,0.0877466988499219,0.7675706375124237,High SNR,High SNR
829704,sub-829704_ses-829704-2025-12-16-11-03-04,dual,True,2,44,3500,3361.3563285985897,1.041246347559711,0.0,0.358730144906044,3.157616815308116,ok,4.063353538513184,0.5188571428571429,5.47574007408103,0.1031723349528436,0.1631894827093455,0.7336381823378108,Intermediate,High SNR
829704,sub-829704_ses-829704-2025-12-16-11-03-04,dual,True,2,45,3896,3361.3563285985897,1.159055934312181,0.0,0.6172681928694248,3.9341580673527137,ok,3.843867540359497,0.4376283367556468,6.899641520206167,0.0375128468653648,0.0945529290853031,0.867934224049332,High SNR,High SNR
829704,sub-829704_ses-829704-2025-12-16-11-03-04,dual,True,2,46,3460,3361.3563285985897,1.0293463893018853,0.0,0.4662177912533283,3.1295166714421865,ok,3.95378351211548,0.4875722543352601,5.421415230154583,0.083984940631335,0.1711555169417897,0.7448595424268751,Intermediate,High SNR
829704,sub-829704_ses-829704-2025-12-16-11-03-04,dual,True,2,47,6361,3361.3563285985897,1.8923908619506624,0.0,0.5371068448126316,4.934408476470682,ok,4.674788951873779,0.6561861342556202,7.001786135289478,0.0839370078740157,0.0883464566929133,0.8277165354330709,High SNR,High SNR
829704,sub-829704_ses-829704-2025-12-16-11-03-04,dual,True,2,48,2872,3361.3563285985897,0.854417002911854,0.0,0.2561357799679041,2.8569085370311726,ok,3.8126380443573,0.4373259052924791,5.000062242374117,0.0990582490408092,0.2120683641437042,0.6888733868154866,Intermediate,High SNR
829704,sub-829704_ses-829704-2025-12-16-11-03-04,dual,True,2,49,4293,3361.3563285985897,1.2771630200210964,0.0,0.5207742856264114,3.5594870942369177,ok,4.551049709320068,0.6221756347542511,6.1102969211335845,0.0896986685353889,0.1287082457369773,0.7815930857276338,High SNR,High SNR
829704,sub-829704_ses-829704-2025-12-16-11-03-04,dual,True,2,50,4833,3361.3563285985897,1.4378124565017376,0.0,0.4198196452796459,3.6128384595277767,ok,4.429075717926025,0.6006621146285951,5.647812206564917,0.1064843588149989,0.1605552102755334,0.7329604309094676,Intermediate,High SNR
829704,sub-829704_ses-829704-2025-12-16-11-03-04,dual,True,2,51,3262,3361.3563285985897,0.9704415959256504,0.0,0.2900487910330295,2.997878954973745,ok,3.952972888946533,0.4803801348865726,5.020199269432135,0.105311636475284,0.2201412342646607,0.6745471292600552,Intermediate,High SNR
829704,sub-829704_ses-829704-2025-12-16-11-03-04,dual,True,2,52,3898,3361.3563285985897,1.159650932225072,0.0,0.3476474394589662,3.222022096020277,ok,4.159140586853027,0.547460236018471,5.140604231820154,0.1215313463514902,0.1893627954779033,0.6891058581706063,Intermediate,High SNR
829704,sub-829704_ses-829704-2025-12-16-11-03-04,dual,True,2,53,3240,3361.3563285985897,0.9638966188838464,0.0,0.6096586654007434,3.135149917485732,ok,3.88677978515625,0.4601851851851852,5.589694487469648,0.0747836835599505,0.1634734239802225,0.761742892459827,Intermediate,High SNR
829704,sub-829704_ses-829704-2025-12-16-11-03-04,dual,True,2,54,3606,3361.3563285985897,1.0727812369429477,0.0,0.2766953119218349,3.101108285111521,ok,3.913473606109619,0.4681087077093732,5.042888698101493,0.1013888888888888,0.2113888888888888,0.6872222222222222,Intermediate,High SNR
829704,sub-829704_ses-829704-2025-12-16-11-03-04,dual,True,2,55,5184,3361.3563285985897,1.5422345902141543,0.0,0.3605497684121131,4.106097695803345,ok,4.809602737426758,0.6558641975308642,5.450513418335578,0.1502990546015821,0.1516496237700173,0.6980513216284006,Intermediate,High SNR
829704,sub-829704_ses-829704-2025-12-16-11-03-04,dual,True,2,56,3441,3361.3563285985897,1.0236939091294184,0.0,0.3776979370951652,3.075858044761899,ok,3.990182638168335,0.4972391746585295,5.279434576307051,0.0985465116279069,0.1738372093023255,0.7276162790697674,Intermediate,High SNR
829704,sub-829704_ses-829704-2025-12-16-11-03-04,dual,True,2,57,5704,3361.3563285985897,1.6969340475658827,0.0,0.2935322861909866,3.956546967786712,ok,4.453932762145996,0.6158835904628331,5.181354477881719,0.1457162921348314,0.1836376404494382,0.6706460674157303,Low SNR,High SNR
829704,sub-829704_ses-829704-2025-12-16-11-03-04,dual,True,2,58,4431,3361.3563285985897,1.3182178760105936,0.0,0.6013871152281761,3.779476412404654,ok,4.601443767547607,0.628526292033401,6.058609530548478,0.0992763455450022,0.1322930800542741,0.7684305744007237,High SNR,High SNR
829704,sub-829704_ses-829704-2025-12-16-11-03-04,dual,True,2,59,3261,3361.3563285985897,0.9701440969692048,0.0,0.410158435088396,3.040417805872652,ok,3.892242431640625,0.4670346519472554,5.451324776214469,0.0785276073619632,0.1671779141104294,0.7542944785276073,Intermediate,High SNR
829704,sub-829704_ses-829704-2025-12-16-11-03-04,dual,True,2,60,3879,3361.3563285985897,1.153998452052605,0.0,0.3210506121575832,3.13259201976228,ok,3.981799840927124,0.4947151327661768,5.027108535179784,0.1085271317829457,0.2077519379844961,0.6837209302325581,Intermediate,High SNR
829704,sub-829704_ses-829704-2025-12-16-11-03-04,dual,True,2,61,3915,3361.3563285985897,1.1647084144846478,0.0,0.3624345204949378,3.4140817686017164,ok,4.333726406097412,0.5711366538952746,5.736210854891144,0.1002557544757033,0.1442455242966752,0.7554987212276215,High SNR,High SNR
829704,sub-829704_ses-829704-2025-12-16-11-03-04,dual,True,2,62,4583,3361.3563285985897,1.3634377173903296,0.0,0.4519496842324733,3.7050885808703633,ok,4.481303215026856,0.6078987562731835,5.564273607528068,0.1217752514210756,0.1521644075207695,0.7260603410581548,Intermediate,High SNR
829704,sub-829704_ses-829704-2025-12-16-11-03-04,dual,True,2,63,6491,3361.3563285985897,1.9310657262885949,0.0,0.5616067219376564,5.529325575156145,ok,5.370072364807129,0.7316284085657063,6.751640419191941,0.1108880308880308,0.1031660231660231,0.7859459459459459,High SNR,High SNR
829704,sub-829704_ses-829704-2025-12-16-11-03-04,dual,True,2,64,4489,3361.3563285985897,1.3354728154844402,0.0,0.2136807628154754,3.604863578251924,ok,4.57436466217041,0.6170639340610381,5.204389654821721,0.1589743589743589,0.1756967670011148,0.6653288740245262,Low SNR,Intermediate
829704,sub-829704_ses-829704-2025-12-16-11-03-04,dual,True,2,65,4175,3361.3563285985897,1.242058143160512,0.0,0.4081675508201122,3.3668451852611065,ok,4.11284065246582,0.5336526946107785,5.409086285575555,0.1053137773503246,0.1738398653522481,0.7208463572974273,Intermediate,High SNR
829704,sub-829704_ses-829704-2025-12-16-11-03-04,dual,True,2,66,7292,3361.3563285985897,2.1693623904015458,0.0,0.5783169296622276,5.62925573204396,ok,5.537646770477295,0.7435545803620406,5.745137435977721,0.1745289506257736,0.1433090358960253,0.682162013478201,Low SNR,High SNR
829704,sub-829704_ses-829704-2025-12-16-11-03-04,dual,True,2,67,3591,3361.3563285985897,1.0683187525962632,0.0,0.3648012417197227,3.07484852491741,ok,3.8976893424987793,0.4647730437204121,5.095900712688178,0.0984383714445064,0.2018962632459565,0.699665365309537,Intermediate,High SNR
829704,sub-829704_ses-829704-2025-12-16-11-03-04,dual,True,2,68,3425,3361.3563285985897,1.0189339258262882,0.0,0.4685971935510635,3.052552709965741,ok,3.9247078895568848,0.4773722627737226,5.374810692307556,0.0775988286969253,0.1683748169838946,0.7540263543191801,Intermediate,High SNR
829704,sub-829704_ses-829704-2025-12-16-11-03-04,dual,True,2,69,8260,3361.3563285985897,2.457341380240917,0.0,0.2293071806520223,7.864188752984421,ok,5.96441650390625,0.7638014527845036,7.985441169809976,0.1238465274405051,0.0694511898980087,0.8067022826614861,High SNR,High SNR
829704,sub-829704_ses-829704-2025-12-16-11-03-04,dual,True,2,70,6158,3361.3563285985897,1.8319985737921995,0.0,0.2713642242014408,4.470701263488564,ok,5.016205787658691,0.6784670347515427,4.376903933519078,0.2526058631921824,0.204885993485342,0.5425081433224755,Low SNR,Low SNR
829704,sub-829704_ses-829704-2025-12-16-11-03-04,dual,True,2,71,6438,3361.3563285985897,1.9152982815969763,0.0,0.2210511614799499,5.508760742645209,ok,4.974987030029297,0.682820751786269,6.776484003954172,0.120791770573566,0.0922693266832917,0.7869389027431422,High SNR,High SNR
829704,sub-829704_ses-829704-2025-12-16-11-03-04,dual,True,2,72,7718,3361.3563285985897,2.2960969458473848,0.0,0.4322760378956795,6.378820475348238,ok,5.518912315368652,0.74643690075149,6.62283332848027,0.1506813757300454,0.1105775470473718,0.7387410772225828,High SNR,High SNR
829704,sub-829704_ses-829704-2025-12-16-11-03-04,dual,True,2,73,5296,3361.3563285985897,1.575554473336065,0.0,0.1981311383754014,4.357089931881218,ok,4.708484649658203,0.634629909365559,5.7939184393953775,0.1384528087762436,0.1286173633440514,0.732929827879705,High SNR,High SNR
829704,sub-829704_ses-829704-2025-12-16-11-03-04,dual,True,2,74,6144,3361.3563285985897,1.8278335884019603,0.0,0.2865878080934286,5.2381984465971145,ok,5.685081481933594,0.7316080729166666,6.458596483131033,0.1587016799869515,0.106181699559615,0.7351166204534334,High SNR,High SNR
829704,sub-829704_ses-829704-2025-12-16-11-03-04,dual,True,2,75,5076,3361.3563285985897,1.510104702918026,0.0,0.2769855184972286,3.731489181518445,ok,4.22688102722168,0.5663908589440504,5.507655982128132,0.0966278840465391,0.1717609938868073,0.7316111220666536,Intermediate,High SNR
829704,sub-829704_ses-829704-2025-12-16-11-03-04,dual,True,2,76,6103,3361.3563285985897,1.8156361311876896,0.0,0.2087883209198713,5.127600658852164,ok,5.175472736358643,0.6978535146649189,6.605177842203082,0.1232157506152584,0.1068088597210828,0.7699753896636587,High SNR,High SNR
829704,sub-829704_ses-829704-2025-12-16-11-03-04,dual,True,2,77,5286,3361.3563285985897,1.5725794837716087,0.0,0.4435800435304641,4.108702275299884,ok,4.2756547927856445,0.5802118804388952,6.184759435625427,0.0881349507202426,0.1161865049279757,0.7956785443517816,High SNR,High SNR
829704,sub-829704_ses-829704-2025-12-16-11-03-04,dual,True,2,78,6040,3361.3563285985897,1.796893696931615,0.0,0.1552954681098461,4.301038205465247,ok,4.395275115966797,0.598841059602649,5.580155476849575,0.118388326977284,0.1679655115237937,0.7136461614989222,Intermediate,High SNR
829704,sub-829704_ses-829704-2025-12-18-10-57-36,dual,True,1,0,4584,3983.059061743319,1.150874222285235,0.0,0.4146929128289222,3.195965351854348,ok,3.9831624031066895,0.4949825479930192,5.826701825333576,0.0521948023585935,0.1292858702773531,0.8185193273640533,High SNR,High SNR
829704,sub-829704_ses-829704-2025-12-18-10-57-36,dual,True,1,1,5555,3983.059061743319,1.3946566982535953,0.0,0.4558881073594093,3.3213753111841893,ok,3.968569278717041,0.4869486948694869,4.907201783414775,0.1210592686002522,0.2188794811745631,0.6600612502251847,Low SNR,High SNR
829704,sub-829704_ses-829704-2025-12-18-10-57-36,dual,True,1,2,5152,3983.059061743319,1.2934781835108051,0.0,0.5464498793721199,3.3606993814351327,ok,3.9440231323242174,0.4765139751552795,4.8718265562158924,0.1338643870215659,0.2224596852535457,0.6436759277248882,Low SNR,Intermediate
829704,sub-829704_ses-829704-2025-12-18-10-57-36,dual,True,1,3,3903,3983.059061743319,0.979900106801761,0.0,0.1905693085312843,2.892689979590276,ok,3.835481643676758,0.4368434537535229,4.684991808966254,0.1166367598051781,0.2496795693411945,0.6336836708536273,Low SNR,Intermediate
829704,sub-829704_ses-829704-2025-12-18-10-57-36,dual,True,1,4,4081,3983.059061743319,1.02458937634076,0.0,0.3497530940651893,3.0488199274854013,ok,3.825519323348999,0.4320019603038471,5.5388437124779015,0.061089303238469,0.162414131501472,0.7764965652600588,High SNR,High SNR
829704,sub-829704_ses-829704-2025-12-18-10-57-36,dual,True,1,5,3839,3983.059061743319,0.9638320548326826,0.0,0.2501624422967434,2.913135158256463,ok,3.880680799484253,0.4514196405313884,5.116860358599979,0.0863778705636743,0.203027139874739,0.7105949895615866,Intermediate,High SNR
829704,sub-829704_ses-829704-2025-12-18-10-57-36,dual,True,1,6,4239,3983.059061743319,1.064257379639422,0.0,0.3702462381720542,3.0505833444631727,ok,3.918199062347412,0.4680349138947865,5.299127310183937,0.0800661313179026,0.1830420406235238,0.7368918280585735,Intermediate,High SNR
829704,sub-829704_ses-829704-2025-12-18-10-57-36,dual,True,1,7,3606,3983.059061743319,0.9053343031327568,0.0,0.170849256978929,2.893196362893536,ok,3.749650001525879,0.4156960621186911,5.086884853124819,0.0855317967231324,0.2066092752013329,0.7078589280755345,Intermediate,High SNR
829704,sub-829704_ses-829704-2025-12-18-10-57-36,dual,True,1,8,5085,3983.059061743319,1.2766569416056763,0.0,0.2232907626807689,3.310982169463334,ok,4.34214973449707,0.5854473942969518,5.303139987163308,0.1231798504525777,0.1755214482487209,0.7012987012987013,Intermediate,High SNR
829704,sub-829704_ses-829704-2025-12-18-10-57-36,dual,True,1,9,3707,3983.059061743319,0.9306916976464584,0.0,0.2705622236609459,2.896869511485656,ok,3.754448652267456,0.4076072295656865,5.099583981288006,0.0843015401242907,0.1975141853553093,0.7181842745203999,Intermediate,High SNR
829704,sub-829704_ses-829704-2025-12-18-10-57-36,dual,True,1,10,3912,3983.059061743319,0.9821596766099124,0.0,0.2740156288862228,2.9756868946116954,ok,3.994375705718994,0.4984662576687116,5.353797131458599,0.079048349961627,0.1742133537989255,0.7467382962394474,High SNR,High SNR
829704,sub-829704_ses-829704-2025-12-18-10-57-36,dual,True,1,11,4842,3983.059061743319,1.215648556785582,0.0,0.4129977140665054,3.3614050555838384,ok,4.381890773773193,0.5954151177199505,6.130898421636781,0.0744262972917097,0.1265247053959065,0.7990489973123837,High SNR,High SNR
829704,sub-829704_ses-829704-2025-12-18-10-57-36,dual,True,1,12,4528,3983.059061743319,1.1368146768122915,0.0,0.3005916009038686,3.0987137509370286,ok,4.027491569519043,0.5075088339222615,5.321020812609204,0.0880141530296329,0.1833259619637328,0.7286598850066343,Intermediate,High SNR
829704,sub-829704_ses-829704-2025-12-18-10-57-36,dual,True,1,13,6162,3983.059061743319,1.5470521286478225,0.0,0.147282289275527,3.609934630835415,ok,4.166927814483643,0.55322947095099,5.040125103074805,0.1307667316439246,0.203866146848603,0.6653671215074723,Low SNR,High SNR
829704,sub-829704_ses-829704-2025-12-18-10-57-36,dual,True,1,14,3551,3983.059061743319,0.8915258209718302,0.0,0.2731908731102943,2.875767735158089,ok,3.818904161453247,0.4381864263587722,5.034798005708242,0.0922425952045134,0.2073342736248237,0.7004231311706629,Intermediate,High SNR
829704,sub-829704_ses-829704-2025-12-18-10-57-36,dual,True,1,15,5604,3983.059061743319,1.4069588005424207,0.0,0.2688736526370048,3.5319759235700703,ok,4.395707130432129,0.5917201998572448,5.468698308263975,0.1088277340957827,0.1683345246604717,0.7228377412437456,Intermediate,High SNR
829704,sub-829704_ses-829704-2025-12-18-10-57-36,dual,True,1,16,4327,3983.059061743319,1.086350951096905,0.0,0.152977107283473,3.019271861108413,ok,3.7752625942230233,0.4143748555581234,4.778485400145923,0.0985426786953504,0.2560721721027064,0.6453851492019431,Intermediate,Intermediate
829704,sub-829704_ses-829704-2025-12-18-10-57-36,dual,True,1,17,4673,3983.059061743319,1.1732188570547346,0.0,0.279948007133603,3.1263721245722915,ok,3.955922365188599,0.4870532848277338,5.068970075683957,0.1077549271636675,0.2060839760068551,0.6861610968294773,Intermediate,High SNR
829704,sub-829704_ses-829704-2025-12-18-10-57-36,dual,True,1,18,4767,3983.059061743319,1.1968188083843183,0.0,0.4564163381159305,3.234381511406408,ok,4.0576491355896,0.5164673799035032,5.363658968764871,0.0856782864342713,0.1742965140697186,0.7400251994960101,High SNR,High SNR
829704,sub-829704_ses-829704-2025-12-18-10-57-36,dual,True,1,19,4833,3983.059061743319,1.2133889869774304,0.0,0.5799956032633781,3.339502825657452,ok,4.0412139892578125,0.5133457479826194,5.716534902329802,0.076222038111019,0.1536868268434134,0.7700911350455675,High SNR,High SNR
829704,sub-829704_ses-829704-2025-12-18-10-57-36,dual,True,1,20,4286,3983.059061743319,1.076057355304214,0.0,0.3479169453978538,3.107123949436833,ok,4.03293514251709,0.5097993467102193,5.365463915151421,0.0962616822429906,0.1759345794392523,0.727803738317757,Intermediate,High SNR
829704,sub-829704_ses-829704-2025-12-18-10-57-36,dual,True,1,21,5964,3983.059061743319,1.4973415928684863,0.0,0.2590063639640808,3.5388878423644345,ok,4.32133150100708,0.5876928236083165,5.406393452853678,0.1080309139784946,0.1774193548387097,0.7145497311827957,Intermediate,High SNR
829704,sub-829704_ses-829704-2025-12-18-10-57-36,dual,True,1,22,4197,3983.059061743319,1.0537127205347143,0.0,0.1749675458818674,3.074412732880565,ok,3.9824681282043457,0.4936859661663093,5.288668232523973,0.0904750537121031,0.1943184530914299,0.7152064931964669,Intermediate,High SNR
829704,sub-829704_ses-829704-2025-12-18-10-57-36,dual,True,1,23,5109,3983.059061743319,1.2826824610940806,0.0,0.2440555998802185,3.2974784797191523,ok,4.305710792541504,0.5774124094734782,5.466303124589702,0.1042319749216301,0.1761363636363636,0.7196316614420063,Intermediate,High SNR
829704,sub-829704_ses-829704-2025-12-18-10-57-36,dual,True,1,24,5342,3983.059061743319,1.3411802127940065,0.0,0.2042126407384872,3.530472209113697,ok,3.942631244659424,0.4825907899663048,5.410853167162639,0.0880479580367178,0.1727238666167103,0.7392281753465717,High SNR,High SNR
829704,sub-829704_ses-829704-2025-12-18-10-57-36,dual,True,1,25,4172,3983.059061743319,1.0474361377342931,0.0,0.4423505538582801,3.04411191347202,ok,3.8427343368530273,0.4491850431447747,5.209951732242272,0.0741184936435596,0.1950107939553849,0.7308707124010554,Intermediate,High SNR
829704,sub-829704_ses-829704-2025-12-18-10-57-36,dual,True,1,26,4603,3983.059061743319,1.1556444252135551,0.0,0.4367212620913982,3.1553878256455192,ok,3.881663084030152,0.458613947425592,5.193546563123714,0.0883184685664563,0.2051337829018925,0.706547748531651,Intermediate,High SNR
829704,sub-829704_ses-829704-2025-12-18-10-57-36,dual,True,1,27,3604,3983.059061743319,0.9048321765087232,0.0,0.2899728150576353,2.900669093656202,ok,3.79049015045166,0.4170366259711431,4.9845394156859735,0.0871980005554012,0.2171618994723687,0.69564009997223,Intermediate,High SNR
829704,sub-829704_ses-829704-2025-12-18-10-57-36,dual,True,1,28,4291,3983.059061743319,1.0773126718642982,0.0,0.2441257655382156,3.0515587047865536,ok,3.8658151626586914,0.4551386623164764,5.196984279848574,0.0819519028718188,0.2063973850105066,0.7116507121176745,Intermediate,High SNR
829704,sub-829704_ses-829704-2025-12-18-10-57-36,dual,True,1,29,4809,3983.059061743319,1.207363467489026,0.0,0.5134070240914821,3.239511055103892,ok,3.943678855895996,0.4774381368267831,5.099815087721156,0.1181856013316687,0.190803162713275,0.6910112359550562,Intermediate,High SNR
829704,sub-829704_ses-829704-2025-12-18-10-57-36,dual,True,1,30,4046,3983.059061743319,1.0158021604201704,0.0,0.4695663898408412,3.057997205194492,ok,3.817031383514404,0.4275827978250123,5.25674739227151,0.0745049504950495,0.1861386138613861,0.7393564356435643,Intermediate,High SNR
829704,sub-829704_ses-829704-2025-12-18-10-57-36,dual,True,1,31,4358,3983.059061743319,1.094133913769427,0.0,0.2934026918113231,3.159313565530025,ok,4.143609046936035,0.5357962368058743,5.478833466433865,0.0989667049368542,0.1701492537313433,0.7308840413318025,High SNR,High SNR
829704,sub-829704_ses-829704-2025-12-18-10-57-36,dual,True,1,32,5329,3983.059061743319,1.3379163897377873,0.0,0.385933123075962,3.401997742678284,ok,4.058527946472168,0.5205479452054794,5.891296852087912,0.0638737554010896,0.1343227503287619,0.8018034942701484,High SNR,High SNR
829704,sub-829704_ses-829704-2025-12-18-10-57-36,dual,True,1,33,5630,3983.059061743319,1.413486446654859,0.0,0.2056002240657806,3.507046388835066,ok,4.333767890930176,0.5799289520426287,4.8516058045844455,0.1630183306638191,0.2112475529453639,0.6257341163908169,Low SNR,Intermediate
829704,sub-829704_ses-829704-2025-12-18-10-57-36,dual,True,1,34,4153,3983.059061743319,1.042665934805973,0.0,0.364802081233263,3.085824579480416,ok,4.076919555664063,0.5225138454129545,5.458855346549467,0.088937093275488,0.1737768136900458,0.7372860930344661,High SNR,High SNR
829704,sub-829704_ses-829704-2025-12-18-10-57-36,dual,True,1,35,4168,3983.059061743319,1.046431884486226,0.0,0.587136947286129,3.1941508350793995,ok,3.9097259044647217,0.4668905950095969,5.707797017036435,0.0766274321402834,0.1345183761710305,0.7888541916886861,High SNR,High SNR
829704,sub-829704_ses-829704-2025-12-18-10-57-36,dual,True,1,36,4354,3983.059061743319,1.0931296605213598,0.0,0.3537106492638587,3.1479046931885564,ok,4.078067302703857,0.5229673863114378,5.504518188737598,0.087525844245348,0.1654031702274293,0.7470709855272226,High SNR,High SNR
829704,sub-829704_ses-829704-2025-12-18-10-57-36,dual,True,1,37,4009,3983.059061743319,1.006512817875547,0.0,0.4384400997877121,3.0434982793467875,ok,3.9325368404388414,0.4741830880518832,5.49313910310343,0.0684144818976279,0.166541822721598,0.765043695380774,High SNR,High SNR
829704,sub-829704_ses-829704-2025-12-18-10-57-36,dual,True,1,38,5293,3983.059061743319,1.3288781105051808,0.0,0.3044550201237201,3.2629512887278933,ok,3.95531177520752,0.4838465898356319,4.947170897794575,0.1005861221402911,0.233125354509359,0.6662885233503498,Intermediate,High SNR
829704,sub-829704_ses-829704-2025-12-18-10-57-36,dual,True,1,39,3345,3983.059061743319,0.8398067786963593,0.0,0.220790426248312,2.8018883366910696,ok,3.7438535690307617,0.4101644245142003,4.871327925925793,0.090092786590841,0.2283747381023645,0.6815324753067944,Intermediate,High SNR
829704,sub-829704_ses-829704-2025-12-18-10-57-36,dual,True,1,40,3783,3983.059061743319,0.9497725093597392,0.0,0.4066805072307586,2.9976438638679186,ok,3.834193706512451,0.4401268834258525,5.286599439556333,0.0829139072847682,0.1819867549668874,0.7350993377483444,Intermediate,High SNR
829704,sub-829704_ses-829704-2025-12-18-10-57-36,dual,True,1,41,5415,3983.059061743319,1.3595078345712364,0.0,0.4389237037718296,3.545218395932748,ok,4.451825141906738,0.6062788550323176,5.957141466895125,0.0899001109877913,0.1418793932667406,0.768220495745468,High SNR,High SNR
829704,sub-829704_ses-829704-2025-12-18-10-57-36,dual,True,1,42,4833,3983.059061743319,1.2133889869774304,0.0,0.4466158570468425,3.268509189709631,ok,4.076157569885254,0.5259673080902131,5.518291695055022,0.0864427860696517,0.1648009950248756,0.7487562189054726,High SNR,High SNR
829704,sub-829704_ses-829704-2025-12-18-10-57-36,dual,True,1,43,4884,3983.059061743319,1.2261932158902895,0.0,0.4103437466561794,3.2348554492932307,ok,4.001455307006836,0.5002047502047502,5.329433092691678,0.0990159901599016,0.1828618286182861,0.7181221812218123,Intermediate,High SNR
829704,sub-829704_ses-829704-2025-12-18-10-57-36,dual,True,1,44,5540,3983.059061743319,1.3908907485733424,0.0,0.3921257284283638,3.371442272149178,ok,4.236143112182617,0.5687725631768953,4.919847390899475,0.1378998734863546,0.2080245797939635,0.6540755467196819,Low SNR,Intermediate
829704,sub-829704_ses-829704-2025-12-18-10-57-36,dual,True,1,45,3764,3983.059061743319,0.9450023064314188,0.0,0.4365117813706398,3.0352429232282088,ok,3.9008326530456543,0.4641339001062699,5.683305835085536,0.066577896138482,0.1496671105193076,0.7837549933422104,High SNR,High SNR
829704,sub-829704_ses-829704-2025-12-18-10-57-36,dual,True,1,46,4329,3983.059061743319,1.0868530777209384,0.0,0.593511241042614,3.371082976774268,ok,3.98026180267334,0.4934164934164934,5.93146632721956,0.071279796343439,0.1261282110622541,0.8025919925943069,High SNR,High SNR
829704,sub-829704_ses-829704-2025-12-18-10-57-36,dual,True,1,47,4602,3983.059061743319,1.1553933619015382,0.0,0.4373235467791557,3.1254702735382978,ok,3.976810932159424,0.4908735332464146,5.26744756959191,0.0875244937949052,0.1833224472022643,0.7291530590028303,Intermediate,High SNR
829704,sub-829704_ses-829704-2025-12-18-10-57-36,dual,True,1,48,4036,3983.059061743319,1.0132915273000018,0.0,0.427791091454029,3.011847452524292,ok,3.853648662567138,0.4487115956392468,5.101756677221566,0.0956629491945477,0.1985130111524163,0.705824039653036,Intermediate,High SNR
829704,sub-829704_ses-829704-2025-12-18-10-57-36,dual,True,1,49,5386,3983.059061743319,1.3522269985227475,0.0,0.1918382553398609,3.5570816326268746,ok,4.071825981140137,0.5233939844040104,5.493372353757049,0.0854859691507154,0.1661401226537818,0.7483739081955026,High SNR,High SNR
829704,sub-829704_ses-829704-2025-12-18-10-57-36,dual,True,2,0,6010,4250.115397936032,1.414079251334826,0.0,0.5869076717197895,3.776786191829433,ok,4.316803455352783,0.5831946755407654,5.580157572432261,0.1255411255411255,0.1556776556776556,0.7187812187812188,High SNR,High SNR
829704,sub-829704_ses-829704-2025-12-18-10-57-36,dual,True,2,1,3999,4250.115397936032,0.9409156283008268,0.0,0.3190969315946102,2.9451391708329555,ok,3.842761039733887,0.4471117779444861,5.08112983115728,0.0874248496993988,0.2121743486973948,0.7004008016032064,Intermediate,High SNR
829704,sub-829704_ses-829704-2025-12-18-10-57-36,dual,True,2,2,5897,4250.115397936032,1.387491737956983,0.0,0.5138388433456421,3.600794573741279,ok,4.215832710266113,0.5645243344073257,5.807517119011259,0.0869269949066214,0.1461799660441426,0.766893039049236,High SNR,High SNR
829704,sub-829704_ses-829704-2025-12-18-10-57-36,dual,True,2,3,4409,4250.115397936032,1.037383597193885,0.0,0.4872874602377414,3.1362610547534824,ok,3.93896222114563,0.4778861419823089,5.578196950683933,0.0748808713410483,0.1556614476968459,0.7694576809621058,High SNR,High SNR
829704,sub-829704_ses-829704-2025-12-18-10-57-36,dual,True,2,4,5069,4250.115397936032,1.1926734983388076,0.0,0.3910207518696785,3.2935418169656923,ok,4.235543727874756,0.556322746103768,4.845404111346344,0.1590370955011839,0.2059984214680347,0.6349644830307813,Low SNR,Intermediate
829704,sub-829704_ses-829704-2025-12-18-10-57-36,dual,True,2,5,6766,4250.115397936032,1.5919567744644647,0.0,0.6454196446001529,4.05305235092175,ok,4.52130126953125,0.6235589713272244,5.460967041332625,0.1673071238545669,0.1565178835353236,0.6761749926101094,Low SNR,High SNR
829704,sub-829704_ses-829704-2025-12-18-10-57-36,dual,True,2,6,4489,4250.115397936032,1.0562066155144816,0.0,0.3264014505386352,3.050951205349484,ok,3.972266674041748,0.4909779460904433,4.8764443220115945,0.1235228539576365,0.21917502787068,0.6573021181716834,Low SNR,Intermediate
829704,sub-829704_ses-829704-2025-12-18-10-57-36,dual,True,2,7,4725,4250.115397936032,1.1117345195602415,0.0,0.2239323719501495,3.1738459874118314,ok,4.386124610900879,0.5718518518518518,4.349601216288511,0.2278695468022024,0.2193985599322321,0.5527318932655655,Low SNR,Low SNR
829704,sub-829704_ses-829704-2025-12-18-10-57-36,dual,True,2,8,5648,4250.115397936032,1.328905093434126,0.0,0.6537629069030284,3.733176347256679,ok,4.055383205413818,0.5198300283286119,5.978813439106454,0.0947573503365214,0.1284094934466879,0.7768331562167906,High SNR,High SNR
829704,sub-829704_ses-829704-2025-12-18-10-57-36,dual,True,2,9,5935,4250.115397936032,1.3964326716592668,0.0,0.4198346681535244,3.4319779061299056,ok,4.063894271850586,0.5206402695871946,4.840606580709061,0.1373441186383552,0.2266599258510279,0.6359959555106168,Low SNR,Intermediate
829704,sub-829704_ses-829704-2025-12-18-10-57-36,dual,True,2,10,6231,4250.115397936032,1.4660778394454743,0.0,0.4703920735001564,3.878138912873609,ok,4.613659381866455,0.6299149414219226,5.382211961422953,0.1488917442981047,0.1590106007067137,0.6920976549951815,Low SNR,High SNR
829704,sub-829704_ses-829704-2025-12-18-10-57-36,dual,True,2,11,4507,4250.115397936032,1.0604417946366158,0.0,0.230102575546503,3.0620171522036896,ok,4.08844518661499,0.5209673840692256,4.941036600524157,0.1208620306598533,0.2179515663185958,0.6611864030215507,Low SNR,High SNR
829704,sub-829704_ses-829704-2025-12-18-10-57-36,dual,True,2,12,4119,4250.115397936032,0.969150155781722,0.0,0.508296860986948,3.052681909185212,ok,3.867922306060791,0.4539936877882981,5.311098632437173,0.0865127582017011,0.1905224787363305,0.7229647630619684,Intermediate,High SNR
829704,sub-829704_ses-829704-2025-12-18-10-57-36,dual,True,2,13,6177,4250.115397936032,1.4533723020790716,0.0,0.2841664080262184,3.621723197203448,ok,4.158997058868408,0.5497814473045167,4.810790346228592,0.1452188006482982,0.2252836304700162,0.6294975688816856,Low SNR,Intermediate
829704,sub-829704_ses-829704-2025-12-18-10-57-36,dual,True,2,14,5749,4250.115397936032,1.352669154063879,0.0,0.555232339811325,3.6180509836041743,ok,4.122124195098877,0.5364411201948165,5.976406290449372,0.0661675082709385,0.1339021417377677,0.7999303499912938,High SNR,High SNR
829704,sub-829704_ses-829704-2025-12-18-10-57-36,dual,True,2,15,5578,4250.115397936032,1.312434952403604,0.0,0.292069257107377,3.411799564889535,ok,3.997584342956543,0.4994621728217999,5.529616570902129,0.0819730941704035,0.1727354260089686,0.7452914798206278,High SNR,High SNR
829704,sub-829704_ses-829704-2025-12-18-10-57-36,dual,True,2,16,9298,4250.115397936032,2.18770530431135,0.0,0.2163204584956169,6.318045160051909,ok,5.776849746704102,0.7597332759733276,7.325230268893143,0.1064356435643564,0.0885708136030994,0.8049935428325441,High SNR,High SNR
829704,sub-829704_ses-829704-2025-12-18-10-57-36,dual,True,2,17,5394,4250.115397936032,1.2691420102662316,0.0,0.1664872882246971,3.328385506587664,ok,3.9870569705963135,0.496477567667779,4.98159311748385,0.1109461966604823,0.2142857142857142,0.6747680890538034,Intermediate,High SNR
829704,sub-829704_ses-829704-2025-12-18-10-57-36,dual,True,2,18,5175,4250.115397936032,1.2176139976135982,0.0,0.326507229244709,3.2882754281055413,ok,4.157514572143555,0.5428019323671498,5.585196297627082,0.0972544470224284,0.1606728538283062,0.7420726991492653,High SNR,High SNR
829704,sub-829704_ses-829704-2025-12-18-10-57-36,dual,True,2,19,4055,4250.115397936032,0.9540917411252444,0.0,0.3318790554642677,2.9414362496920994,ok,3.829833745956421,0.4360049321824907,4.977917232171878,0.1009378084896347,0.2179170779861796,0.6811451135241856,Intermediate,High SNR
829704,sub-829704_ses-829704-2025-12-18-10-57-36,dual,True,2,20,4512,4250.115397936032,1.061618233281653,0.0,0.1384282713532448,3.151650815514857,ok,4.191324234008789,0.5480939716312057,5.330269940992073,0.101330376940133,0.1689578713968957,0.7297117516629712,High SNR,High SNR
829704,sub-829704_ses-829704-2025-12-18-10-57-36,dual,True,2,21,4490,4250.115397936032,1.056441903243489,0.0,0.2368329555988311,3.09486457863342,ok,4.092856407165527,0.5260579064587974,5.225387645142748,0.1134135472370766,0.1907308377896613,0.695855614973262,Intermediate,High SNR
829704,sub-829704_ses-829704-2025-12-18-10-57-36,dual,True,2,22,4823,4250.115397936032,1.1347927170029728,0.0,0.172156335376203,3.1256594869556813,ok,3.91282057762146,0.4671366369479577,5.309399692893608,0.0828488372093023,0.1891611295681063,0.7279900332225914,Intermediate,High SNR
829704,sub-829704_ses-829704-2025-12-18-10-57-36,dual,True,2,23,4383,4250.115397936032,1.031266116239691,0.0,0.1962437131047248,2.9894922710468723,ok,3.852462291717529,0.4467259867670545,4.987708196974836,0.0951837480027391,0.2154759187400137,0.6893403332572472,Intermediate,High SNR
829704,sub-829704_ses-829704-2025-12-18-10-57-36,dual,True,2,24,3964,4250.115397936032,0.9326805577855658,0.0,0.1527822407260537,2.9603976245133503,ok,3.864534854888916,0.4543390514631685,4.874228839088573,0.1065925738822935,0.2331396817378125,0.6602677443798939,Intermediate,High SNR
829704,sub-829704_ses-829704-2025-12-18-10-57-36,dual,True,2,25,4379,4250.115397936032,1.0303249653236612,0.0,0.5500640293478966,3.2026873029109884,ok,3.844710350036621,0.4398264443936971,5.739779703437426,0.0619145533470413,0.1501028101439342,0.7879826365090244,High SNR,High SNR
829704,sub-829704_ses-829704-2025-12-18-10-57-36,dual,True,2,26,3781,4250.115397936032,0.889622903377201,0.0,0.1898338063001632,2.8558868096566914,ok,3.6906814575195312,0.3702724147051044,4.791259550347901,0.0762308099523557,0.2419269454737956,0.6818422445738486,Intermediate,High SNR
829704,sub-829704_ses-829704-2025-12-18-10-57-36,dual,True,2,27,4584,4250.115397936032,1.0785589497701902,0.0,0.3339799601912498,3.131306462915138,ok,4.201761245727539,0.5523560209424084,5.083325750837427,0.1288209606986899,0.1978165938864629,0.6733624454148471,Low SNR,High SNR
829704,sub-829704_ses-829704-2025-12-18-10-57-36,dual,True,2,28,3821,4250.115397936032,0.8990344125374993,0.0,0.3011288232922554,2.8830256033812813,ok,3.8021953105926514,0.429468725464538,5.001628517568145,0.0867400419287211,0.2140985324947589,0.69916142557652,Intermediate,High SNR
829704,sub-829704_ses-829704-2025-12-18-10-57-36,dual,True,2,29,4097,4250.115397936032,0.9639738257435578,0.0,0.201284770989418,2.9582583739036927,ok,3.893811464309693,0.4661947766658531,5.178879461467876,0.0835368832437713,0.1954079140205178,0.7210552027357108,Intermediate,High SNR
829704,sub-829704_ses-829704-2025-12-18-10-57-36,dual,True,2,30,4534,4250.115397936032,1.0667945633198173,0.0,0.456661785364151,3.209158266497331,ok,4.053850173950195,0.5147772386413763,5.121036261392895,0.1240344294857647,0.1904656808651511,0.685499889649084,Intermediate,High SNR
829704,sub-829704_ses-829704-2025-12-18-10-57-36,dual,True,2,31,6114,4250.115397936032,1.4385491751516015,0.0,0.6582107821941375,3.828066285094787,ok,4.351725101470947,0.5893032384690874,5.803186296461697,0.113275495171059,0.1469962350630217,0.7397282697659191,High SNR,High SNR
829704,sub-829704_ses-829704-2025-12-18-10-57-36,dual,True,2,32,5236,4250.115397936032,1.2319665490830531,0.0,0.4499225241422653,3.430691084921143,ok,4.398324012756348,0.5884262796027502,5.193004345719588,0.1438395415472779,0.1705826170009551,0.6855778414517669,Low SNR,High SNR
829704,sub-829704_ses-829704-2025-12-18-10-57-36,dual,True,2,33,5414,4250.115397936032,1.2738477648463808,0.0,0.2710794744640588,3.546147198757239,ok,4.721672058105469,0.6400073882526782,5.5444722732194816,0.1457100591715976,0.1569896449704142,0.6973002958579881,Low SNR,High SNR
829704,sub-829704_ses-829704-2025-12-18-10-57-36,dual,True,2,34,4962,4250.115397936032,1.1674977113350096,0.0,0.3757047993957996,3.267391474285175,ok,4.041651725769043,0.5139056831922612,5.350977418240379,0.1078629032258064,0.175,0.7171370967741936,Intermediate,High SNR
829704,sub-829704_ses-829704-2025-12-18-10-57-36,dual,True,2,35,5425,4250.115397936032,1.2764359298654628,0.0,0.5286555061876773,3.557594854888709,ok,4.39845085144043,0.5883870967741935,5.782371665627877,0.1021386430678466,0.140117994100295,0.7577433628318584,High SNR,High SNR
829704,sub-829704_ses-829704-2025-12-18-10-57-36,dual,True,2,36,8478,4250.115397936032,1.994769366525234,0.0,0.4688488708734512,5.522871981488582,ok,4.824087142944336,0.6726822363765039,6.916300124297132,0.1102055279943302,0.0961493030947318,0.7936451689109378,High SNR,High SNR
829704,sub-829704_ses-829704-2025-12-18-10-57-36,dual,True,2,37,4722,4250.115397936032,1.1110286563732197,0.0,0.2507349021613598,3.1135394134881267,ok,3.913015365600586,0.4665396018636171,5.200232303578125,0.0817969908878999,0.1985590167408349,0.7196439923712651,Intermediate,High SNR
829704,sub-829704_ses-829704-2025-12-18-10-57-36,dual,True,2,38,4471,4250.115397936032,1.0519714363923474,0.0,0.2110651921033859,3.0422650657339885,ok,3.8659284114837646,0.4551554462089018,4.652246943617148,0.1253357206803939,0.252461951656222,0.622202327663384,Low SNR,Intermediate
829704,sub-829704_ses-829704-2025-12-18-10-57-36,dual,True,2,39,6788,4250.115397936032,1.597133104502629,0.0,0.1883461883068084,4.328905849959809,ok,5.089789867401123,0.6938715380082499,5.463166918949263,0.174432320849307,0.152314951341787,0.6732527278089059,Low SNR,Intermediate
829704,sub-829704_ses-829704-2025-12-18-10-57-36,dual,True,2,40,5066,4250.115397936032,1.1919676351517852,0.0,0.1678698234245181,3.160456945721837,ok,3.968487977981568,0.4901302803000394,4.43313802131796,0.1558980438648488,0.2633866824738194,0.5807152736613318,Low SNR,Intermediate
829704,sub-829704_ses-829704-2025-12-18-10-57-36,dual,True,2,41,4593,4250.115397936032,1.0806765393312574,0.0,0.2820818075358867,3.166759904707686,ok,3.866335153579712,0.4539516655780535,5.105475314404567,0.102374210411675,0.1951644521890655,0.7024613373992594,Intermediate,High SNR
829704,sub-829704_ses-829704-2025-12-18-10-57-36,dual,True,2,42,5977,4250.115397936032,1.40631475627758,0.0,0.2075990616202354,3.496206375840377,ok,4.220223903656006,0.5666722436004684,4.580727235723428,0.169485848266622,0.2371462066655501,0.5933679450678279,Low SNR,Intermediate
829704,sub-829704_ses-829704-2025-12-18-10-57-36,dual,True,2,43,5081,4250.115397936032,1.1954969510868971,0.0,0.2091277053147554,3.180249780772343,ok,3.957810163497925,0.4821885455618973,4.636512443851435,0.1372317385312069,0.2478834416223666,0.6148848198464265,Low SNR,Intermediate
829704,sub-829704_ses-829704-2025-12-18-10-57-36,dual,True,2,44,5704,4250.115397936032,1.342081206258544,0.0,0.2994364965498447,3.5861893201527764,ok,4.422876358032227,0.5994039270687237,5.084951565508623,0.1614939505523408,0.1877958968963703,0.6507101525512888,Low SNR,Intermediate
829704,sub-829704_ses-829704-2025-12-18-10-57-36,dual,True,2,45,6420,4250.115397936032,1.5105472202278842,0.0,0.3815584622025489,4.08507448413557,ok,4.93975830078125,0.6744548286604362,6.064568351985214,0.1264027431421446,0.1211034912718204,0.7524937655860349,High SNR,High SNR
829704,sub-829704_ses-829704-2025-12-18-10-57-36,dual,True,2,46,4061,4250.115397936032,0.9555034674992892,0.0,0.3709574828803539,2.95835968842062,ok,3.797400712966919,0.4309283427727161,4.946653177989398,0.0916707737801872,0.2313947757516017,0.676934450468211,Intermediate,High SNR
829704,sub-829704_ses-829704-2025-12-18-10-57-36,dual,True,2,47,4623,4250.115397936032,1.087735171201481,0.0,0.2798390471130609,3.068746022193851,ok,3.962967872619629,0.4864806402768765,5.033789564479283,0.1047165729121592,0.2098658589355257,0.685417568152315,Intermediate,High SNR
829704,sub-829704_ses-829704-2025-12-18-10-57-36,dual,True,2,48,7530,4250.115397936032,1.7717165994261632,0.0,0.474914842236042,5.216326753621278,ok,5.933454036712647,0.7614873837981407,6.974366382346529,0.1315964375913864,0.0918516549248969,0.7765519074837166,High SNR,High SNR
829704,sub-829704_ses-829704-2025-12-18-10-57-36,dual,True,2,49,4494,4250.115397936032,1.0573830541595188,0.0,0.5081156586170196,3.2602894303700967,ok,4.075569152832031,0.5195816644414776,5.808109581499591,0.0815871600534997,0.1428889879625501,0.77552385198395,High SNR,High SNR
829704,sub-829704_ses-829704-2025-12-18-10-57-36,dual,True,2,50,6646,4250.115397936032,1.56372224698357,0.0,0.5861766321659088,4.013833568533364,ok,4.4383087158203125,0.6148058982846825,6.417450903997985,0.0772474024996235,0.1008884204186116,0.8218641770817648,High SNR,High SNR
829704,sub-829704_ses-829704-2025-12-18-10-57-36,dual,True,2,51,6112,4250.115397936032,1.438078599693587,0.0,0.4120176482856273,3.5803910431986816,ok,4.219886779785156,0.5646269633507853,5.5952574595164535,0.0915193189259987,0.1591355599214145,0.7493451211525868,High SNR,High SNR
829704,sub-829704_ses-829704-2025-12-18-10-57-36,dual,True,2,52,4945,4250.115397936032,1.1634978199418826,0.0,0.6437416779577732,3.368258576126483,ok,4.070761680603027,0.523154701718908,5.865768412496678,0.0730621331714228,0.137016798218984,0.7899210686095932,High SNR,High SNR
829704,sub-829704_ses-829704-2025-12-18-10-57-36,dual,True,2,53,5045,4250.115397936032,1.187026592842629,0.0,0.2424539626926183,3.2403327782779785,ok,4.219472885131836,0.5557978196233895,4.822673238672508,0.1502580389043271,0.2139737991266375,0.6357681619690353,Low SNR,Intermediate
829704,sub-829704_ses-829704-2025-12-18-10-57-36,dual,True,2,54,6710,4250.115397936032,1.578780661640047,0.0,0.4142647609233856,3.9457259227116217,ok,4.55766487121582,0.639940387481371,5.795619358422692,0.1177873863128075,0.140748471745937,0.7414641419412554,High SNR,High SNR
829704,sub-829704_ses-829704-2025-12-18-10-57-36,dual,True,2,55,5200,4250.115397936032,1.2234961908387847,0.0,0.3287156800746917,3.294094137490358,ok,4.2425537109375,0.5694230769230769,5.302147437106307,0.1274547554871005,0.1752021563342318,0.6973430881786677,Intermediate,High SNR
829704,sub-829704_ses-829704-2025-12-18-10-57-36,dual,True,2,56,4959,4250.115397936032,1.166791848147987,0.0,0.3122273469418287,3.282081846514484,ok,4.008007049560547,0.5017140552530752,5.181839484286684,0.1087570621468926,0.1846246973365617,0.7066182405165456,Intermediate,High SNR
829704,sub-829704_ses-829704-2025-12-18-10-57-36,dual,True,2,57,4532,4250.115397936032,1.0663239878618025,0.0,0.527816655421257,3.16940871580701,ok,3.875832080841065,0.4514563106796116,5.64465051013944,0.0611749116607773,0.1583480565371024,0.7804770318021201,High SNR,High SNR
829704,sub-829704_ses-829704-2025-12-18-10-57-36,dual,True,2,58,6650,4250.115397936032,1.5646633978995996,0.0,0.2951507357418537,3.7487210381889553,ok,4.370841503143311,0.5983458646616542,4.963713406630099,0.1556291390728476,0.1967188440698374,0.6476520168573149,Low SNR,Intermediate
829704,sub-829704_ses-829704-2025-12-18-10-57-36,dual,True,2,59,5057,4250.115397936032,1.1898500455907182,0.0,0.5919935773015021,3.4473480071756195,ok,4.161878108978272,0.5471623492189045,5.596056077430239,0.1087344028520499,0.1497326203208556,0.7415329768270945,High SNR,High SNR
829704,sub-829704_ses-829704-2025-12-18-10-57-36,dual,True,2,60,4654,4250.115397936032,1.0950290908007123,0.0,0.2544279664099216,3.088154388999997,ok,3.963759660720825,0.4894714224323163,5.142019457642645,0.1015490533562822,0.1953528399311531,0.7030981067125646,Intermediate,High SNR
829704,sub-829704_ses-829704-2025-12-18-10-57-36,dual,True,2,61,4605,4250.115397936032,1.0834999920793469,0.0,0.3034589594006538,3.136815907963608,ok,3.8383638858795166,0.4382193268186753,5.065404557536006,0.0916793395611557,0.2079078861611992,0.700412774277645,Intermediate,High SNR
829704,sub-829704_ses-829704-2025-12-18-10-57-36,dual,True,2,62,3950,4250.115397936032,0.9293865295794614,0.0,0.2583598280757666,2.924819468136551,ok,3.720430374145508,0.389873417721519,4.809265654209143,0.0904942965779467,0.2410646387832699,0.6684410646387833,Intermediate,High SNR
829704,sub-829704_ses-829704-2025-12-18-10-57-36,dual,True,2,63,4486,4250.115397936032,1.055500752327459,0.0,0.4161790285348892,3.1279695334139674,ok,3.969218254089356,0.4906375390102541,5.355310953849338,0.0931995540691192,0.1707915273132664,0.7360089186176143,High SNR,High SNR
829704,sub-829704_ses-829704-2025-12-18-10-57-36,dual,True,2,64,4777,4250.115397936032,1.1239694814686296,0.0,0.4415563740491867,3.156146419679955,ok,3.8946242332458496,0.4636801339752983,4.952187206483371,0.1087093389296957,0.2207764952780692,0.670514165792235,Intermediate,High SNR
829704,sub-829704_ses-829704-2025-12-18-10-57-36,dual,True,2,65,4525,4250.115397936032,1.06467697375875,0.0,0.552331511235237,3.2393590930228666,ok,3.979262351989746,0.4932596685082873,5.590748438833229,0.0809018567639257,0.1660035366931918,0.7530946065428824,High SNR,High SNR
829704,sub-829704_ses-829704-2025-12-18-10-57-36,dual,True,2,66,4612,4250.115397936032,1.085147006182399,0.0,0.4528201714038848,3.160978185225205,ok,3.944345235824585,0.4824371205550737,5.456153307149272,0.0807291666666666,0.1703559027777778,0.7489149305555556,High SNR,High SNR
829704,sub-829704_ses-829704-2025-12-18-10-57-36,dual,True,2,67,5459,4250.115397936032,1.2844357126517163,0.0,0.21341476957798,3.514140110539872,ok,4.407575607299805,0.5927825609085913,5.06703621973982,0.1515484698552318,0.1878321422026754,0.6606193879420927,Low SNR,Intermediate
829704,sub-829704_ses-829704-2025-12-18-10-57-36,dual,True,2,68,5163,4250.115397936032,1.2147905448655087,0.0,0.2364940572381019,3.282779985203262,ok,4.119651794433594,0.5343792368777842,5.011124445605883,0.1319767441860465,0.1959302325581395,0.672093023255814,Low SNR,High SNR
829704,sub-829704_ses-829704-2025-12-18-10-57-36,dual,True,2,69,7922,4250.115397936032,1.8639493891970869,0.0,0.3650178362131118,4.488251964769216,ok,4.530673027038574,0.6442817470335774,6.192054336573362,0.1085281111813013,0.1225521162349968,0.7689197725837018,High SNR,High SNR
829704,sub-829704_ses-829704-2025-12-18-10-57-36,dual,True,2,70,6913,4250.115397936032,1.6265440706285612,0.0,0.5199703851342201,4.126727648109839,ok,4.628234386444092,0.6357587154636193,5.370268941495846,0.1615752135514695,0.1582452584334732,0.6801795280150572,Low SNR,High SNR
829704,sub-829704_ses-829704-2025-12-18-10-57-36,dual,True,2,71,4137,4250.115397936032,0.973385334903856,0.0,0.3182863149940967,2.922703165516776,ok,3.796099424362183,0.4225284022238337,4.731644104004804,0.1148175006043026,0.240512448634276,0.6446700507614214,Intermediate,Intermediate
829704,sub-829704_ses-829704-2025-12-18-10-57-36,dual,True,2,72,9009,4250.115397936032,2.1197071506281944,0.0,0.2475436460852622,6.144252572599091,ok,5.371025085449219,0.7320457320457321,7.555956570007161,0.0960790847495279,0.0780850827501943,0.8258358325002777,High SNR,High SNR
829704,sub-829704_ses-829704-2025-12-18-10-57-36,dual,True,2,73,8052,4250.115397936032,1.8945367939680569,0.0,0.3487297933369875,4.68718096491838,ok,4.624247550964356,0.6489071038251366,6.43491121333552,0.1074934758295016,0.111967192742637,0.7805393314278614,High SNR,High SNR
829704,sub-829704_ses-829704-2025-12-18-10-57-36,dual,True,2,74,7611,4250.115397936032,1.7907749054757671,0.0,0.4711887276649474,4.804282561859276,ok,5.043414115905762,0.6890027591643674,5.897598697752313,0.1542812047875838,0.1277127449690911,0.718006050243325,Low SNR,High SNR
