start_time,stop_time,orientation,trial,delay,diameter,x_position,y_position,contrast,spatial_frequency,temporal_frequency,ori,context
5.150015999999596,5.493015994999595,1.17809725,1.0,0.342999995,360.0,0.0,0.0,1.0,0.0399999991,2.0,1.178,Control (random ori)
5.849983999985852,6.192983994985852,0.392699093,1.0,0.342999995,360.0,0.0,0.0,1.0,0.0399999991,2.0,0.393,Control (random ori)
6.549983999997494,6.892983994997493,1.96349537,1.0,0.342999995,360.0,0.0,0.0,1.0,0.0399999991,2.0,1.963,Control (random ori)
7.249983999994583,7.592983994994583,3.92699075,1.0,0.342999995,360.0,0.0,0.0,1.0,0.0399999991,2.0,3.927,Control (random ori)
7.949983999991673,8.292983994991673,2.3561945,1.0,0.342999995,360.0,0.0,0.0,1.0,0.0399999991,2.0,2.356,Control (random ori)
8.649983999988763,8.992983994988762,0.0,1.0,0.342999995,360.0,0.0,0.0,1.0,0.0399999991,2.0,0.0,Control (random ori)
9.349983999985852,9.692983994985852,4.71238899,1.0,0.342999995,360.0,0.0,0.0,1.0,0.0399999991,2.0,4.712,Control (random ori)
10.049983999997494,10.392983994997493,5.497787,1.0,0.342999995,360.0,0.0,0.0,1.0,0.0399999991,2.0,5.498,Control (random ori)
10.749983999994583,11.092983994994583,0.392699093,1.0,0.342999995,360.0,0.0,0.0,1.0,0.0399999991,2.0,0.393,Control (random ori)
11.449983999991673,11.792983994991673,0.392699093,1.0,0.342999995,360.0,0.0,0.0,1.0,0.0399999991,2.0,0.393,Control (random ori)
12.149983999988763,12.492983994988762,5.89048624,1.0,0.342999995,360.0,0.0,0.0,1.0,0.0399999991,2.0,5.89,Control (random ori)
12.849983999985852,13.192983994985852,2.3561945,1.0,0.342999995,360.0,0.0,0.0,1.0,0.0399999991,2.0,2.356,Control (random ori)
13.549983999997494,13.892983994997493,1.57079637,1.0,0.342999995,360.0,0.0,0.0,1.0,0.0399999991,2.0,1.571,Control (random ori)
14.249983999994583,14.592983994994583,0.0,1.0,0.342999995,360.0,0.0,0.0,1.0,0.0399999991,2.0,0.0,Control (random ori)
14.949983999991673,15.292983994991673,5.89048624,1.0,0.342999995,360.0,0.0,0.0,1.0,0.0399999991,2.0,5.89,Control (random ori)
15.649983999988763,15.992983994988762,5.10508823,1.0,0.342999995,360.0,0.0,0.0,1.0,0.0399999991,2.0,5.105,Control (random ori)
16.349983999985852,16.692983994985852,0.0,1.0,0.342999995,360.0,0.0,0.0,1.0,0.0399999991,2.0,0.0,Control (random ori)
17.049983999997494,17.392983994997493,2.7488935,1.0,0.342999995,360.0,0.0,0.0,1.0,0.0399999991,2.0,2.749,Control (random ori)
17.749983999994583,18.092983994994583,2.7488935,1.0,0.342999995,360.0,0.0,0.0,1.0,0.0399999991,2.0,2.749,Control (random ori)
18.449983999991673,18.792983994991673,5.89048624,1.0,0.342999995,360.0,0.0,0.0,1.0,0.0399999991,2.0,5.89,Control (random ori)
19.149983999988763,19.492983994988762,1.96349537,1.0,0.342999995,360.0,0.0,0.0,1.0,0.0399999991,2.0,1.963,Control (random ori)
19.849983999985852,20.192983994985852,5.10508823,-1.0,0.342999995,360.0,0.0,0.0,1.0,0.0399999991,2.0,5.105,Control (random ori)
20.549983999997494,20.892983994997493,3.14159274,2.0,0.342999995,360.0,0.0,0.0,1.0,0.0399999991,2.0,3.142,Control (random ori)
21.249983999994583,21.592983994994583,0.785398185,2.0,0.342999995,360.0,0.0,0.0,1.0,0.0399999991,2.0,0.785,Control (random ori)
21.949983999991673,22.292983994991673,0.392699093,2.0,0.342999995,360.0,0.0,0.0,1.0,0.0399999991,2.0,0.393,Control (random ori)
22.649983999988763,22.992983994988762,1.96349537,2.0,0.342999995,360.0,0.0,0.0,1.0,0.0399999991,2.0,1.963,Control (random ori)
23.349983999985852,23.692983994985852,1.57079637,2.0,0.342999995,360.0,0.0,0.0,1.0,0.0399999991,2.0,1.571,Control (random ori)
24.049983999997494,24.392983994997493,5.89048624,2.0,0.342999995,360.0,0.0,0.0,1.0,0.0399999991,2.0,5.89,Control (random ori)
24.749983999994583,25.092983994994583,2.3561945,2.0,0.342999995,360.0,0.0,0.0,1.0,0.0399999991,2.0,2.356,Control (random ori)
25.449983999991673,25.792983994991673,0.392699093,2.0,0.342999995,360.0,0.0,0.0,1.0,0.0399999991,2.0,0.393,Control (random ori)
26.149983999988763,26.492983994988762,3.53429174,2.0,0.342999995,360.0,0.0,0.0,1.0,0.0399999991,2.0,3.534,Control (random ori)
26.849983999985852,27.192983994985852,5.497787,2.0,0.342999995,360.0,0.0,0.0,1.0,0.0399999991,2.0,5.498,Control (random ori)
27.549983999997494,27.892983994997493,4.49422264,2.0,0.342999995,360.0,0.0,0.0,1.0,0.0399999991,2.0,4.494,Control (random ori)
28.249983999994583,28.592983994994583,1.57079637,2.0,0.342999995,360.0,0.0,0.0,1.0,0.0399999991,2.0,1.571,Control (random ori)
28.949983999991673,29.292983994991673,4.71238899,2.0,0.342999995,360.0,0.0,0.0,1.0,0.0399999991,2.0,4.712,Control (random ori)
29.649983999988763,29.992983994988762,3.92699075,2.0,0.342999995,360.0,0.0,0.0,1.0,0.0399999991,2.0,3.927,Control (random ori)
30.349983999985852,30.692983994985852,0.392699093,2.0,0.342999995,360.0,0.0,0.0,1.0,0.0399999991,2.0,0.393,Control (random ori)
31.049983999997494,31.392983994997493,0.0,2.0,0.342999995,360.0,0.0,0.0,1.0,0.0399999991,2.0,0.0,Control (random ori)
31.749983999994583,32.09298399499458,1.57079637,2.0,0.342999995,360.0,0.0,0.0,1.0,0.0399999991,2.0,1.571,Control (random ori)
32.44998399999167,32.79298399499167,1.96349537,2.0,0.342999995,360.0,0.0,0.0,1.0,0.0399999991,2.0,1.963,Control (random ori)
33.14998399998876,33.49298399498876,4.49422264,2.0,0.342999995,360.0,0.0,0.0,1.0,0.0399999991,2.0,4.494,Control (random ori)
33.84998399998585,34.19298399498585,3.14159274,2.0,0.342999995,360.0,0.0,0.0,1.0,0.0399999991,2.0,3.142,Control (random ori)
34.549983999997494,34.89298399499749,1.57079637,2.0,0.342999995,360.0,0.0,0.0,1.0,0.0399999991,2.0,1.571,Control (random ori)
35.24998399999458,35.59298399499458,5.89048624,2.0,0.342999995,360.0,0.0,0.0,1.0,0.0399999991,2.0,5.89,Control (random ori)
35.94998399999167,36.29298399499167,0.0,2.0,0.342999995,360.0,0.0,0.0,1.0,0.0399999991,2.0,0.0,Control (random ori)
36.64998399998876,36.99298399498876,0.392699093,2.0,0.342999995,360.0,0.0,0.0,1.0,0.0399999991,2.0,0.393,Control (random ori)
37.34998399998585,37.69298399498585,3.53429174,2.0,0.342999995,360.0,0.0,0.0,1.0,0.0399999991,2.0,3.534,Control (random ori)
38.049983999997494,38.39298399499749,2.3561945,2.0,0.342999995,360.0,0.0,0.0,1.0,0.0399999991,2.0,2.356,Control (random ori)
38.74998399999458,39.09298399499458,0.785398185,2.0,0.342999995,360.0,0.0,0.0,1.0,0.0399999991,2.0,0.785,Control (random ori)
39.44998399999167,39.79298399499167,1.57079637,-1.0,0.342999995,360.0,0.0,0.0,1.0,0.0399999991,2.0,1.571,Control (random ori)
40.150015999999596,40.493015994999595,3.53429174,3.0,0.342999995,360.0,0.0,0.0,1.0,0.0399999991,2.0,3.534,Control (random ori)
40.84998399998585,41.19298399498585,3.92699075,3.0,0.342999995,360.0,0.0,0.0,1.0,0.0399999991,2.0,3.927,Control (random ori)
41.549983999997494,41.89298399499749,3.14159274,3.0,0.342999995,360.0,0.0,0.0,1.0,0.0399999991,2.0,3.142,Control (random ori)
42.25097599999572,42.593975994995716,3.14159274,3.0,0.342999995,360.0,0.0,0.0,1.0,0.0399999991,2.0,3.142,Control (random ori)
42.94998399999167,43.29298399499167,1.96349537,3.0,0.342999995,360.0,0.0,0.0,1.0,0.0399999991,2.0,1.963,Control (random ori)
43.64998399998876,43.99298399498876,0.785398185,3.0,0.342999995,360.0,0.0,0.0,1.0,0.0399999991,2.0,0.785,Control (random ori)
44.34998399998585,44.69298399498585,5.89048624,3.0,0.342999995,360.0,0.0,0.0,1.0,0.0399999991,2.0,5.89,Control (random ori)
45.049983999997494,45.39298399499749,1.17809725,3.0,0.342999995,360.0,0.0,0.0,1.0,0.0399999991,2.0,1.178,Control (random ori)
45.74998399999458,46.09298399499458,1.17809725,3.0,0.342999995,360.0,0.0,0.0,1.0,0.0399999991,2.0,1.178,Control (random ori)
46.44998399999167,46.79298399499167,5.497787,3.0,0.342999995,360.0,0.0,0.0,1.0,0.0399999991,2.0,5.498,Control (random ori)
47.14998399998876,47.49298399498876,3.92699075,3.0,0.342999995,360.0,0.0,0.0,1.0,0.0399999991,2.0,3.927,Control (random ori)
47.84998399998585,48.19298399498585,5.497787,3.0,0.342999995,360.0,0.0,0.0,1.0,0.0399999991,2.0,5.498,Control (random ori)
48.549983999997494,48.89298399499749,3.53429174,3.0,0.342999995,360.0,0.0,0.0,1.0,0.0399999991,2.0,3.534,Control (random ori)
49.25097599999572,49.593975994995716,0.785398185,3.0,0.342999995,360.0,0.0,0.0,1.0,0.0399999991,2.0,0.785,Control (random ori)
49.94998399999167,50.29298399499167,4.49422264,3.0,0.342999995,360.0,0.0,0.0,1.0,0.0399999991,2.0,4.494,Control (random ori)
50.64998399998876,50.99298399498876,2.3561945,3.0,0.342999995,360.0,0.0,0.0,1.0,0.0399999991,2.0,2.356,Control (random ori)
51.34998399998585,51.69298399498585,4.49422264,3.0,0.342999995,360.0,0.0,0.0,1.0,0.0399999991,2.0,4.494,Control (random ori)
52.049983999997494,52.39298399499749,4.49422264,3.0,0.342999995,360.0,0.0,0.0,1.0,0.0399999991,2.0,4.494,Control (random ori)
52.74998399999458,53.09298399499458,0.392699093,3.0,0.342999995,360.0,0.0,0.0,1.0,0.0399999991,2.0,0.393,Control (random ori)
53.44998399999167,53.79298399499167,3.14159274,3.0,0.342999995,360.0,0.0,0.0,1.0,0.0399999991,2.0,3.142,Control (random ori)
54.14998399998876,54.49298399498876,5.497787,3.0,0.342999995,360.0,0.0,0.0,1.0,0.0399999991,2.0,5.498,Control (random ori)
54.84998399998585,55.19298399498585,2.3561945,3.0,0.342999995,360.0,0.0,0.0,1.0,0.0399999991,2.0,2.356,Control (random ori)
55.549983999997494,55.89298399499749,2.3561945,3.0,0.342999995,360.0,0.0,0.0,1.0,0.0399999991,2.0,2.356,Control (random ori)
56.24998399999458,56.59298399499458,3.92699075,3.0,0.342999995,360.0,0.0,0.0,1.0,0.0399999991,2.0,3.927,Control (random ori)
56.94998399999167,57.29298399499167,1.17809725,3.0,0.342999995,360.0,0.0,0.0,1.0,0.0399999991,2.0,1.178,Control (random ori)
57.64998399998876,57.99298399498876,1.17809725,3.0,0.342999995,360.0,0.0,0.0,1.0,0.0399999991,2.0,1.178,Control (random ori)
58.34998399998585,58.69298399498585,0.392699093,3.0,0.342999995,360.0,0.0,0.0,1.0,0.0399999991,2.0,0.393,Control (random ori)
59.05097599999863,59.39397599499863,4.71238899,3.0,0.342999995,360.0,0.0,0.0,1.0,0.0399999991,2.0,4.712,Control (random ori)
59.75097599999572,60.093975994995716,3.53429174,-1.0,0.342999995,360.0,0.0,0.0,1.0,0.0399999991,2.0,3.534,Control (random ori)
60.44998399999167,60.79298399499167,3.53429174,4.0,0.342999995,360.0,0.0,0.0,1.0,0.0399999991,2.0,3.534,Control (random ori)
61.14998399998876,61.49298399498876,0.392699093,4.0,0.342999995,360.0,0.0,0.0,1.0,0.0399999991,2.0,0.393,Control (random ori)
61.84998399998585,62.19298399498585,4.71238899,4.0,0.342999995,360.0,0.0,0.0,1.0,0.0399999991,2.0,4.712,Control (random ori)
62.55097599999863,62.89397599499863,2.7488935,4.0,0.342999995,360.0,0.0,0.0,1.0,0.0399999991,2.0,2.749,Control (random ori)
63.25097599999572,63.593975994995716,2.3561945,4.0,0.342999995,360.0,0.0,0.0,1.0,0.0399999991,2.0,2.356,Control (random ori)
63.94998399999167,64.29298399499167,4.71238899,4.0,0.342999995,360.0,0.0,0.0,1.0,0.0399999991,2.0,4.712,Control (random ori)
64.64998399998876,64.99298399498876,5.89048624,4.0,0.342999995,360.0,0.0,0.0,1.0,0.0399999991,2.0,5.89,Control (random ori)
65.35097599998699,65.69397599498699,1.96349537,4.0,0.342999995,360.0,0.0,0.0,1.0,0.0399999991,2.0,1.963,Control (random ori)
66.05097599999863,66.39397599499863,1.57079637,4.0,0.342999995,360.0,0.0,0.0,1.0,0.0399999991,2.0,1.571,Control (random ori)
66.75097599999572,67.09397599499572,3.92699075,4.0,0.342999995,360.0,0.0,0.0,1.0,0.0399999991,2.0,3.927,Control (random ori)
67.4509759999928,67.7939759949928,5.497787,4.0,0.342999995,360.0,0.0,0.0,1.0,0.0399999991,2.0,5.498,Control (random ori)
68.1509759999899,68.4939759949899,0.392699093,4.0,0.342999995,360.0,0.0,0.0,1.0,0.0399999991,2.0,0.393,Control (random ori)
68.85097599998699,69.19397599498699,3.53429174,4.0,0.342999995,360.0,0.0,0.0,1.0,0.0399999991,2.0,3.534,Control (random ori)
69.55097599999863,69.89397599499863,1.96349537,4.0,0.342999995,360.0,0.0,0.0,1.0,0.0399999991,2.0,1.963,Control (random ori)
70.25097599999572,70.59397599499572,3.92699075,4.0,0.342999995,360.0,0.0,0.0,1.0,0.0399999991,2.0,3.927,Control (random ori)
70.9509759999928,71.2939759949928,4.71238899,4.0,0.342999995,360.0,0.0,0.0,1.0,0.0399999991,2.0,4.712,Control (random ori)
71.6509759999899,71.9939759949899,5.497787,4.0,0.342999995,360.0,0.0,0.0,1.0,0.0399999991,2.0,5.498,Control (random ori)
72.35097599998699,72.69397599498699,5.497787,4.0,0.342999995,360.0,0.0,0.0,1.0,0.0399999991,2.0,5.498,Control (random ori)
73.05097599999863,73.39397599499863,4.71238899,4.0,0.342999995,360.0,0.0,0.0,1.0,0.0399999991,2.0,4.712,Control (random ori)
73.75097599999572,74.09397599499572,4.71238899,4.0,0.342999995,360.0,0.0,0.0,1.0,0.0399999991,2.0,4.712,Control (random ori)
74.4509759999928,74.7939759949928,5.89048624,4.0,0.342999995,360.0,0.0,0.0,1.0,0.0399999991,2.0,5.89,Control (random ori)
75.1509759999899,75.4939759949899,2.3561945,4.0,0.342999995,360.0,0.0,0.0,1.0,0.0399999991,2.0,2.356,Control (random ori)
75.85097599998699,76.19397599498699,5.497787,4.0,0.342999995,360.0,0.0,0.0,1.0,0.0399999991,2.0,5.498,Control (random ori)
76.55097599999863,76.89397599499863,0.392699093,4.0,0.342999995,360.0,0.0,0.0,1.0,0.0399999991,2.0,0.393,Control (random ori)
77.25097599999572,77.59397599499572,2.7488935,4.0,0.342999995,360.0,0.0,0.0,1.0,0.0399999991,2.0,2.749,Control (random ori)
77.9509759999928,78.2939759949928,2.7488935,4.0,0.342999995,360.0,0.0,0.0,1.0,0.0399999991,2.0,2.749,Control (random ori)
78.6509759999899,78.9939759949899,1.57079637,4.0,0.342999995,360.0,0.0,0.0,1.0,0.0399999991,2.0,1.571,Control (random ori)
79.35097599998699,79.69397599498699,1.57079637,4.0,0.342999995,360.0,0.0,0.0,1.0,0.0399999991,2.0,1.571,Control (random ori)
80.05097599999863,80.39397599499863,5.89048624,5.0,0.342999995,360.0,0.0,0.0,1.0,0.0399999991,2.0,5.89,Control (random ori)
80.75097599999572,81.09397599499572,4.71238899,5.0,0.342999995,360.0,0.0,0.0,1.0,0.0399999991,2.0,4.712,Control (random ori)
81.4509759999928,81.7939759949928,1.57079637,5.0,0.342999995,360.0,0.0,0.0,1.0,0.0399999991,2.0,1.571,Control (random ori)
82.1509759999899,82.4939759949899,1.96349537,5.0,0.342999995,360.0,0.0,0.0,1.0,0.0399999991,2.0,1.963,Control (random ori)
82.85097599998699,83.19397599498699,1.57079637,5.0,0.342999995,360.0,0.0,0.0,1.0,0.0399999991,2.0,1.571,Control (random ori)
83.55097599999863,83.89397599499863,2.3561945,5.0,0.342999995,360.0,0.0,0.0,1.0,0.0399999991,2.0,2.356,Control (random ori)
84.25097599999572,84.59397599499572,0.392699093,5.0,0.342999995,360.0,0.0,0.0,1.0,0.0399999991,2.0,0.393,Control (random ori)
84.9509759999928,85.2939759949928,2.7488935,5.0,0.342999995,360.0,0.0,0.0,1.0,0.0399999991,2.0,2.749,Control (random ori)
85.6509759999899,85.9939759949899,1.57079637,5.0,0.342999995,360.0,0.0,0.0,1.0,0.0399999991,2.0,1.571,Control (random ori)
86.35097599998699,86.69397599498699,0.392699093,5.0,0.342999995,360.0,0.0,0.0,1.0,0.0399999991,2.0,0.393,Control (random ori)
87.05097599999863,87.39397599499863,0.0,5.0,0.342999995,360.0,0.0,0.0,1.0,0.0399999991,2.0,0.0,Control (random ori)
87.75097599999572,88.09397599499572,0.0,5.0,0.342999995,360.0,0.0,0.0,1.0,0.0399999991,2.0,0.0,Control (random ori)
88.4509759999928,88.7939759949928,1.17809725,5.0,0.342999995,360.0,0.0,0.0,1.0,0.0399999991,2.0,1.178,Control (random ori)
89.1509759999899,89.4939759949899,3.53429174,5.0,0.342999995,360.0,0.0,0.0,1.0,0.0399999991,2.0,3.534,Control (random ori)
89.85097599998699,90.19397599498699,3.14159274,5.0,0.342999995,360.0,0.0,0.0,1.0,0.0399999991,2.0,3.142,Control (random ori)
90.55097599999863,90.89397599499863,5.89048624,5.0,0.342999995,360.0,0.0,0.0,1.0,0.0399999991,2.0,5.89,Control (random ori)
91.25097599999572,91.59397599499572,3.92699075,5.0,0.342999995,360.0,0.0,0.0,1.0,0.0399999991,2.0,3.927,Control (random ori)
91.9509759999928,92.2939759949928,0.392699093,5.0,0.342999995,360.0,0.0,0.0,1.0,0.0399999991,2.0,0.393,Control (random ori)
92.6509759999899,92.9939759949899,1.96349537,5.0,0.342999995,360.0,0.0,0.0,1.0,0.0399999991,2.0,1.963,Control (random ori)
93.35097599998699,93.69397599498699,0.785398185,5.0,0.342999995,360.0,0.0,0.0,1.0,0.0399999991,2.0,0.785,Control (random ori)
94.05097599999863,94.39397599499863,5.10508823,5.0,0.342999995,360.0,0.0,0.0,1.0,0.0399999991,2.0,5.105,Control (random ori)
94.75097599999572,95.09397599499572,5.10508823,5.0,0.342999995,360.0,0.0,0.0,1.0,0.0399999991,2.0,5.105,Control (random ori)
95.4509759999928,95.7939759949928,0.392699093,5.0,0.342999995,360.0,0.0,0.0,1.0,0.0399999991,2.0,0.393,Control (random ori)
96.1509759999899,96.4939759949899,0.0,5.0,0.342999995,360.0,0.0,0.0,1.0,0.0399999991,2.0,0.0,Control (random ori)
96.85097599998699,97.19397599498699,3.53429174,5.0,0.342999995,360.0,0.0,0.0,1.0,0.0399999991,2.0,3.534,Control (random ori)
97.55097599999863,97.89397599499863,3.53429174,5.0,0.342999995,360.0,0.0,0.0,1.0,0.0399999991,2.0,3.534,Control (random ori)
98.25097599999572,98.59397599499572,4.49422264,5.0,0.342999995,360.0,0.0,0.0,1.0,0.0399999991,2.0,4.494,Control (random ori)
98.9509759999928,99.2939759949928,5.497787,5.0,0.342999995,360.0,0.0,0.0,1.0,0.0399999991,2.0,5.498,Control (random ori)
99.6509759999899,99.9939759949899,1.96349537,-1.0,0.342999995,360.0,0.0,0.0,1.0,0.0399999991,2.0,1.963,Control (random ori)
100.35097599998699,100.69397599498699,5.497787,6.0,0.342999995,360.0,0.0,0.0,1.0,0.0399999991,2.0,5.498,Control (random ori)
101.05097599999863,101.39397599499863,1.17809725,6.0,0.342999995,360.0,0.0,0.0,1.0,0.0399999991,2.0,1.178,Control (random ori)
101.75097599999572,102.09397599499572,1.17809725,6.0,0.342999995,360.0,0.0,0.0,1.0,0.0399999991,2.0,1.178,Control (random ori)
102.4509759999928,102.7939759949928,0.785398185,6.0,0.342999995,360.0,0.0,0.0,1.0,0.0399999991,2.0,0.785,Control (random ori)
103.1509759999899,103.4939759949899,3.14159274,6.0,0.342999995,360.0,0.0,0.0,1.0,0.0399999991,2.0,3.142,Control (random ori)
103.85097599998699,104.19397599498699,1.96349537,6.0,0.342999995,360.0,0.0,0.0,1.0,0.0399999991,2.0,1.963,Control (random ori)
104.55097599999863,104.89397599499863,0.0,6.0,0.342999995,360.0,0.0,0.0,1.0,0.0399999991,2.0,0.0,Control (random ori)
105.25097599999572,105.59397599499572,0.0,6.0,0.342999995,360.0,0.0,0.0,1.0,0.0399999991,2.0,0.0,Control (random ori)
105.9509759999928,106.2939759949928,5.10508823,6.0,0.342999995,360.0,0.0,0.0,1.0,0.0399999991,2.0,5.105,Control (random ori)
106.6509759999899,106.9939759949899,5.497787,6.0,0.342999995,360.0,0.0,0.0,1.0,0.0399999991,2.0,5.498,Control (random ori)
107.35097599998699,107.69397599498699,0.392699093,6.0,0.342999995,360.0,0.0,0.0,1.0,0.0399999991,2.0,0.393,Control (random ori)
108.05097599999863,108.39397599499863,5.89048624,6.0,0.342999995,360.0,0.0,0.0,1.0,0.0399999991,2.0,5.89,Control (random ori)
108.75097599999572,109.09397599499572,1.96349537,6.0,0.342999995,360.0,0.0,0.0,1.0,0.0399999991,2.0,1.963,Control (random ori)
109.4509759999928,109.7939759949928,2.7488935,6.0,0.342999995,360.0,0.0,0.0,1.0,0.0399999991,2.0,2.749,Control (random ori)
110.1509759999899,110.4939759949899,5.497787,6.0,0.342999995,360.0,0.0,0.0,1.0,0.0399999991,2.0,5.498,Control (random ori)
110.85097599998699,111.19397599498699,5.10508823,6.0,0.342999995,360.0,0.0,0.0,1.0,0.0399999991,2.0,5.105,Control (random ori)
111.55097599999863,111.89397599499863,5.10508823,6.0,0.342999995,360.0,0.0,0.0,1.0,0.0399999991,2.0,5.105,Control (random ori)
112.25097599999572,112.59397599499572,3.53429174,6.0,0.342999995,360.0,0.0,0.0,1.0,0.0399999991,2.0,3.534,Control (random ori)
112.9509759999928,113.2939759949928,0.785398185,6.0,0.342999995,360.0,0.0,0.0,1.0,0.0399999991,2.0,0.785,Control (random ori)
113.6509759999899,113.9939759949899,4.71238899,6.0,0.342999995,360.0,0.0,0.0,1.0,0.0399999991,2.0,4.712,Control (random ori)
114.35097599998699,114.69397599498699,3.14159274,6.0,0.342999995,360.0,0.0,0.0,1.0,0.0399999991,2.0,3.142,Control (random ori)
115.05097599999863,115.39397599499863,0.785398185,6.0,0.342999995,360.0,0.0,0.0,1.0,0.0399999991,2.0,0.785,Control (random ori)
115.75097599999572,116.09397599499572,1.17809725,6.0,0.342999995,360.0,0.0,0.0,1.0,0.0399999991,2.0,1.178,Control (random ori)
116.4509759999928,116.7939759949928,1.96349537,6.0,0.342999995,360.0,0.0,0.0,1.0,0.0399999991,2.0,1.963,Control (random ori)
117.1509759999899,117.4939759949899,1.57079637,6.0,0.342999995,360.0,0.0,0.0,1.0,0.0399999991,2.0,1.571,Control (random ori)
117.85097599998699,118.19397599498699,5.89048624,6.0,0.342999995,360.0,0.0,0.0,1.0,0.0399999991,2.0,5.89,Control (random ori)
118.55097599999863,118.89397599499863,3.14159274,6.0,0.342999995,360.0,0.0,0.0,1.0,0.0399999991,2.0,3.142,Control (random ori)
119.25097599999572,119.59397599499572,4.71238899,6.0,0.342999995,360.0,0.0,0.0,1.0,0.0399999991,2.0,4.712,Control (random ori)
119.9509759999928,120.2939759949928,1.96349537,-1.0,0.342999995,360.0,0.0,0.0,1.0,0.0399999991,2.0,1.963,Control (random ori)
120.6509759999899,120.9939759949899,0.785398185,7.0,0.342999995,360.0,0.0,0.0,1.0,0.0399999991,2.0,0.785,Control (random ori)
121.35097599998699,121.69397599498699,0.0,7.0,0.342999995,360.0,0.0,0.0,1.0,0.0399999991,2.0,0.0,Control (random ori)
122.05097599999863,122.39397599499863,0.785398185,7.0,0.342999995,360.0,0.0,0.0,1.0,0.0399999991,2.0,0.785,Control (random ori)
122.75097599999572,123.09397599499572,5.89048624,7.0,0.342999995,360.0,0.0,0.0,1.0,0.0399999991,2.0,5.89,Control (random ori)
123.4509759999928,123.7939759949928,1.57079637,7.0,0.342999995,360.0,0.0,0.0,1.0,0.0399999991,2.0,1.571,Control (random ori)
124.1509759999899,124.4939759949899,1.96349537,7.0,0.342999995,360.0,0.0,0.0,1.0,0.0399999991,2.0,1.963,Control (random ori)
124.85097599998699,125.19397599498699,0.785398185,7.0,0.342999995,360.0,0.0,0.0,1.0,0.0399999991,2.0,0.785,Control (random ori)
125.55097599999863,125.89397599499863,0.392699093,7.0,0.342999995,360.0,0.0,0.0,1.0,0.0399999991,2.0,0.393,Control (random ori)
126.25097599999572,126.59397599499572,0.392699093,7.0,0.342999995,360.0,0.0,0.0,1.0,0.0399999991,2.0,0.393,Control (random ori)
126.9509759999928,127.2939759949928,1.57079637,7.0,0.342999995,360.0,0.0,0.0,1.0,0.0399999991,2.0,1.571,Control (random ori)
127.6509759999899,127.9939759949899,4.71238899,7.0,0.342999995,360.0,0.0,0.0,1.0,0.0399999991,2.0,4.712,Control (random ori)
128.35097599998699,128.693975994987,5.89048624,7.0,0.342999995,360.0,0.0,0.0,1.0,0.0399999991,2.0,5.89,Control (random ori)
129.05097599999863,129.39397599499864,5.10508823,7.0,0.342999995,360.0,0.0,0.0,1.0,0.0399999991,2.0,5.105,Control (random ori)
129.75097599999572,130.09397599499573,5.89048624,7.0,0.342999995,360.0,0.0,0.0,1.0,0.0399999991,2.0,5.89,Control (random ori)
130.4509759999928,130.79397599499282,5.497787,7.0,0.342999995,360.0,0.0,0.0,1.0,0.0399999991,2.0,5.498,Control (random ori)
131.1509759999899,131.4939759949899,2.7488935,7.0,0.342999995,360.0,0.0,0.0,1.0,0.0399999991,2.0,2.749,Control (random ori)
131.85097599998699,132.193975994987,5.10508823,7.0,0.342999995,360.0,0.0,0.0,1.0,0.0399999991,2.0,5.105,Control (random ori)
132.55097599999863,132.89397599499864,4.49422264,7.0,0.342999995,360.0,0.0,0.0,1.0,0.0399999991,2.0,4.494,Control (random ori)
133.25097599999572,133.59397599499573,1.96349537,7.0,0.342999995,360.0,0.0,0.0,1.0,0.0399999991,2.0,1.963,Control (random ori)
133.9509759999928,134.29397599499282,1.96349537,7.0,0.342999995,360.0,0.0,0.0,1.0,0.0399999991,2.0,1.963,Control (random ori)
134.65100799998618,134.9940079949862,2.7488935,7.0,0.342999995,360.0,0.0,0.0,1.0,0.0399999991,2.0,2.749,Control (random ori)
135.35097599998699,135.693975994987,4.49422264,7.0,0.342999995,360.0,0.0,0.0,1.0,0.0399999991,2.0,4.494,Control (random ori)
136.05097599999863,136.39397599499864,3.92699075,7.0,0.342999995,360.0,0.0,0.0,1.0,0.0399999991,2.0,3.927,Control (random ori)
136.75097599999572,137.09397599499573,0.785398185,7.0,0.342999995,360.0,0.0,0.0,1.0,0.0399999991,2.0,0.785,Control (random ori)
137.4509759999928,137.79397599499282,5.89048624,7.0,0.342999995,360.0,0.0,0.0,1.0,0.0399999991,2.0,5.89,Control (random ori)
138.1509759999899,138.4939759949899,3.92699075,7.0,0.342999995,360.0,0.0,0.0,1.0,0.0399999991,2.0,3.927,Control (random ori)
138.85097599998699,139.193975994987,0.392699093,7.0,0.342999995,360.0,0.0,0.0,1.0,0.0399999991,2.0,0.393,Control (random ori)
139.55097599999863,139.89397599499864,3.53429174,-1.0,0.342999995,360.0,0.0,0.0,1.0,0.0399999991,2.0,3.534,Control (random ori)
140.25097599999572,140.59397599499573,3.14159274,8.0,0.342999995,360.0,0.0,0.0,1.0,0.0399999991,2.0,3.142,Control (random ori)
140.9509759999928,141.29397599499282,5.497787,8.0,0.342999995,360.0,0.0,0.0,1.0,0.0399999991,2.0,5.498,Control (random ori)
141.6509759999899,141.9939759949899,3.53429174,8.0,0.342999995,360.0,0.0,0.0,1.0,0.0399999991,2.0,3.534,Control (random ori)
142.35097599998699,142.693975994987,5.497787,8.0,0.342999995,360.0,0.0,0.0,1.0,0.0399999991,2.0,5.498,Control (random ori)
143.05097599999863,143.39397599499864,0.785398185,8.0,0.342999995,360.0,0.0,0.0,1.0,0.0399999991,2.0,0.785,Control (random ori)
143.75097599999572,144.09397599499573,0.392699093,8.0,0.342999995,360.0,0.0,0.0,1.0,0.0399999991,2.0,0.393,Control (random ori)
144.4509759999928,144.79397599499282,2.7488935,8.0,0.342999995,360.0,0.0,0.0,1.0,0.0399999991,2.0,2.749,Control (random ori)
145.1509759999899,145.4939759949899,1.57079637,8.0,0.342999995,360.0,0.0,0.0,1.0,0.0399999991,2.0,1.571,Control (random ori)
145.85097599998699,146.193975994987,4.49422264,8.0,0.342999995,360.0,0.0,0.0,1.0,0.0399999991,2.0,4.494,Control (random ori)
146.55097599999863,146.89397599499864,0.785398185,8.0,0.342999995,360.0,0.0,0.0,1.0,0.0399999991,2.0,0.785,Control (random ori)
147.251007999992,147.594007994992,3.53429174,8.0,0.342999995,360.0,0.0,0.0,1.0,0.0399999991,2.0,3.534,Control (random ori)
147.9509759999928,148.29397599499282,1.17809725,8.0,0.342999995,360.0,0.0,0.0,1.0,0.0399999991,2.0,1.178,Control (random ori)
148.6509759999899,148.9939759949899,4.49422264,8.0,0.342999995,360.0,0.0,0.0,1.0,0.0399999991,2.0,4.494,Control (random ori)
149.35097599998699,149.693975994987,3.14159274,8.0,0.342999995,360.0,0.0,0.0,1.0,0.0399999991,2.0,3.142,Control (random ori)
150.05097599999863,150.39397599499864,5.89048624,8.0,0.342999995,360.0,0.0,0.0,1.0,0.0399999991,2.0,5.89,Control (random ori)
150.75097599999572,151.09397599499573,5.89048624,8.0,0.342999995,360.0,0.0,0.0,1.0,0.0399999991,2.0,5.89,Control (random ori)
151.4509759999928,151.79397599499282,5.89048624,8.0,0.342999995,360.0,0.0,0.0,1.0,0.0399999991,2.0,5.89,Control (random ori)
152.1509759999899,152.4939759949899,2.7488935,8.0,0.342999995,360.0,0.0,0.0,1.0,0.0399999991,2.0,2.749,Control (random ori)
152.85199999999895,153.19499999499897,0.785398185,8.0,0.342999995,360.0,0.0,0.0,1.0,0.0399999991,2.0,0.785,Control (random ori)
153.55097599999863,153.89397599499864,1.57079637,8.0,0.342999995,360.0,0.0,0.0,1.0,0.0399999991,2.0,1.571,Control (random ori)
154.25097599999572,154.59397599499573,1.17809725,8.0,0.342999995,360.0,0.0,0.0,1.0,0.0399999991,2.0,1.178,Control (random ori)
154.9509759999928,155.29397599499282,4.71238899,8.0,0.342999995,360.0,0.0,0.0,1.0,0.0399999991,2.0,4.712,Control (random ori)
155.6519999999873,155.99499999498732,2.3561945,8.0,0.342999995,360.0,0.0,0.0,1.0,0.0399999991,2.0,2.356,Control (random ori)
156.35097599998699,156.693975994987,3.92699075,8.0,0.342999995,360.0,0.0,0.0,1.0,0.0399999991,2.0,3.927,Control (random ori)
157.05097599999863,157.39397599499864,3.14159274,8.0,0.342999995,360.0,0.0,0.0,1.0,0.0399999991,2.0,3.142,Control (random ori)
157.75097599999572,158.09397599499573,4.71238899,8.0,0.342999995,360.0,0.0,0.0,1.0,0.0399999991,2.0,4.712,Control (random ori)
158.4509759999928,158.79397599499282,0.785398185,8.0,0.342999995,360.0,0.0,0.0,1.0,0.0399999991,2.0,0.785,Control (random ori)
159.1509759999899,159.4939759949899,3.53429174,8.0,0.342999995,360.0,0.0,0.0,1.0,0.0399999991,2.0,3.534,Control (random ori)
159.85097599998699,160.193975994987,0.785398185,-1.0,0.342999995,360.0,0.0,0.0,1.0,0.0399999991,2.0,0.785,Control (random ori)
160.55097599999863,160.89397599499864,2.7488935,9.0,0.342999995,360.0,0.0,0.0,1.0,0.0399999991,2.0,2.749,Control (random ori)
161.25097599999572,161.59397599499573,5.10508823,9.0,0.342999995,360.0,0.0,0.0,1.0,0.0399999991,2.0,5.105,Control (random ori)
161.9509759999928,162.29397599499282,1.96349537,9.0,0.342999995,360.0,0.0,0.0,1.0,0.0399999991,2.0,1.963,Control (random ori)
162.6509759999899,162.9939759949899,1.96349537,9.0,0.342999995,360.0,0.0,0.0,1.0,0.0399999991,2.0,1.963,Control (random ori)
163.35097599998699,163.693975994987,3.92699075,9.0,0.342999995,360.0,0.0,0.0,1.0,0.0399999991,2.0,3.927,Control (random ori)
164.05097599999863,164.39397599499864,4.71238899,9.0,0.342999995,360.0,0.0,0.0,1.0,0.0399999991,2.0,4.712,Control (random ori)
164.75097599999572,165.09397599499573,3.14159274,9.0,0.342999995,360.0,0.0,0.0,1.0,0.0399999991,2.0,3.142,Control (random ori)
165.4509759999928,165.79397599499282,1.96349537,9.0,0.342999995,360.0,0.0,0.0,1.0,0.0399999991,2.0,1.963,Control (random ori)
166.1509759999899,166.4939759949899,5.89048624,9.0,0.342999995,360.0,0.0,0.0,1.0,0.0399999991,2.0,5.89,Control (random ori)
166.85097599998699,167.193975994987,2.7488935,9.0,0.342999995,360.0,0.0,0.0,1.0,0.0399999991,2.0,2.749,Control (random ori)
167.55097599999863,167.89397599499864,1.57079637,9.0,0.342999995,360.0,0.0,0.0,1.0,0.0399999991,2.0,1.571,Control (random ori)
168.25097599999572,168.59397599499573,0.392699093,9.0,0.342999995,360.0,0.0,0.0,1.0,0.0399999991,2.0,0.393,Control (random ori)
168.9509759999928,169.29397599499282,1.17809725,9.0,0.342999995,360.0,0.0,0.0,1.0,0.0399999991,2.0,1.178,Control (random ori)
169.6509759999899,169.9939759949899,2.7488935,9.0,0.342999995,360.0,0.0,0.0,1.0,0.0399999991,2.0,2.749,Control (random ori)
170.35097599998699,170.693975994987,5.497787,9.0,0.342999995,360.0,0.0,0.0,1.0,0.0399999991,2.0,5.498,Control (random ori)
171.05097599999863,171.39397599499864,3.53429174,9.0,0.342999995,360.0,0.0,0.0,1.0,0.0399999991,2.0,3.534,Control (random ori)
171.75097599999572,172.09397599499573,3.92699075,9.0,0.342999995,360.0,0.0,0.0,1.0,0.0399999991,2.0,3.927,Control (random ori)
172.4509759999928,172.79397599499282,1.17809725,9.0,0.342999995,360.0,0.0,0.0,1.0,0.0399999991,2.0,1.178,Control (random ori)
173.1509759999899,173.4939759949899,0.785398185,9.0,0.342999995,360.0,0.0,0.0,1.0,0.0399999991,2.0,0.785,Control (random ori)
173.85097599998699,174.193975994987,2.7488935,9.0,0.342999995,360.0,0.0,0.0,1.0,0.0399999991,2.0,2.749,Control (random ori)
174.55097599999863,174.89397599499864,1.17809725,9.0,0.342999995,360.0,0.0,0.0,1.0,0.0399999991,2.0,1.178,Control (random ori)
175.25097599999572,175.59397599499573,0.0,9.0,0.342999995,360.0,0.0,0.0,1.0,0.0399999991,2.0,0.0,Control (random ori)
175.9509759999928,176.29397599499282,5.89048624,9.0,0.342999995,360.0,0.0,0.0,1.0,0.0399999991,2.0,5.89,Control (random ori)
176.6509759999899,176.9939759949899,5.10508823,9.0,0.342999995,360.0,0.0,0.0,1.0,0.0399999991,2.0,5.105,Control (random ori)
177.35097599998699,177.693975994987,1.96349537,9.0,0.342999995,360.0,0.0,0.0,1.0,0.0399999991,2.0,1.963,Control (random ori)
178.0510079999949,178.39400799499492,5.89048624,9.0,0.342999995,360.0,0.0,0.0,1.0,0.0399999991,2.0,5.89,Control (random ori)
178.75097599999572,179.09397599499573,0.785398185,9.0,0.342999995,360.0,0.0,0.0,1.0,0.0399999991,2.0,0.785,Control (random ori)
179.4509759999928,179.79397599499282,4.49422264,-1.0,0.342999995,360.0,0.0,0.0,1.0,0.0399999991,2.0,4.494,Control (random ori)
180.1509759999899,180.4939759949899,3.53429174,10.0,0.342999995,360.0,0.0,0.0,1.0,0.0399999991,2.0,3.534,Control (random ori)
180.85097599998699,181.193975994987,3.53429174,10.0,0.342999995,360.0,0.0,0.0,1.0,0.0399999991,2.0,3.534,Control (random ori)
181.55097599999863,181.89397599499864,0.0,10.0,0.342999995,360.0,0.0,0.0,1.0,0.0399999991,2.0,0.0,Control (random ori)
182.25097599999572,182.59397599499573,2.7488935,10.0,0.342999995,360.0,0.0,0.0,1.0,0.0399999991,2.0,2.749,Control (random ori)
182.9509759999928,183.29397599499282,3.53429174,10.0,0.342999995,360.0,0.0,0.0,1.0,0.0399999991,2.0,3.534,Control (random ori)
183.6509759999899,183.9939759949899,3.92699075,10.0,0.342999995,360.0,0.0,0.0,1.0,0.0399999991,2.0,3.927,Control (random ori)
184.35097599998699,184.693975994987,0.392699093,10.0,0.342999995,360.0,0.0,0.0,1.0,0.0399999991,2.0,0.393,Control (random ori)
185.05097599999863,185.39397599499864,5.89048624,10.0,0.342999995,360.0,0.0,0.0,1.0,0.0399999991,2.0,5.89,Control (random ori)
185.75097599999572,186.09397599499573,5.10508823,10.0,0.342999995,360.0,0.0,0.0,1.0,0.0399999991,2.0,5.105,Control (random ori)
186.4509759999928,186.79397599499282,0.785398185,10.0,0.342999995,360.0,0.0,0.0,1.0,0.0399999991,2.0,0.785,Control (random ori)
187.1509759999899,187.4939759949899,3.14159274,10.0,0.342999995,360.0,0.0,0.0,1.0,0.0399999991,2.0,3.142,Control (random ori)
187.85097599998699,188.193975994987,0.785398185,10.0,0.342999995,360.0,0.0,0.0,1.0,0.0399999991,2.0,0.785,Control (random ori)
188.55097599999863,188.89397599499864,0.392699093,10.0,0.342999995,360.0,0.0,0.0,1.0,0.0399999991,2.0,0.393,Control (random ori)
189.25097599999572,189.59397599499573,2.3561945,10.0,0.342999995,360.0,0.0,0.0,1.0,0.0399999991,2.0,2.356,Control (random ori)
189.9509759999928,190.29397599499282,2.3561945,10.0,0.342999995,360.0,0.0,0.0,1.0,0.0399999991,2.0,2.356,Control (random ori)
190.6509759999899,190.9939759949899,4.71238899,10.0,0.342999995,360.0,0.0,0.0,1.0,0.0399999991,2.0,4.712,Control (random ori)
191.35097599998699,191.693975994987,4.49422264,10.0,0.342999995,360.0,0.0,0.0,1.0,0.0399999991,2.0,4.494,Control (random ori)
192.05097599999863,192.39397599499864,5.89048624,10.0,0.342999995,360.0,0.0,0.0,1.0,0.0399999991,2.0,5.89,Control (random ori)
192.75097599999572,193.09397599499573,1.17809725,10.0,0.342999995,360.0,0.0,0.0,1.0,0.0399999991,2.0,1.178,Control (random ori)
193.4509759999928,193.79397599499282,0.785398185,10.0,0.342999995,360.0,0.0,0.0,1.0,0.0399999991,2.0,0.785,Control (random ori)
194.1509759999899,194.4939759949899,5.497787,10.0,0.342999995,360.0,0.0,0.0,1.0,0.0399999991,2.0,5.498,Control (random ori)
194.85199999999895,195.19499999499897,3.92699075,10.0,0.342999995,360.0,0.0,0.0,1.0,0.0399999991,2.0,3.927,Control (random ori)
195.55097599999863,195.89397599499864,1.96349537,10.0,0.342999995,360.0,0.0,0.0,1.0,0.0399999991,2.0,1.963,Control (random ori)
196.25097599999572,196.59397599499573,3.53429174,10.0,0.342999995,360.0,0.0,0.0,1.0,0.0399999991,2.0,3.534,Control (random ori)
196.9509759999928,197.29397599499282,1.17809725,10.0,0.342999995,360.0,0.0,0.0,1.0,0.0399999991,2.0,1.178,Control (random ori)
197.6509759999899,197.9939759949899,2.3561945,10.0,0.342999995,360.0,0.0,0.0,1.0,0.0399999991,2.0,2.356,Control (random ori)
198.35097599998699,198.693975994987,4.49422264,10.0,0.342999995,360.0,0.0,0.0,1.0,0.0399999991,2.0,4.494,Control (random ori)
199.05097599999863,199.39397599499864,1.17809725,10.0,0.342999995,360.0,0.0,0.0,1.0,0.0399999991,2.0,1.178,Control (random ori)
199.75097599999572,200.09397599499573,1.57079637,-1.0,0.342999995,360.0,0.0,0.0,1.0,0.0399999991,2.0,1.571,Control (random ori)
200.4509759999928,200.79397599499282,5.89048624,11.0,0.342999995,360.0,0.0,0.0,1.0,0.0399999991,2.0,5.89,Control (random ori)
201.1509759999899,201.4939759949899,3.14159274,11.0,0.342999995,360.0,0.0,0.0,1.0,0.0399999991,2.0,3.142,Control (random ori)
201.85097599998699,202.193975994987,2.7488935,11.0,0.342999995,360.0,0.0,0.0,1.0,0.0399999991,2.0,2.749,Control (random ori)
202.55097599999863,202.89397599499864,0.785398185,11.0,0.342999995,360.0,0.0,0.0,1.0,0.0399999991,2.0,0.785,Control (random ori)
203.25097599999572,203.59397599499573,1.96349537,11.0,0.342999995,360.0,0.0,0.0,1.0,0.0399999991,2.0,1.963,Control (random ori)
203.9509759999928,204.29397599499282,2.3561945,11.0,0.342999995,360.0,0.0,0.0,1.0,0.0399999991,2.0,2.356,Control (random ori)
204.6509759999899,204.9939759949899,4.71238899,11.0,0.342999995,360.0,0.0,0.0,1.0,0.0399999991,2.0,4.712,Control (random ori)
205.35097599998699,205.693975994987,0.0,11.0,0.342999995,360.0,0.0,0.0,1.0,0.0399999991,2.0,0.0,Control (random ori)
206.05097599999863,206.39397599499864,1.57079637,11.0,0.342999995,360.0,0.0,0.0,1.0,0.0399999991,2.0,1.571,Control (random ori)
206.75199999999313,207.09499999499315,0.0,11.0,0.342999995,360.0,0.0,0.0,1.0,0.0399999991,2.0,0.0,Control (random ori)
207.45199999999022,207.79499999499023,0.0,11.0,0.342999995,360.0,0.0,0.0,1.0,0.0399999991,2.0,0.0,Control (random ori)
208.1519999999873,208.49499999498732,1.96349537,11.0,0.342999995,360.0,0.0,0.0,1.0,0.0399999991,2.0,1.963,Control (random ori)
208.85097599998699,209.193975994987,1.17809725,11.0,0.342999995,360.0,0.0,0.0,1.0,0.0399999991,2.0,1.178,Control (random ori)
209.55199999999604,209.89499999499606,5.10508823,11.0,0.342999995,360.0,0.0,0.0,1.0,0.0399999991,2.0,5.105,Control (random ori)
210.25199999999313,210.59499999499315,5.10508823,11.0,0.342999995,360.0,0.0,0.0,1.0,0.0399999991,2.0,5.105,Control (random ori)
210.95199999999022,211.29499999499023,3.14159274,11.0,0.342999995,360.0,0.0,0.0,1.0,0.0399999991,2.0,3.142,Control (random ori)
211.6519999999873,211.99499999498732,3.14159274,11.0,0.342999995,360.0,0.0,0.0,1.0,0.0399999991,2.0,3.142,Control (random ori)
212.35097599998699,212.693975994987,1.17809725,11.0,0.342999995,360.0,0.0,0.0,1.0,0.0399999991,2.0,1.178,Control (random ori)
213.05199999999604,213.39499999499606,1.57079637,11.0,0.342999995,360.0,0.0,0.0,1.0,0.0399999991,2.0,1.571,Control (random ori)
213.75199999999313,214.09499999499315,4.49422264,11.0,0.342999995,360.0,0.0,0.0,1.0,0.0399999991,2.0,4.494,Control (random ori)
214.45199999999022,214.79499999499023,2.7488935,11.0,0.342999995,360.0,0.0,0.0,1.0,0.0399999991,2.0,2.749,Control (random ori)
215.1519999999873,215.49499999498732,1.96349537,11.0,0.342999995,360.0,0.0,0.0,1.0,0.0399999991,2.0,1.963,Control (random ori)
215.85199999999895,216.19499999499897,5.89048624,11.0,0.342999995,360.0,0.0,0.0,1.0,0.0399999991,2.0,5.89,Control (random ori)
216.55199999999604,216.89499999499606,5.10508823,11.0,0.342999995,360.0,0.0,0.0,1.0,0.0399999991,2.0,5.105,Control (random ori)
217.25199999999313,217.59499999499315,0.785398185,11.0,0.342999995,360.0,0.0,0.0,1.0,0.0399999991,2.0,0.785,Control (random ori)
217.95199999999022,218.29499999499023,5.497787,11.0,0.342999995,360.0,0.0,0.0,1.0,0.0399999991,2.0,5.498,Control (random ori)
218.6519999999873,218.99499999498732,1.17809725,11.0,0.342999995,360.0,0.0,0.0,1.0,0.0399999991,2.0,1.178,Control (random ori)
219.35199999999895,219.69499999499897,5.10508823,11.0,0.342999995,360.0,0.0,0.0,1.0,0.0399999991,2.0,5.105,Control (random ori)
220.05199999999604,220.39499999499606,3.14159274,12.0,0.342999995,360.0,0.0,0.0,1.0,0.0399999991,2.0,3.142,Control (random ori)
220.75199999999313,221.09499999499315,0.785398185,12.0,0.342999995,360.0,0.0,0.0,1.0,0.0399999991,2.0,0.785,Control (random ori)
221.45199999999022,221.79499999499023,5.10508823,12.0,0.342999995,360.0,0.0,0.0,1.0,0.0399999991,2.0,5.105,Control (random ori)
222.1519999999873,222.49499999498732,3.53429174,12.0,0.342999995,360.0,0.0,0.0,1.0,0.0399999991,2.0,3.534,Control (random ori)
222.85199999999895,223.19499999499897,2.7488935,12.0,0.342999995,360.0,0.0,0.0,1.0,0.0399999991,2.0,2.749,Control (random ori)
223.55199999999604,223.89499999499606,1.96349537,12.0,0.342999995,360.0,0.0,0.0,1.0,0.0399999991,2.0,1.963,Control (random ori)
224.25199999999313,224.59499999499315,5.89048624,12.0,0.342999995,360.0,0.0,0.0,1.0,0.0399999991,2.0,5.89,Control (random ori)
224.95199999999022,225.29499999499023,5.89048624,12.0,0.342999995,360.0,0.0,0.0,1.0,0.0399999991,2.0,5.89,Control (random ori)
225.6519999999873,225.99499999498732,3.53429174,12.0,0.342999995,360.0,0.0,0.0,1.0,0.0399999991,2.0,3.534,Control (random ori)
226.35199999999895,226.69499999499897,5.497787,12.0,0.342999995,360.0,0.0,0.0,1.0,0.0399999991,2.0,5.498,Control (random ori)
227.05199999999604,227.39499999499606,4.71238899,12.0,0.342999995,360.0,0.0,0.0,1.0,0.0399999991,2.0,4.712,Control (random ori)
227.75199999999313,228.09499999499315,3.14159274,12.0,0.342999995,360.0,0.0,0.0,1.0,0.0399999991,2.0,3.142,Control (random ori)
228.45199999999022,228.79499999499023,5.10508823,12.0,0.342999995,360.0,0.0,0.0,1.0,0.0399999991,2.0,5.105,Control (random ori)
229.1519999999873,229.49499999498732,2.7488935,12.0,0.342999995,360.0,0.0,0.0,1.0,0.0399999991,2.0,2.749,Control (random ori)
229.85199999999895,230.19499999499897,4.71238899,12.0,0.342999995,360.0,0.0,0.0,1.0,0.0399999991,2.0,4.712,Control (random ori)
230.55199999999604,230.89499999499606,5.10508823,12.0,0.342999995,360.0,0.0,0.0,1.0,0.0399999991,2.0,5.105,Control (random ori)
231.25199999999313,231.59499999499315,5.497787,12.0,0.342999995,360.0,0.0,0.0,1.0,0.0399999991,2.0,5.498,Control (random ori)
231.95199999999022,232.29499999499023,0.392699093,12.0,0.342999995,360.0,0.0,0.0,1.0,0.0399999991,2.0,0.393,Control (random ori)
232.6519999999873,232.99499999498732,3.92699075,12.0,0.342999995,360.0,0.0,0.0,1.0,0.0399999991,2.0,3.927,Control (random ori)
233.35199999999895,233.69499999499897,3.92699075,12.0,0.342999995,360.0,0.0,0.0,1.0,0.0399999991,2.0,3.927,Control (random ori)
234.05199999999604,234.39499999499606,2.3561945,12.0,0.342999995,360.0,0.0,0.0,1.0,0.0399999991,2.0,2.356,Control (random ori)
234.75199999999313,235.09499999499315,0.0,12.0,0.342999995,360.0,0.0,0.0,1.0,0.0399999991,2.0,0.0,Control (random ori)
235.45199999999022,235.79499999499023,1.57079637,12.0,0.342999995,360.0,0.0,0.0,1.0,0.0399999991,2.0,1.571,Control (random ori)
236.1519999999873,236.49499999498732,0.785398185,12.0,0.342999995,360.0,0.0,0.0,1.0,0.0399999991,2.0,0.785,Control (random ori)
236.85199999999895,237.19499999499897,2.3561945,12.0,0.342999995,360.0,0.0,0.0,1.0,0.0399999991,2.0,2.356,Control (random ori)
237.55199999999604,237.89499999499606,1.57079637,12.0,0.342999995,360.0,0.0,0.0,1.0,0.0399999991,2.0,1.571,Control (random ori)
238.25199999999313,238.59499999499315,1.17809725,12.0,0.342999995,360.0,0.0,0.0,1.0,0.0399999991,2.0,1.178,Control (random ori)
238.95199999999022,239.29499999499023,1.17809725,12.0,0.342999995,360.0,0.0,0.0,1.0,0.0399999991,2.0,1.178,Control (random ori)
239.6519999999873,239.99499999498732,4.49422264,-1.0,0.342999995,360.0,0.0,0.0,1.0,0.0399999991,2.0,4.494,Control (random ori)
240.35199999999895,240.69499999499897,4.71238899,13.0,0.342999995,360.0,0.0,0.0,1.0,0.0399999991,2.0,4.712,Control (random ori)
241.05199999999604,241.39499999499606,2.3561945,13.0,0.342999995,360.0,0.0,0.0,1.0,0.0399999991,2.0,2.356,Control (random ori)
241.75199999999313,242.09499999499315,1.17809725,13.0,0.342999995,360.0,0.0,0.0,1.0,0.0399999991,2.0,1.178,Control (random ori)
242.45199999999022,242.79499999499023,1.17809725,13.0,0.342999995,360.0,0.0,0.0,1.0,0.0399999991,2.0,1.178,Control (random ori)
243.1519999999873,243.49499999498732,0.392699093,13.0,0.342999995,360.0,0.0,0.0,1.0,0.0399999991,2.0,0.393,Control (random ori)
243.85199999999895,244.19499999499897,4.49422264,13.0,0.342999995,360.0,0.0,0.0,1.0,0.0399999991,2.0,4.494,Control (random ori)
244.55199999999604,244.89499999499606,1.17809725,13.0,0.342999995,360.0,0.0,0.0,1.0,0.0399999991,2.0,1.178,Control (random ori)
245.25199999999313,245.59499999499315,2.3561945,13.0,0.342999995,360.0,0.0,0.0,1.0,0.0399999991,2.0,2.356,Control (random ori)
245.95199999999022,246.29499999499023,5.10508823,13.0,0.342999995,360.0,0.0,0.0,1.0,0.0399999991,2.0,5.105,Control (random ori)
246.6519999999873,246.99499999498732,0.392699093,13.0,0.342999995,360.0,0.0,0.0,1.0,0.0399999991,2.0,0.393,Control (random ori)
247.35199999999895,247.69499999499897,4.49422264,13.0,0.342999995,360.0,0.0,0.0,1.0,0.0399999991,2.0,4.494,Control (random ori)
248.05199999999604,248.39499999499606,3.92699075,13.0,0.342999995,360.0,0.0,0.0,1.0,0.0399999991,2.0,3.927,Control (random ori)
248.75199999999313,249.09499999499315,0.392699093,13.0,0.342999995,360.0,0.0,0.0,1.0,0.0399999991,2.0,0.393,Control (random ori)
249.45199999999022,249.79499999499023,5.10508823,13.0,0.342999995,360.0,0.0,0.0,1.0,0.0399999991,2.0,5.105,Control (random ori)
250.1519999999873,250.49499999498732,5.497787,13.0,0.342999995,360.0,0.0,0.0,1.0,0.0399999991,2.0,5.498,Control (random ori)
250.85199999999895,251.19499999499897,1.57079637,13.0,0.342999995,360.0,0.0,0.0,1.0,0.0399999991,2.0,1.571,Control (random ori)
251.55199999999604,251.89499999499606,2.7488935,13.0,0.342999995,360.0,0.0,0.0,1.0,0.0399999991,2.0,2.749,Control (random ori)
252.25199999999313,252.59499999499315,0.392699093,13.0,0.342999995,360.0,0.0,0.0,1.0,0.0399999991,2.0,0.393,Control (random ori)
252.95199999999022,253.29499999499023,3.14159274,13.0,0.342999995,360.0,0.0,0.0,1.0,0.0399999991,2.0,3.142,Control (random ori)
253.6519999999873,253.99499999498732,5.10508823,13.0,0.342999995,360.0,0.0,0.0,1.0,0.0399999991,2.0,5.105,Control (random ori)
254.35199999999895,254.69499999499897,5.497787,13.0,0.342999995,360.0,0.0,0.0,1.0,0.0399999991,2.0,5.498,Control (random ori)
255.05199999999604,255.39499999499606,2.7488935,13.0,0.342999995,360.0,0.0,0.0,1.0,0.0399999991,2.0,2.749,Control (random ori)
255.75199999999313,256.09499999499315,2.3561945,13.0,0.342999995,360.0,0.0,0.0,1.0,0.0399999991,2.0,2.356,Control (random ori)
256.4519999999902,256.79499999499023,3.14159274,13.0,0.342999995,360.0,0.0,0.0,1.0,0.0399999991,2.0,3.142,Control (random ori)
257.1519999999873,257.4949999949873,4.49422264,13.0,0.342999995,360.0,0.0,0.0,1.0,0.0399999991,2.0,4.494,Control (random ori)
257.85199999999895,258.19499999499897,4.71238899,13.0,0.342999995,360.0,0.0,0.0,1.0,0.0399999991,2.0,4.712,Control (random ori)
258.55199999999604,258.89499999499606,0.0,13.0,0.342999995,360.0,0.0,0.0,1.0,0.0399999991,2.0,0.0,Control (random ori)
259.25199999999313,259.59499999499315,3.14159274,13.0,0.342999995,360.0,0.0,0.0,1.0,0.0399999991,2.0,3.142,Control (random ori)
259.9519999999902,260.29499999499023,5.10508823,-1.0,0.342999995,360.0,0.0,0.0,1.0,0.0399999991,2.0,5.105,Control (random ori)
260.6519999999873,260.9949999949873,3.14159274,14.0,0.342999995,360.0,0.0,0.0,1.0,0.0399999991,2.0,3.142,Control (random ori)
261.35199999999895,261.69499999499897,3.53429174,14.0,0.342999995,360.0,0.0,0.0,1.0,0.0399999991,2.0,3.534,Control (random ori)
262.05199999999604,262.39499999499606,0.392699093,14.0,0.342999995,360.0,0.0,0.0,1.0,0.0399999991,2.0,0.393,Control (random ori)
262.75199999999313,263.09499999499315,3.53429174,14.0,0.342999995,360.0,0.0,0.0,1.0,0.0399999991,2.0,3.534,Control (random ori)
263.4519999999902,263.79499999499023,4.71238899,14.0,0.342999995,360.0,0.0,0.0,1.0,0.0399999991,2.0,4.712,Control (random ori)
264.1519999999873,264.4949999949873,3.14159274,14.0,0.342999995,360.0,0.0,0.0,1.0,0.0399999991,2.0,3.142,Control (random ori)
264.85199999999895,265.19499999499897,1.96349537,14.0,0.342999995,360.0,0.0,0.0,1.0,0.0399999991,2.0,1.963,Control (random ori)
265.55199999999604,265.89499999499606,0.785398185,14.0,0.342999995,360.0,0.0,0.0,1.0,0.0399999991,2.0,0.785,Control (random ori)
266.25199999999313,266.59499999499315,3.92699075,14.0,0.342999995,360.0,0.0,0.0,1.0,0.0399999991,2.0,3.927,Control (random ori)
266.9519999999902,267.29499999499023,3.92699075,14.0,0.342999995,360.0,0.0,0.0,1.0,0.0399999991,2.0,3.927,Control (random ori)
267.6519999999873,267.9949999949873,3.92699075,14.0,0.342999995,360.0,0.0,0.0,1.0,0.0399999991,2.0,3.927,Control (random ori)
268.35199999999895,268.69499999499897,3.53429174,14.0,0.342999995,360.0,0.0,0.0,1.0,0.0399999991,2.0,3.534,Control (random ori)
269.05199999999604,269.39499999499606,1.17809725,14.0,0.342999995,360.0,0.0,0.0,1.0,0.0399999991,2.0,1.178,Control (random ori)
269.75199999999313,270.09499999499315,2.3561945,14.0,0.342999995,360.0,0.0,0.0,1.0,0.0399999991,2.0,2.356,Control (random ori)
270.4519999999902,270.79499999499023,4.49422264,14.0,0.342999995,360.0,0.0,0.0,1.0,0.0399999991,2.0,4.494,Control (random ori)
271.1519999999873,271.4949999949873,0.785398185,14.0,0.342999995,360.0,0.0,0.0,1.0,0.0399999991,2.0,0.785,Control (random ori)
271.85199999999895,272.19499999499897,1.17809725,14.0,0.342999995,360.0,0.0,0.0,1.0,0.0399999991,2.0,1.178,Control (random ori)
272.55199999999604,272.89499999499606,1.57079637,14.0,0.342999995,360.0,0.0,0.0,1.0,0.0399999991,2.0,1.571,Control (random ori)
273.25199999999313,273.59499999499315,2.3561945,14.0,0.342999995,360.0,0.0,0.0,1.0,0.0399999991,2.0,2.356,Control (random ori)
273.9519999999902,274.29499999499023,1.96349537,14.0,0.342999995,360.0,0.0,0.0,1.0,0.0399999991,2.0,1.963,Control (random ori)
274.6519999999873,274.9949999949873,2.7488935,14.0,0.342999995,360.0,0.0,0.0,1.0,0.0399999991,2.0,2.749,Control (random ori)
275.35199999999895,275.69499999499897,5.89048624,14.0,0.342999995,360.0,0.0,0.0,1.0,0.0399999991,2.0,5.89,Control (random ori)
276.05199999999604,276.39499999499606,4.71238899,14.0,0.342999995,360.0,0.0,0.0,1.0,0.0399999991,2.0,4.712,Control (random ori)
276.75199999999313,277.09499999499315,4.71238899,14.0,0.342999995,360.0,0.0,0.0,1.0,0.0399999991,2.0,4.712,Control (random ori)
277.4519999999902,277.79499999499023,3.92699075,14.0,0.342999995,360.0,0.0,0.0,1.0,0.0399999991,2.0,3.927,Control (random ori)
278.1519999999873,278.4949999949873,2.3561945,14.0,0.342999995,360.0,0.0,0.0,1.0,0.0399999991,2.0,2.356,Control (random ori)
278.85199999999895,279.19499999499897,2.3561945,14.0,0.342999995,360.0,0.0,0.0,1.0,0.0399999991,2.0,2.356,Control (random ori)
279.55199999999604,279.89499999499606,0.785398185,-1.0,0.342999995,360.0,0.0,0.0,1.0,0.0399999991,2.0,0.785,Control (random ori)
280.25199999999313,280.59499999499315,0.0,15.0,0.342999995,360.0,0.0,0.0,1.0,0.0399999991,2.0,0.0,Control (random ori)
280.9519999999902,281.29499999499023,5.10508823,15.0,0.342999995,360.0,0.0,0.0,1.0,0.0399999991,2.0,5.105,Control (random ori)
281.6519999999873,281.9949999949873,3.92699075,15.0,0.342999995,360.0,0.0,0.0,1.0,0.0399999991,2.0,3.927,Control (random ori)
282.35199999999895,282.69499999499897,4.71238899,15.0,0.342999995,360.0,0.0,0.0,1.0,0.0399999991,2.0,4.712,Control (random ori)
283.05199999999604,283.39499999499606,5.497787,15.0,0.342999995,360.0,0.0,0.0,1.0,0.0399999991,2.0,5.498,Control (random ori)
283.75199999999313,284.09499999499315,0.0,15.0,0.342999995,360.0,0.0,0.0,1.0,0.0399999991,2.0,0.0,Control (random ori)
284.4519999999902,284.79499999499023,1.17809725,15.0,0.342999995,360.0,0.0,0.0,1.0,0.0399999991,2.0,1.178,Control (random ori)
285.1519999999873,285.4949999949873,3.53429174,15.0,0.342999995,360.0,0.0,0.0,1.0,0.0399999991,2.0,3.534,Control (random ori)
285.85199999999895,286.19499999499897,3.53429174,15.0,0.342999995,360.0,0.0,0.0,1.0,0.0399999991,2.0,3.534,Control (random ori)
286.55199999999604,286.89499999499606,4.49422264,15.0,0.342999995,360.0,0.0,0.0,1.0,0.0399999991,2.0,4.494,Control (random ori)
287.25199999999313,287.59499999499315,2.7488935,15.0,0.342999995,360.0,0.0,0.0,1.0,0.0399999991,2.0,2.749,Control (random ori)
287.9519999999902,288.29499999499023,5.89048624,15.0,0.342999995,360.0,0.0,0.0,1.0,0.0399999991,2.0,5.89,Control (random ori)
288.6519999999873,288.9949999949873,5.10508823,15.0,0.342999995,360.0,0.0,0.0,1.0,0.0399999991,2.0,5.105,Control (random ori)
289.35199999999895,289.69499999499897,3.53429174,15.0,0.342999995,360.0,0.0,0.0,1.0,0.0399999991,2.0,3.534,Control (random ori)
290.05199999999604,290.39499999499606,5.10508823,15.0,0.342999995,360.0,0.0,0.0,1.0,0.0399999991,2.0,5.105,Control (random ori)
290.75199999999313,291.09499999499315,1.17809725,15.0,0.342999995,360.0,0.0,0.0,1.0,0.0399999991,2.0,1.178,Control (random ori)
291.4519999999902,291.79499999499023,5.89048624,15.0,0.342999995,360.0,0.0,0.0,1.0,0.0399999991,2.0,5.89,Control (random ori)
292.1519999999873,292.4949999949873,0.785398185,15.0,0.342999995,360.0,0.0,0.0,1.0,0.0399999991,2.0,0.785,Control (random ori)
292.85199999999895,293.19499999499897,0.0,15.0,0.342999995,360.0,0.0,0.0,1.0,0.0399999991,2.0,0.0,Control (random ori)
293.55199999999604,293.89499999499606,3.14159274,15.0,0.342999995,360.0,0.0,0.0,1.0,0.0399999991,2.0,3.142,Control (random ori)
294.25199999999313,294.59499999499315,4.49422264,15.0,0.342999995,360.0,0.0,0.0,1.0,0.0399999991,2.0,4.494,Control (random ori)
294.9519999999902,295.29499999499023,3.92699075,15.0,0.342999995,360.0,0.0,0.0,1.0,0.0399999991,2.0,3.927,Control (random ori)
295.6519999999873,295.9949999949873,3.14159274,15.0,0.342999995,360.0,0.0,0.0,1.0,0.0399999991,2.0,3.142,Control (random ori)
296.35199999999895,296.69499999499897,2.7488935,15.0,0.342999995,360.0,0.0,0.0,1.0,0.0399999991,2.0,2.749,Control (random ori)
297.05199999999604,297.39499999499606,1.17809725,15.0,0.342999995,360.0,0.0,0.0,1.0,0.0399999991,2.0,1.178,Control (random ori)
297.75199999999313,298.09499999499315,2.7488935,15.0,0.342999995,360.0,0.0,0.0,1.0,0.0399999991,2.0,2.749,Control (random ori)
298.4519999999902,298.79499999499023,2.3561945,15.0,0.342999995,360.0,0.0,0.0,1.0,0.0399999991,2.0,2.356,Control (random ori)
299.1519999999873,299.4949999949873,3.14159274,15.0,0.342999995,360.0,0.0,0.0,1.0,0.0399999991,2.0,3.142,Control (random ori)
299.85199999999895,300.19499999499897,1.96349537,-1.0,0.342999995,360.0,0.0,0.0,1.0,0.0399999991,2.0,1.963,Control (random ori)
300.55199999999604,300.89499999499606,4.49422264,16.0,0.342999995,360.0,0.0,0.0,1.0,0.0399999991,2.0,4.494,Control (random ori)
301.25199999999313,301.59499999499315,5.497787,16.0,0.342999995,360.0,0.0,0.0,1.0,0.0399999991,2.0,5.498,Control (random ori)
301.9519999999902,302.29499999499023,0.0,16.0,0.342999995,360.0,0.0,0.0,1.0,0.0399999991,2.0,0.0,Control (random ori)
302.6519999999873,302.9949999949873,2.3561945,16.0,0.342999995,360.0,0.0,0.0,1.0,0.0399999991,2.0,2.356,Control (random ori)
303.35199999999895,303.69499999499897,3.14159274,16.0,0.342999995,360.0,0.0,0.0,1.0,0.0399999991,2.0,3.142,Control (random ori)
304.05199999999604,304.39499999499606,1.96349537,16.0,0.342999995,360.0,0.0,0.0,1.0,0.0399999991,2.0,1.963,Control (random ori)
304.75199999999313,305.09499999499315,3.14159274,16.0,0.342999995,360.0,0.0,0.0,1.0,0.0399999991,2.0,3.142,Control (random ori)
305.4519999999902,305.79499999499023,0.0,16.0,0.342999995,360.0,0.0,0.0,1.0,0.0399999991,2.0,0.0,Control (random ori)
306.1519999999873,306.4949999949873,0.785398185,16.0,0.342999995,360.0,0.0,0.0,1.0,0.0399999991,2.0,0.785,Control (random ori)
306.85199999999895,307.19499999499897,2.3561945,16.0,0.342999995,360.0,0.0,0.0,1.0,0.0399999991,2.0,2.356,Control (random ori)
307.55199999999604,307.89499999499606,5.89048624,16.0,0.342999995,360.0,0.0,0.0,1.0,0.0399999991,2.0,5.89,Control (random ori)
308.25199999999313,308.59499999499315,5.497787,16.0,0.342999995,360.0,0.0,0.0,1.0,0.0399999991,2.0,5.498,Control (random ori)
308.9519999999902,309.29499999499023,4.49422264,16.0,0.342999995,360.0,0.0,0.0,1.0,0.0399999991,2.0,4.494,Control (random ori)
309.6519999999873,309.9949999949873,1.17809725,16.0,0.342999995,360.0,0.0,0.0,1.0,0.0399999991,2.0,1.178,Control (random ori)
310.35199999999895,310.69499999499897,5.497787,16.0,0.342999995,360.0,0.0,0.0,1.0,0.0399999991,2.0,5.498,Control (random ori)
311.05199999999604,311.39499999499606,4.71238899,16.0,0.342999995,360.0,0.0,0.0,1.0,0.0399999991,2.0,4.712,Control (random ori)
311.75199999999313,312.09499999499315,3.53429174,16.0,0.342999995,360.0,0.0,0.0,1.0,0.0399999991,2.0,3.534,Control (random ori)
312.4519999999902,312.79499999499023,3.14159274,16.0,0.342999995,360.0,0.0,0.0,1.0,0.0399999991,2.0,3.142,Control (random ori)
313.1519999999873,313.4949999949873,3.14159274,16.0,0.342999995,360.0,0.0,0.0,1.0,0.0399999991,2.0,3.142,Control (random ori)
313.85199999999895,314.19499999499897,4.49422264,16.0,0.342999995,360.0,0.0,0.0,1.0,0.0399999991,2.0,4.494,Control (random ori)
314.55199999999604,314.89499999499606,1.57079637,16.0,0.342999995,360.0,0.0,0.0,1.0,0.0399999991,2.0,1.571,Control (random ori)
315.25199999999313,315.59499999499315,3.53429174,16.0,0.342999995,360.0,0.0,0.0,1.0,0.0399999991,2.0,3.534,Control (random ori)
315.9519999999902,316.29499999499023,4.71238899,16.0,0.342999995,360.0,0.0,0.0,1.0,0.0399999991,2.0,4.712,Control (random ori)
316.6519999999873,316.9949999949873,3.53429174,16.0,0.342999995,360.0,0.0,0.0,1.0,0.0399999991,2.0,3.534,Control (random ori)
317.35199999999895,317.69499999499897,4.71238899,16.0,0.342999995,360.0,0.0,0.0,1.0,0.0399999991,2.0,4.712,Control (random ori)
318.05199999999604,318.39499999499606,5.497787,16.0,0.342999995,360.0,0.0,0.0,1.0,0.0399999991,2.0,5.498,Control (random ori)
318.75199999999313,319.09499999499315,1.96349537,16.0,0.342999995,360.0,0.0,0.0,1.0,0.0399999991,2.0,1.963,Control (random ori)
319.4519999999902,319.79499999499023,5.10508823,-1.0,0.342999995,360.0,0.0,0.0,1.0,0.0399999991,2.0,5.105,Control (random ori)
320.1519999999873,320.4949999949873,5.497787,17.0,0.342999995,360.0,0.0,0.0,1.0,0.0399999991,2.0,5.498,Control (random ori)
320.85199999999895,321.19499999499897,4.49422264,17.0,0.342999995,360.0,0.0,0.0,1.0,0.0399999991,2.0,4.494,Control (random ori)
321.55199999999604,321.89499999499606,1.96349537,17.0,0.342999995,360.0,0.0,0.0,1.0,0.0399999991,2.0,1.963,Control (random ori)
322.25199999999313,322.59499999499315,5.497787,17.0,0.342999995,360.0,0.0,0.0,1.0,0.0399999991,2.0,5.498,Control (random ori)
322.9519999999902,323.29499999499023,3.14159274,17.0,0.342999995,360.0,0.0,0.0,1.0,0.0399999991,2.0,3.142,Control (random ori)
323.6519999999873,323.9949999949873,2.3561945,17.0,0.342999995,360.0,0.0,0.0,1.0,0.0399999991,2.0,2.356,Control (random ori)
324.35199999999895,324.69499999499897,0.785398185,17.0,0.342999995,360.0,0.0,0.0,1.0,0.0399999991,2.0,0.785,Control (random ori)
325.05199999999604,325.39499999499606,0.0,17.0,0.342999995,360.0,0.0,0.0,1.0,0.0399999991,2.0,0.0,Control (random ori)
325.75199999999313,326.09499999499315,2.7488935,17.0,0.342999995,360.0,0.0,0.0,1.0,0.0399999991,2.0,2.749,Control (random ori)
326.4519999999902,326.79499999499023,4.49422264,17.0,0.342999995,360.0,0.0,0.0,1.0,0.0399999991,2.0,4.494,Control (random ori)
327.1519999999873,327.4949999949873,1.57079637,17.0,0.342999995,360.0,0.0,0.0,1.0,0.0399999991,2.0,1.571,Control (random ori)
327.85199999999895,328.19499999499897,3.14159274,17.0,0.342999995,360.0,0.0,0.0,1.0,0.0399999991,2.0,3.142,Control (random ori)
328.55199999999604,328.89499999499606,4.71238899,17.0,0.342999995,360.0,0.0,0.0,1.0,0.0399999991,2.0,4.712,Control (random ori)
329.25199999999313,329.59499999499315,2.3561945,17.0,0.342999995,360.0,0.0,0.0,1.0,0.0399999991,2.0,2.356,Control (random ori)
329.9519999999902,330.29499999499023,5.89048624,17.0,0.342999995,360.0,0.0,0.0,1.0,0.0399999991,2.0,5.89,Control (random ori)
330.6519999999873,330.9949999949873,0.392699093,17.0,0.342999995,360.0,0.0,0.0,1.0,0.0399999991,2.0,0.393,Control (random ori)
331.35199999999895,331.69499999499897,2.7488935,17.0,0.342999995,360.0,0.0,0.0,1.0,0.0399999991,2.0,2.749,Control (random ori)
332.05199999999604,332.39499999499606,4.71238899,17.0,0.342999995,360.0,0.0,0.0,1.0,0.0399999991,2.0,4.712,Control (random ori)
332.75199999999313,333.09499999499315,0.0,17.0,0.342999995,360.0,0.0,0.0,1.0,0.0399999991,2.0,0.0,Control (random ori)
333.4519999999902,333.79499999499023,2.7488935,17.0,0.342999995,360.0,0.0,0.0,1.0,0.0399999991,2.0,2.749,Control (random ori)
334.1519999999873,334.4949999949873,0.392699093,17.0,0.342999995,360.0,0.0,0.0,1.0,0.0399999991,2.0,0.393,Control (random ori)
334.85199999999895,335.19499999499897,2.7488935,17.0,0.342999995,360.0,0.0,0.0,1.0,0.0399999991,2.0,2.749,Control (random ori)
335.55199999999604,335.89499999499606,5.10508823,17.0,0.342999995,360.0,0.0,0.0,1.0,0.0399999991,2.0,5.105,Control (random ori)
336.25199999999313,336.59499999499315,3.53429174,17.0,0.342999995,360.0,0.0,0.0,1.0,0.0399999991,2.0,3.534,Control (random ori)
336.9519999999902,337.29499999499023,0.785398185,17.0,0.342999995,360.0,0.0,0.0,1.0,0.0399999991,2.0,0.785,Control (random ori)
337.6519999999873,337.9949999949873,0.0,17.0,0.342999995,360.0,0.0,0.0,1.0,0.0399999991,2.0,0.0,Control (random ori)
338.35199999999895,338.69499999499897,5.10508823,17.0,0.342999995,360.0,0.0,0.0,1.0,0.0399999991,2.0,5.105,Control (random ori)
339.05199999999604,339.39499999499606,0.0,17.0,0.342999995,360.0,0.0,0.0,1.0,0.0399999991,2.0,0.0,Control (random ori)
339.75199999999313,340.09499999499315,1.57079637,-1.0,0.342999995,360.0,0.0,0.0,1.0,0.0399999991,2.0,1.571,Control (random ori)
340.4519999999902,340.79499999499023,2.7488935,18.0,0.342999995,360.0,0.0,0.0,1.0,0.0399999991,2.0,2.749,Control (random ori)
341.1519999999873,341.4949999949873,3.92699075,18.0,0.342999995,360.0,0.0,0.0,1.0,0.0399999991,2.0,3.927,Control (random ori)
341.85199999999895,342.19499999499897,3.92699075,18.0,0.342999995,360.0,0.0,0.0,1.0,0.0399999991,2.0,3.927,Control (random ori)
342.55199999999604,342.89499999499606,5.10508823,18.0,0.342999995,360.0,0.0,0.0,1.0,0.0399999991,2.0,5.105,Control (random ori)
343.25199999999313,343.59499999499315,1.17809725,18.0,0.342999995,360.0,0.0,0.0,1.0,0.0399999991,2.0,1.178,Control (random ori)
343.9519999999902,344.29499999499023,3.92699075,18.0,0.342999995,360.0,0.0,0.0,1.0,0.0399999991,2.0,3.927,Control (random ori)
344.6519999999873,344.9949999949873,1.17809725,18.0,0.342999995,360.0,0.0,0.0,1.0,0.0399999991,2.0,1.178,Control (random ori)
345.35199999999895,345.69499999499897,2.7488935,18.0,0.342999995,360.0,0.0,0.0,1.0,0.0399999991,2.0,2.749,Control (random ori)
346.05199999999604,346.39499999499606,5.10508823,18.0,0.342999995,360.0,0.0,0.0,1.0,0.0399999991,2.0,5.105,Control (random ori)
346.75199999999313,347.09499999499315,1.96349537,18.0,0.342999995,360.0,0.0,0.0,1.0,0.0399999991,2.0,1.963,Control (random ori)
347.4519999999902,347.79499999499023,2.3561945,18.0,0.342999995,360.0,0.0,0.0,1.0,0.0399999991,2.0,2.356,Control (random ori)
348.1519999999873,348.4949999949873,5.497787,18.0,0.342999995,360.0,0.0,0.0,1.0,0.0399999991,2.0,5.498,Control (random ori)
348.85199999999895,349.19499999499897,0.0,18.0,0.342999995,360.0,0.0,0.0,1.0,0.0399999991,2.0,0.0,Control (random ori)
349.55199999999604,349.89499999499606,2.7488935,18.0,0.342999995,360.0,0.0,0.0,1.0,0.0399999991,2.0,2.749,Control (random ori)
350.25199999999313,350.59499999499315,1.96349537,18.0,0.342999995,360.0,0.0,0.0,1.0,0.0399999991,2.0,1.963,Control (random ori)
350.9519999999902,351.29499999499023,5.497787,18.0,0.342999995,360.0,0.0,0.0,1.0,0.0399999991,2.0,5.498,Control (random ori)
351.6519999999873,351.9949999949873,2.7488935,18.0,0.342999995,360.0,0.0,0.0,1.0,0.0399999991,2.0,2.749,Control (random ori)
352.35199999999895,352.69499999499897,5.497787,18.0,0.342999995,360.0,0.0,0.0,1.0,0.0399999991,2.0,5.498,Control (random ori)
353.05199999999604,353.39499999499606,3.92699075,18.0,0.342999995,360.0,0.0,0.0,1.0,0.0399999991,2.0,3.927,Control (random ori)
353.75199999999313,354.09499999499315,3.92699075,18.0,0.342999995,360.0,0.0,0.0,1.0,0.0399999991,2.0,3.927,Control (random ori)
354.4519999999902,354.79499999499023,4.49422264,18.0,0.342999995,360.0,0.0,0.0,1.0,0.0399999991,2.0,4.494,Control (random ori)
355.1519999999873,355.4949999949873,1.17809725,18.0,0.342999995,360.0,0.0,0.0,1.0,0.0399999991,2.0,1.178,Control (random ori)
355.8529920000001,356.1959919950001,3.14159274,18.0,0.342999995,360.0,0.0,0.0,1.0,0.0399999991,2.0,3.142,Control (random ori)
356.55199999999604,356.89499999499606,5.10508823,18.0,0.342999995,360.0,0.0,0.0,1.0,0.0399999991,2.0,5.105,Control (random ori)
357.25199999999313,357.59499999499315,1.96349537,18.0,0.342999995,360.0,0.0,0.0,1.0,0.0399999991,2.0,1.963,Control (random ori)
357.95299199999135,358.29599199499137,1.17809725,18.0,0.342999995,360.0,0.0,0.0,1.0,0.0399999991,2.0,1.178,Control (random ori)
358.65299199998844,358.99599199498846,0.785398185,18.0,0.342999995,360.0,0.0,0.0,1.0,0.0399999991,2.0,0.785,Control (random ori)
359.3529920000001,359.6959919950001,3.92699075,18.0,0.342999995,360.0,0.0,0.0,1.0,0.0399999991,2.0,3.927,Control (random ori)
360.0529919999972,360.3959919949972,0.0,19.0,0.342999995,360.0,0.0,0.0,1.0,0.0399999991,2.0,0.0,Control (random ori)
360.75299199999426,361.0959919949943,1.57079637,19.0,0.342999995,360.0,0.0,0.0,1.0,0.0399999991,2.0,1.571,Control (random ori)
361.45299199999135,361.79599199499137,5.89048624,19.0,0.342999995,360.0,0.0,0.0,1.0,0.0399999991,2.0,5.89,Control (random ori)
362.15299199998844,362.49599199498846,0.392699093,19.0,0.342999995,360.0,0.0,0.0,1.0,0.0399999991,2.0,0.393,Control (random ori)
362.8529920000001,363.1959919950001,1.57079637,19.0,0.342999995,360.0,0.0,0.0,1.0,0.0399999991,2.0,1.571,Control (random ori)
363.5529919999972,363.8959919949972,4.49422264,19.0,0.342999995,360.0,0.0,0.0,1.0,0.0399999991,2.0,4.494,Control (random ori)
364.25299199999426,364.5959919949943,1.96349537,19.0,0.342999995,360.0,0.0,0.0,1.0,0.0399999991,2.0,1.963,Control (random ori)
364.95299199999135,365.29599199499137,3.14159274,19.0,0.342999995,360.0,0.0,0.0,1.0,0.0399999991,2.0,3.142,Control (random ori)
365.65299199998844,365.99599199498846,5.497787,19.0,0.342999995,360.0,0.0,0.0,1.0,0.0399999991,2.0,5.498,Control (random ori)
366.3529920000001,366.6959919950001,4.71238899,19.0,0.342999995,360.0,0.0,0.0,1.0,0.0399999991,2.0,4.712,Control (random ori)
367.0529919999972,367.3959919949972,3.53429174,19.0,0.342999995,360.0,0.0,0.0,1.0,0.0399999991,2.0,3.534,Control (random ori)
367.75299199999426,368.0959919949943,1.57079637,19.0,0.342999995,360.0,0.0,0.0,1.0,0.0399999991,2.0,1.571,Control (random ori)
368.45299199999135,368.79599199499137,1.57079637,19.0,0.342999995,360.0,0.0,0.0,1.0,0.0399999991,2.0,1.571,Control (random ori)
369.15299199998844,369.49599199498846,2.3561945,19.0,0.342999995,360.0,0.0,0.0,1.0,0.0399999991,2.0,2.356,Control (random ori)
369.8529920000001,370.1959919950001,0.392699093,19.0,0.342999995,360.0,0.0,0.0,1.0,0.0399999991,2.0,0.393,Control (random ori)
370.5529919999972,370.8959919949972,3.53429174,19.0,0.342999995,360.0,0.0,0.0,1.0,0.0399999991,2.0,3.534,Control (random ori)
371.25299199999426,371.5959919949943,1.57079637,19.0,0.342999995,360.0,0.0,0.0,1.0,0.0399999991,2.0,1.571,Control (random ori)
371.95299199999135,372.29599199499137,2.7488935,19.0,0.342999995,360.0,0.0,0.0,1.0,0.0399999991,2.0,2.749,Control (random ori)
372.65299199998844,372.99599199498846,1.96349537,19.0,0.342999995,360.0,0.0,0.0,1.0,0.0399999991,2.0,1.963,Control (random ori)
373.3529920000001,373.6959919950001,0.392699093,19.0,0.342999995,360.0,0.0,0.0,1.0,0.0399999991,2.0,0.393,Control (random ori)
374.0529919999972,374.3959919949972,3.53429174,19.0,0.342999995,360.0,0.0,0.0,1.0,0.0399999991,2.0,3.534,Control (random ori)
374.75299199999426,375.0959919949943,4.49422264,19.0,0.342999995,360.0,0.0,0.0,1.0,0.0399999991,2.0,4.494,Control (random ori)
375.45299199999135,375.79599199499137,2.3561945,19.0,0.342999995,360.0,0.0,0.0,1.0,0.0399999991,2.0,2.356,Control (random ori)
376.15299199998844,376.49599199498846,1.57079637,19.0,0.342999995,360.0,0.0,0.0,1.0,0.0399999991,2.0,1.571,Control (random ori)
376.8529920000001,377.1959919950001,5.497787,19.0,0.342999995,360.0,0.0,0.0,1.0,0.0399999991,2.0,5.498,Control (random ori)
377.5529919999972,377.8959919949972,0.785398185,19.0,0.342999995,360.0,0.0,0.0,1.0,0.0399999991,2.0,0.785,Control (random ori)
378.25299199999426,378.5959919949943,3.14159274,19.0,0.342999995,360.0,0.0,0.0,1.0,0.0399999991,2.0,3.142,Control (random ori)
378.95299199999135,379.29599199499137,0.0,19.0,0.342999995,360.0,0.0,0.0,1.0,0.0399999991,2.0,0.0,Control (random ori)
379.65299199998844,379.99599199498846,5.89048624,-1.0,0.342999995,360.0,0.0,0.0,1.0,0.0399999991,2.0,5.89,Control (random ori)
380.3529920000001,380.6959919950001,3.92699075,20.0,0.342999995,360.0,0.0,0.0,1.0,0.0399999991,2.0,3.927,Control (random ori)
381.0529919999972,381.3959919949972,4.49422264,20.0,0.342999995,360.0,0.0,0.0,1.0,0.0399999991,2.0,4.494,Control (random ori)
381.75299199999426,382.0959919949943,3.14159274,20.0,0.342999995,360.0,0.0,0.0,1.0,0.0399999991,2.0,3.142,Control (random ori)
382.45299199999135,382.79599199499137,4.49422264,20.0,0.342999995,360.0,0.0,0.0,1.0,0.0399999991,2.0,4.494,Control (random ori)
383.15299199998844,383.49599199498846,3.14159274,20.0,0.342999995,360.0,0.0,0.0,1.0,0.0399999991,2.0,3.142,Control (random ori)
383.8529920000001,384.1959919950001,3.53429174,20.0,0.342999995,360.0,0.0,0.0,1.0,0.0399999991,2.0,3.534,Control (random ori)
384.5529919999972,384.8959919949972,1.57079637,20.0,0.342999995,360.0,0.0,0.0,1.0,0.0399999991,2.0,1.571,Control (random ori)
385.25299199999426,385.5959919949943,4.71238899,20.0,0.342999995,360.0,0.0,0.0,1.0,0.0399999991,2.0,4.712,Control (random ori)
385.95299199999135,386.29599199499137,0.392699093,20.0,0.342999995,360.0,0.0,0.0,1.0,0.0399999991,2.0,0.393,Control (random ori)
386.65299199998844,386.99599199498846,0.0,20.0,0.342999995,360.0,0.0,0.0,1.0,0.0399999991,2.0,0.0,Control (random ori)
387.3529920000001,387.6959919950001,5.10508823,20.0,0.342999995,360.0,0.0,0.0,1.0,0.0399999991,2.0,5.105,Control (random ori)
388.0529919999972,388.3959919949972,5.10508823,20.0,0.342999995,360.0,0.0,0.0,1.0,0.0399999991,2.0,5.105,Control (random ori)
388.75299199999426,389.0959919949943,2.3561945,20.0,0.342999995,360.0,0.0,0.0,1.0,0.0399999991,2.0,2.356,Control (random ori)
389.45299199999135,389.79599199499137,1.17809725,20.0,0.342999995,360.0,0.0,0.0,1.0,0.0399999991,2.0,1.178,Control (random ori)
390.15299199998844,390.49599199498846,2.7488935,20.0,0.342999995,360.0,0.0,0.0,1.0,0.0399999991,2.0,2.749,Control (random ori)
390.8529920000001,391.1959919950001,0.0,20.0,0.342999995,360.0,0.0,0.0,1.0,0.0399999991,2.0,0.0,Control (random ori)
391.5529919999972,391.8959919949972,2.3561945,20.0,0.342999995,360.0,0.0,0.0,1.0,0.0399999991,2.0,2.356,Control (random ori)
392.25299199999426,392.5959919949943,2.3561945,20.0,0.342999995,360.0,0.0,0.0,1.0,0.0399999991,2.0,2.356,Control (random ori)
392.95299199999135,393.29599199499137,5.497787,20.0,0.342999995,360.0,0.0,0.0,1.0,0.0399999991,2.0,5.498,Control (random ori)
393.65299199998844,393.99599199498846,5.10508823,20.0,0.342999995,360.0,0.0,0.0,1.0,0.0399999991,2.0,5.105,Control (random ori)
394.3529920000001,394.6959919950001,4.49422264,20.0,0.342999995,360.0,0.0,0.0,1.0,0.0399999991,2.0,4.494,Control (random ori)
395.0529919999972,395.3959919949972,4.71238899,20.0,0.342999995,360.0,0.0,0.0,1.0,0.0399999991,2.0,4.712,Control (random ori)
395.75299199999426,396.0959919949943,2.3561945,20.0,0.342999995,360.0,0.0,0.0,1.0,0.0399999991,2.0,2.356,Control (random ori)
396.45299199999135,396.79599199499137,0.0,20.0,0.342999995,360.0,0.0,0.0,1.0,0.0399999991,2.0,0.0,Control (random ori)
397.15299199998844,397.49599199498846,0.0,20.0,0.342999995,360.0,0.0,0.0,1.0,0.0399999991,2.0,0.0,Control (random ori)
397.8529920000001,398.1959919950001,3.53429174,20.0,0.342999995,360.0,0.0,0.0,1.0,0.0399999991,2.0,3.534,Control (random ori)
398.5529919999972,398.8959919949972,2.7488935,20.0,0.342999995,360.0,0.0,0.0,1.0,0.0399999991,2.0,2.749,Control (random ori)
399.25299199999426,399.5959919949943,5.497787,20.0,0.342999995,360.0,0.0,0.0,1.0,0.0399999991,2.0,5.498,Control (random ori)
399.95299199999135,400.29599199499137,1.57079637,-1.0,0.342999995,360.0,0.0,0.0,1.0,0.0399999991,2.0,1.571,Control (random ori)
400.65299199998844,400.99599199498846,5.89048624,21.0,0.342999995,360.0,0.0,0.0,1.0,0.0399999991,2.0,5.89,Control (random ori)
401.3529920000001,401.6959919950001,1.96349537,21.0,0.342999995,360.0,0.0,0.0,1.0,0.0399999991,2.0,1.963,Control (random ori)
402.0529919999972,402.3959919949972,0.785398185,21.0,0.342999995,360.0,0.0,0.0,1.0,0.0399999991,2.0,0.785,Control (random ori)
402.75299199999426,403.0959919949943,5.497787,21.0,0.342999995,360.0,0.0,0.0,1.0,0.0399999991,2.0,5.498,Control (random ori)
403.45299199999135,403.79599199499137,1.57079637,21.0,0.342999995,360.0,0.0,0.0,1.0,0.0399999991,2.0,1.571,Control (random ori)
404.15299199998844,404.49599199498846,4.49422264,21.0,0.342999995,360.0,0.0,0.0,1.0,0.0399999991,2.0,4.494,Control (random ori)
404.8529920000001,405.1959919950001,0.0,21.0,0.342999995,360.0,0.0,0.0,1.0,0.0399999991,2.0,0.0,Control (random ori)
405.5529919999972,405.8959919949972,3.92699075,21.0,0.342999995,360.0,0.0,0.0,1.0,0.0399999991,2.0,3.927,Control (random ori)
406.25299199999426,406.5959919949943,2.3561945,21.0,0.342999995,360.0,0.0,0.0,1.0,0.0399999991,2.0,2.356,Control (random ori)
406.95299199999135,407.29599199499137,0.392699093,21.0,0.342999995,360.0,0.0,0.0,1.0,0.0399999991,2.0,0.393,Control (random ori)
407.65299199998844,407.99599199498846,5.497787,21.0,0.342999995,360.0,0.0,0.0,1.0,0.0399999991,2.0,5.498,Control (random ori)
408.3529920000001,408.6959919950001,3.53429174,21.0,0.342999995,360.0,0.0,0.0,1.0,0.0399999991,2.0,3.534,Control (random ori)
409.0529919999972,409.3959919949972,5.89048624,21.0,0.342999995,360.0,0.0,0.0,1.0,0.0399999991,2.0,5.89,Control (random ori)
409.75299199999426,410.0959919949943,0.785398185,21.0,0.342999995,360.0,0.0,0.0,1.0,0.0399999991,2.0,0.785,Control (random ori)
410.45299199999135,410.79599199499137,0.0,21.0,0.342999995,360.0,0.0,0.0,1.0,0.0399999991,2.0,0.0,Control (random ori)
411.15299199998844,411.49599199498846,1.96349537,21.0,0.342999995,360.0,0.0,0.0,1.0,0.0399999991,2.0,1.963,Control (random ori)
411.8529920000001,412.1959919950001,5.10508823,21.0,0.342999995,360.0,0.0,0.0,1.0,0.0399999991,2.0,5.105,Control (random ori)
412.5529919999972,412.8959919949972,1.57079637,21.0,0.342999995,360.0,0.0,0.0,1.0,0.0399999991,2.0,1.571,Control (random ori)
413.25299199999426,413.5959919949943,3.14159274,21.0,0.342999995,360.0,0.0,0.0,1.0,0.0399999991,2.0,3.142,Control (random ori)
413.95299199999135,414.29599199499137,4.49422264,21.0,0.342999995,360.0,0.0,0.0,1.0,0.0399999991,2.0,4.494,Control (random ori)
414.65299199998844,414.99599199498846,0.785398185,21.0,0.342999995,360.0,0.0,0.0,1.0,0.0399999991,2.0,0.785,Control (random ori)
415.3529920000001,415.6959919950001,1.17809725,21.0,0.342999995,360.0,0.0,0.0,1.0,0.0399999991,2.0,1.178,Control (random ori)
416.0529919999972,416.3959919949972,4.71238899,21.0,0.342999995,360.0,0.0,0.0,1.0,0.0399999991,2.0,4.712,Control (random ori)
416.75299199999426,417.0959919949943,5.10508823,21.0,0.342999995,360.0,0.0,0.0,1.0,0.0399999991,2.0,5.105,Control (random ori)
417.45299199999135,417.79599199499137,5.89048624,21.0,0.342999995,360.0,0.0,0.0,1.0,0.0399999991,2.0,5.89,Control (random ori)
418.15299199998844,418.49599199498846,2.7488935,21.0,0.342999995,360.0,0.0,0.0,1.0,0.0399999991,2.0,2.749,Control (random ori)
418.8529920000001,419.1959919950001,3.53429174,21.0,0.342999995,360.0,0.0,0.0,1.0,0.0399999991,2.0,3.534,Control (random ori)
419.5529919999972,419.8959919949972,5.497787,-1.0,0.342999995,360.0,0.0,0.0,1.0,0.0399999991,2.0,5.498,Control (random ori)
420.25299199999426,420.5959919949943,3.53429174,22.0,0.342999995,360.0,0.0,0.0,1.0,0.0399999991,2.0,3.534,Control (random ori)
420.95299199999135,421.29599199499137,4.71238899,22.0,0.342999995,360.0,0.0,0.0,1.0,0.0399999991,2.0,4.712,Control (random ori)
421.65299199998844,421.99599199498846,3.92699075,22.0,0.342999995,360.0,0.0,0.0,1.0,0.0399999991,2.0,3.927,Control (random ori)
422.3529920000001,422.6959919950001,3.92699075,22.0,0.342999995,360.0,0.0,0.0,1.0,0.0399999991,2.0,3.927,Control (random ori)
423.0529919999972,423.3959919949972,5.89048624,22.0,0.342999995,360.0,0.0,0.0,1.0,0.0399999991,2.0,5.89,Control (random ori)
423.75299199999426,424.0959919949943,1.96349537,22.0,0.342999995,360.0,0.0,0.0,1.0,0.0399999991,2.0,1.963,Control (random ori)
424.45299199999135,424.79599199499137,4.71238899,22.0,0.342999995,360.0,0.0,0.0,1.0,0.0399999991,2.0,4.712,Control (random ori)
425.15299199998844,425.49599199498846,0.392699093,22.0,0.342999995,360.0,0.0,0.0,1.0,0.0399999991,2.0,0.393,Control (random ori)
425.8529920000001,426.1959919950001,1.17809725,22.0,0.342999995,360.0,0.0,0.0,1.0,0.0399999991,2.0,1.178,Control (random ori)
426.5529919999972,426.8959919949972,2.7488935,22.0,0.342999995,360.0,0.0,0.0,1.0,0.0399999991,2.0,2.749,Control (random ori)
427.25299199999426,427.5959919949943,0.392699093,22.0,0.342999995,360.0,0.0,0.0,1.0,0.0399999991,2.0,0.393,Control (random ori)
427.95299199999135,428.29599199499137,1.17809725,22.0,0.342999995,360.0,0.0,0.0,1.0,0.0399999991,2.0,1.178,Control (random ori)
428.65299199998844,428.99599199498846,4.49422264,22.0,0.342999995,360.0,0.0,0.0,1.0,0.0399999991,2.0,4.494,Control (random ori)
429.3529920000001,429.6959919950001,3.92699075,22.0,0.342999995,360.0,0.0,0.0,1.0,0.0399999991,2.0,3.927,Control (random ori)
430.0529919999972,430.3959919949972,4.49422264,22.0,0.342999995,360.0,0.0,0.0,1.0,0.0399999991,2.0,4.494,Control (random ori)
430.75299199999426,431.0959919949943,0.0,22.0,0.342999995,360.0,0.0,0.0,1.0,0.0399999991,2.0,0.0,Control (random ori)
431.45299199999135,431.79599199499137,5.10508823,22.0,0.342999995,360.0,0.0,0.0,1.0,0.0399999991,2.0,5.105,Control (random ori)
432.15299199998844,432.49599199498846,0.785398185,22.0,0.342999995,360.0,0.0,0.0,1.0,0.0399999991,2.0,0.785,Control (random ori)
432.8529920000001,433.1959919950001,2.3561945,22.0,0.342999995,360.0,0.0,0.0,1.0,0.0399999991,2.0,2.356,Control (random ori)
433.5529919999972,433.8959919949972,3.92699075,22.0,0.342999995,360.0,0.0,0.0,1.0,0.0399999991,2.0,3.927,Control (random ori)
434.25299199999426,434.5959919949943,0.0,22.0,0.342999995,360.0,0.0,0.0,1.0,0.0399999991,2.0,0.0,Control (random ori)
434.95299199999135,435.29599199499137,5.89048624,22.0,0.342999995,360.0,0.0,0.0,1.0,0.0399999991,2.0,5.89,Control (random ori)
435.65299199998844,435.99599199498846,4.49422264,22.0,0.342999995,360.0,0.0,0.0,1.0,0.0399999991,2.0,4.494,Control (random ori)
436.3529920000001,436.6959919950001,4.71238899,22.0,0.342999995,360.0,0.0,0.0,1.0,0.0399999991,2.0,4.712,Control (random ori)
437.0529919999972,437.3959919949972,4.71238899,22.0,0.342999995,360.0,0.0,0.0,1.0,0.0399999991,2.0,4.712,Control (random ori)
437.75299199999426,438.0959919949943,3.92699075,22.0,0.342999995,360.0,0.0,0.0,1.0,0.0399999991,2.0,3.927,Control (random ori)
438.45299199999135,438.79599199499137,0.392699093,22.0,0.342999995,360.0,0.0,0.0,1.0,0.0399999991,2.0,0.393,Control (random ori)
439.15299199998844,439.49599199498846,5.10508823,22.0,0.342999995,360.0,0.0,0.0,1.0,0.0399999991,2.0,5.105,Control (random ori)
439.8529920000001,440.1959919950001,3.92699075,-1.0,0.342999995,360.0,0.0,0.0,1.0,0.0399999991,2.0,3.927,Control (random ori)
440.5529919999972,440.8959919949972,4.49422264,23.0,0.342999995,360.0,0.0,0.0,1.0,0.0399999991,2.0,4.494,Control (random ori)
441.25299199999426,441.5959919949943,2.7488935,23.0,0.342999995,360.0,0.0,0.0,1.0,0.0399999991,2.0,2.749,Control (random ori)
441.95299199999135,442.29599199499137,0.0,23.0,0.342999995,360.0,0.0,0.0,1.0,0.0399999991,2.0,0.0,Control (random ori)
442.65299199998844,442.99599199498846,0.785398185,23.0,0.342999995,360.0,0.0,0.0,1.0,0.0399999991,2.0,0.785,Control (random ori)
443.3529920000001,443.6959919950001,1.57079637,23.0,0.342999995,360.0,0.0,0.0,1.0,0.0399999991,2.0,1.571,Control (random ori)
444.0529919999972,444.3959919949972,4.49422264,23.0,0.342999995,360.0,0.0,0.0,1.0,0.0399999991,2.0,4.494,Control (random ori)
444.75299199999426,445.0959919949943,2.3561945,23.0,0.342999995,360.0,0.0,0.0,1.0,0.0399999991,2.0,2.356,Control (random ori)
445.45299199999135,445.79599199499137,4.49422264,23.0,0.342999995,360.0,0.0,0.0,1.0,0.0399999991,2.0,4.494,Control (random ori)
446.15299199998844,446.49599199498846,1.57079637,23.0,0.342999995,360.0,0.0,0.0,1.0,0.0399999991,2.0,1.571,Control (random ori)
446.8529920000001,447.1959919950001,3.92699075,23.0,0.342999995,360.0,0.0,0.0,1.0,0.0399999991,2.0,3.927,Control (random ori)
447.5529919999972,447.8959919949972,5.10508823,23.0,0.342999995,360.0,0.0,0.0,1.0,0.0399999991,2.0,5.105,Control (random ori)
448.25299199999426,448.5959919949943,1.17809725,23.0,0.342999995,360.0,0.0,0.0,1.0,0.0399999991,2.0,1.178,Control (random ori)
448.95299199999135,449.29599199499137,4.71238899,23.0,0.342999995,360.0,0.0,0.0,1.0,0.0399999991,2.0,4.712,Control (random ori)
449.65299199998844,449.99599199498846,4.71238899,23.0,0.342999995,360.0,0.0,0.0,1.0,0.0399999991,2.0,4.712,Control (random ori)
450.35398399998667,450.6969839949867,3.14159274,23.0,0.342999995,360.0,0.0,0.0,1.0,0.0399999991,2.0,3.142,Control (random ori)
451.0529919999972,451.3959919949972,3.92699075,23.0,0.342999995,360.0,0.0,0.0,1.0,0.0399999991,2.0,3.927,Control (random ori)
451.75299199999426,452.0959919949943,2.3561945,23.0,0.342999995,360.0,0.0,0.0,1.0,0.0399999991,2.0,2.356,Oddball deviant
452.45299199999135,452.79599199499137,0.0,23.0,0.342999995,360.0,0.0,0.0,1.0,0.0399999991,2.0,0.0,Oddball standard
453.15299199998844,453.49599199498846,1.57079637,23.0,0.342999995,360.0,0.0,0.0,1.0,0.0399999991,2.0,1.571,Oddball deviant
453.8529920000001,454.1959919950001,0.0,23.0,0.342999995,360.0,0.0,0.0,1.0,0.0399999991,2.0,0.0,Oddball standard
454.5539839999983,454.8969839949983,0.0,23.0,0.342999995,360.0,0.0,0.0,1.0,0.0399999991,2.0,0.0,Oddball standard
455.25299199999426,455.5959919949943,0.0,23.0,0.342999995,360.0,0.0,0.0,1.0,0.0399999991,2.0,0.0,Oddball standard
455.95299199999135,456.29599199499137,0.0,23.0,0.342999995,360.0,0.0,0.0,1.0,0.0399999991,2.0,0.0,Oddball standard
456.6539839999896,456.9969839949896,0.0,23.0,0.342999995,360.0,0.0,0.0,1.0,0.0399999991,2.0,0.0,Oddball standard
457.3529920000001,457.6959919950001,0.0,23.0,0.342999995,360.0,0.0,0.0,1.0,0.0399999991,2.0,0.0,Oddball standard
458.0529919999972,458.3959919949972,0.0,23.0,0.342999995,360.0,0.0,0.0,1.0,0.0399999991,2.0,0.0,Oddball standard
458.75299199999426,459.0959919949943,0.0,23.0,0.342999995,360.0,0.0,0.0,1.0,0.0399999991,2.0,0.0,Oddball standard
459.45299199999135,459.79599199499137,0.0,-1.0,0.342999995,360.0,0.0,0.0,1.0,0.0399999991,2.0,0.0,Oddball standard
460.15299199998844,460.49599199498846,0.0,24.0,0.342999995,360.0,0.0,0.0,1.0,0.0399999991,2.0,0.0,Oddball standard
460.8529920000001,461.1959919950001,0.0,24.0,0.342999995,360.0,0.0,0.0,1.0,0.0399999991,2.0,0.0,Oddball standard
461.5529919999972,461.8959919949972,0.0,24.0,0.342999995,360.0,0.0,0.0,1.0,0.0399999991,2.0,0.0,Oddball standard
462.25299199999426,462.5959919949943,0.0,24.0,0.342999995,360.0,0.0,0.0,0.0,0.0399999991,2.0,0.0,Blank
462.9539839999925,463.2969839949925,0.0,24.0,0.342999995,360.0,0.0,0.0,1.0,0.0399999991,2.0,0.0,Oddball standard
463.65299199998844,463.99599199498846,0.0,24.0,0.342999995,360.0,0.0,0.0,1.0,0.0399999991,2.0,0.0,Oddball standard
464.3529920000001,464.6959919950001,0.0,24.0,0.342999995,360.0,0.0,0.0,1.0,0.0399999991,2.0,0.0,Oddball standard
465.0529919999972,465.3959919949972,0.0,24.0,0.342999995,360.0,0.0,0.0,1.0,0.0399999991,2.0,0.0,Oddball standard
465.75299199999426,466.0959919949943,0.0,24.0,0.342999995,360.0,0.0,0.0,1.0,0.0399999991,2.0,0.0,Oddball standard
466.45302399998764,466.79602399498765,0.0,24.0,0.342999995,360.0,0.0,0.0,1.0,0.0399999991,2.0,0.0,Oddball standard
467.15299199998844,467.49599199498846,0.0,24.0,0.342999995,360.0,0.0,0.0,1.0,0.0399999991,2.0,0.0,Oddball standard
467.8529920000001,468.1959919950001,0.0,24.0,0.342999995,360.0,0.0,0.0,1.0,0.0399999991,2.0,0.0,Oddball standard
468.5529919999972,468.8959919949972,0.0,24.0,0.342999995,360.0,0.0,0.0,1.0,0.0399999991,2.0,0.0,Oddball standard
469.25299199999426,469.5959919949943,0.0,24.0,0.342999995,360.0,0.0,0.0,1.0,0.0399999991,2.0,0.0,Oddball standard
469.95299199999135,470.29599199499137,0.0,24.0,0.342999995,360.0,0.0,0.0,1.0,0.0399999991,2.0,0.0,Oddball standard
470.65299199998844,470.99599199498846,0.0,24.0,0.342999995,360.0,0.0,0.0,1.0,0.0399999991,2.0,0.0,Oddball standard
471.3529920000001,471.6959919950001,0.0,24.0,0.342999995,360.0,0.0,0.0,1.0,0.0399999991,2.0,0.0,Oddball standard
472.0529919999972,472.3959919949972,0.0,24.0,0.342999995,360.0,0.0,0.0,1.0,0.0399999991,2.0,0.0,Oddball standard
472.75299199999426,473.0959919949943,0.0,24.0,0.342999995,360.0,0.0,0.0,1.0,0.0399999991,2.0,0.0,Oddball standard
473.45299199999135,473.79599199499137,0.0,24.0,0.342999995,360.0,0.0,0.0,1.0,0.0399999991,2.0,0.0,Oddball standard
474.15299199998844,474.49599199498846,0.0,24.0,0.342999995,360.0,0.0,0.0,1.0,0.0399999991,0.0,0.0,Oddball standard
474.8529920000001,475.1959919950001,0.0,24.0,0.342999995,360.0,0.0,0.0,1.0,0.0399999991,2.0,0.0,Oddball standard
475.5529919999972,475.8959919949972,0.785398185,24.0,0.342999995,360.0,0.0,0.0,1.0,0.0399999991,2.0,0.785,Oddball deviant
476.25299199999426,476.5959919949943,0.0,24.0,0.342999995,360.0,0.0,0.0,1.0,0.0399999991,2.0,0.0,Oddball standard
476.95299199999135,477.29599199499137,0.0,24.0,0.342999995,360.0,0.0,0.0,1.0,0.0399999991,2.0,0.0,Oddball standard
477.65299199998844,477.99599199498846,0.0,24.0,0.342999995,360.0,0.0,0.0,1.0,0.0399999991,2.0,0.0,Oddball standard
478.3529920000001,478.6959919950001,0.0,24.0,0.342999995,360.0,0.0,0.0,1.0,0.0399999991,2.0,0.0,Oddball standard
479.0529919999972,479.3959919949972,0.0,24.0,0.342999995,360.0,0.0,0.0,1.0,0.0399999991,2.0,0.0,Oddball standard
479.75299199999426,480.0959919949943,0.0,-1.0,0.342999995,360.0,0.0,0.0,1.0,0.0399999991,2.0,0.0,Oddball standard
480.45299199999135,480.79599199499137,0.0,25.0,0.342999995,360.0,0.0,0.0,1.0,0.0399999991,2.0,0.0,Oddball standard
481.15299199998844,481.49599199498846,0.0,25.0,0.342999995,360.0,0.0,0.0,1.0,0.0399999991,2.0,0.0,Oddball standard
481.8529920000001,482.1959919950001,0.0,25.0,0.342999995,360.0,0.0,0.0,1.0,0.0399999991,2.0,0.0,Oddball standard
482.5529919999972,482.8959919949972,0.0,25.0,0.342999995,360.0,0.0,0.0,1.0,0.0399999991,0.0,0.0,Oddball standard
483.25299199999426,483.5959919949943,0.0,25.0,0.342999995,360.0,0.0,0.0,1.0,0.0399999991,2.0,0.0,Oddball standard
483.95299199999135,484.29599199499137,0.0,25.0,0.342999995,360.0,0.0,0.0,1.0,0.0399999991,2.0,0.0,Oddball standard
484.65299199998844,484.99599199498846,0.0,25.0,0.342999995,360.0,0.0,0.0,1.0,0.0399999991,2.0,0.0,Oddball standard
485.3529920000001,485.6959919950001,0.0,25.0,0.342999995,360.0,0.0,0.0,1.0,0.0399999991,2.0,0.0,Oddball standard
486.0529919999972,486.3959919949972,0.0,25.0,0.342999995,360.0,0.0,0.0,1.0,0.0399999991,2.0,0.0,Oddball standard
486.75299199999426,487.0959919949943,0.0,25.0,0.342999995,360.0,0.0,0.0,1.0,0.0399999991,2.0,0.0,Oddball standard
487.45299199999135,487.79599199499137,0.0,25.0,0.342999995,360.0,0.0,0.0,1.0,0.0399999991,2.0,0.0,Oddball standard
488.15299199998844,488.49599199498846,0.0,25.0,0.342999995,360.0,0.0,0.0,1.0,0.0399999991,2.0,0.0,Oddball standard
488.8529920000001,489.1959919950001,0.0,25.0,0.342999995,360.0,0.0,0.0,1.0,0.0399999991,2.0,0.0,Oddball standard
489.5529919999972,489.8959919949972,0.0,25.0,0.342999995,360.0,0.0,0.0,1.0,0.0399999991,2.0,0.0,Oddball standard
490.25299199999426,490.5959919949943,0.785398185,25.0,0.342999995,360.0,0.0,0.0,1.0,0.0399999991,2.0,0.785,Oddball deviant
490.95299199999135,491.29599199499137,0.0,25.0,0.342999995,360.0,0.0,0.0,1.0,0.0399999991,2.0,0.0,Oddball standard
491.65299199998844,491.99599199498846,0.0,25.0,0.342999995,360.0,0.0,0.0,1.0,0.0399999991,2.0,0.0,Oddball standard
492.3529920000001,492.6959919950001,0.0,25.0,0.342999995,360.0,0.0,0.0,1.0,0.0399999991,2.0,0.0,Oddball standard
493.0529919999972,493.3959919949972,1.57079637,25.0,0.342999995,360.0,0.0,0.0,1.0,0.0399999991,2.0,1.571,Oddball deviant
493.75299199999426,494.0959919949943,0.0,25.0,0.342999995,360.0,0.0,0.0,1.0,0.0399999991,2.0,0.0,Oddball standard
494.45299199999135,494.79599199499137,0.0,25.0,0.342999995,360.0,0.0,0.0,1.0,0.0399999991,2.0,0.0,Oddball standard
495.15299199998844,495.49599199498846,0.0,25.0,0.342999995,360.0,0.0,0.0,1.0,0.0399999991,2.0,0.0,Oddball standard
495.8529920000001,496.1959919950001,0.0,25.0,0.342999995,360.0,0.0,0.0,1.0,0.0399999991,2.0,0.0,Oddball standard
496.5529919999972,496.8959919949972,0.0,25.0,0.342999995,360.0,0.0,0.0,1.0,0.0399999991,2.0,0.0,Oddball standard
497.25299199999426,497.5959919949943,0.785398185,25.0,0.342999995,360.0,0.0,0.0,1.0,0.0399999991,2.0,0.785,Oddball deviant
497.95299199999135,498.29599199499137,0.0,25.0,0.342999995,360.0,0.0,0.0,1.0,0.0399999991,2.0,0.0,Oddball standard
498.65299199998844,498.99599199498846,0.0,25.0,0.342999995,360.0,0.0,0.0,1.0,0.0399999991,2.0,0.0,Oddball standard
499.3529920000001,499.6959919950001,0.0,25.0,0.342999995,360.0,0.0,0.0,1.0,0.0399999991,2.0,0.0,Oddball standard
500.0529919999972,500.3959919949972,0.0,26.0,0.342999995,360.0,0.0,0.0,1.0,0.0399999991,2.0,0.0,Oddball standard
500.75299199999426,501.0959919949943,0.0,26.0,0.342999995,360.0,0.0,0.0,1.0,0.0399999991,2.0,0.0,Oddball standard
501.45299199999135,501.79599199499137,0.0,26.0,0.342999995,360.0,0.0,0.0,1.0,0.0399999991,2.0,0.0,Oddball standard
502.15299199998844,502.49599199498846,0.0,26.0,0.342999995,360.0,0.0,0.0,1.0,0.0399999991,2.0,0.0,Oddball standard
502.85398399998667,503.1969839949867,0.0,26.0,0.342999995,360.0,0.0,0.0,1.0,0.0399999991,2.0,0.0,Oddball standard
503.5529919999972,503.8959919949972,0.0,26.0,0.342999995,360.0,0.0,0.0,1.0,0.0399999991,2.0,0.0,Oddball standard
504.2539839999954,504.5969839949954,0.0,26.0,0.342999995,360.0,0.0,0.0,1.0,0.0399999991,2.0,0.0,Oddball standard
504.95299199999135,505.29599199499137,0.0,26.0,0.342999995,360.0,0.0,0.0,1.0,0.0399999991,2.0,0.0,Oddball standard
505.65299199998844,505.99599199498846,0.0,26.0,0.342999995,360.0,0.0,0.0,1.0,0.0399999991,2.0,0.0,Oddball standard
506.35398399998667,506.6969839949867,0.0,26.0,0.342999995,360.0,0.0,0.0,1.0,0.0399999991,2.0,0.0,Oddball standard
507.0539839999983,507.3969839949983,0.0,26.0,0.342999995,360.0,0.0,0.0,1.0,0.0399999991,2.0,0.0,Oddball standard
507.7539839999954,508.0969839949954,0.0,26.0,0.342999995,360.0,0.0,0.0,1.0,0.0399999991,2.0,0.0,Oddball standard
508.4539839999925,508.7969839949925,0.0,26.0,0.342999995,360.0,0.0,0.0,1.0,0.0399999991,2.0,0.0,Oddball standard
509.1539839999896,509.4969839949896,0.0,26.0,0.342999995,360.0,0.0,0.0,1.0,0.0399999991,2.0,0.0,Oddball standard
509.85398399998667,510.1969839949867,0.0,26.0,0.342999995,360.0,0.0,0.0,1.0,0.0399999991,2.0,0.0,Oddball standard
510.5539839999983,510.8969839949983,0.0,26.0,0.342999995,360.0,0.0,0.0,1.0,0.0399999991,2.0,0.0,Oddball standard
511.2539839999954,511.5969839949954,0.0,26.0,0.342999995,360.0,0.0,0.0,1.0,0.0399999991,2.0,0.0,Oddball standard
511.9539839999925,512.2969839949925,0.0,26.0,0.342999995,360.0,0.0,0.0,1.0,0.0399999991,2.0,0.0,Oddball standard
512.6539839999896,512.9969839949896,0.0,26.0,0.342999995,360.0,0.0,0.0,1.0,0.0399999991,2.0,0.0,Oddball standard
513.3539839999867,513.6969839949867,0.0,26.0,0.342999995,360.0,0.0,0.0,1.0,0.0399999991,2.0,0.0,Oddball standard
514.0539839999983,514.3969839949983,0.0,26.0,0.342999995,360.0,0.0,0.0,1.0,0.0399999991,2.0,0.0,Oddball standard
514.7539839999954,515.0969839949954,0.0,26.0,0.342999995,360.0,0.0,0.0,1.0,0.0399999991,0.0,0.0,Oddball standard
515.4539839999925,515.7969839949925,0.0,26.0,0.342999995,360.0,0.0,0.0,1.0,0.0399999991,2.0,0.0,Oddball standard
516.1539839999896,516.4969839949896,0.0,26.0,0.342999995,360.0,0.0,0.0,1.0,0.0399999991,2.0,0.0,Oddball standard
516.8539839999867,517.1969839949867,0.785398185,26.0,0.342999995,360.0,0.0,0.0,1.0,0.0399999991,2.0,0.785,Oddball deviant
517.5539839999983,517.8969839949983,0.785398185,26.0,0.342999995,360.0,0.0,0.0,1.0,0.0399999991,2.0,0.785,Oddball deviant
518.2539839999954,518.5969839949954,1.57079637,26.0,0.342999995,360.0,0.0,0.0,1.0,0.0399999991,2.0,1.571,Oddball deviant
518.9539839999925,519.2969839949925,0.0,26.0,0.342999995,360.0,0.0,0.0,1.0,0.0399999991,2.0,0.0,Oddball standard
519.6539839999896,519.9969839949896,0.0,-1.0,0.342999995,360.0,0.0,0.0,1.0,0.0399999991,2.0,0.0,Oddball standard
520.3539839999867,520.6969839949867,0.0,27.0,0.342999995,360.0,0.0,0.0,1.0,0.0399999991,2.0,0.0,Oddball standard
521.0539839999983,521.3969839949983,0.0,27.0,0.342999995,360.0,0.0,0.0,1.0,0.0399999991,2.0,0.0,Oddball standard
521.7539839999954,522.0969839949954,0.0,27.0,0.342999995,360.0,0.0,0.0,1.0,0.0399999991,2.0,0.0,Oddball standard
522.4539839999925,522.7969839949925,0.0,27.0,0.342999995,360.0,0.0,0.0,1.0,0.0399999991,2.0,0.0,Oddball standard
523.1539839999896,523.4969839949896,0.0,27.0,0.342999995,360.0,0.0,0.0,1.0,0.0399999991,2.0,0.0,Oddball standard
523.8539839999867,524.1969839949867,0.0,27.0,0.342999995,360.0,0.0,0.0,1.0,0.0399999991,0.0,0.0,Oddball standard
524.5539839999983,524.8969839949983,0.0,27.0,0.342999995,360.0,0.0,0.0,1.0,0.0399999991,2.0,0.0,Oddball standard
525.2539839999954,525.5969839949954,0.0,27.0,0.342999995,360.0,0.0,0.0,1.0,0.0399999991,2.0,0.0,Oddball standard
525.9539839999925,526.2969839949925,0.0,27.0,0.342999995,360.0,0.0,0.0,1.0,0.0399999991,2.0,0.0,Oddball standard
526.6539839999896,526.9969839949896,0.0,27.0,0.342999995,360.0,0.0,0.0,1.0,0.0399999991,2.0,0.0,Oddball standard
527.3539839999867,527.6969839949867,0.0,27.0,0.342999995,360.0,0.0,0.0,1.0,0.0399999991,2.0,0.0,Oddball standard
528.0539839999983,528.3969839949983,0.0,27.0,0.342999995,360.0,0.0,0.0,1.0,0.0399999991,2.0,0.0,Oddball standard
528.7539839999954,529.0969839949954,0.0,27.0,0.342999995,360.0,0.0,0.0,1.0,0.0399999991,2.0,0.0,Oddball standard
529.4539839999925,529.7969839949925,0.0,27.0,0.342999995,360.0,0.0,0.0,1.0,0.0399999991,2.0,0.0,Oddball standard
530.1539839999896,530.4969839949896,0.0,27.0,0.342999995,360.0,0.0,0.0,1.0,0.0399999991,2.0,0.0,Oddball standard
530.8539839999867,531.1969839949867,0.0,27.0,0.342999995,360.0,0.0,0.0,1.0,0.0399999991,2.0,0.0,Oddball standard
531.5539839999983,531.8969839949983,0.0,27.0,0.342999995,360.0,0.0,0.0,1.0,0.0399999991,2.0,0.0,Oddball standard
532.2540159999917,532.5970159949917,0.0,27.0,0.342999995,360.0,0.0,0.0,1.0,0.0399999991,2.0,0.0,Oddball standard
532.9539839999925,533.2969839949925,0.0,27.0,0.342999995,360.0,0.0,0.0,1.0,0.0399999991,2.0,0.0,Oddball standard
533.6539839999896,533.9969839949896,0.0,27.0,0.342999995,360.0,0.0,0.0,1.0,0.0399999991,0.0,0.0,Oddball standard
534.3539839999867,534.6969839949867,0.0,27.0,0.342999995,360.0,0.0,0.0,1.0,0.0399999991,2.0,0.0,Oddball standard
535.0539839999983,535.3969839949983,0.0,27.0,0.342999995,360.0,0.0,0.0,1.0,0.0399999991,2.0,0.0,Oddball standard
535.7539839999954,536.0969839949954,0.0,27.0,0.342999995,360.0,0.0,0.0,1.0,0.0399999991,2.0,0.0,Oddball standard
536.4540159999888,536.7970159949888,0.0,27.0,0.342999995,360.0,0.0,0.0,1.0,0.0399999991,2.0,0.0,Oddball standard
537.1539839999896,537.4969839949896,0.0,27.0,0.342999995,360.0,0.0,0.0,1.0,0.0399999991,2.0,0.0,Oddball standard
537.8539839999867,538.1969839949867,0.0,27.0,0.342999995,360.0,0.0,0.0,1.0,0.0399999991,2.0,0.0,Oddball standard
538.5539839999983,538.8969839949983,0.0,27.0,0.342999995,360.0,0.0,0.0,1.0,0.0399999991,2.0,0.0,Oddball standard
539.2539839999954,539.5969839949954,0.0,27.0,0.342999995,360.0,0.0,0.0,1.0,0.0399999991,2.0,0.0,Oddball standard
539.9539839999925,540.2969839949925,0.0,-1.0,0.342999995,360.0,0.0,0.0,1.0,0.0399999991,2.0,0.0,Oddball standard
540.6539839999896,540.9969839949896,0.0,28.0,0.342999995,360.0,0.0,0.0,1.0,0.0399999991,2.0,0.0,Oddball standard
541.3539839999867,541.6969839949867,0.0,28.0,0.342999995,360.0,0.0,0.0,1.0,0.0399999991,2.0,0.0,Oddball standard
542.0539839999983,542.3969839949983,0.0,28.0,0.342999995,360.0,0.0,0.0,1.0,0.0399999991,2.0,0.0,Oddball standard
542.7539839999954,543.0969839949954,0.0,28.0,0.342999995,360.0,0.0,0.0,1.0,0.0399999991,2.0,0.0,Oddball standard
543.4539839999925,543.7969839949925,0.0,28.0,0.342999995,360.0,0.0,0.0,1.0,0.0399999991,2.0,0.0,Oddball standard
544.1539839999896,544.4969839949896,0.0,28.0,0.342999995,360.0,0.0,0.0,1.0,0.0399999991,2.0,0.0,Oddball standard
544.8539839999867,545.1969839949867,0.0,28.0,0.342999995,360.0,0.0,0.0,1.0,0.0399999991,2.0,0.0,Oddball standard
545.5539839999983,545.8969839949983,0.0,28.0,0.342999995,360.0,0.0,0.0,1.0,0.0399999991,2.0,0.0,Oddball standard
546.2539839999954,546.5969839949954,0.0,28.0,0.342999995,360.0,0.0,0.0,1.0,0.0399999991,2.0,0.0,Oddball standard
546.9539839999925,547.2969839949925,0.0,28.0,0.342999995,360.0,0.0,0.0,1.0,0.0399999991,2.0,0.0,Oddball standard
547.6539839999896,547.9969839949896,0.0,28.0,0.342999995,360.0,0.0,0.0,1.0,0.0399999991,2.0,0.0,Oddball standard
548.3539839999867,548.6969839949867,0.0,28.0,0.342999995,360.0,0.0,0.0,1.0,0.0399999991,2.0,0.0,Oddball standard
549.0539839999983,549.3969839949983,0.0,28.0,0.342999995,360.0,0.0,0.0,1.0,0.0399999991,2.0,0.0,Oddball standard
549.7539839999954,550.0969839949954,0.0,28.0,0.342999995,360.0,0.0,0.0,1.0,0.0399999991,2.0,0.0,Oddball standard
550.4539839999925,550.7969839949925,0.0,28.0,0.342999995,360.0,0.0,0.0,1.0,0.0399999991,2.0,0.0,Oddball standard
551.1539839999896,551.4969839949896,0.0,28.0,0.342999995,360.0,0.0,0.0,1.0,0.0399999991,2.0,0.0,Oddball standard
551.8539839999867,552.1969839949867,0.0,28.0,0.342999995,360.0,0.0,0.0,1.0,0.0399999991,2.0,0.0,Oddball standard
552.5539839999983,552.8969839949983,0.0,28.0,0.342999995,360.0,0.0,0.0,1.0,0.0399999991,2.0,0.0,Oddball standard
553.2539839999954,553.5969839949954,0.785398185,28.0,0.342999995,360.0,0.0,0.0,1.0,0.0399999991,2.0,0.785,Oddball deviant
553.9539839999925,554.2969839949925,0.0,28.0,0.342999995,360.0,0.0,0.0,1.0,0.0399999991,2.0,0.0,Oddball standard
554.6539839999896,554.9969839949896,0.0,28.0,0.342999995,360.0,0.0,0.0,1.0,0.0399999991,2.0,0.0,Oddball standard
555.3539839999867,555.6969839949867,0.0,28.0,0.342999995,360.0,0.0,0.0,1.0,0.0399999991,2.0,0.0,Oddball standard
556.0539839999983,556.3969839949983,0.0,28.0,0.342999995,360.0,0.0,0.0,1.0,0.0399999991,2.0,0.0,Oddball standard
556.7539839999954,557.0969839949954,0.0,28.0,0.342999995,360.0,0.0,0.0,1.0,0.0399999991,2.0,0.0,Oddball standard
557.4539839999925,557.7969839949925,0.0,28.0,0.342999995,360.0,0.0,0.0,1.0,0.0399999991,2.0,0.0,Oddball standard
558.1539839999896,558.4969839949896,0.0,28.0,0.342999995,360.0,0.0,0.0,1.0,0.0399999991,2.0,0.0,Oddball standard
558.8539839999867,559.1969839949867,0.0,28.0,0.342999995,360.0,0.0,0.0,1.0,0.0399999991,2.0,0.0,Oddball standard
559.5709759999881,559.9139759949882,0.0,-1.0,0.342999995,360.0,0.0,0.0,1.0,0.0399999991,2.0,0.0,Oddball standard
560.2709759999998,560.6139759949998,0.0,29.0,0.342999995,360.0,0.0,0.0,1.0,0.0399999991,2.0,0.0,Oddball standard
560.9709759999969,561.3139759949969,0.0,29.0,0.342999995,360.0,0.0,0.0,1.0,0.0399999991,2.0,0.0,Oddball standard
561.670975999994,562.013975994994,0.0,29.0,0.342999995,360.0,0.0,0.0,1.0,0.0399999991,2.0,0.0,Oddball standard
562.3709759999911,562.7139759949911,0.0,29.0,0.342999995,360.0,0.0,0.0,1.0,0.0399999991,2.0,0.0,Oddball standard
563.0709759999881,563.4139759949882,0.0,29.0,0.342999995,360.0,0.0,0.0,1.0,0.0399999991,2.0,0.0,Oddball standard
563.7709759999998,564.1139759949998,0.0,29.0,0.342999995,360.0,0.0,0.0,1.0,0.0399999991,2.0,0.0,Oddball standard
564.4709759999969,564.8139759949969,0.0,29.0,0.342999995,360.0,0.0,0.0,1.0,0.0399999991,2.0,0.0,Oddball standard
565.170975999994,565.513975994994,0.0,29.0,0.342999995,360.0,0.0,0.0,1.0,0.0399999991,2.0,0.0,Oddball standard
565.8709759999911,566.2139759949911,0.0,29.0,0.342999995,360.0,0.0,0.0,1.0,0.0399999991,2.0,0.0,Oddball standard
566.5709759999881,566.9139759949882,0.0,29.0,0.342999995,360.0,0.0,0.0,1.0,0.0399999991,2.0,0.0,Oddball standard
567.2709759999998,567.6139759949998,0.0,29.0,0.342999995,360.0,0.0,0.0,1.0,0.0399999991,2.0,0.0,Oddball standard
567.9709759999969,568.3139759949969,0.0,29.0,0.342999995,360.0,0.0,0.0,1.0,0.0399999991,2.0,0.0,Oddball standard
568.670975999994,569.013975994994,0.0,29.0,0.342999995,360.0,0.0,0.0,1.0,0.0399999991,2.0,0.0,Oddball standard
569.3709759999911,569.7139759949911,0.0,29.0,0.342999995,360.0,0.0,0.0,1.0,0.0399999991,2.0,0.0,Oddball standard
570.0709759999881,570.4139759949882,0.0,29.0,0.342999995,360.0,0.0,0.0,1.0,0.0399999991,2.0,0.0,Oddball standard
570.7709759999998,571.1139759949998,0.0,29.0,0.342999995,360.0,0.0,0.0,1.0,0.0399999991,2.0,0.0,Oddball standard
571.4709759999969,571.8139759949969,0.0,29.0,0.342999995,360.0,0.0,0.0,1.0,0.0399999991,2.0,0.0,Oddball standard
572.170975999994,572.513975994994,0.0,29.0,0.342999995,360.0,0.0,0.0,1.0,0.0399999991,2.0,0.0,Oddball standard
572.8709759999911,573.2139759949911,0.0,29.0,0.342999995,360.0,0.0,0.0,1.0,0.0399999991,2.0,0.0,Oddball standard
573.5709759999881,573.9139759949882,0.0,29.0,0.342999995,360.0,0.0,0.0,1.0,0.0399999991,2.0,0.0,Oddball standard
574.2709759999998,574.6139759949998,0.0,29.0,0.342999995,360.0,0.0,0.0,1.0,0.0399999991,2.0,0.0,Oddball standard
574.9709759999969,575.3139759949969,0.0,29.0,0.342999995,360.0,0.0,0.0,1.0,0.0399999991,2.0,0.0,Oddball standard
575.670975999994,576.013975994994,0.0,29.0,0.342999995,360.0,0.0,0.0,1.0,0.0399999991,2.0,0.0,Oddball standard
576.3709759999911,576.7139759949911,0.0,29.0,0.342999995,360.0,0.0,0.0,1.0,0.0399999991,2.0,0.0,Oddball standard
577.0709759999881,577.4139759949882,0.0,29.0,0.342999995,360.0,0.0,0.0,1.0,0.0399999991,2.0,0.0,Oddball standard
577.7709759999998,578.1139759949998,0.0,29.0,0.342999995,360.0,0.0,0.0,1.0,0.0399999991,2.0,0.0,Oddball standard
578.4709759999969,578.8139759949969,0.0,29.0,0.342999995,360.0,0.0,0.0,1.0,0.0399999991,2.0,0.0,Oddball standard
579.170975999994,579.513975994994,0.0,29.0,0.342999995,360.0,0.0,0.0,0.0,0.0399999991,2.0,0.0,Blank
579.8709759999911,580.2139759949911,0.0,-1.0,0.342999995,360.0,0.0,0.0,1.0,0.0399999991,2.0,0.0,Oddball standard
580.5709759999881,580.9139759949882,1.57079637,30.0,0.342999995,360.0,0.0,0.0,1.0,0.0399999991,2.0,1.571,Oddball deviant
581.2709759999998,581.6139759949998,0.0,30.0,0.342999995,360.0,0.0,0.0,1.0,0.0399999991,2.0,0.0,Oddball standard
581.9709759999969,582.3139759949969,0.0,30.0,0.342999995,360.0,0.0,0.0,1.0,0.0399999991,2.0,0.0,Oddball standard
582.670975999994,583.013975994994,0.0,30.0,0.342999995,360.0,0.0,0.0,1.0,0.0399999991,2.0,0.0,Oddball standard
583.3709759999911,583.7139759949911,0.0,30.0,0.342999995,360.0,0.0,0.0,1.0,0.0399999991,2.0,0.0,Oddball standard
584.0709759999881,584.4139759949882,0.0,30.0,0.342999995,360.0,0.0,0.0,1.0,0.0399999991,2.0,0.0,Oddball standard
584.7709759999998,585.1139759949998,0.0,30.0,0.342999995,360.0,0.0,0.0,1.0,0.0399999991,2.0,0.0,Oddball standard
585.4709759999969,585.8139759949969,0.0,30.0,0.342999995,360.0,0.0,0.0,1.0,0.0399999991,2.0,0.0,Oddball standard
586.170975999994,586.513975994994,0.0,30.0,0.342999995,360.0,0.0,0.0,1.0,0.0399999991,2.0,0.0,Oddball standard
586.8709759999911,587.2139759949911,0.0,30.0,0.342999995,360.0,0.0,0.0,1.0,0.0399999991,2.0,0.0,Oddball standard
587.5709759999881,587.9139759949882,0.0,30.0,0.342999995,360.0,0.0,0.0,1.0,0.0399999991,2.0,0.0,Oddball standard
588.2709759999998,588.6139759949998,0.0,30.0,0.342999995,360.0,0.0,0.0,1.0,0.0399999991,2.0,0.0,Oddball standard
588.9709759999969,589.3139759949969,0.0,30.0,0.342999995,360.0,0.0,0.0,1.0,0.0399999991,0.0,0.0,Oddball standard
589.6710079999903,590.0140079949903,0.0,30.0,0.342999995,360.0,0.0,0.0,1.0,0.0399999991,2.0,0.0,Oddball standard
590.3709759999911,590.7139759949911,0.0,30.0,0.342999995,360.0,0.0,0.0,1.0,0.0399999991,2.0,0.0,Oddball standard
591.0709759999881,591.4139759949882,0.0,30.0,0.342999995,360.0,0.0,0.0,1.0,0.0399999991,2.0,0.0,Oddball standard
591.7709759999998,592.1139759949998,0.0,30.0,0.342999995,360.0,0.0,0.0,1.0,0.0399999991,2.0,0.0,Oddball standard
592.4709759999969,592.8139759949969,0.0,30.0,0.342999995,360.0,0.0,0.0,1.0,0.0399999991,2.0,0.0,Oddball standard
593.170975999994,593.513975994994,0.0,30.0,0.342999995,360.0,0.0,0.0,1.0,0.0399999991,2.0,0.0,Oddball standard
593.8709759999911,594.2139759949911,0.0,30.0,0.342999995,360.0,0.0,0.0,1.0,0.0399999991,2.0,0.0,Oddball standard
594.5709759999881,594.9139759949882,0.0,30.0,0.342999995,360.0,0.0,0.0,1.0,0.0399999991,2.0,0.0,Oddball standard
595.2709759999998,595.6139759949998,0.0,30.0,0.342999995,360.0,0.0,0.0,1.0,0.0399999991,2.0,0.0,Oddball standard
595.9709759999969,596.3139759949969,0.0,30.0,0.342999995,360.0,0.0,0.0,1.0,0.0399999991,2.0,0.0,Oddball standard
596.670975999994,597.013975994994,0.0,30.0,0.342999995,360.0,0.0,0.0,1.0,0.0399999991,2.0,0.0,Oddball standard
597.3709759999911,597.7139759949911,0.0,30.0,0.342999995,360.0,0.0,0.0,1.0,0.0399999991,2.0,0.0,Oddball standard
598.0709759999881,598.4139759949882,0.0,30.0,0.342999995,360.0,0.0,0.0,1.0,0.0399999991,2.0,0.0,Oddball standard
598.7709759999998,599.1139759949998,0.0,30.0,0.342999995,360.0,0.0,0.0,1.0,0.0399999991,0.0,0.0,Oddball standard
599.4709759999969,599.8139759949969,0.0,-1.0,0.342999995,360.0,0.0,0.0,1.0,0.0399999991,2.0,0.0,Oddball standard
600.170975999994,600.513975994994,0.0,31.0,0.342999995,360.0,0.0,0.0,1.0,0.0399999991,2.0,0.0,Oddball standard
600.8709759999911,601.2139759949911,0.0,31.0,0.342999995,360.0,0.0,0.0,1.0,0.0399999991,2.0,0.0,Oddball standard
601.5709759999881,601.9139759949882,0.0,31.0,0.342999995,360.0,0.0,0.0,1.0,0.0399999991,2.0,0.0,Oddball standard
602.2709759999998,602.6139759949998,0.0,31.0,0.342999995,360.0,0.0,0.0,1.0,0.0399999991,2.0,0.0,Oddball standard
602.9709759999969,603.3139759949969,0.0,31.0,0.342999995,360.0,0.0,0.0,1.0,0.0399999991,2.0,0.0,Oddball standard
603.670975999994,604.013975994994,0.0,31.0,0.342999995,360.0,0.0,0.0,1.0,0.0399999991,2.0,0.0,Oddball standard
604.3709759999911,604.7139759949911,0.0,31.0,0.342999995,360.0,0.0,0.0,1.0,0.0399999991,2.0,0.0,Oddball standard
605.0709759999881,605.4139759949882,0.0,31.0,0.342999995,360.0,0.0,0.0,1.0,0.0399999991,2.0,0.0,Oddball standard
605.7709759999998,606.1139759949998,0.0,31.0,0.342999995,360.0,0.0,0.0,1.0,0.0399999991,2.0,0.0,Oddball standard
606.4709759999969,606.8139759949969,0.0,31.0,0.342999995,360.0,0.0,0.0,1.0,0.0399999991,2.0,0.0,Oddball standard
607.170975999994,607.513975994994,0.0,31.0,0.342999995,360.0,0.0,0.0,1.0,0.0399999991,2.0,0.0,Oddball standard
607.8709759999911,608.2139759949911,0.0,31.0,0.342999995,360.0,0.0,0.0,1.0,0.0399999991,2.0,0.0,Oddball standard
608.5709759999881,608.9139759949882,0.0,31.0,0.342999995,360.0,0.0,0.0,1.0,0.0399999991,2.0,0.0,Oddball standard
609.2709759999998,609.6139759949998,0.0,31.0,0.342999995,360.0,0.0,0.0,1.0,0.0399999991,2.0,0.0,Oddball standard
609.9709759999969,610.3139759949969,0.0,31.0,0.342999995,360.0,0.0,0.0,1.0,0.0399999991,2.0,0.0,Oddball standard
610.670975999994,611.013975994994,0.0,31.0,0.342999995,360.0,0.0,0.0,1.0,0.0399999991,2.0,0.0,Oddball standard
611.3709759999911,611.7139759949911,0.0,31.0,0.342999995,360.0,0.0,0.0,1.0,0.0399999991,2.0,0.0,Oddball standard
612.0709759999881,612.4139759949882,0.0,31.0,0.342999995,360.0,0.0,0.0,1.0,0.0399999991,2.0,0.0,Oddball standard
612.7709759999998,613.1139759949998,0.0,31.0,0.342999995,360.0,0.0,0.0,1.0,0.0399999991,2.0,0.0,Oddball standard
613.4709759999969,613.8139759949969,0.0,31.0,0.342999995,360.0,0.0,0.0,1.0,0.0399999991,2.0,0.0,Oddball standard
614.170975999994,614.513975994994,0.0,31.0,0.342999995,360.0,0.0,0.0,1.0,0.0399999991,2.0,0.0,Oddball standard
614.8709759999911,615.2139759949911,0.0,31.0,0.342999995,360.0,0.0,0.0,1.0,0.0399999991,2.0,0.0,Oddball standard
615.5709759999881,615.9139759949882,0.0,31.0,0.342999995,360.0,0.0,0.0,1.0,0.0399999991,2.0,0.0,Oddball standard
616.2709759999998,616.6139759949998,0.0,31.0,0.342999995,360.0,0.0,0.0,1.0,0.0399999991,2.0,0.0,Oddball standard
616.9709759999969,617.3139759949969,0.0,31.0,0.342999995,360.0,0.0,0.0,1.0,0.0399999991,2.0,0.0,Oddball standard
617.670975999994,618.013975994994,0.0,31.0,0.342999995,360.0,0.0,0.0,1.0,0.0399999991,2.0,0.0,Oddball standard
618.3709759999911,618.7139759949911,0.0,31.0,0.342999995,360.0,0.0,0.0,1.0,0.0399999991,2.0,0.0,Oddball standard
619.0709759999881,619.4139759949882,0.0,31.0,0.342999995,360.0,0.0,0.0,1.0,0.0399999991,2.0,0.0,Oddball standard
619.7709759999998,620.1139759949998,0.0,-1.0,0.342999995,360.0,0.0,0.0,1.0,0.0399999991,2.0,0.0,Oddball standard
620.4709759999969,620.8139759949969,0.0,32.0,0.342999995,360.0,0.0,0.0,1.0,0.0399999991,2.0,0.0,Oddball standard
621.170975999994,621.513975994994,0.0,32.0,0.342999995,360.0,0.0,0.0,1.0,0.0399999991,2.0,0.0,Oddball standard
621.8709759999911,622.2139759949911,0.0,32.0,0.342999995,360.0,0.0,0.0,1.0,0.0399999991,2.0,0.0,Oddball standard
622.5709759999881,622.9139759949882,0.0,32.0,0.342999995,360.0,0.0,0.0,1.0,0.0399999991,2.0,0.0,Oddball standard
623.2709759999998,623.6139759949998,0.0,32.0,0.342999995,360.0,0.0,0.0,1.0,0.0399999991,2.0,0.0,Oddball standard
623.9709759999969,624.3139759949969,0.0,32.0,0.342999995,360.0,0.0,0.0,1.0,0.0399999991,2.0,0.0,Oddball standard
624.670975999994,625.013975994994,0.0,32.0,0.342999995,360.0,0.0,0.0,1.0,0.0399999991,2.0,0.0,Oddball standard
625.3709759999911,625.7139759949911,0.0,32.0,0.342999995,360.0,0.0,0.0,1.0,0.0399999991,2.0,0.0,Oddball standard
626.0709759999881,626.4139759949882,0.0,32.0,0.342999995,360.0,0.0,0.0,1.0,0.0399999991,2.0,0.0,Oddball standard
626.7709759999998,627.1139759949998,0.0,32.0,0.342999995,360.0,0.0,0.0,1.0,0.0399999991,2.0,0.0,Oddball standard
627.4709759999969,627.8139759949969,0.0,32.0,0.342999995,360.0,0.0,0.0,1.0,0.0399999991,2.0,0.0,Oddball standard
628.170975999994,628.513975994994,0.0,32.0,0.342999995,360.0,0.0,0.0,1.0,0.0399999991,2.0,0.0,Oddball standard
628.8709759999911,629.2139759949911,0.0,32.0,0.342999995,360.0,0.0,0.0,1.0,0.0399999991,2.0,0.0,Oddball standard
629.5709759999881,629.9139759949882,0.0,32.0,0.342999995,360.0,0.0,0.0,1.0,0.0399999991,2.0,0.0,Oddball standard
630.2709759999998,630.6139759949998,0.0,32.0,0.342999995,360.0,0.0,0.0,1.0,0.0399999991,2.0,0.0,Oddball standard
630.9709759999969,631.3139759949969,0.0,32.0,0.342999995,360.0,0.0,0.0,1.0,0.0399999991,0.0,0.0,Oddball standard
631.670975999994,632.013975994994,0.0,32.0,0.342999995,360.0,0.0,0.0,1.0,0.0399999991,2.0,0.0,Oddball standard
632.3709759999911,632.7139759949911,0.0,32.0,0.342999995,360.0,0.0,0.0,1.0,0.0399999991,2.0,0.0,Oddball standard
633.0709759999881,633.4139759949882,0.0,32.0,0.342999995,360.0,0.0,0.0,1.0,0.0399999991,2.0,0.0,Oddball standard
633.7709759999998,634.1139759949998,0.0,32.0,0.342999995,360.0,0.0,0.0,1.0,0.0399999991,2.0,0.0,Oddball standard
634.4709759999969,634.8139759949969,0.0,32.0,0.342999995,360.0,0.0,0.0,1.0,0.0399999991,2.0,0.0,Oddball standard
635.170975999994,635.513975994994,0.0,32.0,0.342999995,360.0,0.0,0.0,1.0,0.0399999991,2.0,0.0,Oddball standard
635.8710079999873,636.2140079949874,0.0,32.0,0.342999995,360.0,0.0,0.0,1.0,0.0399999991,2.0,0.0,Oddball standard
636.5709759999881,636.9139759949882,0.0,32.0,0.342999995,360.0,0.0,0.0,1.0,0.0399999991,2.0,0.0,Oddball standard
637.2709759999998,637.6139759949998,0.0,32.0,0.342999995,360.0,0.0,0.0,1.0,0.0399999991,2.0,0.0,Oddball standard
637.9709759999969,638.3139759949969,0.0,32.0,0.342999995,360.0,0.0,0.0,1.0,0.0399999991,2.0,0.0,Oddball standard
638.670975999994,639.013975994994,0.0,32.0,0.342999995,360.0,0.0,0.0,1.0,0.0399999991,2.0,0.0,Oddball standard
639.3709759999911,639.7139759949911,0.0,32.0,0.342999995,360.0,0.0,0.0,1.0,0.0399999991,2.0,0.0,Oddball standard
640.0709759999881,640.4139759949882,0.0,33.0,0.342999995,360.0,0.0,0.0,1.0,0.0399999991,2.0,0.0,Oddball standard
640.7719999999972,641.1149999949972,0.0,33.0,0.342999995,360.0,0.0,0.0,1.0,0.0399999991,2.0,0.0,Oddball standard
641.4709759999969,641.8139759949969,0.0,33.0,0.342999995,360.0,0.0,0.0,1.0,0.0399999991,2.0,0.0,Oddball standard
642.170975999994,642.513975994994,0.0,33.0,0.342999995,360.0,0.0,0.0,1.0,0.0399999991,2.0,0.0,Oddball standard
642.8709759999911,643.2139759949911,0.0,33.0,0.342999995,360.0,0.0,0.0,1.0,0.0399999991,2.0,0.0,Oddball standard
643.5709759999881,643.9139759949882,0.0,33.0,0.342999995,360.0,0.0,0.0,1.0,0.0399999991,2.0,0.0,Oddball standard
644.2709759999998,644.6139759949998,0.0,33.0,0.342999995,360.0,0.0,0.0,1.0,0.0399999991,2.0,0.0,Oddball standard
644.9709759999969,645.3139759949969,0.0,33.0,0.342999995,360.0,0.0,0.0,1.0,0.0399999991,0.0,0.0,Oddball standard
645.670975999994,646.013975994994,0.0,33.0,0.342999995,360.0,0.0,0.0,1.0,0.0399999991,2.0,0.0,Oddball standard
646.3709759999911,646.7139759949911,0.0,33.0,0.342999995,360.0,0.0,0.0,1.0,0.0399999991,2.0,0.0,Oddball standard
647.0709759999881,647.4139759949882,0.0,33.0,0.342999995,360.0,0.0,0.0,1.0,0.0399999991,2.0,0.0,Oddball standard
647.7709759999998,648.1139759949998,0.0,33.0,0.342999995,360.0,0.0,0.0,1.0,0.0399999991,2.0,0.0,Oddball standard
648.4709759999969,648.8139759949969,0.0,33.0,0.342999995,360.0,0.0,0.0,1.0,0.0399999991,2.0,0.0,Oddball standard
649.170975999994,649.513975994994,0.0,33.0,0.342999995,360.0,0.0,0.0,0.0,0.0399999991,2.0,0.0,Blank
649.8709759999911,650.2139759949911,0.0,33.0,0.342999995,360.0,0.0,0.0,1.0,0.0399999991,0.0,0.0,Oddball standard
650.5709759999881,650.9139759949882,0.0,33.0,0.342999995,360.0,0.0,0.0,1.0,0.0399999991,2.0,0.0,Oddball standard
651.2709759999998,651.6139759949998,0.0,33.0,0.342999995,360.0,0.0,0.0,1.0,0.0399999991,2.0,0.0,Oddball standard
651.9709759999969,652.3139759949969,0.0,33.0,0.342999995,360.0,0.0,0.0,1.0,0.0399999991,2.0,0.0,Oddball standard
652.670975999994,653.013975994994,0.0,33.0,0.342999995,360.0,0.0,0.0,1.0,0.0399999991,2.0,0.0,Oddball standard
653.3709759999911,653.7139759949911,0.0,33.0,0.342999995,360.0,0.0,0.0,1.0,0.0399999991,2.0,0.0,Oddball standard
654.0709759999881,654.4139759949882,0.0,33.0,0.342999995,360.0,0.0,0.0,1.0,0.0399999991,2.0,0.0,Oddball standard
654.7709759999998,655.1139759949998,0.0,33.0,0.342999995,360.0,0.0,0.0,1.0,0.0399999991,2.0,0.0,Oddball standard
655.4709759999969,655.8139759949969,0.0,33.0,0.342999995,360.0,0.0,0.0,1.0,0.0399999991,2.0,0.0,Oddball standard
656.170975999994,656.513975994994,0.0,33.0,0.342999995,360.0,0.0,0.0,1.0,0.0399999991,2.0,0.0,Oddball standard
656.8709759999911,657.2139759949911,0.0,33.0,0.342999995,360.0,0.0,0.0,1.0,0.0399999991,0.0,0.0,Oddball standard
657.5709759999881,657.9139759949882,0.0,33.0,0.342999995,360.0,0.0,0.0,1.0,0.0399999991,2.0,0.0,Oddball standard
658.2709759999998,658.6139759949998,0.0,33.0,0.342999995,360.0,0.0,0.0,1.0,0.0399999991,2.0,0.0,Oddball standard
658.9709759999969,659.3139759949969,0.0,33.0,0.342999995,360.0,0.0,0.0,1.0,0.0399999991,2.0,0.0,Oddball standard
659.670975999994,660.013975994994,0.0,-1.0,0.342999995,360.0,0.0,0.0,1.0,0.0399999991,2.0,0.0,Oddball standard
660.3709759999911,660.7139759949911,0.0,34.0,0.342999995,360.0,0.0,0.0,1.0,0.0399999991,2.0,0.0,Oddball standard
661.0709759999881,661.4139759949882,0.0,34.0,0.342999995,360.0,0.0,0.0,1.0,0.0399999991,2.0,0.0,Oddball standard
661.7709759999998,662.1139759949998,0.0,34.0,0.342999995,360.0,0.0,0.0,1.0,0.0399999991,2.0,0.0,Oddball standard
662.4709759999969,662.8139759949969,0.0,34.0,0.342999995,360.0,0.0,0.0,1.0,0.0399999991,2.0,0.0,Oddball standard
663.170975999994,663.513975994994,0.0,34.0,0.342999995,360.0,0.0,0.0,1.0,0.0399999991,2.0,0.0,Oddball standard
663.8709759999911,664.2139759949911,0.0,34.0,0.342999995,360.0,0.0,0.0,1.0,0.0399999991,2.0,0.0,Oddball standard
664.5709759999881,664.9139759949882,0.0,34.0,0.342999995,360.0,0.0,0.0,1.0,0.0399999991,2.0,0.0,Oddball standard
665.2709759999998,665.6139759949998,0.0,34.0,0.342999995,360.0,0.0,0.0,1.0,0.0399999991,2.0,0.0,Oddball standard
665.9709759999969,666.3139759949969,0.0,34.0,0.342999995,360.0,0.0,0.0,1.0,0.0399999991,2.0,0.0,Oddball standard
666.670975999994,667.013975994994,0.0,34.0,0.342999995,360.0,0.0,0.0,1.0,0.0399999991,2.0,0.0,Oddball standard
667.3709759999911,667.7139759949911,0.0,34.0,0.342999995,360.0,0.0,0.0,1.0,0.0399999991,2.0,0.0,Oddball standard
668.0709759999881,668.4139759949882,0.0,34.0,0.342999995,360.0,0.0,0.0,1.0,0.0399999991,2.0,0.0,Oddball standard
668.7709759999998,669.1139759949998,0.0,34.0,0.342999995,360.0,0.0,0.0,1.0,0.0399999991,2.0,0.0,Oddball standard
669.4709759999969,669.8139759949969,0.0,34.0,0.342999995,360.0,0.0,0.0,1.0,0.0399999991,2.0,0.0,Oddball standard
670.170975999994,670.513975994994,0.0,34.0,0.342999995,360.0,0.0,0.0,1.0,0.0399999991,2.0,0.0,Oddball standard
670.8709759999911,671.2139759949911,0.0,34.0,0.342999995,360.0,0.0,0.0,1.0,0.0399999991,2.0,0.0,Oddball standard
671.5709759999881,671.9139759949882,0.0,34.0,0.342999995,360.0,0.0,0.0,1.0,0.0399999991,2.0,0.0,Oddball standard
672.2709759999998,672.6139759949998,0.0,34.0,0.342999995,360.0,0.0,0.0,1.0,0.0399999991,2.0,0.0,Oddball standard
672.9709759999969,673.3139759949969,0.0,34.0,0.342999995,360.0,0.0,0.0,1.0,0.0399999991,2.0,0.0,Oddball standard
673.670975999994,674.013975994994,0.0,34.0,0.342999995,360.0,0.0,0.0,1.0,0.0399999991,2.0,0.0,Oddball standard
674.3709759999911,674.7139759949911,0.0,34.0,0.342999995,360.0,0.0,0.0,1.0,0.0399999991,2.0,0.0,Oddball standard
675.0709759999881,675.4139759949882,0.0,34.0,0.342999995,360.0,0.0,0.0,1.0,0.0399999991,2.0,0.0,Oddball standard
675.7709759999998,676.1139759949998,0.0,34.0,0.342999995,360.0,0.0,0.0,1.0,0.0399999991,2.0,0.0,Oddball standard
676.4709759999969,676.8139759949969,0.0,34.0,0.342999995,360.0,0.0,0.0,1.0,0.0399999991,2.0,0.0,Oddball standard
677.170975999994,677.513975994994,0.0,34.0,0.342999995,360.0,0.0,0.0,1.0,0.0399999991,2.0,0.0,Oddball standard
677.8709759999911,678.2139759949911,0.0,34.0,0.342999995,360.0,0.0,0.0,1.0,0.0399999991,2.0,0.0,Oddball standard
678.5709759999881,678.9139759949882,0.0,34.0,0.342999995,360.0,0.0,0.0,1.0,0.0399999991,2.0,0.0,Oddball standard
679.2709759999998,679.6139759949998,0.0,34.0,0.342999995,360.0,0.0,0.0,1.0,0.0399999991,2.0,0.0,Oddball standard
679.9709759999969,680.3139759949969,1.57079637,-1.0,0.342999995,360.0,0.0,0.0,1.0,0.0399999991,2.0,1.571,Oddball deviant
680.670975999994,681.013975994994,0.0,35.0,0.342999995,360.0,0.0,0.0,1.0,0.0399999991,2.0,0.0,Oddball standard
681.3709759999911,681.7139759949911,0.0,35.0,0.342999995,360.0,0.0,0.0,1.0,0.0399999991,2.0,0.0,Oddball standard
682.0709759999881,682.4139759949882,0.0,35.0,0.342999995,360.0,0.0,0.0,1.0,0.0399999991,2.0,0.0,Oddball standard
682.7709759999998,683.1139759949998,0.0,35.0,0.342999995,360.0,0.0,0.0,1.0,0.0399999991,2.0,0.0,Oddball standard
683.4709759999969,683.8139759949969,0.0,35.0,0.342999995,360.0,0.0,0.0,1.0,0.0399999991,2.0,0.0,Oddball standard
684.170975999994,684.513975994994,0.0,35.0,0.342999995,360.0,0.0,0.0,1.0,0.0399999991,2.0,0.0,Oddball standard
684.8709759999911,685.2139759949911,0.0,35.0,0.342999995,360.0,0.0,0.0,1.0,0.0399999991,2.0,0.0,Oddball standard
685.5709759999881,685.9139759949882,0.0,35.0,0.342999995,360.0,0.0,0.0,1.0,0.0399999991,2.0,0.0,Oddball standard
686.2709759999998,686.6139759949998,0.0,35.0,0.342999995,360.0,0.0,0.0,1.0,0.0399999991,2.0,0.0,Oddball standard
686.9709759999969,687.3139759949969,0.0,35.0,0.342999995,360.0,0.0,0.0,1.0,0.0399999991,0.0,0.0,Oddball standard
687.670975999994,688.013975994994,0.0,35.0,0.342999995,360.0,0.0,0.0,1.0,0.0399999991,2.0,0.0,Oddball standard
688.3709759999911,688.7139759949911,0.0,35.0,0.342999995,360.0,0.0,0.0,1.0,0.0399999991,2.0,0.0,Oddball standard
689.0709759999881,689.4139759949882,0.0,35.0,0.342999995,360.0,0.0,0.0,1.0,0.0399999991,2.0,0.0,Oddball standard
689.7719999999972,690.1149999949972,0.0,35.0,0.342999995,360.0,0.0,0.0,1.0,0.0399999991,2.0,0.0,Oddball standard
690.4709759999969,690.8139759949969,0.0,35.0,0.342999995,360.0,0.0,0.0,1.0,0.0399999991,2.0,0.0,Oddball standard
691.170975999994,691.513975994994,0.0,35.0,0.342999995,360.0,0.0,0.0,1.0,0.0399999991,2.0,0.0,Oddball standard
691.8709759999911,692.2139759949911,0.0,35.0,0.342999995,360.0,0.0,0.0,1.0,0.0399999991,2.0,0.0,Oddball standard
692.5709759999881,692.9139759949882,0.0,35.0,0.342999995,360.0,0.0,0.0,1.0,0.0399999991,2.0,0.0,Oddball standard
693.2709759999998,693.6139759949998,0.0,35.0,0.342999995,360.0,0.0,0.0,1.0,0.0399999991,2.0,0.0,Oddball standard
693.9709759999969,694.3139759949969,0.0,35.0,0.342999995,360.0,0.0,0.0,1.0,0.0399999991,2.0,0.0,Oddball standard
694.670975999994,695.013975994994,0.0,35.0,0.342999995,360.0,0.0,0.0,1.0,0.0399999991,2.0,0.0,Oddball standard
695.3709759999911,695.7139759949911,0.0,35.0,0.342999995,360.0,0.0,0.0,1.0,0.0399999991,2.0,0.0,Oddball standard
696.0709759999881,696.4139759949882,0.0,35.0,0.342999995,360.0,0.0,0.0,1.0,0.0399999991,2.0,0.0,Oddball standard
696.7709759999998,697.1139759949998,0.0,35.0,0.342999995,360.0,0.0,0.0,1.0,0.0399999991,2.0,0.0,Oddball standard
697.4709759999969,697.8139759949969,0.0,35.0,0.342999995,360.0,0.0,0.0,1.0,0.0399999991,2.0,0.0,Oddball standard
698.1719999999914,698.5149999949914,0.0,35.0,0.342999995,360.0,0.0,0.0,1.0,0.0399999991,2.0,0.0,Oddball standard
698.8719999999885,699.2149999949885,0.0,35.0,0.342999995,360.0,0.0,0.0,1.0,0.0399999991,2.0,0.0,Oddball standard
699.5720000000001,699.9149999950001,0.0,-1.0,0.342999995,360.0,0.0,0.0,1.0,0.0399999991,2.0,0.0,Oddball standard
700.2719999999972,700.6149999949972,0.0,36.0,0.342999995,360.0,0.0,0.0,1.0,0.0399999991,2.0,0.0,Oddball standard
700.9719999999943,701.3149999949943,0.0,36.0,0.342999995,360.0,0.0,0.0,1.0,0.0399999991,0.0,0.0,Oddball standard
701.6719999999914,702.0149999949914,0.0,36.0,0.342999995,360.0,0.0,0.0,1.0,0.0399999991,2.0,0.0,Oddball standard
702.3719999999885,702.7149999949885,0.0,36.0,0.342999995,360.0,0.0,0.0,1.0,0.0399999991,2.0,0.0,Oddball standard
703.0720000000001,703.4149999950001,0.0,36.0,0.342999995,360.0,0.0,0.0,1.0,0.0399999991,2.0,0.0,Oddball standard
703.7719999999972,704.1149999949972,0.0,36.0,0.342999995,360.0,0.0,0.0,1.0,0.0399999991,2.0,0.0,Oddball standard
704.4719999999943,704.8149999949943,0.0,36.0,0.342999995,360.0,0.0,0.0,1.0,0.0399999991,2.0,0.0,Oddball standard
705.1719999999914,705.5149999949914,0.0,36.0,0.342999995,360.0,0.0,0.0,1.0,0.0399999991,2.0,0.0,Oddball standard
705.8719999999885,706.2149999949885,0.0,36.0,0.342999995,360.0,0.0,0.0,1.0,0.0399999991,2.0,0.0,Oddball standard
706.5720000000001,706.9149999950001,0.0,36.0,0.342999995,360.0,0.0,0.0,1.0,0.0399999991,2.0,0.0,Oddball standard
707.2719999999972,707.6149999949972,0.0,36.0,0.342999995,360.0,0.0,0.0,1.0,0.0399999991,2.0,0.0,Oddball standard
707.9719999999943,708.3149999949943,0.0,36.0,0.342999995,360.0,0.0,0.0,1.0,0.0399999991,2.0,0.0,Oddball standard
708.6719999999914,709.0149999949914,0.0,36.0,0.342999995,360.0,0.0,0.0,1.0,0.0399999991,2.0,0.0,Oddball standard
709.3719999999885,709.7149999949885,0.0,36.0,0.342999995,360.0,0.0,0.0,1.0,0.0399999991,2.0,0.0,Oddball standard
710.0720000000001,710.4149999950001,0.0,36.0,0.342999995,360.0,0.0,0.0,1.0,0.0399999991,2.0,0.0,Oddball standard
710.7719999999972,711.1149999949972,0.0,36.0,0.342999995,360.0,0.0,0.0,1.0,0.0399999991,2.0,0.0,Oddball standard
711.4719999999943,711.8149999949943,0.0,36.0,0.342999995,360.0,0.0,0.0,1.0,0.0399999991,2.0,0.0,Oddball standard
712.1719999999914,712.5149999949914,0.0,36.0,0.342999995,360.0,0.0,0.0,1.0,0.0399999991,2.0,0.0,Oddball standard
712.8719999999885,713.2149999949885,0.0,36.0,0.342999995,360.0,0.0,0.0,1.0,0.0399999991,2.0,0.0,Oddball standard
713.5720000000001,713.9149999950001,0.0,36.0,0.342999995,360.0,0.0,0.0,1.0,0.0399999991,2.0,0.0,Oddball standard
714.2719999999972,714.6149999949972,0.0,36.0,0.342999995,360.0,0.0,0.0,1.0,0.0399999991,2.0,0.0,Oddball standard
714.9719999999943,715.3149999949943,0.0,36.0,0.342999995,360.0,0.0,0.0,1.0,0.0399999991,2.0,0.0,Oddball standard
715.6719999999914,716.0149999949914,0.0,36.0,0.342999995,360.0,0.0,0.0,1.0,0.0399999991,2.0,0.0,Oddball standard
716.3719999999885,716.7149999949885,0.0,36.0,0.342999995,360.0,0.0,0.0,1.0,0.0399999991,2.0,0.0,Oddball standard
717.0720000000001,717.4149999950001,0.0,36.0,0.342999995,360.0,0.0,0.0,1.0,0.0399999991,2.0,0.0,Oddball standard
717.7719999999972,718.1149999949972,0.0,36.0,0.342999995,360.0,0.0,0.0,1.0,0.0399999991,2.0,0.0,Oddball standard
718.4719999999943,718.8149999949943,0.0,36.0,0.342999995,360.0,0.0,0.0,1.0,0.0399999991,2.0,0.0,Oddball standard
719.1719999999914,719.5149999949914,0.0,36.0,0.342999995,360.0,0.0,0.0,1.0,0.0399999991,2.0,0.0,Oddball standard
719.8719999999885,720.2149999949885,0.0,-1.0,0.342999995,360.0,0.0,0.0,1.0,0.0399999991,2.0,0.0,Oddball standard
720.5720000000001,720.9149999950001,0.0,37.0,0.342999995,360.0,0.0,0.0,1.0,0.0399999991,2.0,0.0,Oddball standard
721.2719999999972,721.6149999949972,1.57079637,37.0,0.342999995,360.0,0.0,0.0,1.0,0.0399999991,2.0,1.571,Oddball deviant
721.9719999999943,722.3149999949943,0.0,37.0,0.342999995,360.0,0.0,0.0,1.0,0.0399999991,2.0,0.0,Oddball standard
722.6719999999914,723.0149999949914,0.0,37.0,0.342999995,360.0,0.0,0.0,1.0,0.0399999991,2.0,0.0,Oddball standard
723.3719999999885,723.7149999949885,0.0,37.0,0.342999995,360.0,0.0,0.0,1.0,0.0399999991,2.0,0.0,Oddball standard
724.0720000000001,724.4149999950001,0.0,37.0,0.342999995,360.0,0.0,0.0,1.0,0.0399999991,2.0,0.0,Oddball standard
724.7719999999972,725.1149999949972,0.0,37.0,0.342999995,360.0,0.0,0.0,1.0,0.0399999991,2.0,0.0,Oddball standard
725.4719999999943,725.8149999949943,0.0,37.0,0.342999995,360.0,0.0,0.0,1.0,0.0399999991,2.0,0.0,Oddball standard
726.1719999999914,726.5149999949914,0.0,37.0,0.342999995,360.0,0.0,0.0,1.0,0.0399999991,2.0,0.0,Oddball standard
726.8719999999885,727.2149999949885,0.0,37.0,0.342999995,360.0,0.0,0.0,1.0,0.0399999991,2.0,0.0,Oddball standard
727.5720000000001,727.9149999950001,0.0,37.0,0.342999995,360.0,0.0,0.0,1.0,0.0399999991,2.0,0.0,Oddball standard
728.2719999999972,728.6149999949972,0.0,37.0,0.342999995,360.0,0.0,0.0,1.0,0.0399999991,2.0,0.0,Oddball standard
728.9719999999943,729.3149999949943,0.0,37.0,0.342999995,360.0,0.0,0.0,1.0,0.0399999991,2.0,0.0,Oddball standard
729.6719999999914,730.0149999949914,0.0,37.0,0.342999995,360.0,0.0,0.0,1.0,0.0399999991,2.0,0.0,Oddball standard
730.3719999999885,730.7149999949885,0.0,37.0,0.342999995,360.0,0.0,0.0,1.0,0.0399999991,2.0,0.0,Oddball standard
731.0720000000001,731.4149999950001,0.0,37.0,0.342999995,360.0,0.0,0.0,1.0,0.0399999991,2.0,0.0,Oddball standard
731.7719999999972,732.1149999949972,0.0,37.0,0.342999995,360.0,0.0,0.0,1.0,0.0399999991,2.0,0.0,Oddball standard
732.4719999999943,732.8149999949943,0.0,37.0,0.342999995,360.0,0.0,0.0,1.0,0.0399999991,2.0,0.0,Oddball standard
733.1719999999914,733.5149999949914,0.0,37.0,0.342999995,360.0,0.0,0.0,1.0,0.0399999991,2.0,0.0,Oddball standard
733.8719999999885,734.2149999949885,0.0,37.0,0.342999995,360.0,0.0,0.0,1.0,0.0399999991,2.0,0.0,Oddball standard
734.5720000000001,734.9149999950001,0.0,37.0,0.342999995,360.0,0.0,0.0,1.0,0.0399999991,2.0,0.0,Oddball standard
735.2719999999972,735.6149999949972,0.0,37.0,0.342999995,360.0,0.0,0.0,1.0,0.0399999991,2.0,0.0,Oddball standard
735.9719999999943,736.3149999949943,0.0,37.0,0.342999995,360.0,0.0,0.0,1.0,0.0399999991,2.0,0.0,Oddball standard
736.6719999999914,737.0149999949914,0.0,37.0,0.342999995,360.0,0.0,0.0,1.0,0.0399999991,2.0,0.0,Oddball standard
737.3719999999885,737.7149999949885,0.0,37.0,0.342999995,360.0,0.0,0.0,1.0,0.0399999991,2.0,0.0,Oddball standard
738.0720000000001,738.4149999950001,0.0,37.0,0.342999995,360.0,0.0,0.0,1.0,0.0399999991,2.0,0.0,Oddball standard
738.7719999999972,739.1149999949972,0.0,37.0,0.342999995,360.0,0.0,0.0,1.0,0.0399999991,2.0,0.0,Oddball standard
739.4719999999943,739.8149999949943,0.0,-1.0,0.342999995,360.0,0.0,0.0,1.0,0.0399999991,2.0,0.0,Oddball standard
740.1719999999914,740.5149999949914,0.0,38.0,0.342999995,360.0,0.0,0.0,1.0,0.0399999991,2.0,0.0,Oddball standard
740.8719999999885,741.2149999949885,0.0,38.0,0.342999995,360.0,0.0,0.0,1.0,0.0399999991,0.0,0.0,Oddball standard
741.5720000000001,741.9149999950001,0.0,38.0,0.342999995,360.0,0.0,0.0,1.0,0.0399999991,2.0,0.0,Oddball standard
742.2719999999972,742.6149999949972,0.0,38.0,0.342999995,360.0,0.0,0.0,1.0,0.0399999991,0.0,0.0,Oddball standard
742.9719999999943,743.3149999949943,0.0,38.0,0.342999995,360.0,0.0,0.0,1.0,0.0399999991,2.0,0.0,Oddball standard
743.6719999999914,744.0149999949914,0.0,38.0,0.342999995,360.0,0.0,0.0,1.0,0.0399999991,2.0,0.0,Oddball standard
744.3719999999885,744.7149999949885,0.0,38.0,0.342999995,360.0,0.0,0.0,1.0,0.0399999991,2.0,0.0,Oddball standard
745.0720000000001,745.4149999950001,0.785398185,38.0,0.342999995,360.0,0.0,0.0,1.0,0.0399999991,2.0,0.785,Oddball deviant
745.7719999999972,746.1149999949972,0.0,38.0,0.342999995,360.0,0.0,0.0,1.0,0.0399999991,2.0,0.0,Oddball standard
746.4719999999943,746.8149999949943,0.785398185,38.0,0.342999995,360.0,0.0,0.0,1.0,0.0399999991,2.0,0.785,Oddball deviant
747.1719999999914,747.5149999949914,0.0,38.0,0.342999995,360.0,0.0,0.0,1.0,0.0399999991,2.0,0.0,Oddball standard
747.8719999999885,748.2149999949885,0.0,38.0,0.342999995,360.0,0.0,0.0,1.0,0.0399999991,2.0,0.0,Oddball standard
748.5720000000001,748.9149999950001,0.0,38.0,0.342999995,360.0,0.0,0.0,1.0,0.0399999991,2.0,0.0,Oddball standard
749.2719999999972,749.6149999949972,0.0,38.0,0.342999995,360.0,0.0,0.0,1.0,0.0399999991,2.0,0.0,Oddball standard
749.9719999999943,750.3149999949943,0.0,38.0,0.342999995,360.0,0.0,0.0,1.0,0.0399999991,2.0,0.0,Oddball standard
750.6719999999914,751.0149999949914,0.0,38.0,0.342999995,360.0,0.0,0.0,1.0,0.0399999991,2.0,0.0,Oddball standard
751.3719999999885,751.7149999949885,0.0,38.0,0.342999995,360.0,0.0,0.0,1.0,0.0399999991,2.0,0.0,Oddball standard
752.0720000000001,752.4149999950001,0.0,38.0,0.342999995,360.0,0.0,0.0,1.0,0.0399999991,2.0,0.0,Oddball standard
752.7719999999972,753.1149999949972,0.0,38.0,0.342999995,360.0,0.0,0.0,1.0,0.0399999991,2.0,0.0,Oddball standard
753.4719999999943,753.8149999949943,0.0,38.0,0.342999995,360.0,0.0,0.0,1.0,0.0399999991,2.0,0.0,Oddball standard
754.1719999999914,754.5149999949914,0.0,38.0,0.342999995,360.0,0.0,0.0,1.0,0.0399999991,2.0,0.0,Oddball standard
754.8719999999885,755.2149999949885,0.0,38.0,0.342999995,360.0,0.0,0.0,1.0,0.0399999991,2.0,0.0,Oddball standard
755.5720000000001,755.9149999950001,0.0,38.0,0.342999995,360.0,0.0,0.0,1.0,0.0399999991,2.0,0.0,Oddball standard
756.2719999999972,756.6149999949972,0.0,38.0,0.342999995,360.0,0.0,0.0,1.0,0.0399999991,2.0,0.0,Oddball standard
756.9719999999943,757.3149999949943,0.0,38.0,0.342999995,360.0,0.0,0.0,1.0,0.0399999991,2.0,0.0,Oddball standard
757.6719999999914,758.0149999949914,0.0,38.0,0.342999995,360.0,0.0,0.0,1.0,0.0399999991,2.0,0.0,Oddball standard
758.3719999999885,758.7149999949885,0.0,38.0,0.342999995,360.0,0.0,0.0,1.0,0.0399999991,2.0,0.0,Oddball standard
759.0720000000001,759.4149999950001,0.0,38.0,0.342999995,360.0,0.0,0.0,1.0,0.0399999991,2.0,0.0,Oddball standard
759.7719999999972,760.1149999949972,0.0,-1.0,0.342999995,360.0,0.0,0.0,1.0,0.0399999991,2.0,0.0,Oddball standard
760.4719999999943,760.8149999949943,0.0,39.0,0.342999995,360.0,0.0,0.0,1.0,0.0399999991,2.0,0.0,Oddball standard
761.1719999999914,761.5149999949914,0.0,39.0,0.342999995,360.0,0.0,0.0,1.0,0.0399999991,2.0,0.0,Oddball standard
761.8719999999885,762.2149999949885,0.0,39.0,0.342999995,360.0,0.0,0.0,1.0,0.0399999991,2.0,0.0,Oddball standard
762.5720000000001,762.9149999950001,0.0,39.0,0.342999995,360.0,0.0,0.0,1.0,0.0399999991,2.0,0.0,Oddball standard
763.2719999999972,763.6149999949972,0.0,39.0,0.342999995,360.0,0.0,0.0,1.0,0.0399999991,2.0,0.0,Oddball standard
763.9719999999943,764.3149999949943,0.0,39.0,0.342999995,360.0,0.0,0.0,1.0,0.0399999991,2.0,0.0,Oddball standard
764.6719999999914,765.0149999949914,0.0,39.0,0.342999995,360.0,0.0,0.0,1.0,0.0399999991,2.0,0.0,Oddball standard
765.3719999999885,765.7149999949885,0.0,39.0,0.342999995,360.0,0.0,0.0,1.0,0.0399999991,2.0,0.0,Oddball standard
766.0720000000001,766.4149999950001,0.0,39.0,0.342999995,360.0,0.0,0.0,1.0,0.0399999991,2.0,0.0,Oddball standard
766.7719999999972,767.1149999949972,0.0,39.0,0.342999995,360.0,0.0,0.0,1.0,0.0399999991,2.0,0.0,Oddball standard
767.4719999999943,767.8149999949943,0.0,39.0,0.342999995,360.0,0.0,0.0,1.0,0.0399999991,2.0,0.0,Oddball standard
768.1719999999914,768.5149999949914,0.0,39.0,0.342999995,360.0,0.0,0.0,1.0,0.0399999991,2.0,0.0,Oddball standard
768.8719999999885,769.2149999949885,0.0,39.0,0.342999995,360.0,0.0,0.0,1.0,0.0399999991,2.0,0.0,Oddball standard
769.5720000000001,769.9149999950001,0.0,39.0,0.342999995,360.0,0.0,0.0,1.0,0.0399999991,2.0,0.0,Oddball standard
770.2719999999972,770.6149999949972,0.0,39.0,0.342999995,360.0,0.0,0.0,1.0,0.0399999991,2.0,0.0,Oddball standard
770.9719999999943,771.3149999949943,0.0,39.0,0.342999995,360.0,0.0,0.0,1.0,0.0399999991,2.0,0.0,Oddball standard
771.6719999999914,772.0149999949914,0.0,39.0,0.342999995,360.0,0.0,0.0,1.0,0.0399999991,2.0,0.0,Oddball standard
772.3719999999885,772.7149999949885,0.0,39.0,0.342999995,360.0,0.0,0.0,1.0,0.0399999991,2.0,0.0,Oddball standard
773.0720000000001,773.4149999950001,0.0,39.0,0.342999995,360.0,0.0,0.0,1.0,0.0399999991,2.0,0.0,Oddball standard
773.7719999999972,774.1149999949972,0.0,39.0,0.342999995,360.0,0.0,0.0,1.0,0.0399999991,2.0,0.0,Oddball standard
774.4719999999943,774.8149999949943,0.0,39.0,0.342999995,360.0,0.0,0.0,1.0,0.0399999991,2.0,0.0,Oddball standard
775.1719999999914,775.5149999949914,0.0,39.0,0.342999995,360.0,0.0,0.0,1.0,0.0399999991,2.0,0.0,Oddball standard
775.8719999999885,776.2149999949885,0.0,39.0,0.342999995,360.0,0.0,0.0,1.0,0.0399999991,2.0,0.0,Oddball standard
776.5720000000001,776.9149999950001,0.0,39.0,0.342999995,360.0,0.0,0.0,1.0,0.0399999991,2.0,0.0,Oddball standard
777.2719999999972,777.6149999949972,0.0,39.0,0.342999995,360.0,0.0,0.0,1.0,0.0399999991,2.0,0.0,Oddball standard
777.9719999999943,778.3149999949943,0.0,39.0,0.342999995,360.0,0.0,0.0,1.0,0.0399999991,2.0,0.0,Oddball standard
778.6719999999914,779.0149999949914,0.0,39.0,0.342999995,360.0,0.0,0.0,1.0,0.0399999991,2.0,0.0,Oddball standard
779.3719999999885,779.7149999949885,0.0,39.0,0.342999995,360.0,0.0,0.0,1.0,0.0399999991,2.0,0.0,Oddball standard
780.0720000000001,780.4149999950001,0.0,40.0,0.342999995,360.0,0.0,0.0,1.0,0.0399999991,2.0,0.0,Oddball standard
780.7719999999972,781.1149999949972,0.0,40.0,0.342999995,360.0,0.0,0.0,1.0,0.0399999991,2.0,0.0,Oddball standard
781.4719999999943,781.8149999949943,0.0,40.0,0.342999995,360.0,0.0,0.0,1.0,0.0399999991,2.0,0.0,Oddball standard
782.1719999999914,782.5149999949914,0.0,40.0,0.342999995,360.0,0.0,0.0,1.0,0.0399999991,2.0,0.0,Oddball standard
782.8719999999885,783.2149999949885,0.0,40.0,0.342999995,360.0,0.0,0.0,1.0,0.0399999991,2.0,0.0,Oddball standard
783.5720000000001,783.9149999950001,0.0,40.0,0.342999995,360.0,0.0,0.0,1.0,0.0399999991,2.0,0.0,Oddball standard
784.2719999999972,784.6149999949972,0.0,40.0,0.342999995,360.0,0.0,0.0,1.0,0.0399999991,2.0,0.0,Oddball standard
784.9719999999943,785.3149999949943,0.0,40.0,0.342999995,360.0,0.0,0.0,1.0,0.0399999991,2.0,0.0,Oddball standard
785.6719999999914,786.0149999949914,0.0,40.0,0.342999995,360.0,0.0,0.0,1.0,0.0399999991,2.0,0.0,Oddball standard
786.3719999999885,786.7149999949885,0.0,40.0,0.342999995,360.0,0.0,0.0,1.0,0.0399999991,2.0,0.0,Oddball standard
787.0720000000001,787.4149999950001,0.0,40.0,0.342999995,360.0,0.0,0.0,1.0,0.0399999991,2.0,0.0,Oddball standard
787.7719999999972,788.1149999949972,0.0,40.0,0.342999995,360.0,0.0,0.0,1.0,0.0399999991,2.0,0.0,Oddball standard
788.4719999999943,788.8149999949943,0.0,40.0,0.342999995,360.0,0.0,0.0,1.0,0.0399999991,2.0,0.0,Oddball standard
789.1719999999914,789.5149999949914,0.0,40.0,0.342999995,360.0,0.0,0.0,1.0,0.0399999991,2.0,0.0,Oddball standard
789.8719999999885,790.2149999949885,0.0,40.0,0.342999995,360.0,0.0,0.0,1.0,0.0399999991,2.0,0.0,Oddball standard
790.5720000000001,790.9149999950001,0.0,40.0,0.342999995,360.0,0.0,0.0,1.0,0.0399999991,2.0,0.0,Oddball standard
791.2719999999972,791.6149999949972,0.0,40.0,0.342999995,360.0,0.0,0.0,1.0,0.0399999991,2.0,0.0,Oddball standard
791.9719999999943,792.3149999949943,0.0,40.0,0.342999995,360.0,0.0,0.0,1.0,0.0399999991,2.0,0.0,Oddball standard
792.6719999999914,793.0149999949914,0.0,40.0,0.342999995,360.0,0.0,0.0,1.0,0.0399999991,2.0,0.0,Oddball standard
793.3719999999885,793.7149999949885,0.0,40.0,0.342999995,360.0,0.0,0.0,1.0,0.0399999991,2.0,0.0,Oddball standard
794.0720000000001,794.4149999950001,1.57079637,40.0,0.342999995,360.0,0.0,0.0,1.0,0.0399999991,2.0,1.571,Oddball deviant
794.7719999999972,795.1149999949972,0.0,40.0,0.342999995,360.0,0.0,0.0,1.0,0.0399999991,2.0,0.0,Oddball standard
795.4719999999943,795.8149999949943,0.0,40.0,0.342999995,360.0,0.0,0.0,1.0,0.0399999991,2.0,0.0,Oddball standard
796.1719999999914,796.5149999949914,0.0,40.0,0.342999995,360.0,0.0,0.0,1.0,0.0399999991,2.0,0.0,Oddball standard
796.8719999999885,797.2149999949885,0.0,40.0,0.342999995,360.0,0.0,0.0,1.0,0.0399999991,2.0,0.0,Oddball standard
797.5720000000001,797.9149999950001,0.0,40.0,0.342999995,360.0,0.0,0.0,1.0,0.0399999991,2.0,0.0,Oddball standard
798.2719999999972,798.6149999949972,0.0,40.0,0.342999995,360.0,0.0,0.0,1.0,0.0399999991,2.0,0.0,Oddball standard
798.9719999999943,799.3149999949943,0.0,40.0,0.342999995,360.0,0.0,0.0,1.0,0.0399999991,2.0,0.0,Oddball standard
799.6719999999914,800.0149999949914,0.0,-1.0,0.342999995,360.0,0.0,0.0,1.0,0.0399999991,2.0,0.0,Oddball standard
800.3719999999885,800.7149999949885,0.0,41.0,0.342999995,360.0,0.0,0.0,1.0,0.0399999991,2.0,0.0,Oddball standard
801.0720000000001,801.4149999950001,0.0,41.0,0.342999995,360.0,0.0,0.0,1.0,0.0399999991,2.0,0.0,Oddball standard
801.7719999999972,802.1149999949972,0.0,41.0,0.342999995,360.0,0.0,0.0,1.0,0.0399999991,2.0,0.0,Oddball standard
802.4719999999943,802.8149999949943,0.0,41.0,0.342999995,360.0,0.0,0.0,1.0,0.0399999991,2.0,0.0,Oddball standard
803.1719999999914,803.5149999949914,0.0,41.0,0.342999995,360.0,0.0,0.0,1.0,0.0399999991,2.0,0.0,Oddball standard
803.8719999999885,804.2149999949885,0.0,41.0,0.342999995,360.0,0.0,0.0,1.0,0.0399999991,2.0,0.0,Oddball standard
804.5720000000001,804.9149999950001,0.0,41.0,0.342999995,360.0,0.0,0.0,1.0,0.0399999991,2.0,0.0,Oddball standard
805.2719999999972,805.6149999949972,0.0,41.0,0.342999995,360.0,0.0,0.0,1.0,0.0399999991,2.0,0.0,Oddball standard
805.9719999999943,806.3149999949943,0.0,41.0,0.342999995,360.0,0.0,0.0,1.0,0.0399999991,2.0,0.0,Oddball standard
806.6719999999914,807.0149999949914,0.0,41.0,0.342999995,360.0,0.0,0.0,1.0,0.0399999991,2.0,0.0,Oddball standard
807.3719999999885,807.7149999949885,0.0,41.0,0.342999995,360.0,0.0,0.0,1.0,0.0399999991,2.0,0.0,Oddball standard
808.0720000000001,808.4149999950001,0.0,41.0,0.342999995,360.0,0.0,0.0,1.0,0.0399999991,2.0,0.0,Oddball standard
808.7719999999972,809.1149999949972,0.0,41.0,0.342999995,360.0,0.0,0.0,1.0,0.0399999991,2.0,0.0,Oddball standard
809.4719999999943,809.8149999949943,0.0,41.0,0.342999995,360.0,0.0,0.0,1.0,0.0399999991,2.0,0.0,Oddball standard
810.1719999999914,810.5149999949914,0.0,41.0,0.342999995,360.0,0.0,0.0,1.0,0.0399999991,2.0,0.0,Oddball standard
810.8719999999885,811.2149999949885,0.0,41.0,0.342999995,360.0,0.0,0.0,1.0,0.0399999991,2.0,0.0,Oddball standard
811.5720000000001,811.9149999950001,0.0,41.0,0.342999995,360.0,0.0,0.0,1.0,0.0399999991,2.0,0.0,Oddball standard
812.2719999999972,812.6149999949972,0.0,41.0,0.342999995,360.0,0.0,0.0,1.0,0.0399999991,2.0,0.0,Oddball standard
812.9719999999943,813.3149999949943,0.0,41.0,0.342999995,360.0,0.0,0.0,1.0,0.0399999991,2.0,0.0,Oddball standard
813.6719999999914,814.0149999949914,0.0,41.0,0.342999995,360.0,0.0,0.0,1.0,0.0399999991,2.0,0.0,Oddball standard
814.3719999999885,814.7149999949885,0.0,41.0,0.342999995,360.0,0.0,0.0,1.0,0.0399999991,2.0,0.0,Oddball standard
815.0720000000001,815.4149999950001,0.0,41.0,0.342999995,360.0,0.0,0.0,1.0,0.0399999991,2.0,0.0,Oddball standard
815.7719999999972,816.1149999949972,0.0,41.0,0.342999995,360.0,0.0,0.0,1.0,0.0399999991,2.0,0.0,Oddball standard
816.4719999999943,816.8149999949943,0.0,41.0,0.342999995,360.0,0.0,0.0,1.0,0.0399999991,2.0,0.0,Oddball standard
817.1719999999914,817.5149999949914,0.0,41.0,0.342999995,360.0,0.0,0.0,1.0,0.0399999991,2.0,0.0,Oddball standard
817.8719999999885,818.2149999949885,0.0,41.0,0.342999995,360.0,0.0,0.0,1.0,0.0399999991,2.0,0.0,Oddball standard
818.5720000000001,818.9149999950001,0.0,41.0,0.342999995,360.0,0.0,0.0,1.0,0.0399999991,2.0,0.0,Oddball standard
819.2719999999972,819.6149999949972,0.0,41.0,0.342999995,360.0,0.0,0.0,1.0,0.0399999991,2.0,0.0,Oddball standard
819.9719999999943,820.3149999949943,0.0,-1.0,0.342999995,360.0,0.0,0.0,1.0,0.0399999991,2.0,0.0,Oddball standard
820.6719999999914,821.0149999949914,0.0,42.0,0.342999995,360.0,0.0,0.0,1.0,0.0399999991,2.0,0.0,Oddball standard
821.3719999999885,821.7149999949885,0.0,42.0,0.342999995,360.0,0.0,0.0,1.0,0.0399999991,2.0,0.0,Oddball standard
822.0720000000001,822.4149999950001,0.0,42.0,0.342999995,360.0,0.0,0.0,1.0,0.0399999991,2.0,0.0,Oddball standard
822.7719999999972,823.1149999949972,0.0,42.0,0.342999995,360.0,0.0,0.0,1.0,0.0399999991,2.0,0.0,Oddball standard
823.4719999999943,823.8149999949943,0.0,42.0,0.342999995,360.0,0.0,0.0,1.0,0.0399999991,2.0,0.0,Oddball standard
824.1719999999914,824.5149999949914,0.0,42.0,0.342999995,360.0,0.0,0.0,1.0,0.0399999991,2.0,0.0,Oddball standard
824.8719999999885,825.2149999949885,0.0,42.0,0.342999995,360.0,0.0,0.0,1.0,0.0399999991,2.0,0.0,Oddball standard
825.5720000000001,825.9149999950001,0.0,42.0,0.342999995,360.0,0.0,0.0,1.0,0.0399999991,2.0,0.0,Oddball standard
826.2719999999972,826.6149999949972,0.0,42.0,0.342999995,360.0,0.0,0.0,1.0,0.0399999991,2.0,0.0,Oddball standard
826.9719999999943,827.3149999949943,0.0,42.0,0.342999995,360.0,0.0,0.0,1.0,0.0399999991,2.0,0.0,Oddball standard
827.6719999999914,828.0149999949914,0.0,42.0,0.342999995,360.0,0.0,0.0,1.0,0.0399999991,2.0,0.0,Oddball standard
828.3719999999885,828.7149999949885,0.0,42.0,0.342999995,360.0,0.0,0.0,1.0,0.0399999991,2.0,0.0,Oddball standard
829.0720000000001,829.4149999950001,0.0,42.0,0.342999995,360.0,0.0,0.0,1.0,0.0399999991,2.0,0.0,Oddball standard
829.7719999999972,830.1149999949972,0.0,42.0,0.342999995,360.0,0.0,0.0,1.0,0.0399999991,2.0,0.0,Oddball standard
830.4719999999943,830.8149999949943,0.0,42.0,0.342999995,360.0,0.0,0.0,1.0,0.0399999991,2.0,0.0,Oddball standard
831.1719999999914,831.5149999949914,0.0,42.0,0.342999995,360.0,0.0,0.0,1.0,0.0399999991,2.0,0.0,Oddball standard
831.8719999999885,832.2149999949885,0.0,42.0,0.342999995,360.0,0.0,0.0,1.0,0.0399999991,2.0,0.0,Oddball standard
832.5720000000001,832.9149999950001,0.0,42.0,0.342999995,360.0,0.0,0.0,1.0,0.0399999991,2.0,0.0,Oddball standard
833.2719999999972,833.6149999949972,0.0,42.0,0.342999995,360.0,0.0,0.0,1.0,0.0399999991,2.0,0.0,Oddball standard
833.9719999999943,834.3149999949943,0.0,42.0,0.342999995,360.0,0.0,0.0,1.0,0.0399999991,2.0,0.0,Oddball standard
834.6719999999914,835.0149999949914,0.0,42.0,0.342999995,360.0,0.0,0.0,1.0,0.0399999991,2.0,0.0,Oddball standard
835.3729919999896,835.7159919949896,0.0,42.0,0.342999995,360.0,0.0,0.0,1.0,0.0399999991,2.0,0.0,Oddball standard
836.0720000000001,836.4149999950001,0.0,42.0,0.342999995,360.0,0.0,0.0,1.0,0.0399999991,2.0,0.0,Oddball standard
836.7719999999972,837.1149999949972,0.0,42.0,0.342999995,360.0,0.0,0.0,1.0,0.0399999991,2.0,0.0,Oddball standard
837.4719999999943,837.8149999949943,0.0,42.0,0.342999995,360.0,0.0,0.0,1.0,0.0399999991,2.0,0.0,Oddball standard
838.1719999999914,838.5149999949914,0.0,42.0,0.342999995,360.0,0.0,0.0,1.0,0.0399999991,2.0,0.0,Oddball standard
838.8729919999896,839.2159919949896,0.0,42.0,0.342999995,360.0,0.0,0.0,1.0,0.0399999991,2.0,0.0,Oddball standard
839.5720000000001,839.9149999950001,0.0,-1.0,0.342999995,360.0,0.0,0.0,1.0,0.0399999991,2.0,0.0,Oddball standard
840.2719999999972,840.6149999949972,0.0,43.0,0.342999995,360.0,0.0,0.0,1.0,0.0399999991,2.0,0.0,Oddball standard
840.9729919999954,841.3159919949954,0.0,43.0,0.342999995,360.0,0.0,0.0,1.0,0.0399999991,2.0,0.0,Oddball standard
841.6729919999925,842.0159919949925,0.0,43.0,0.342999995,360.0,0.0,0.0,1.0,0.0399999991,2.0,0.0,Oddball standard
842.3729919999896,842.7159919949896,0.0,43.0,0.342999995,360.0,0.0,0.0,1.0,0.0399999991,2.0,0.0,Oddball standard
843.0729919999867,843.4159919949867,0.0,43.0,0.342999995,360.0,0.0,0.0,1.0,0.0399999991,2.0,0.0,Oddball standard
843.7729919999983,844.1159919949984,0.785398185,43.0,0.342999995,360.0,0.0,0.0,1.0,0.0399999991,2.0,0.785,Oddball deviant
844.4729919999954,844.8159919949954,0.0,43.0,0.342999995,360.0,0.0,0.0,1.0,0.0399999991,2.0,0.0,Oddball standard
845.1729919999925,845.5159919949925,0.0,43.0,0.342999995,360.0,0.0,0.0,1.0,0.0399999991,2.0,0.0,Oddball standard
845.8729919999896,846.2159919949896,0.0,43.0,0.342999995,360.0,0.0,0.0,1.0,0.0399999991,2.0,0.0,Oddball standard
846.5729919999867,846.9159919949867,0.0,43.0,0.342999995,360.0,0.0,0.0,1.0,0.0399999991,2.0,0.0,Oddball standard
847.2729919999983,847.6159919949984,0.0,43.0,0.342999995,360.0,0.0,0.0,1.0,0.0399999991,2.0,0.0,Oddball standard
847.9729919999954,848.3159919949954,0.0,43.0,0.342999995,360.0,0.0,0.0,1.0,0.0399999991,2.0,0.0,Oddball standard
848.6729919999925,849.0159919949925,0.0,43.0,0.342999995,360.0,0.0,0.0,1.0,0.0399999991,2.0,0.0,Oddball standard
849.3729919999896,849.7159919949896,0.0,43.0,0.342999995,360.0,0.0,0.0,1.0,0.0399999991,2.0,0.0,Oddball standard
850.0729919999867,850.4159919949867,0.0,43.0,0.342999995,360.0,0.0,0.0,1.0,0.0399999991,2.0,0.0,Oddball standard
850.7729919999983,851.1159919949984,0.0,43.0,0.342999995,360.0,0.0,0.0,1.0,0.0399999991,2.0,0.0,Oddball standard
851.4729919999954,851.8159919949954,0.0,43.0,0.342999995,360.0,0.0,0.0,1.0,0.0399999991,2.0,0.0,Oddball standard
852.1729919999925,852.5159919949925,0.0,43.0,0.342999995,360.0,0.0,0.0,1.0,0.0399999991,2.0,0.0,Oddball standard
852.8729919999896,853.2159919949896,0.0,43.0,0.342999995,360.0,0.0,0.0,1.0,0.0399999991,2.0,0.0,Oddball standard
853.5729919999867,853.9159919949867,0.0,43.0,0.342999995,360.0,0.0,0.0,1.0,0.0399999991,2.0,0.0,Oddball standard
854.2729919999983,854.6159919949984,0.0,43.0,0.342999995,360.0,0.0,0.0,1.0,0.0399999991,2.0,0.0,Oddball standard
854.9729919999954,855.3159919949954,0.0,43.0,0.342999995,360.0,0.0,0.0,1.0,0.0399999991,2.0,0.0,Oddball standard
855.6729919999925,856.0159919949925,0.0,43.0,0.342999995,360.0,0.0,0.0,1.0,0.0399999991,2.0,0.0,Oddball standard
856.3729919999896,856.7159919949896,0.0,43.0,0.342999995,360.0,0.0,0.0,0.0,0.0399999991,2.0,0.0,Blank
857.0729919999867,857.4159919949867,0.0,43.0,0.342999995,360.0,0.0,0.0,1.0,0.0399999991,2.0,0.0,Oddball standard
857.7729919999983,858.1159919949984,0.0,43.0,0.342999995,360.0,0.0,0.0,1.0,0.0399999991,2.0,0.0,Oddball standard
858.4729919999954,858.8159919949954,0.0,43.0,0.342999995,360.0,0.0,0.0,1.0,0.0399999991,2.0,0.0,Oddball standard
859.1729919999925,859.5159919949925,0.0,43.0,0.342999995,360.0,0.0,0.0,1.0,0.0399999991,2.0,0.0,Oddball standard
859.8729919999896,860.2159919949896,0.0,-1.0,0.342999995,360.0,0.0,0.0,1.0,0.0399999991,2.0,0.0,Oddball standard
860.5729919999867,860.9159919949867,0.0,44.0,0.342999995,360.0,0.0,0.0,1.0,0.0399999991,2.0,0.0,Oddball standard
861.2729919999983,861.6159919949984,0.0,44.0,0.342999995,360.0,0.0,0.0,1.0,0.0399999991,2.0,0.0,Oddball standard
861.9729919999954,862.3159919949954,0.0,44.0,0.342999995,360.0,0.0,0.0,1.0,0.0399999991,2.0,0.0,Oddball standard
862.6729919999925,863.0159919949925,0.0,44.0,0.342999995,360.0,0.0,0.0,1.0,0.0399999991,2.0,0.0,Oddball standard
863.3729919999896,863.7159919949896,0.0,44.0,0.342999995,360.0,0.0,0.0,1.0,0.0399999991,2.0,0.0,Oddball standard
864.0729919999867,864.4159919949867,0.0,44.0,0.342999995,360.0,0.0,0.0,1.0,0.0399999991,2.0,0.0,Oddball standard
864.7729919999983,865.1159919949984,0.785398185,44.0,0.342999995,360.0,0.0,0.0,1.0,0.0399999991,2.0,0.785,Oddball deviant
865.4729919999954,865.8159919949954,0.0,44.0,0.342999995,360.0,0.0,0.0,1.0,0.0399999991,2.0,0.0,Oddball standard
866.1729919999925,866.5159919949925,0.0,44.0,0.342999995,360.0,0.0,0.0,1.0,0.0399999991,2.0,0.0,Oddball standard
866.8729919999896,867.2159919949896,0.0,44.0,0.342999995,360.0,0.0,0.0,1.0,0.0399999991,2.0,0.0,Oddball standard
867.5729919999867,867.9159919949867,0.0,44.0,0.342999995,360.0,0.0,0.0,1.0,0.0399999991,2.0,0.0,Oddball standard
868.2729919999983,868.6159919949984,0.0,44.0,0.342999995,360.0,0.0,0.0,1.0,0.0399999991,2.0,0.0,Oddball standard
868.9729919999954,869.3159919949954,0.0,44.0,0.342999995,360.0,0.0,0.0,1.0,0.0399999991,2.0,0.0,Oddball standard
869.6730239999888,870.0160239949888,0.0,44.0,0.342999995,360.0,0.0,0.0,1.0,0.0399999991,2.0,0.0,Oddball standard
870.3729919999896,870.7159919949896,0.0,44.0,0.342999995,360.0,0.0,0.0,1.0,0.0399999991,2.0,0.0,Oddball standard
871.0729919999867,871.4159919949867,0.0,44.0,0.342999995,360.0,0.0,0.0,1.0,0.0399999991,2.0,0.0,Oddball standard
871.7729919999983,872.1159919949984,0.0,44.0,0.342999995,360.0,0.0,0.0,1.0,0.0399999991,2.0,0.0,Oddball standard
872.4729919999954,872.8159919949954,0.0,44.0,0.342999995,360.0,0.0,0.0,1.0,0.0399999991,2.0,0.0,Oddball standard
873.1729919999925,873.5159919949925,1.57079637,44.0,0.342999995,360.0,0.0,0.0,1.0,0.0399999991,2.0,1.571,Oddball deviant
873.8730239999859,874.2160239949859,0.0,44.0,0.342999995,360.0,0.0,0.0,1.0,0.0399999991,2.0,0.0,Oddball standard
874.5729919999867,874.9159919949867,0.0,44.0,0.342999995,360.0,0.0,0.0,1.0,0.0399999991,2.0,0.0,Oddball standard
875.2729919999983,875.6159919949984,0.0,44.0,0.342999995,360.0,0.0,0.0,1.0,0.0399999991,2.0,0.0,Oddball standard
875.9729919999954,876.3159919949954,0.0,44.0,0.342999995,360.0,0.0,0.0,1.0,0.0399999991,2.0,0.0,Oddball standard
876.6729919999925,877.0159919949925,0.0,44.0,0.342999995,360.0,0.0,0.0,1.0,0.0399999991,2.0,0.0,Oddball standard
877.3729919999896,877.7159919949896,0.0,44.0,0.342999995,360.0,0.0,0.0,1.0,0.0399999991,2.0,0.0,Oddball standard
878.0729919999867,878.4159919949867,0.0,44.0,0.342999995,360.0,0.0,0.0,1.0,0.0399999991,2.0,0.0,Oddball standard
878.7729919999983,879.1159919949984,0.0,44.0,0.342999995,360.0,0.0,0.0,1.0,0.0399999991,2.0,0.0,Oddball standard
879.4729919999954,879.8159919949954,0.0,-1.0,0.342999995,360.0,0.0,0.0,1.0,0.0399999991,2.0,0.0,Oddball standard
880.1729919999925,880.5159919949925,0.0,45.0,0.342999995,360.0,0.0,0.0,1.0,0.0399999991,2.0,0.0,Oddball standard
880.8729919999896,881.2159919949896,0.0,45.0,0.342999995,360.0,0.0,0.0,1.0,0.0399999991,2.0,0.0,Oddball standard
881.5729919999867,881.9159919949867,0.0,45.0,0.342999995,360.0,0.0,0.0,0.0,0.0399999991,2.0,0.0,Blank
882.2729919999983,882.6159919949984,0.0,45.0,0.342999995,360.0,0.0,0.0,1.0,0.0399999991,2.0,0.0,Oddball standard
882.9729919999954,883.3159919949954,0.0,45.0,0.342999995,360.0,0.0,0.0,1.0,0.0399999991,2.0,0.0,Oddball standard
883.6729919999925,884.0159919949925,0.0,45.0,0.342999995,360.0,0.0,0.0,1.0,0.0399999991,2.0,0.0,Oddball standard
884.3729919999896,884.7159919949896,0.0,45.0,0.342999995,360.0,0.0,0.0,1.0,0.0399999991,2.0,0.0,Oddball standard
885.0729919999867,885.4159919949867,0.0,45.0,0.342999995,360.0,0.0,0.0,1.0,0.0399999991,2.0,0.0,Oddball standard
885.7729919999983,886.1159919949984,0.0,45.0,0.342999995,360.0,0.0,0.0,1.0,0.0399999991,0.0,0.0,Oddball standard
886.4729919999954,886.8159919949954,0.0,45.0,0.342999995,360.0,0.0,0.0,1.0,0.0399999991,2.0,0.0,Oddball standard
887.1729919999925,887.5159919949925,0.0,45.0,0.342999995,360.0,0.0,0.0,1.0,0.0399999991,2.0,0.0,Oddball standard
887.8729919999896,888.2159919949896,0.0,45.0,0.342999995,360.0,0.0,0.0,1.0,0.0399999991,2.0,0.0,Oddball standard
888.5729919999867,888.9159919949867,0.0,45.0,0.342999995,360.0,0.0,0.0,1.0,0.0399999991,2.0,0.0,Oddball standard
889.2729919999983,889.6159919949984,0.0,45.0,0.342999995,360.0,0.0,0.0,1.0,0.0399999991,2.0,0.0,Oddball standard
889.9729919999954,890.3159919949954,0.0,45.0,0.342999995,360.0,0.0,0.0,1.0,0.0399999991,2.0,0.0,Oddball standard
890.6729919999925,891.0159919949925,0.0,45.0,0.342999995,360.0,0.0,0.0,1.0,0.0399999991,2.0,0.0,Oddball standard
891.3729919999896,891.7159919949896,0.0,45.0,0.342999995,360.0,0.0,0.0,1.0,0.0399999991,2.0,0.0,Oddball standard
892.0729919999867,892.4159919949867,0.0,45.0,0.342999995,360.0,0.0,0.0,1.0,0.0399999991,2.0,0.0,Oddball standard
892.7729919999983,893.1159919949984,0.0,45.0,0.342999995,360.0,0.0,0.0,1.0,0.0399999991,2.0,0.0,Oddball standard
893.4729919999954,893.8159919949954,1.57079637,45.0,0.342999995,360.0,0.0,0.0,1.0,0.0399999991,2.0,1.571,Oddball deviant
894.1729919999925,894.5159919949925,0.0,45.0,0.342999995,360.0,0.0,0.0,1.0,0.0399999991,2.0,0.0,Oddball standard
894.8729919999896,895.2159919949896,0.0,45.0,0.342999995,360.0,0.0,0.0,1.0,0.0399999991,2.0,0.0,Oddball standard
895.5729919999867,895.9159919949867,0.0,45.0,0.342999995,360.0,0.0,0.0,1.0,0.0399999991,2.0,0.0,Oddball standard
896.2729919999983,896.6159919949984,0.0,45.0,0.342999995,360.0,0.0,0.0,1.0,0.0399999991,2.0,0.0,Oddball standard
896.9729919999954,897.3159919949954,0.0,45.0,0.342999995,360.0,0.0,0.0,1.0,0.0399999991,2.0,0.0,Oddball standard
897.6729919999925,898.0159919949925,0.0,45.0,0.342999995,360.0,0.0,0.0,1.0,0.0399999991,2.0,0.0,Oddball standard
898.3729919999896,898.7159919949896,0.0,45.0,0.342999995,360.0,0.0,0.0,1.0,0.0399999991,2.0,0.0,Oddball standard
899.0729919999867,899.4159919949867,0.0,45.0,0.342999995,360.0,0.0,0.0,1.0,0.0399999991,2.0,0.0,Oddball standard
899.7729919999983,900.1159919949984,0.0,-1.0,0.342999995,360.0,0.0,0.0,1.0,0.0399999991,2.0,0.0,Oddball standard
900.4729919999954,900.8159919949954,0.0,46.0,0.342999995,360.0,0.0,0.0,1.0,0.0399999991,0.0,0.0,Oddball standard
901.1729919999925,901.5159919949925,0.0,46.0,0.342999995,360.0,0.0,0.0,1.0,0.0399999991,2.0,0.0,Oddball standard
901.8729919999896,902.2159919949896,0.0,46.0,0.342999995,360.0,0.0,0.0,1.0,0.0399999991,2.0,0.0,Oddball standard
902.5729919999867,902.9159919949867,0.0,46.0,0.342999995,360.0,0.0,0.0,1.0,0.0399999991,2.0,0.0,Oddball standard
903.2729919999983,903.6159919949984,0.0,46.0,0.342999995,360.0,0.0,0.0,1.0,0.0399999991,2.0,0.0,Oddball standard
903.9729919999954,904.3159919949954,0.0,46.0,0.342999995,360.0,0.0,0.0,1.0,0.0399999991,2.0,0.0,Oddball standard
904.6729919999925,905.0159919949925,0.0,46.0,0.342999995,360.0,0.0,0.0,1.0,0.0399999991,2.0,0.0,Oddball standard
905.3729919999896,905.7159919949896,0.0,46.0,0.342999995,360.0,0.0,0.0,1.0,0.0399999991,2.0,0.0,Oddball standard
906.0729919999867,906.4159919949867,0.0,46.0,0.342999995,360.0,0.0,0.0,1.0,0.0399999991,2.0,0.0,Oddball standard
906.7729919999983,907.1159919949984,0.0,46.0,0.342999995,360.0,0.0,0.0,1.0,0.0399999991,2.0,0.0,Oddball standard
907.4729919999954,907.8159919949954,0.0,46.0,0.342999995,360.0,0.0,0.0,1.0,0.0399999991,2.0,0.0,Oddball standard
908.1729919999925,908.5159919949925,0.0,46.0,0.342999995,360.0,0.0,0.0,1.0,0.0399999991,2.0,0.0,Oddball standard
908.8729919999896,909.2159919949896,0.0,46.0,0.342999995,360.0,0.0,0.0,1.0,0.0399999991,2.0,0.0,Oddball standard
909.5729919999867,909.9159919949867,0.0,46.0,0.342999995,360.0,0.0,0.0,1.0,0.0399999991,2.0,0.0,Oddball standard
910.2729919999983,910.6159919949984,0.0,46.0,0.342999995,360.0,0.0,0.0,1.0,0.0399999991,2.0,0.0,Oddball standard
910.9729919999954,911.3159919949954,0.0,46.0,0.342999995,360.0,0.0,0.0,1.0,0.0399999991,2.0,0.0,Oddball standard
911.6729919999925,912.0159919949925,0.0,46.0,0.342999995,360.0,0.0,0.0,1.0,0.0399999991,2.0,0.0,Oddball standard
912.3729919999896,912.7159919949896,0.0,46.0,0.342999995,360.0,0.0,0.0,1.0,0.0399999991,2.0,0.0,Oddball standard
913.0729919999867,913.4159919949867,0.0,46.0,0.342999995,360.0,0.0,0.0,1.0,0.0399999991,2.0,0.0,Oddball standard
913.7729919999983,914.1159919949984,0.0,46.0,0.342999995,360.0,0.0,0.0,1.0,0.0399999991,2.0,0.0,Oddball standard
914.4729919999954,914.8159919949954,0.0,46.0,0.342999995,360.0,0.0,0.0,1.0,0.0399999991,2.0,0.0,Oddball standard
915.1729919999925,915.5159919949925,0.0,46.0,0.342999995,360.0,0.0,0.0,1.0,0.0399999991,2.0,0.0,Oddball standard
915.8729919999896,916.2159919949896,0.0,46.0,0.342999995,360.0,0.0,0.0,1.0,0.0399999991,2.0,0.0,Oddball standard
916.5729919999867,916.9159919949867,0.0,46.0,0.342999995,360.0,0.0,0.0,1.0,0.0399999991,2.0,0.0,Oddball standard
917.2729919999983,917.6159919949984,0.0,46.0,0.342999995,360.0,0.0,0.0,0.0,0.0399999991,2.0,0.0,Blank
917.9729919999954,918.3159919949954,0.0,46.0,0.342999995,360.0,0.0,0.0,1.0,0.0399999991,2.0,0.0,Oddball standard
918.6729919999925,919.0159919949925,0.0,46.0,0.342999995,360.0,0.0,0.0,1.0,0.0399999991,2.0,0.0,Oddball standard
919.3729919999896,919.7159919949896,0.0,46.0,0.342999995,360.0,0.0,0.0,1.0,0.0399999991,2.0,0.0,Oddball standard
920.0729919999867,920.4159919949867,0.0,47.0,0.342999995,360.0,0.0,0.0,1.0,0.0399999991,2.0,0.0,Oddball standard
920.7729919999983,921.1159919949984,0.0,47.0,0.342999995,360.0,0.0,0.0,1.0,0.0399999991,2.0,0.0,Oddball standard
921.4729919999954,921.8159919949954,0.0,47.0,0.342999995,360.0,0.0,0.0,1.0,0.0399999991,2.0,0.0,Oddball standard
922.1729919999925,922.5159919949925,0.0,47.0,0.342999995,360.0,0.0,0.0,1.0,0.0399999991,2.0,0.0,Oddball standard
922.8729919999896,923.2159919949896,0.0,47.0,0.342999995,360.0,0.0,0.0,1.0,0.0399999991,2.0,0.0,Oddball standard
923.5729919999867,923.9159919949867,0.0,47.0,0.342999995,360.0,0.0,0.0,1.0,0.0399999991,2.0,0.0,Oddball standard
924.2729919999983,924.6159919949984,0.0,47.0,0.342999995,360.0,0.0,0.0,1.0,0.0399999991,2.0,0.0,Oddball standard
924.9729919999954,925.3159919949954,0.0,47.0,0.342999995,360.0,0.0,0.0,1.0,0.0399999991,2.0,0.0,Oddball standard
925.6729919999925,926.0159919949925,0.0,47.0,0.342999995,360.0,0.0,0.0,1.0,0.0399999991,2.0,0.0,Oddball standard
926.3729919999896,926.7159919949896,0.0,47.0,0.342999995,360.0,0.0,0.0,1.0,0.0399999991,2.0,0.0,Oddball standard
927.0729919999867,927.4159919949867,0.0,47.0,0.342999995,360.0,0.0,0.0,1.0,0.0399999991,2.0,0.0,Oddball standard
927.7729919999983,928.1159919949984,0.0,47.0,0.342999995,360.0,0.0,0.0,1.0,0.0399999991,2.0,0.0,Oddball standard
928.4729919999954,928.8159919949954,0.0,47.0,0.342999995,360.0,0.0,0.0,1.0,0.0399999991,2.0,0.0,Oddball standard
929.1729919999925,929.5159919949925,0.0,47.0,0.342999995,360.0,0.0,0.0,1.0,0.0399999991,2.0,0.0,Oddball standard
929.8729919999896,930.2159919949896,0.0,47.0,0.342999995,360.0,0.0,0.0,1.0,0.0399999991,2.0,0.0,Oddball standard
930.5729919999867,930.9159919949867,0.0,47.0,0.342999995,360.0,0.0,0.0,1.0,0.0399999991,2.0,0.0,Oddball standard
931.2729919999983,931.6159919949984,0.0,47.0,0.342999995,360.0,0.0,0.0,1.0,0.0399999991,2.0,0.0,Oddball standard
931.9729919999954,932.3159919949954,0.0,47.0,0.342999995,360.0,0.0,0.0,1.0,0.0399999991,2.0,0.0,Oddball standard
932.6729919999925,933.0159919949925,0.0,47.0,0.342999995,360.0,0.0,0.0,1.0,0.0399999991,2.0,0.0,Oddball standard
933.3729919999896,933.7159919949896,0.0,47.0,0.342999995,360.0,0.0,0.0,1.0,0.0399999991,2.0,0.0,Oddball standard
934.0729919999867,934.4159919949867,0.0,47.0,0.342999995,360.0,0.0,0.0,1.0,0.0399999991,2.0,0.0,Oddball standard
934.7729919999983,935.1159919949984,0.0,47.0,0.342999995,360.0,0.0,0.0,1.0,0.0399999991,2.0,0.0,Oddball standard
935.4729919999954,935.8159919949954,0.0,47.0,0.342999995,360.0,0.0,0.0,1.0,0.0399999991,2.0,0.0,Oddball standard
936.1729919999925,936.5159919949925,0.0,47.0,0.342999995,360.0,0.0,0.0,1.0,0.0399999991,2.0,0.0,Oddball standard
936.8729919999896,937.2159919949896,0.0,47.0,0.342999995,360.0,0.0,0.0,1.0,0.0399999991,2.0,0.0,Oddball standard
937.5729919999867,937.9159919949867,0.785398185,47.0,0.342999995,360.0,0.0,0.0,1.0,0.0399999991,2.0,0.785,Oddball deviant
938.2729919999983,938.6159919949984,0.0,47.0,0.342999995,360.0,0.0,0.0,1.0,0.0399999991,2.0,0.0,Oddball standard
938.9729919999954,939.3159919949954,0.0,47.0,0.342999995,360.0,0.0,0.0,1.0,0.0399999991,2.0,0.0,Oddball standard
939.6739839999937,940.0169839949937,0.0,-1.0,0.342999995,360.0,0.0,0.0,1.0,0.0399999991,2.0,0.0,Oddball standard
940.3729919999896,940.7159919949896,0.0,48.0,0.342999995,360.0,0.0,0.0,1.0,0.0399999991,2.0,0.0,Oddball standard
941.0729919999867,941.4159919949867,0.0,48.0,0.342999995,360.0,0.0,0.0,1.0,0.0399999991,2.0,0.0,Oddball standard
941.7729919999983,942.1159919949984,0.0,48.0,0.342999995,360.0,0.0,0.0,1.0,0.0399999991,2.0,0.0,Oddball standard
942.4729919999954,942.8159919949954,0.0,48.0,0.342999995,360.0,0.0,0.0,1.0,0.0399999991,2.0,0.0,Oddball standard
943.1729919999925,943.5159919949925,0.0,48.0,0.342999995,360.0,0.0,0.0,1.0,0.0399999991,2.0,0.0,Oddball standard
943.8729919999896,944.2159919949896,0.0,48.0,0.342999995,360.0,0.0,0.0,1.0,0.0399999991,2.0,0.0,Oddball standard
944.5729919999867,944.9159919949867,0.785398185,48.0,0.342999995,360.0,0.0,0.0,1.0,0.0399999991,2.0,0.785,Oddball deviant
945.2729919999983,945.6159919949984,0.0,48.0,0.342999995,360.0,0.0,0.0,1.0,0.0399999991,2.0,0.0,Oddball standard
945.9729919999954,946.3159919949954,0.785398185,48.0,0.342999995,360.0,0.0,0.0,1.0,0.0399999991,2.0,0.785,Oddball deviant
946.6729919999925,947.0159919949925,0.0,48.0,0.342999995,360.0,0.0,0.0,1.0,0.0399999991,2.0,0.0,Oddball standard
947.3729919999896,947.7159919949896,0.0,48.0,0.342999995,360.0,0.0,0.0,1.0,0.0399999991,2.0,0.0,Oddball standard
948.0729919999867,948.4159919949867,0.0,48.0,0.342999995,360.0,0.0,0.0,1.0,0.0399999991,2.0,0.0,Oddball standard
948.7730239999946,949.1160239949946,0.0,48.0,0.342999995,360.0,0.0,0.0,1.0,0.0399999991,2.0,0.0,Oddball standard
949.4729919999954,949.8159919949954,0.0,48.0,0.342999995,360.0,0.0,0.0,1.0,0.0399999991,2.0,0.0,Oddball standard
950.1729919999925,950.5159919949925,0.0,48.0,0.342999995,360.0,0.0,0.0,1.0,0.0399999991,2.0,0.0,Oddball standard
950.8729919999896,951.2159919949896,0.0,48.0,0.342999995,360.0,0.0,0.0,1.0,0.0399999991,2.0,0.0,Oddball standard
951.5729919999867,951.9159919949867,0.0,48.0,0.342999995,360.0,0.0,0.0,1.0,0.0399999991,2.0,0.0,Oddball standard
952.2729919999983,952.6159919949984,0.0,48.0,0.342999995,360.0,0.0,0.0,1.0,0.0399999991,2.0,0.0,Oddball standard
952.9729919999954,953.3159919949954,1.57079637,48.0,0.342999995,360.0,0.0,0.0,1.0,0.0399999991,2.0,1.571,Oddball deviant
953.6729919999925,954.0159919949925,1.57079637,48.0,0.342999995,360.0,0.0,0.0,1.0,0.0399999991,2.0,1.571,Oddball deviant
954.3729919999896,954.7159919949896,0.0,48.0,0.342999995,360.0,0.0,0.0,1.0,0.0399999991,2.0,0.0,Oddball standard
955.0729919999867,955.4159919949867,0.0,48.0,0.342999995,360.0,0.0,0.0,1.0,0.0399999991,2.0,0.0,Oddball standard
955.7729919999983,956.1159919949984,0.0,48.0,0.342999995,360.0,0.0,0.0,1.0,0.0399999991,2.0,0.0,Oddball standard
956.4729919999954,956.8159919949954,0.0,48.0,0.342999995,360.0,0.0,0.0,1.0,0.0399999991,2.0,0.0,Oddball standard
957.1730239999888,957.5160239949888,0.0,48.0,0.342999995,360.0,0.0,0.0,1.0,0.0399999991,2.0,0.0,Oddball standard
957.8729919999896,958.2159919949896,0.0,48.0,0.342999995,360.0,0.0,0.0,1.0,0.0399999991,2.0,0.0,Oddball standard
958.5729919999867,958.9159919949867,0.0,48.0,0.342999995,360.0,0.0,0.0,1.0,0.0399999991,2.0,0.0,Oddball standard
959.2729919999983,959.6159919949984,0.0,48.0,0.342999995,360.0,0.0,0.0,1.0,0.0399999991,2.0,0.0,Oddball standard
959.9729919999954,960.3159919949954,0.0,-1.0,0.342999995,360.0,0.0,0.0,1.0,0.0399999991,2.0,0.0,Oddball standard
960.6729919999925,961.0159919949925,0.785398185,49.0,0.342999995,360.0,0.0,0.0,1.0,0.0399999991,2.0,0.785,Oddball deviant
961.3729919999896,961.7159919949896,0.0,49.0,0.342999995,360.0,0.0,0.0,1.0,0.0399999991,2.0,0.0,Oddball standard
962.0729919999867,962.4159919949867,0.0,49.0,0.342999995,360.0,0.0,0.0,1.0,0.0399999991,2.0,0.0,Oddball standard
962.7729919999983,963.1159919949984,0.0,49.0,0.342999995,360.0,0.0,0.0,1.0,0.0399999991,2.0,0.0,Oddball standard
963.4729919999954,963.8159919949954,0.0,49.0,0.342999995,360.0,0.0,0.0,1.0,0.0399999991,2.0,0.0,Oddball standard
964.1729919999925,964.5159919949925,0.0,49.0,0.342999995,360.0,0.0,0.0,1.0,0.0399999991,2.0,0.0,Oddball standard
964.8729919999896,965.2159919949896,0.0,49.0,0.342999995,360.0,0.0,0.0,1.0,0.0399999991,0.0,0.0,Oddball standard
965.5729919999867,965.9159919949867,0.0,49.0,0.342999995,360.0,0.0,0.0,1.0,0.0399999991,2.0,0.0,Oddball standard
966.2729919999983,966.6159919949984,0.0,49.0,0.342999995,360.0,0.0,0.0,1.0,0.0399999991,2.0,0.0,Oddball standard
966.9729919999954,967.3159919949954,0.0,49.0,0.342999995,360.0,0.0,0.0,1.0,0.0399999991,2.0,0.0,Oddball standard
967.6729919999925,968.0159919949925,0.0,49.0,0.342999995,360.0,0.0,0.0,1.0,0.0399999991,2.0,0.0,Oddball standard
968.3739839999907,968.7169839949908,0.0,49.0,0.342999995,360.0,0.0,0.0,1.0,0.0399999991,2.0,0.0,Oddball standard
969.0729919999867,969.4159919949867,0.0,49.0,0.342999995,360.0,0.0,0.0,1.0,0.0399999991,2.0,0.0,Oddball standard
969.7729919999983,970.1159919949984,0.0,49.0,0.342999995,360.0,0.0,0.0,1.0,0.0399999991,2.0,0.0,Oddball standard
970.4729919999954,970.8159919949954,0.0,49.0,0.342999995,360.0,0.0,0.0,1.0,0.0399999991,2.0,0.0,Oddball standard
971.1729919999925,971.5159919949925,0.0,49.0,0.342999995,360.0,0.0,0.0,1.0,0.0399999991,2.0,0.0,Oddball standard
971.8729919999896,972.2159919949896,0.0,49.0,0.342999995,360.0,0.0,0.0,1.0,0.0399999991,2.0,0.0,Oddball standard
972.5729919999867,972.9159919949867,0.0,49.0,0.342999995,360.0,0.0,0.0,1.0,0.0399999991,2.0,0.0,Oddball standard
973.2729919999983,973.6159919949984,0.0,49.0,0.342999995,360.0,0.0,0.0,1.0,0.0399999991,2.0,0.0,Oddball standard
973.9729919999954,974.3159919949954,0.0,49.0,0.342999995,360.0,0.0,0.0,1.0,0.0399999991,2.0,0.0,Oddball standard
974.6729919999925,975.0159919949925,0.0,49.0,0.342999995,360.0,0.0,0.0,1.0,0.0399999991,2.0,0.0,Oddball standard
975.3729919999896,975.7159919949896,0.0,49.0,0.342999995,360.0,0.0,0.0,1.0,0.0399999991,2.0,0.0,Oddball standard
976.0729919999867,976.4159919949867,0.0,49.0,0.342999995,360.0,0.0,0.0,1.0,0.0399999991,2.0,0.0,Oddball standard
976.7729919999983,977.1159919949984,0.0,49.0,0.342999995,360.0,0.0,0.0,1.0,0.0399999991,2.0,0.0,Oddball standard
977.4729919999954,977.8159919949954,0.0,49.0,0.342999995,360.0,0.0,0.0,1.0,0.0399999991,2.0,0.0,Oddball standard
978.1729919999925,978.5159919949925,0.0,49.0,0.342999995,360.0,0.0,0.0,1.0,0.0399999991,2.0,0.0,Oddball standard
978.8729919999896,979.2159919949896,0.0,49.0,0.342999995,360.0,0.0,0.0,1.0,0.0399999991,2.0,0.0,Oddball standard
979.5729919999867,979.9159919949867,0.0,-1.0,0.342999995,360.0,0.0,0.0,1.0,0.0399999991,2.0,0.0,Oddball standard
980.2729919999983,980.6159919949984,0.0,50.0,0.342999995,360.0,0.0,0.0,1.0,0.0399999991,2.0,0.0,Oddball standard
980.9729919999954,981.3159919949954,0.0,50.0,0.342999995,360.0,0.0,0.0,0.0,0.0399999991,2.0,0.0,Blank
981.6729919999925,982.0159919949925,0.0,50.0,0.342999995,360.0,0.0,0.0,1.0,0.0399999991,2.0,0.0,Oddball standard
982.3729919999896,982.7159919949896,0.0,50.0,0.342999995,360.0,0.0,0.0,1.0,0.0399999991,2.0,0.0,Oddball standard
983.0739839999878,983.4169839949878,0.0,50.0,0.342999995,360.0,0.0,0.0,1.0,0.0399999991,2.0,0.0,Oddball standard
983.7730239999946,984.1160239949946,0.0,50.0,0.342999995,360.0,0.0,0.0,1.0,0.0399999991,2.0,0.0,Oddball standard
984.4729919999954,984.8159919949954,0.0,50.0,0.342999995,360.0,0.0,0.0,1.0,0.0399999991,2.0,0.0,Oddball standard
985.1739839999937,985.5169839949937,0.0,50.0,0.342999995,360.0,0.0,0.0,0.0,0.0399999991,2.0,0.0,Blank
985.8729919999896,986.2159919949896,0.0,50.0,0.342999995,360.0,0.0,0.0,0.0,0.0399999991,2.0,0.0,Blank
986.5739839999878,986.9169839949878,0.0,50.0,0.342999995,360.0,0.0,0.0,1.0,0.0399999991,2.0,0.0,Oddball standard
987.2729919999983,987.6159919949984,0.0,50.0,0.342999995,360.0,0.0,0.0,1.0,0.0399999991,2.0,0.0,Oddball standard
987.9739839999966,988.3169839949966,0.0,50.0,0.342999995,360.0,0.0,0.0,1.0,0.0399999991,2.0,0.0,Oddball standard
988.6729919999925,989.0159919949925,0.0,50.0,0.342999995,360.0,0.0,0.0,1.0,0.0399999991,2.0,0.0,Oddball standard
989.3729919999896,989.7159919949896,0.0,50.0,0.342999995,360.0,0.0,0.0,1.0,0.0399999991,2.0,0.0,Oddball standard
990.0739839999878,990.4169839949878,0.0,50.0,0.342999995,360.0,0.0,0.0,1.0,0.0399999991,2.0,0.0,Oddball standard
990.7739839999995,991.1169839949995,0.0,50.0,0.342999995,360.0,0.0,0.0,1.0,0.0399999991,2.0,0.0,Oddball standard
991.4739839999966,991.8169839949966,0.0,50.0,0.342999995,360.0,0.0,0.0,1.0,0.0399999991,2.0,0.0,Oddball standard
992.1739839999937,992.5169839949937,0.0,50.0,0.342999995,360.0,0.0,0.0,1.0,0.0399999991,2.0,0.0,Oddball standard
992.8739839999907,993.2169839949908,0.0,50.0,0.342999995,360.0,0.0,0.0,1.0,0.0399999991,2.0,0.0,Oddball standard
993.5739839999878,993.9169839949878,0.0,50.0,0.342999995,360.0,0.0,0.0,1.0,0.0399999991,2.0,0.0,Oddball standard
994.2739839999995,994.6169839949995,0.0,50.0,0.342999995,360.0,0.0,0.0,1.0,0.0399999991,2.0,0.0,Oddball standard
994.9739839999966,995.3169839949966,0.0,50.0,0.342999995,360.0,0.0,0.0,1.0,0.0399999991,2.0,0.0,Oddball standard
995.6739839999937,996.0169839949937,0.0,50.0,0.342999995,360.0,0.0,0.0,1.0,0.0399999991,2.0,0.0,Oddball standard
996.3739839999907,996.7169839949908,0.0,50.0,0.342999995,360.0,0.0,0.0,1.0,0.0399999991,2.0,0.0,Oddball standard
997.0739839999878,997.4169839949878,0.0,50.0,0.342999995,360.0,0.0,0.0,1.0,0.0399999991,2.0,0.0,Oddball standard
997.7739839999995,998.1169839949995,0.0,50.0,0.342999995,360.0,0.0,0.0,1.0,0.0399999991,0.0,0.0,Oddball standard
998.4739839999966,998.8169839949966,0.0,50.0,0.342999995,360.0,0.0,0.0,1.0,0.0399999991,2.0,0.0,Oddball standard
999.1739839999937,999.5169839949937,1.57079637,50.0,0.342999995,360.0,0.0,0.0,1.0,0.0399999991,2.0,1.571,Oddball deviant
999.8739839999907,1000.2169839949908,0.0,-1.0,0.342999995,360.0,0.0,0.0,1.0,0.0399999991,2.0,0.0,Oddball standard
1000.5739839999878,1000.9169839949878,0.0,51.0,0.342999995,360.0,0.0,0.0,1.0,0.0399999991,2.0,0.0,Oddball standard
1001.2739839999995,1001.6169839949995,0.0,51.0,0.342999995,360.0,0.0,0.0,1.0,0.0399999991,2.0,0.0,Oddball standard
1001.9739839999966,1002.3169839949966,0.0,51.0,0.342999995,360.0,0.0,0.0,1.0,0.0399999991,2.0,0.0,Oddball standard
1002.6739839999937,1003.0169839949937,0.0,51.0,0.342999995,360.0,0.0,0.0,1.0,0.0399999991,2.0,0.0,Oddball standard
1003.3739839999907,1003.7169839949908,0.0,51.0,0.342999995,360.0,0.0,0.0,1.0,0.0399999991,0.0,0.0,Oddball standard
1004.0739839999878,1004.4169839949878,0.0,51.0,0.342999995,360.0,0.0,0.0,1.0,0.0399999991,2.0,0.0,Oddball standard
1004.7739839999995,1005.1169839949995,0.0,51.0,0.342999995,360.0,0.0,0.0,1.0,0.0399999991,2.0,0.0,Oddball standard
1005.4739839999966,1005.8169839949966,0.0,51.0,0.342999995,360.0,0.0,0.0,1.0,0.0399999991,2.0,0.0,Oddball standard
1006.1739839999937,1006.5169839949937,0.0,51.0,0.342999995,360.0,0.0,0.0,1.0,0.0399999991,2.0,0.0,Oddball standard
1006.8739839999907,1007.2169839949908,0.0,51.0,0.342999995,360.0,0.0,0.0,1.0,0.0399999991,0.0,0.0,Oddball standard
1007.5739839999878,1007.9169839949878,0.0,51.0,0.342999995,360.0,0.0,0.0,1.0,0.0399999991,2.0,0.0,Oddball standard
1008.2739839999995,1008.6169839949995,0.0,51.0,0.342999995,360.0,0.0,0.0,1.0,0.0399999991,2.0,0.0,Oddball standard
1008.9739839999966,1009.3169839949966,0.0,51.0,0.342999995,360.0,0.0,0.0,1.0,0.0399999991,2.0,0.0,Oddball standard
1009.6739839999937,1010.0169839949937,0.0,51.0,0.342999995,360.0,0.0,0.0,1.0,0.0399999991,2.0,0.0,Oddball standard
1010.3739839999907,1010.7169839949908,0.0,51.0,0.342999995,360.0,0.0,0.0,1.0,0.0399999991,2.0,0.0,Oddball standard
1011.0739839999878,1011.4169839949878,0.0,51.0,0.342999995,360.0,0.0,0.0,1.0,0.0399999991,2.0,0.0,Oddball standard
1011.7739839999995,1012.1169839949995,0.0,51.0,0.342999995,360.0,0.0,0.0,1.0,0.0399999991,2.0,0.0,Oddball standard
1012.4739839999966,1012.8169839949966,0.0,51.0,0.342999995,360.0,0.0,0.0,1.0,0.0399999991,2.0,0.0,Oddball standard
1013.1739839999937,1013.5169839949937,0.0,51.0,0.342999995,360.0,0.0,0.0,1.0,0.0399999991,2.0,0.0,Oddball standard
1013.8739839999907,1014.2169839949908,0.0,51.0,0.342999995,360.0,0.0,0.0,1.0,0.0399999991,2.0,0.0,Oddball standard
1014.5739839999878,1014.9169839949878,0.0,51.0,0.342999995,360.0,0.0,0.0,1.0,0.0399999991,2.0,0.0,Oddball standard
1015.2739839999995,1015.6169839949995,0.0,51.0,0.342999995,360.0,0.0,0.0,1.0,0.0399999991,2.0,0.0,Oddball standard
1015.9739839999966,1016.3169839949966,0.0,51.0,0.342999995,360.0,0.0,0.0,1.0,0.0399999991,2.0,0.0,Oddball standard
1016.6739839999937,1017.0169839949937,0.0,51.0,0.342999995,360.0,0.0,0.0,1.0,0.0399999991,2.0,0.0,Oddball standard
1017.3739839999907,1017.7169839949908,0.0,51.0,0.342999995,360.0,0.0,0.0,1.0,0.0399999991,2.0,0.0,Oddball standard
1018.0739839999878,1018.4169839949878,0.0,51.0,0.342999995,360.0,0.0,0.0,1.0,0.0399999991,2.0,0.0,Oddball standard
1018.7739839999995,1019.1169839949995,0.0,51.0,0.342999995,360.0,0.0,0.0,1.0,0.0399999991,2.0,0.0,Oddball standard
1019.4739839999966,1019.8169839949966,0.0,-1.0,0.342999995,360.0,0.0,0.0,1.0,0.0399999991,2.0,0.0,Oddball standard
1020.1739839999937,1020.5169839949937,0.0,52.0,0.342999995,360.0,0.0,0.0,1.0,0.0399999991,2.0,0.0,Oddball standard
1020.8739839999907,1021.2169839949908,0.0,52.0,0.342999995,360.0,0.0,0.0,1.0,0.0399999991,2.0,0.0,Oddball standard
1021.5739839999878,1021.9169839949878,0.0,52.0,0.342999995,360.0,0.0,0.0,1.0,0.0399999991,2.0,0.0,Oddball standard
1022.2739839999995,1022.6169839949995,0.0,52.0,0.342999995,360.0,0.0,0.0,1.0,0.0399999991,2.0,0.0,Oddball standard
1022.9739839999966,1023.3169839949966,0.0,52.0,0.342999995,360.0,0.0,0.0,1.0,0.0399999991,2.0,0.0,Oddball standard
1023.6739839999937,1024.0169839949936,0.0,52.0,0.342999995,360.0,0.0,0.0,1.0,0.0399999991,2.0,0.0,Oddball standard
1024.3739839999907,1024.7169839949906,0.0,52.0,0.342999995,360.0,0.0,0.0,1.0,0.0399999991,2.0,0.0,Oddball standard
1025.0739839999878,1025.4169839949877,0.0,52.0,0.342999995,360.0,0.0,0.0,1.0,0.0399999991,2.0,0.0,Oddball standard
1025.7739839999995,1026.1169839949994,0.0,52.0,0.342999995,360.0,0.0,0.0,1.0,0.0399999991,2.0,0.0,Oddball standard
1026.4739839999966,1026.8169839949965,0.0,52.0,0.342999995,360.0,0.0,0.0,1.0,0.0399999991,2.0,0.0,Oddball standard
1027.1739839999937,1027.5169839949936,0.0,52.0,0.342999995,360.0,0.0,0.0,1.0,0.0399999991,2.0,0.0,Oddball standard
1027.8739839999907,1028.2169839949906,0.0,52.0,0.342999995,360.0,0.0,0.0,1.0,0.0399999991,2.0,0.0,Oddball standard
1028.5739839999878,1028.9169839949877,0.0,52.0,0.342999995,360.0,0.0,0.0,1.0,0.0399999991,2.0,0.0,Oddball standard
1029.2739839999995,1029.6169839949994,0.0,52.0,0.342999995,360.0,0.0,0.0,1.0,0.0399999991,2.0,0.0,Oddball standard
1029.9899839999998,1030.3329839949997,0.0,52.0,0.342999995,360.0,0.0,0.0,0.0,0.0399999991,2.0,0.0,Blank
1030.689983999997,1031.0329839949968,0.0,52.0,0.342999995,360.0,0.0,0.0,1.0,0.0399999991,2.0,0.0,Oddball standard
1031.3909759999951,1031.733975994995,0.0,52.0,0.342999995,360.0,0.0,0.0,1.0,0.0399999991,2.0,0.0,Oddball standard
1032.089983999991,1032.432983994991,0.0,52.0,0.342999995,360.0,0.0,0.0,1.0,0.0399999991,2.0,0.0,Oddball standard
1032.7899839999882,1033.132983994988,0.0,52.0,0.342999995,360.0,0.0,0.0,1.0,0.0399999991,2.0,0.0,Oddball standard
1033.4909759999864,1033.8339759949863,0.0,52.0,0.342999995,360.0,0.0,0.0,1.0,0.0399999991,2.0,0.0,Oddball standard
1034.190975999998,1034.533975994998,0.0,52.0,0.342999995,360.0,0.0,0.0,0.0,0.0399999991,2.0,0.0,Blank
1034.8909759999951,1035.233975994995,0.0,52.0,0.342999995,360.0,0.0,0.0,1.0,0.0399999991,2.0,0.0,Oddball standard
1035.5909759999922,1035.9339759949921,0.0,52.0,0.342999995,360.0,0.0,0.0,1.0,0.0399999991,2.0,0.0,Oddball standard
1036.2909759999893,1036.6339759949892,0.0,52.0,0.342999995,360.0,0.0,0.0,1.0,0.0399999991,2.0,0.0,Oddball standard
1036.9909759999864,1037.3339759949863,0.0,52.0,0.342999995,360.0,0.0,0.0,1.0,0.0399999991,2.0,0.0,Oddball standard
1037.690975999998,1038.033975994998,0.0,52.0,0.342999995,360.0,0.0,0.0,1.0,0.0399999991,2.0,0.0,Oddball standard
1038.3909759999951,1038.733975994995,0.0,52.0,0.342999995,360.0,0.0,0.0,1.0,0.0399999991,2.0,0.0,Oddball standard
1039.0909759999922,1039.4339759949921,0.0,52.0,0.342999995,360.0,0.0,0.0,1.0,0.0399999991,2.0,0.0,Oddball standard
1039.7909759999893,1040.1339759949892,0.0,-1.0,0.342999995,360.0,0.0,0.0,1.0,0.0399999991,2.0,0.0,Oddball standard
1040.4909759999864,1040.8339759949863,0.0,53.0,0.342999995,360.0,0.0,0.0,1.0,0.0399999991,2.0,0.0,Oddball standard
1041.190975999998,1041.533975994998,0.0,53.0,0.342999995,360.0,0.0,0.0,1.0,0.0399999991,2.0,0.0,Oddball standard
1041.8909759999951,1042.233975994995,0.0,53.0,0.342999995,360.0,0.0,0.0,1.0,0.0399999991,2.0,0.0,Oddball standard
1042.5909759999922,1042.9339759949921,0.0,53.0,0.342999995,360.0,0.0,0.0,1.0,0.0399999991,2.0,0.0,Oddball standard
1043.2909759999893,1043.6339759949892,0.0,53.0,0.342999995,360.0,0.0,0.0,1.0,0.0399999991,2.0,0.0,Oddball standard
1043.9909759999864,1044.3339759949863,0.0,53.0,0.342999995,360.0,0.0,0.0,1.0,0.0399999991,2.0,0.0,Oddball standard
1044.690975999998,1045.033975994998,0.0,53.0,0.342999995,360.0,0.0,0.0,1.0,0.0399999991,2.0,0.0,Oddball standard
1045.3909759999951,1045.733975994995,0.0,53.0,0.342999995,360.0,0.0,0.0,1.0,0.0399999991,2.0,0.0,Oddball standard
1046.0909759999922,1046.4339759949921,0.0,53.0,0.342999995,360.0,0.0,0.0,1.0,0.0399999991,2.0,0.0,Oddball standard
1046.7909759999893,1047.1339759949892,0.0,53.0,0.342999995,360.0,0.0,0.0,1.0,0.0399999991,2.0,0.0,Oddball standard
1047.4910079999972,1047.8340079949971,0.0,53.0,0.342999995,360.0,0.0,0.0,1.0,0.0399999991,2.0,0.0,Oddball standard
1048.190975999998,1048.533975994998,0.0,53.0,0.342999995,360.0,0.0,0.0,1.0,0.0399999991,2.0,0.0,Oddball standard
1048.8909759999951,1049.233975994995,0.0,53.0,0.342999995,360.0,0.0,0.0,1.0,0.0399999991,2.0,0.0,Oddball standard
1049.5909759999922,1049.9339759949921,0.0,53.0,0.342999995,360.0,0.0,0.0,1.0,0.0399999991,2.0,0.0,Oddball standard
1050.2909759999893,1050.6339759949892,0.0,53.0,0.342999995,360.0,0.0,0.0,1.0,0.0399999991,2.0,0.0,Oddball standard
1050.9909759999864,1051.3339759949863,0.0,53.0,0.342999995,360.0,0.0,0.0,1.0,0.0399999991,2.0,0.0,Oddball standard
1051.690975999998,1052.033975994998,0.0,53.0,0.342999995,360.0,0.0,0.0,1.0,0.0399999991,2.0,0.0,Oddball standard
1052.3909759999951,1052.733975994995,0.0,53.0,0.342999995,360.0,0.0,0.0,1.0,0.0399999991,2.0,0.0,Oddball standard
1053.0909759999922,1053.4339759949921,0.0,53.0,0.342999995,360.0,0.0,0.0,1.0,0.0399999991,2.0,0.0,Oddball standard
1053.7909759999893,1054.1339759949892,0.0,53.0,0.342999995,360.0,0.0,0.0,1.0,0.0399999991,2.0,0.0,Oddball standard
1054.4909759999864,1054.8339759949863,0.0,53.0,0.342999995,360.0,0.0,0.0,1.0,0.0399999991,2.0,0.0,Oddball standard
1055.190975999998,1055.533975994998,0.0,53.0,0.342999995,360.0,0.0,0.0,1.0,0.0399999991,2.0,0.0,Oddball standard
1055.8909759999951,1056.233975994995,0.0,53.0,0.342999995,360.0,0.0,0.0,1.0,0.0399999991,2.0,0.0,Oddball standard
1056.5909759999922,1056.9339759949921,0.0,53.0,0.342999995,360.0,0.0,0.0,1.0,0.0399999991,2.0,0.0,Oddball standard
1057.2909759999893,1057.6339759949892,0.0,53.0,0.342999995,360.0,0.0,0.0,1.0,0.0399999991,2.0,0.0,Oddball standard
1057.9909759999864,1058.3339759949863,0.0,53.0,0.342999995,360.0,0.0,0.0,0.0,0.0399999991,2.0,0.0,Blank
1058.690975999998,1059.033975994998,0.0,53.0,0.342999995,360.0,0.0,0.0,1.0,0.0399999991,2.0,0.0,Oddball standard
1059.3909759999951,1059.733975994995,0.0,53.0,0.342999995,360.0,0.0,0.0,1.0,0.0399999991,2.0,0.0,Oddball standard
1060.0909759999922,1060.4339759949921,0.0,54.0,0.342999995,360.0,0.0,0.0,1.0,0.0399999991,2.0,0.0,Oddball standard
1060.7909759999893,1061.1339759949892,0.0,54.0,0.342999995,360.0,0.0,0.0,1.0,0.0399999991,2.0,0.0,Oddball standard
1061.4909759999864,1061.8339759949863,0.0,54.0,0.342999995,360.0,0.0,0.0,1.0,0.0399999991,2.0,0.0,Oddball standard
1062.190975999998,1062.533975994998,0.0,54.0,0.342999995,360.0,0.0,0.0,1.0,0.0399999991,2.0,0.0,Oddball standard
1062.8909759999951,1063.233975994995,0.0,54.0,0.342999995,360.0,0.0,0.0,1.0,0.0399999991,2.0,0.0,Oddball standard
1063.5909759999922,1063.9339759949921,1.57079637,54.0,0.342999995,360.0,0.0,0.0,1.0,0.0399999991,2.0,1.571,Oddball deviant
1064.2909759999893,1064.6339759949892,0.0,54.0,0.342999995,360.0,0.0,0.0,1.0,0.0399999991,2.0,0.0,Oddball standard
1064.9909759999864,1065.3339759949863,0.0,54.0,0.342999995,360.0,0.0,0.0,1.0,0.0399999991,2.0,0.0,Oddball standard
1065.690975999998,1066.033975994998,0.0,54.0,0.342999995,360.0,0.0,0.0,1.0,0.0399999991,2.0,0.0,Oddball standard
1066.3909759999951,1066.733975994995,0.0,54.0,0.342999995,360.0,0.0,0.0,1.0,0.0399999991,2.0,0.0,Oddball standard
1067.0909759999922,1067.4339759949921,0.0,54.0,0.342999995,360.0,0.0,0.0,1.0,0.0399999991,2.0,0.0,Oddball standard
1067.7909759999893,1068.1339759949892,0.0,54.0,0.342999995,360.0,0.0,0.0,1.0,0.0399999991,2.0,0.0,Oddball standard
1068.4909759999864,1068.8339759949863,0.0,54.0,0.342999995,360.0,0.0,0.0,0.0,0.0399999991,2.0,0.0,Blank
1069.190975999998,1069.533975994998,0.0,54.0,0.342999995,360.0,0.0,0.0,1.0,0.0399999991,2.0,0.0,Oddball standard
1069.8909759999951,1070.233975994995,0.0,54.0,0.342999995,360.0,0.0,0.0,1.0,0.0399999991,2.0,0.0,Oddball standard
1070.5909759999922,1070.9339759949921,0.0,54.0,0.342999995,360.0,0.0,0.0,1.0,0.0399999991,2.0,0.0,Oddball standard
1071.2909759999893,1071.6339759949892,0.0,54.0,0.342999995,360.0,0.0,0.0,1.0,0.0399999991,2.0,0.0,Oddball standard
1071.9909759999864,1072.3339759949863,0.0,54.0,0.342999995,360.0,0.0,0.0,1.0,0.0399999991,2.0,0.0,Oddball standard
1072.690975999998,1073.033975994998,0.0,54.0,0.342999995,360.0,0.0,0.0,1.0,0.0399999991,2.0,0.0,Oddball standard
1073.3909759999951,1073.733975994995,0.0,54.0,0.342999995,360.0,0.0,0.0,1.0,0.0399999991,2.0,0.0,Oddball standard
1074.0909759999922,1074.4339759949921,0.0,54.0,0.342999995,360.0,0.0,0.0,1.0,0.0399999991,2.0,0.0,Oddball standard
1074.7909759999893,1075.1339759949892,0.0,54.0,0.342999995,360.0,0.0,0.0,1.0,0.0399999991,2.0,0.0,Oddball standard
1075.4909759999864,1075.8339759949863,0.0,54.0,0.342999995,360.0,0.0,0.0,1.0,0.0399999991,2.0,0.0,Oddball standard
1076.190975999998,1076.533975994998,1.57079637,54.0,0.342999995,360.0,0.0,0.0,1.0,0.0399999991,2.0,1.571,Oddball deviant
1076.8909759999951,1077.233975994995,0.0,54.0,0.342999995,360.0,0.0,0.0,1.0,0.0399999991,2.0,0.0,Oddball standard
1077.5909759999922,1077.9339759949921,0.0,54.0,0.342999995,360.0,0.0,0.0,1.0,0.0399999991,2.0,0.0,Oddball standard
1078.2909759999893,1078.6339759949892,0.0,54.0,0.342999995,360.0,0.0,0.0,1.0,0.0399999991,2.0,0.0,Oddball standard
1078.9909759999864,1079.3339759949863,0.0,54.0,0.342999995,360.0,0.0,0.0,1.0,0.0399999991,2.0,0.0,Oddball standard
1079.690975999998,1080.033975994998,0.0,-1.0,0.342999995,360.0,0.0,0.0,1.0,0.0399999991,2.0,0.0,Oddball standard
1080.3909759999951,1080.733975994995,0.0,55.0,0.342999995,360.0,0.0,0.0,1.0,0.0399999991,2.0,0.0,Oddball standard
1081.0909759999922,1081.4339759949921,0.0,55.0,0.342999995,360.0,0.0,0.0,1.0,0.0399999991,2.0,0.0,Oddball standard
1081.7909759999893,1082.1339759949892,0.0,55.0,0.342999995,360.0,0.0,0.0,1.0,0.0399999991,2.0,0.0,Oddball standard
1082.4909759999864,1082.8339759949863,0.0,55.0,0.342999995,360.0,0.0,0.0,1.0,0.0399999991,2.0,0.0,Oddball standard
1083.190975999998,1083.533975994998,0.0,55.0,0.342999995,360.0,0.0,0.0,1.0,0.0399999991,2.0,0.0,Oddball standard
1083.8909759999951,1084.233975994995,0.0,55.0,0.342999995,360.0,0.0,0.0,1.0,0.0399999991,2.0,0.0,Oddball standard
1084.5909759999922,1084.9339759949921,0.0,55.0,0.342999995,360.0,0.0,0.0,1.0,0.0399999991,2.0,0.0,Oddball standard
1085.2909759999893,1085.6339759949892,0.0,55.0,0.342999995,360.0,0.0,0.0,1.0,0.0399999991,2.0,0.0,Oddball standard
1085.9909759999864,1086.3339759949863,0.0,55.0,0.342999995,360.0,0.0,0.0,1.0,0.0399999991,2.0,0.0,Oddball standard
1086.690975999998,1087.033975994998,0.0,55.0,0.342999995,360.0,0.0,0.0,1.0,0.0399999991,2.0,0.0,Oddball standard
1087.3909759999951,1087.733975994995,0.0,55.0,0.342999995,360.0,0.0,0.0,1.0,0.0399999991,2.0,0.0,Oddball standard
1088.0909759999922,1088.4339759949921,0.0,55.0,0.342999995,360.0,0.0,0.0,1.0,0.0399999991,2.0,0.0,Oddball standard
1088.7909759999893,1089.1339759949892,0.0,55.0,0.342999995,360.0,0.0,0.0,1.0,0.0399999991,2.0,0.0,Oddball standard
1089.4909759999864,1089.8339759949863,0.0,55.0,0.342999995,360.0,0.0,0.0,1.0,0.0399999991,2.0,0.0,Oddball standard
1090.190975999998,1090.533975994998,0.0,55.0,0.342999995,360.0,0.0,0.0,1.0,0.0399999991,2.0,0.0,Oddball standard
1090.8909759999951,1091.233975994995,0.0,55.0,0.342999995,360.0,0.0,0.0,1.0,0.0399999991,2.0,0.0,Oddball standard
1091.5909759999922,1091.9339759949921,0.0,55.0,0.342999995,360.0,0.0,0.0,1.0,0.0399999991,2.0,0.0,Oddball standard
1092.2909759999893,1092.6339759949892,0.0,55.0,0.342999995,360.0,0.0,0.0,1.0,0.0399999991,2.0,0.0,Oddball standard
1092.9909759999864,1093.3339759949863,0.0,55.0,0.342999995,360.0,0.0,0.0,1.0,0.0399999991,2.0,0.0,Oddball standard
1093.690975999998,1094.033975994998,0.0,55.0,0.342999995,360.0,0.0,0.0,1.0,0.0399999991,2.0,0.0,Oddball standard
1094.3909759999951,1094.733975994995,0.0,55.0,0.342999995,360.0,0.0,0.0,1.0,0.0399999991,2.0,0.0,Oddball standard
1095.0909759999922,1095.4339759949921,0.0,55.0,0.342999995,360.0,0.0,0.0,1.0,0.0399999991,2.0,0.0,Oddball standard
1095.7909759999893,1096.1339759949892,0.0,55.0,0.342999995,360.0,0.0,0.0,1.0,0.0399999991,2.0,0.0,Oddball standard
1096.4909759999864,1096.8339759949863,0.0,55.0,0.342999995,360.0,0.0,0.0,1.0,0.0399999991,2.0,0.0,Oddball standard
1097.190975999998,1097.533975994998,0.0,55.0,0.342999995,360.0,0.0,0.0,1.0,0.0399999991,2.0,0.0,Oddball standard
1097.8909759999951,1098.233975994995,0.0,55.0,0.342999995,360.0,0.0,0.0,1.0,0.0399999991,2.0,0.0,Oddball standard
1098.5909759999922,1098.9339759949921,0.0,55.0,0.342999995,360.0,0.0,0.0,1.0,0.0399999991,2.0,0.0,Oddball standard
1099.2909759999893,1099.6339759949892,0.0,55.0,0.342999995,360.0,0.0,0.0,1.0,0.0399999991,2.0,0.0,Oddball standard
1099.9909759999864,1100.3339759949863,0.0,-1.0,0.342999995,360.0,0.0,0.0,1.0,0.0399999991,2.0,0.0,Oddball standard
1100.690975999998,1101.033975994998,0.0,56.0,0.342999995,360.0,0.0,0.0,1.0,0.0399999991,2.0,0.0,Oddball standard
1101.3909759999951,1101.733975994995,0.0,56.0,0.342999995,360.0,0.0,0.0,1.0,0.0399999991,2.0,0.0,Oddball standard
1102.0909759999922,1102.4339759949921,0.0,56.0,0.342999995,360.0,0.0,0.0,1.0,0.0399999991,2.0,0.0,Oddball standard
1102.7909759999893,1103.1339759949892,1.57079637,56.0,0.342999995,360.0,0.0,0.0,1.0,0.0399999991,2.0,1.571,Oddball deviant
1103.4909759999864,1103.8339759949863,0.0,56.0,0.342999995,360.0,0.0,0.0,1.0,0.0399999991,2.0,0.0,Oddball standard
1104.190975999998,1104.533975994998,0.0,56.0,0.342999995,360.0,0.0,0.0,1.0,0.0399999991,2.0,0.0,Oddball standard
1104.8909759999951,1105.233975994995,0.0,56.0,0.342999995,360.0,0.0,0.0,1.0,0.0399999991,2.0,0.0,Oddball standard
1105.5909759999922,1105.9339759949921,0.0,56.0,0.342999995,360.0,0.0,0.0,1.0,0.0399999991,2.0,0.0,Oddball standard
1106.2909759999893,1106.6339759949892,0.0,56.0,0.342999995,360.0,0.0,0.0,1.0,0.0399999991,2.0,0.0,Oddball standard
1106.9909759999864,1107.3339759949863,0.0,56.0,0.342999995,360.0,0.0,0.0,1.0,0.0399999991,2.0,0.0,Oddball standard
1107.690975999998,1108.033975994998,0.0,56.0,0.342999995,360.0,0.0,0.0,1.0,0.0399999991,2.0,0.0,Oddball standard
1108.3909759999951,1108.733975994995,0.0,56.0,0.342999995,360.0,0.0,0.0,1.0,0.0399999991,2.0,0.0,Oddball standard
1109.0909759999922,1109.4339759949921,0.0,56.0,0.342999995,360.0,0.0,0.0,1.0,0.0399999991,2.0,0.0,Oddball standard
1109.7909759999893,1110.1339759949892,0.0,56.0,0.342999995,360.0,0.0,0.0,1.0,0.0399999991,2.0,0.0,Oddball standard
1110.4909759999864,1110.8339759949863,0.0,56.0,0.342999995,360.0,0.0,0.0,1.0,0.0399999991,2.0,0.0,Oddball standard
1111.1910079999943,1111.5340079949942,0.0,56.0,0.342999995,360.0,0.0,0.0,1.0,0.0399999991,2.0,0.0,Oddball standard
1111.8909759999951,1112.233975994995,0.0,56.0,0.342999995,360.0,0.0,0.0,1.0,0.0399999991,2.0,0.0,Oddball standard
1112.5909759999922,1112.9339759949921,0.0,56.0,0.342999995,360.0,0.0,0.0,1.0,0.0399999991,2.0,0.0,Oddball standard
1113.2909759999893,1113.6339759949892,0.0,56.0,0.342999995,360.0,0.0,0.0,1.0,0.0399999991,2.0,0.0,Oddball standard
1113.9909759999864,1114.3339759949863,0.785398185,56.0,0.342999995,360.0,0.0,0.0,1.0,0.0399999991,2.0,0.785,Oddball deviant
1114.690975999998,1115.033975994998,0.0,56.0,0.342999995,360.0,0.0,0.0,1.0,0.0399999991,2.0,0.0,Oddball standard
1115.3909759999951,1115.733975994995,0.0,56.0,0.342999995,360.0,0.0,0.0,1.0,0.0399999991,2.0,0.0,Oddball standard
1116.0909759999922,1116.4339759949921,0.0,56.0,0.342999995,360.0,0.0,0.0,1.0,0.0399999991,2.0,0.0,Oddball standard
1116.7909759999893,1117.1339759949892,0.0,56.0,0.342999995,360.0,0.0,0.0,1.0,0.0399999991,2.0,0.0,Oddball standard
1117.4909759999864,1117.8339759949863,0.0,56.0,0.342999995,360.0,0.0,0.0,1.0,0.0399999991,2.0,0.0,Oddball standard
1118.190975999998,1118.533975994998,0.0,56.0,0.342999995,360.0,0.0,0.0,1.0,0.0399999991,2.0,0.0,Oddball standard
1118.8909759999951,1119.233975994995,0.0,56.0,0.342999995,360.0,0.0,0.0,1.0,0.0399999991,2.0,0.0,Oddball standard
1119.5909759999922,1119.9339759949921,0.0,-1.0,0.342999995,360.0,0.0,0.0,1.0,0.0399999991,2.0,0.0,Oddball standard
1120.2909759999893,1120.6339759949892,0.0,57.0,0.342999995,360.0,0.0,0.0,1.0,0.0399999991,2.0,0.0,Oddball standard
1120.9909759999864,1121.3339759949863,0.0,57.0,0.342999995,360.0,0.0,0.0,1.0,0.0399999991,2.0,0.0,Oddball standard
1121.690975999998,1122.033975994998,0.0,57.0,0.342999995,360.0,0.0,0.0,1.0,0.0399999991,2.0,0.0,Oddball standard
1122.3909759999951,1122.733975994995,0.0,57.0,0.342999995,360.0,0.0,0.0,1.0,0.0399999991,2.0,0.0,Oddball standard
1123.0909759999922,1123.4339759949921,0.0,57.0,0.342999995,360.0,0.0,0.0,1.0,0.0399999991,2.0,0.0,Oddball standard
1123.7909759999893,1124.1339759949892,0.0,57.0,0.342999995,360.0,0.0,0.0,1.0,0.0399999991,2.0,0.0,Oddball standard
1124.4909759999864,1124.8339759949863,0.0,57.0,0.342999995,360.0,0.0,0.0,0.0,0.0399999991,2.0,0.0,Blank
1125.190975999998,1125.533975994998,1.57079637,57.0,0.342999995,360.0,0.0,0.0,1.0,0.0399999991,2.0,1.571,Oddball deviant
1125.8909759999951,1126.233975994995,0.0,57.0,0.342999995,360.0,0.0,0.0,1.0,0.0399999991,2.0,0.0,Oddball standard
1126.5909759999922,1126.9339759949921,0.0,57.0,0.342999995,360.0,0.0,0.0,1.0,0.0399999991,2.0,0.0,Oddball standard
1127.2909759999893,1127.6339759949892,0.0,57.0,0.342999995,360.0,0.0,0.0,1.0,0.0399999991,2.0,0.0,Oddball standard
1127.9909759999864,1128.3339759949863,0.0,57.0,0.342999995,360.0,0.0,0.0,1.0,0.0399999991,2.0,0.0,Oddball standard
1128.690975999998,1129.033975994998,0.0,57.0,0.342999995,360.0,0.0,0.0,1.0,0.0399999991,2.0,0.0,Oddball standard
1129.3909759999951,1129.733975994995,0.0,57.0,0.342999995,360.0,0.0,0.0,1.0,0.0399999991,2.0,0.0,Oddball standard
1130.0919999999896,1130.4349999949895,0.0,57.0,0.342999995,360.0,0.0,0.0,1.0,0.0399999991,2.0,0.0,Oddball standard
1130.7909759999893,1131.1339759949892,0.0,57.0,0.342999995,360.0,0.0,0.0,1.0,0.0399999991,2.0,0.0,Oddball standard
1131.4909759999864,1131.8339759949863,0.0,57.0,0.342999995,360.0,0.0,0.0,1.0,0.0399999991,2.0,0.0,Oddball standard
1132.190975999998,1132.533975994998,0.0,57.0,0.342999995,360.0,0.0,0.0,1.0,0.0399999991,2.0,0.0,Oddball standard
1132.8909759999951,1133.233975994995,0.0,57.0,0.342999995,360.0,0.0,0.0,1.0,0.0399999991,2.0,0.0,Oddball standard
1133.5909759999922,1133.9339759949921,0.0,57.0,0.342999995,360.0,0.0,0.0,1.0,0.0399999991,2.0,0.0,Oddball standard
1134.2909759999893,1134.6339759949892,0.0,57.0,0.342999995,360.0,0.0,0.0,1.0,0.0399999991,2.0,0.0,Oddball standard
1134.9909759999864,1135.3339759949863,0.0,57.0,0.342999995,360.0,0.0,0.0,1.0,0.0399999991,2.0,0.0,Oddball standard
1135.690975999998,1136.033975994998,0.0,57.0,0.342999995,360.0,0.0,0.0,1.0,0.0399999991,2.0,0.0,Oddball standard
1136.3909759999951,1136.733975994995,0.0,57.0,0.342999995,360.0,0.0,0.0,1.0,0.0399999991,2.0,0.0,Oddball standard
1137.0909759999922,1137.4339759949921,0.0,57.0,0.342999995,360.0,0.0,0.0,1.0,0.0399999991,2.0,0.0,Oddball standard
1137.7909759999893,1138.1339759949892,0.0,57.0,0.342999995,360.0,0.0,0.0,1.0,0.0399999991,2.0,0.0,Oddball standard
1138.4909759999864,1138.8339759949863,0.0,57.0,0.342999995,360.0,0.0,0.0,1.0,0.0399999991,2.0,0.0,Oddball standard
1139.190975999998,1139.533975994998,0.0,57.0,0.342999995,360.0,0.0,0.0,1.0,0.0399999991,2.0,0.0,Oddball standard
1139.8909759999951,1140.233975994995,0.0,-1.0,0.342999995,360.0,0.0,0.0,1.0,0.0399999991,0.0,0.0,Oddball standard
1140.5909759999922,1140.9339759949921,0.0,58.0,0.342999995,360.0,0.0,0.0,1.0,0.0399999991,2.0,0.0,Oddball standard
1141.2909759999893,1141.6339759949892,0.0,58.0,0.342999995,360.0,0.0,0.0,1.0,0.0399999991,2.0,0.0,Oddball standard
1141.9909759999864,1142.3339759949863,0.0,58.0,0.342999995,360.0,0.0,0.0,1.0,0.0399999991,2.0,0.0,Oddball standard
1142.690975999998,1143.033975994998,0.0,58.0,0.342999995,360.0,0.0,0.0,1.0,0.0399999991,2.0,0.0,Oddball standard
1143.3909759999951,1143.733975994995,0.0,58.0,0.342999995,360.0,0.0,0.0,1.0,0.0399999991,2.0,0.0,Oddball standard
1144.0909759999922,1144.4339759949921,0.0,58.0,0.342999995,360.0,0.0,0.0,1.0,0.0399999991,2.0,0.0,Oddball standard
1144.7909759999893,1145.1339759949892,0.0,58.0,0.342999995,360.0,0.0,0.0,1.0,0.0399999991,2.0,0.0,Oddball standard
1145.4909759999864,1145.8339759949863,0.0,58.0,0.342999995,360.0,0.0,0.0,1.0,0.0399999991,2.0,0.0,Oddball standard
1146.190975999998,1146.533975994998,0.0,58.0,0.342999995,360.0,0.0,0.0,1.0,0.0399999991,2.0,0.0,Oddball standard
1146.8909759999951,1147.233975994995,0.0,58.0,0.342999995,360.0,0.0,0.0,1.0,0.0399999991,2.0,0.0,Oddball standard
1147.5909759999922,1147.9339759949921,0.0,58.0,0.342999995,360.0,0.0,0.0,1.0,0.0399999991,2.0,0.0,Oddball standard
1148.2909759999893,1148.6339759949892,0.0,58.0,0.342999995,360.0,0.0,0.0,1.0,0.0399999991,2.0,0.0,Oddball standard
1148.9909759999864,1149.3339759949863,0.0,58.0,0.342999995,360.0,0.0,0.0,1.0,0.0399999991,2.0,0.0,Oddball standard
1149.690975999998,1150.033975994998,0.0,58.0,0.342999995,360.0,0.0,0.0,1.0,0.0399999991,2.0,0.0,Oddball standard
1150.3909759999951,1150.733975994995,0.0,58.0,0.342999995,360.0,0.0,0.0,1.0,0.0399999991,2.0,0.0,Oddball standard
1151.0909759999922,1151.4339759949921,0.0,58.0,0.342999995,360.0,0.0,0.0,1.0,0.0399999991,2.0,0.0,Oddball standard
1151.7909759999893,1152.1339759949892,0.0,58.0,0.342999995,360.0,0.0,0.0,0.0,0.0399999991,2.0,0.0,Blank
1152.4909759999864,1152.8339759949863,0.0,58.0,0.342999995,360.0,0.0,0.0,0.0,0.0399999991,2.0,0.0,Blank
1153.190975999998,1153.533975994998,0.0,58.0,0.342999995,360.0,0.0,0.0,1.0,0.0399999991,2.0,0.0,Oddball standard
1153.8909759999951,1154.233975994995,0.0,58.0,0.342999995,360.0,0.0,0.0,1.0,0.0399999991,2.0,0.0,Oddball standard
1154.5909759999922,1154.9339759949921,0.0,58.0,0.342999995,360.0,0.0,0.0,1.0,0.0399999991,2.0,0.0,Oddball standard
1155.2909759999893,1155.6339759949892,0.0,58.0,0.342999995,360.0,0.0,0.0,1.0,0.0399999991,2.0,0.0,Oddball standard
1155.9909759999864,1156.3339759949863,0.0,58.0,0.342999995,360.0,0.0,0.0,1.0,0.0399999991,2.0,0.0,Oddball standard
1156.690975999998,1157.033975994998,0.0,58.0,0.342999995,360.0,0.0,0.0,1.0,0.0399999991,2.0,0.0,Oddball standard
1157.3909759999951,1157.733975994995,0.785398185,58.0,0.342999995,360.0,0.0,0.0,1.0,0.0399999991,2.0,0.785,Oddball deviant
1158.0909759999922,1158.4339759949921,0.0,58.0,0.342999995,360.0,0.0,0.0,1.0,0.0399999991,2.0,0.0,Oddball standard
1158.7909759999893,1159.1339759949892,0.0,58.0,0.342999995,360.0,0.0,0.0,1.0,0.0399999991,2.0,0.0,Oddball standard
1159.4909759999864,1159.8339759949863,0.0,-1.0,0.342999995,360.0,0.0,0.0,1.0,0.0399999991,2.0,0.0,Oddball standard
1160.190975999998,1160.533975994998,0.0,59.0,0.342999995,360.0,0.0,0.0,1.0,0.0399999991,2.0,0.0,Oddball standard
1160.8909759999951,1161.233975994995,0.0,59.0,0.342999995,360.0,0.0,0.0,1.0,0.0399999991,2.0,0.0,Oddball standard
1161.5909759999922,1161.9339759949921,0.0,59.0,0.342999995,360.0,0.0,0.0,1.0,0.0399999991,2.0,0.0,Oddball standard
1162.2909759999893,1162.6339759949892,0.0,59.0,0.342999995,360.0,0.0,0.0,1.0,0.0399999991,2.0,0.0,Oddball standard
1162.9909759999864,1163.3339759949863,0.0,59.0,0.342999995,360.0,0.0,0.0,1.0,0.0399999991,2.0,0.0,Oddball standard
1163.690975999998,1164.033975994998,0.0,59.0,0.342999995,360.0,0.0,0.0,1.0,0.0399999991,2.0,0.0,Oddball standard
1164.3909759999951,1164.733975994995,0.0,59.0,0.342999995,360.0,0.0,0.0,1.0,0.0399999991,2.0,0.0,Oddball standard
1165.0909759999922,1165.4339759949921,0.0,59.0,0.342999995,360.0,0.0,0.0,1.0,0.0399999991,2.0,0.0,Oddball standard
1165.7909759999893,1166.1339759949892,0.0,59.0,0.342999995,360.0,0.0,0.0,1.0,0.0399999991,2.0,0.0,Oddball standard
1166.4909759999864,1166.8339759949863,0.0,59.0,0.342999995,360.0,0.0,0.0,1.0,0.0399999991,2.0,0.0,Oddball standard
1167.190975999998,1167.533975994998,0.0,59.0,0.342999995,360.0,0.0,0.0,1.0,0.0399999991,2.0,0.0,Oddball standard
1167.8909759999951,1168.233975994995,0.0,59.0,0.342999995,360.0,0.0,0.0,1.0,0.0399999991,2.0,0.0,Oddball standard
1168.5909759999922,1168.9339759949921,0.0,59.0,0.342999995,360.0,0.0,0.0,1.0,0.0399999991,2.0,0.0,Oddball standard
1169.2909759999893,1169.6339759949892,0.0,59.0,0.342999995,360.0,0.0,0.0,1.0,0.0399999991,2.0,0.0,Oddball standard
1169.9909759999864,1170.3339759949863,0.0,59.0,0.342999995,360.0,0.0,0.0,1.0,0.0399999991,2.0,0.0,Oddball standard
1170.690975999998,1171.033975994998,0.0,59.0,0.342999995,360.0,0.0,0.0,1.0,0.0399999991,2.0,0.0,Oddball standard
1171.3909759999951,1171.733975994995,0.0,59.0,0.342999995,360.0,0.0,0.0,1.0,0.0399999991,2.0,0.0,Oddball standard
1172.0909759999922,1172.4339759949921,0.0,59.0,0.342999995,360.0,0.0,0.0,1.0,0.0399999991,2.0,0.0,Oddball standard
1172.7909759999893,1173.1339759949892,0.0,59.0,0.342999995,360.0,0.0,0.0,1.0,0.0399999991,2.0,0.0,Oddball standard
1173.4919999999984,1173.8349999949983,0.0,59.0,0.342999995,360.0,0.0,0.0,1.0,0.0399999991,2.0,0.0,Oddball standard
1174.190975999998,1174.533975994998,0.0,59.0,0.342999995,360.0,0.0,0.0,1.0,0.0399999991,2.0,0.0,Oddball standard
1174.8919999999925,1175.2349999949924,0.0,59.0,0.342999995,360.0,0.0,0.0,0.0,0.0399999991,2.0,0.0,Blank
1175.5909759999922,1175.9339759949921,1.57079637,59.0,0.342999995,360.0,0.0,0.0,1.0,0.0399999991,2.0,1.571,Oddball deviant
1176.2909759999893,1176.6339759949892,0.0,59.0,0.342999995,360.0,0.0,0.0,1.0,0.0399999991,2.0,0.0,Oddball standard
1176.9919999999984,1177.3349999949983,0.0,59.0,0.342999995,360.0,0.0,0.0,1.0,0.0399999991,2.0,0.0,Oddball standard
1177.6919999999955,1178.0349999949954,0.0,59.0,0.342999995,360.0,0.0,0.0,0.0,0.0399999991,2.0,0.0,Blank
1178.3919999999925,1178.7349999949924,0.0,59.0,0.342999995,360.0,0.0,0.0,1.0,0.0399999991,2.0,0.0,Oddball standard
1179.0919999999896,1179.4349999949895,0.0,59.0,0.342999995,360.0,0.0,0.0,1.0,0.0399999991,2.0,0.0,Oddball standard
1179.7909759999893,1180.1339759949892,0.0,-1.0,0.342999995,360.0,0.0,0.0,1.0,0.0399999991,2.0,0.0,Oddball standard
1180.4919999999984,1180.8349999949983,0.0,60.0,0.342999995,360.0,0.0,0.0,1.0,0.0399999991,2.0,0.0,Oddball standard
1181.1919999999955,1181.5349999949954,0.0,60.0,0.342999995,360.0,0.0,0.0,1.0,0.0399999991,2.0,0.0,Oddball standard
1181.8919999999925,1182.2349999949924,0.0,60.0,0.342999995,360.0,0.0,0.0,1.0,0.0399999991,2.0,0.0,Oddball standard
1182.5909759999922,1182.9339759949921,0.0,60.0,0.342999995,360.0,0.0,0.0,1.0,0.0399999991,2.0,0.0,Oddball standard
1183.2919999999867,1183.6349999949866,0.0,60.0,0.342999995,360.0,0.0,0.0,1.0,0.0399999991,2.0,0.0,Oddball standard
1183.9919999999984,1184.3349999949983,0.0,60.0,0.342999995,360.0,0.0,0.0,1.0,0.0399999991,2.0,0.0,Oddball standard
1184.6919999999955,1185.0349999949954,0.0,60.0,0.342999995,360.0,0.0,0.0,0.0,0.0399999991,2.0,0.0,Blank
1185.3919999999925,1185.7349999949924,0.0,60.0,0.342999995,360.0,0.0,0.0,1.0,0.0399999991,2.0,0.0,Oddball standard
1186.0919999999896,1186.4349999949895,0.0,60.0,0.342999995,360.0,0.0,0.0,1.0,0.0399999991,2.0,0.0,Oddball standard
1186.7919999999867,1187.1349999949866,0.0,60.0,0.342999995,360.0,0.0,0.0,1.0,0.0399999991,2.0,0.0,Oddball standard
1187.4919999999984,1187.8349999949983,0.0,60.0,0.342999995,360.0,0.0,0.0,1.0,0.0399999991,2.0,0.0,Oddball standard
1188.1919999999955,1188.5349999949954,0.0,60.0,0.342999995,360.0,0.0,0.0,1.0,0.0399999991,2.0,0.0,Oddball standard
1188.8919999999925,1189.2349999949924,0.0,60.0,0.342999995,360.0,0.0,0.0,1.0,0.0399999991,2.0,0.0,Oddball standard
1189.5919999999896,1189.9349999949895,0.0,60.0,0.342999995,360.0,0.0,0.0,1.0,0.0399999991,2.0,0.0,Oddball standard
1190.2919999999867,1190.6349999949866,0.0,60.0,0.342999995,360.0,0.0,0.0,1.0,0.0399999991,2.0,0.0,Oddball standard
1190.9919999999984,1191.3349999949983,0.0,60.0,0.342999995,360.0,0.0,0.0,1.0,0.0399999991,2.0,0.0,Oddball standard
1191.6919999999955,1192.0349999949954,0.0,60.0,0.342999995,360.0,0.0,0.0,1.0,0.0399999991,2.0,0.0,Oddball standard
1192.3919999999925,1192.7349999949924,0.0,60.0,0.342999995,360.0,0.0,0.0,1.0,0.0399999991,2.0,0.0,Oddball standard
1193.0919999999896,1193.4349999949895,0.0,60.0,0.342999995,360.0,0.0,0.0,1.0,0.0399999991,2.0,0.0,Oddball standard
1193.7919999999867,1194.1349999949866,0.0,60.0,0.342999995,360.0,0.0,0.0,1.0,0.0399999991,2.0,0.0,Oddball standard
1194.4919999999984,1194.8349999949983,0.0,60.0,0.342999995,360.0,0.0,0.0,1.0,0.0399999991,2.0,0.0,Oddball standard
1195.1919999999955,1195.5349999949954,0.0,60.0,0.342999995,360.0,0.0,0.0,1.0,0.0399999991,2.0,0.0,Oddball standard
1195.8919999999925,1196.2349999949924,0.0,60.0,0.342999995,360.0,0.0,0.0,1.0,0.0399999991,2.0,0.0,Oddball standard
1196.5919999999896,1196.9349999949895,0.0,60.0,0.342999995,360.0,0.0,0.0,1.0,0.0399999991,2.0,0.0,Oddball standard
1197.2919999999867,1197.6349999949866,0.0,60.0,0.342999995,360.0,0.0,0.0,1.0,0.0399999991,2.0,0.0,Oddball standard
1197.9919999999984,1198.3349999949983,0.0,60.0,0.342999995,360.0,0.0,0.0,1.0,0.0399999991,2.0,0.0,Oddball standard
1198.6919999999955,1199.0349999949954,0.0,60.0,0.342999995,360.0,0.0,0.0,1.0,0.0399999991,2.0,0.0,Oddball standard
1199.3919999999925,1199.7349999949924,0.0,60.0,0.342999995,360.0,0.0,0.0,1.0,0.0399999991,2.0,0.0,Oddball standard
1200.0919999999896,1200.4349999949895,0.0,61.0,0.342999995,360.0,0.0,0.0,1.0,0.0399999991,2.0,0.0,Oddball standard
1200.7919999999867,1201.1349999949866,0.0,61.0,0.342999995,360.0,0.0,0.0,1.0,0.0399999991,2.0,0.0,Oddball standard
1201.4919999999984,1201.8349999949983,0.0,61.0,0.342999995,360.0,0.0,0.0,1.0,0.0399999991,2.0,0.0,Oddball standard
1202.1919999999955,1202.5349999949954,0.0,61.0,0.342999995,360.0,0.0,0.0,1.0,0.0399999991,2.0,0.0,Oddball standard
1202.8919999999925,1203.2349999949924,0.0,61.0,0.342999995,360.0,0.0,0.0,1.0,0.0399999991,2.0,0.0,Oddball standard
1203.5919999999896,1203.9349999949895,0.0,61.0,0.342999995,360.0,0.0,0.0,1.0,0.0399999991,2.0,0.0,Oddball standard
1204.2919999999867,1204.6349999949866,0.0,61.0,0.342999995,360.0,0.0,0.0,1.0,0.0399999991,2.0,0.0,Oddball standard
1204.9919999999984,1205.3349999949983,0.0,61.0,0.342999995,360.0,0.0,0.0,1.0,0.0399999991,2.0,0.0,Oddball standard
1205.6919999999955,1206.0349999949954,0.0,61.0,0.342999995,360.0,0.0,0.0,1.0,0.0399999991,2.0,0.0,Oddball standard
1206.3919999999925,1206.7349999949924,0.785398185,61.0,0.342999995,360.0,0.0,0.0,1.0,0.0399999991,2.0,0.785,Oddball deviant
1207.0919999999896,1207.4349999949895,0.0,61.0,0.342999995,360.0,0.0,0.0,1.0,0.0399999991,2.0,0.0,Oddball standard
1207.7919999999867,1208.1349999949866,0.0,61.0,0.342999995,360.0,0.0,0.0,1.0,0.0399999991,2.0,0.0,Oddball standard
1208.4919999999984,1208.8349999949983,0.0,61.0,0.342999995,360.0,0.0,0.0,1.0,0.0399999991,2.0,0.0,Oddball standard
1209.1919999999955,1209.5349999949954,0.0,61.0,0.342999995,360.0,0.0,0.0,1.0,0.0399999991,2.0,0.0,Oddball standard
1209.8919999999925,1210.2349999949924,0.0,61.0,0.342999995,360.0,0.0,0.0,1.0,0.0399999991,2.0,0.0,Oddball standard
1210.5919999999896,1210.9349999949895,0.0,61.0,0.342999995,360.0,0.0,0.0,1.0,0.0399999991,2.0,0.0,Oddball standard
1211.2919999999867,1211.6349999949866,0.0,61.0,0.342999995,360.0,0.0,0.0,1.0,0.0399999991,2.0,0.0,Oddball standard
1211.9919999999984,1212.3349999949983,0.0,61.0,0.342999995,360.0,0.0,0.0,1.0,0.0399999991,2.0,0.0,Oddball standard
1212.6919999999955,1213.0349999949954,0.0,61.0,0.342999995,360.0,0.0,0.0,1.0,0.0399999991,2.0,0.0,Oddball standard
1213.3919999999925,1213.7349999949924,0.0,61.0,0.342999995,360.0,0.0,0.0,1.0,0.0399999991,2.0,0.0,Oddball standard
1214.0919999999896,1214.4349999949895,0.0,61.0,0.342999995,360.0,0.0,0.0,1.0,0.0399999991,2.0,0.0,Oddball standard
1214.7919999999867,1215.1349999949866,0.0,61.0,0.342999995,360.0,0.0,0.0,1.0,0.0399999991,2.0,0.0,Oddball standard
1215.4919999999984,1215.8349999949983,0.0,61.0,0.342999995,360.0,0.0,0.0,1.0,0.0399999991,2.0,0.0,Oddball standard
1216.1919999999955,1216.5349999949954,0.0,61.0,0.342999995,360.0,0.0,0.0,1.0,0.0399999991,2.0,0.0,Oddball standard
1216.8919999999925,1217.2349999949924,0.0,61.0,0.342999995,360.0,0.0,0.0,1.0,0.0399999991,2.0,0.0,Oddball standard
1217.5919999999896,1217.9349999949895,0.0,61.0,0.342999995,360.0,0.0,0.0,1.0,0.0399999991,2.0,0.0,Oddball standard
1218.2919999999867,1218.6349999949866,0.0,61.0,0.342999995,360.0,0.0,0.0,1.0,0.0399999991,2.0,0.0,Oddball standard
1218.9919999999984,1219.3349999949983,0.0,61.0,0.342999995,360.0,0.0,0.0,1.0,0.0399999991,2.0,0.0,Oddball standard
1219.6919999999955,1220.0349999949954,0.0,-1.0,0.342999995,360.0,0.0,0.0,1.0,0.0399999991,2.0,0.0,Oddball standard
1220.3919999999925,1220.7349999949924,0.0,62.0,0.342999995,360.0,0.0,0.0,1.0,0.0399999991,2.0,0.0,Oddball standard
1221.0919999999896,1221.4349999949895,0.0,62.0,0.342999995,360.0,0.0,0.0,1.0,0.0399999991,2.0,0.0,Oddball standard
1221.7919999999867,1222.1349999949866,0.0,62.0,0.342999995,360.0,0.0,0.0,1.0,0.0399999991,2.0,0.0,Oddball standard
1222.4920319999947,1222.8350319949946,0.0,62.0,0.342999995,360.0,0.0,0.0,1.0,0.0399999991,2.0,0.0,Oddball standard
1223.1919999999955,1223.5349999949954,0.0,62.0,0.342999995,360.0,0.0,0.0,1.0,0.0399999991,2.0,0.0,Oddball standard
1223.8919999999925,1224.2349999949924,0.0,62.0,0.342999995,360.0,0.0,0.0,1.0,0.0399999991,2.0,0.0,Oddball standard
1224.5919999999896,1224.9349999949895,0.0,62.0,0.342999995,360.0,0.0,0.0,1.0,0.0399999991,2.0,0.0,Oddball standard
1225.2919999999867,1225.6349999949866,0.0,62.0,0.342999995,360.0,0.0,0.0,1.0,0.0399999991,2.0,0.0,Oddball standard
1225.9919999999984,1226.3349999949983,0.0,62.0,0.342999995,360.0,0.0,0.0,1.0,0.0399999991,2.0,0.0,Oddball standard
1226.6920319999917,1227.0350319949916,0.0,62.0,0.342999995,360.0,0.0,0.0,1.0,0.0399999991,2.0,0.0,Oddball standard
1227.3919999999925,1227.7349999949924,0.0,62.0,0.342999995,360.0,0.0,0.0,1.0,0.0399999991,2.0,0.0,Oddball standard
1228.0919999999896,1228.4349999949895,0.0,62.0,0.342999995,360.0,0.0,0.0,1.0,0.0399999991,2.0,0.0,Oddball standard
1228.7919999999867,1229.1349999949866,0.0,62.0,0.342999995,360.0,0.0,0.0,1.0,0.0399999991,2.0,0.0,Oddball standard
1229.4919999999984,1229.8349999949983,0.0,62.0,0.342999995,360.0,0.0,0.0,1.0,0.0399999991,2.0,0.0,Oddball standard
1230.1919999999955,1230.5349999949954,0.0,62.0,0.342999995,360.0,0.0,0.0,1.0,0.0399999991,2.0,0.0,Oddball standard
1230.8919999999925,1231.2349999949924,0.0,62.0,0.342999995,360.0,0.0,0.0,1.0,0.0399999991,2.0,0.0,Oddball standard
1231.5919999999896,1231.9349999949895,0.0,62.0,0.342999995,360.0,0.0,0.0,1.0,0.0399999991,2.0,0.0,Oddball standard
1232.2919999999867,1232.6349999949866,1.57079637,62.0,0.342999995,360.0,0.0,0.0,1.0,0.0399999991,2.0,1.571,Oddball deviant
1232.9919999999984,1233.3349999949983,0.0,62.0,0.342999995,360.0,0.0,0.0,1.0,0.0399999991,2.0,0.0,Oddball standard
1233.6919999999955,1234.0349999949954,0.0,62.0,0.342999995,360.0,0.0,0.0,1.0,0.0399999991,2.0,0.0,Oddball standard
1234.3919999999925,1234.7349999949924,0.0,62.0,0.342999995,360.0,0.0,0.0,1.0,0.0399999991,2.0,0.0,Oddball standard
1235.0919999999896,1235.4349999949895,0.0,62.0,0.342999995,360.0,0.0,0.0,1.0,0.0399999991,2.0,0.0,Oddball standard
1235.7919999999867,1236.1349999949866,0.0,62.0,0.342999995,360.0,0.0,0.0,1.0,0.0399999991,2.0,0.0,Oddball standard
1236.4919999999984,1236.8349999949983,0.0,62.0,0.342999995,360.0,0.0,0.0,1.0,0.0399999991,2.0,0.0,Oddball standard
1237.1919999999955,1237.5349999949954,0.0,62.0,0.342999995,360.0,0.0,0.0,1.0,0.0399999991,2.0,0.0,Oddball standard
1237.8919999999925,1238.2349999949924,0.0,62.0,0.342999995,360.0,0.0,0.0,1.0,0.0399999991,2.0,0.0,Oddball standard
1238.5919999999896,1238.9349999949895,0.0,62.0,0.342999995,360.0,0.0,0.0,1.0,0.0399999991,2.0,0.0,Oddball standard
1239.2919999999867,1239.6349999949866,0.0,62.0,0.342999995,360.0,0.0,0.0,1.0,0.0399999991,2.0,0.0,Oddball standard
1239.9919999999984,1240.3349999949983,0.0,-1.0,0.342999995,360.0,0.0,0.0,1.0,0.0399999991,2.0,0.0,Oddball standard
1240.6919999999955,1241.0349999949954,0.0,63.0,0.342999995,360.0,0.0,0.0,1.0,0.0399999991,2.0,0.0,Oddball standard
1241.3919999999925,1241.7349999949924,0.0,63.0,0.342999995,360.0,0.0,0.0,1.0,0.0399999991,2.0,0.0,Oddball standard
1242.0919999999896,1242.4349999949895,0.0,63.0,0.342999995,360.0,0.0,0.0,1.0,0.0399999991,2.0,0.0,Oddball standard
1242.7919999999867,1243.1349999949866,0.0,63.0,0.342999995,360.0,0.0,0.0,1.0,0.0399999991,2.0,0.0,Oddball standard
1243.4919999999984,1243.8349999949983,0.0,63.0,0.342999995,360.0,0.0,0.0,1.0,0.0399999991,2.0,0.0,Oddball standard
1244.1919999999955,1244.5349999949954,0.0,63.0,0.342999995,360.0,0.0,0.0,1.0,0.0399999991,2.0,0.0,Oddball standard
1244.8919999999925,1245.2349999949924,0.0,63.0,0.342999995,360.0,0.0,0.0,1.0,0.0399999991,2.0,0.0,Oddball standard
1245.5919999999896,1245.9349999949895,0.0,63.0,0.342999995,360.0,0.0,0.0,1.0,0.0399999991,2.0,0.0,Oddball standard
1246.2919999999867,1246.6349999949866,0.0,63.0,0.342999995,360.0,0.0,0.0,1.0,0.0399999991,2.0,0.0,Oddball standard
1246.9919999999984,1247.3349999949983,0.0,63.0,0.342999995,360.0,0.0,0.0,1.0,0.0399999991,2.0,0.0,Oddball standard
1247.6919999999955,1248.0349999949954,0.0,63.0,0.342999995,360.0,0.0,0.0,1.0,0.0399999991,2.0,0.0,Oddball standard
1248.3919999999925,1248.7349999949924,0.0,63.0,0.342999995,360.0,0.0,0.0,1.0,0.0399999991,2.0,0.0,Oddball standard
1249.0919999999896,1249.4349999949895,0.0,63.0,0.342999995,360.0,0.0,0.0,1.0,0.0399999991,2.0,0.0,Oddball standard
1249.7919999999867,1250.1349999949866,0.0,63.0,0.342999995,360.0,0.0,0.0,1.0,0.0399999991,2.0,0.0,Oddball standard
1250.4929919999995,1250.8359919949994,0.0,63.0,0.342999995,360.0,0.0,0.0,1.0,0.0399999991,2.0,0.0,Oddball standard
1251.1919999999955,1251.5349999949954,0.0,63.0,0.342999995,360.0,0.0,0.0,1.0,0.0399999991,2.0,0.0,Oddball standard
1251.8919999999925,1252.2349999949924,0.0,63.0,0.342999995,360.0,0.0,0.0,1.0,0.0399999991,2.0,0.0,Oddball standard
1252.5919999999896,1252.9349999949895,0.0,63.0,0.342999995,360.0,0.0,0.0,1.0,0.0399999991,2.0,0.0,Oddball standard
1253.2919999999867,1253.6349999949866,0.0,63.0,0.342999995,360.0,0.0,0.0,1.0,0.0399999991,2.0,0.0,Oddball standard
1253.9919999999984,1254.3349999949983,0.0,63.0,0.342999995,360.0,0.0,0.0,1.0,0.0399999991,2.0,0.0,Oddball standard
1254.6919999999955,1255.0349999949954,0.0,63.0,0.342999995,360.0,0.0,0.0,1.0,0.0399999991,2.0,0.0,Oddball standard
1255.3919999999925,1255.7349999949924,0.0,63.0,0.342999995,360.0,0.0,0.0,1.0,0.0399999991,2.0,0.0,Oddball standard
1256.0919999999896,1256.4349999949895,0.0,63.0,0.342999995,360.0,0.0,0.0,1.0,0.0399999991,2.0,0.0,Oddball standard
1256.7919999999867,1257.1349999949866,0.0,63.0,0.342999995,360.0,0.0,0.0,1.0,0.0399999991,2.0,0.0,Oddball standard
1257.4919999999984,1257.8349999949983,0.0,63.0,0.342999995,360.0,0.0,0.0,1.0,0.0399999991,2.0,0.0,Oddball standard
1258.1919999999955,1258.5349999949954,0.0,63.0,0.342999995,360.0,0.0,0.0,1.0,0.0399999991,2.0,0.0,Oddball standard
1258.8919999999925,1259.2349999949924,0.0,63.0,0.342999995,360.0,0.0,0.0,1.0,0.0399999991,2.0,0.0,Oddball standard
1259.5919999999896,1259.9349999949895,0.0,-1.0,0.342999995,360.0,0.0,0.0,1.0,0.0399999991,2.0,0.0,Oddball standard
1260.2919999999867,1260.6349999949866,0.0,64.0,0.342999995,360.0,0.0,0.0,1.0,0.0399999991,2.0,0.0,Oddball standard
1260.9919999999984,1261.3349999949983,0.0,64.0,0.342999995,360.0,0.0,0.0,1.0,0.0399999991,2.0,0.0,Oddball standard
1261.6919999999955,1262.0349999949954,0.0,64.0,0.342999995,360.0,0.0,0.0,1.0,0.0399999991,2.0,0.0,Oddball standard
1262.3919999999925,1262.7349999949924,0.0,64.0,0.342999995,360.0,0.0,0.0,1.0,0.0399999991,2.0,0.0,Oddball standard
1263.0919999999896,1263.4349999949895,0.0,64.0,0.342999995,360.0,0.0,0.0,1.0,0.0399999991,2.0,0.0,Oddball standard
1263.7919999999867,1264.1349999949866,0.0,64.0,0.342999995,360.0,0.0,0.0,1.0,0.0399999991,2.0,0.0,Oddball standard
1264.4919999999984,1264.8349999949983,0.0,64.0,0.342999995,360.0,0.0,0.0,1.0,0.0399999991,2.0,0.0,Oddball standard
1265.1919999999955,1265.5349999949954,0.0,64.0,0.342999995,360.0,0.0,0.0,1.0,0.0399999991,2.0,0.0,Oddball standard
1265.8919999999925,1266.2349999949924,0.0,64.0,0.342999995,360.0,0.0,0.0,1.0,0.0399999991,2.0,0.0,Oddball standard
1266.5919999999896,1266.9349999949895,0.0,64.0,0.342999995,360.0,0.0,0.0,1.0,0.0399999991,2.0,0.0,Oddball standard
1267.2919999999867,1267.6349999949866,0.0,64.0,0.342999995,360.0,0.0,0.0,1.0,0.0399999991,2.0,0.0,Oddball standard
1267.9919999999984,1268.3349999949983,0.0,64.0,0.342999995,360.0,0.0,0.0,1.0,0.0399999991,2.0,0.0,Oddball standard
1268.6919999999955,1269.0349999949954,0.0,64.0,0.342999995,360.0,0.0,0.0,1.0,0.0399999991,2.0,0.0,Oddball standard
1269.3919999999925,1269.7349999949924,0.0,64.0,0.342999995,360.0,0.0,0.0,1.0,0.0399999991,2.0,0.0,Oddball standard
1270.0919999999896,1270.4349999949895,0.0,64.0,0.342999995,360.0,0.0,0.0,1.0,0.0399999991,2.0,0.0,Oddball standard
1270.7919999999867,1271.1349999949866,0.0,64.0,0.342999995,360.0,0.0,0.0,1.0,0.0399999991,2.0,0.0,Oddball standard
1271.4919999999984,1271.8349999949983,0.0,64.0,0.342999995,360.0,0.0,0.0,1.0,0.0399999991,2.0,0.0,Oddball standard
1272.1919999999955,1272.5349999949954,0.0,64.0,0.342999995,360.0,0.0,0.0,1.0,0.0399999991,2.0,0.0,Oddball standard
1272.8919999999925,1273.2349999949924,0.0,64.0,0.342999995,360.0,0.0,0.0,1.0,0.0399999991,2.0,0.0,Oddball standard
1273.5919999999896,1273.9349999949895,0.0,64.0,0.342999995,360.0,0.0,0.0,1.0,0.0399999991,2.0,0.0,Oddball standard
1274.2919999999867,1274.6349999949866,0.0,64.0,0.342999995,360.0,0.0,0.0,1.0,0.0399999991,2.0,0.0,Oddball standard
1274.9919999999984,1275.3349999949983,0.0,64.0,0.342999995,360.0,0.0,0.0,1.0,0.0399999991,2.0,0.0,Oddball standard
1275.6919999999955,1276.0349999949954,0.0,64.0,0.342999995,360.0,0.0,0.0,1.0,0.0399999991,2.0,0.0,Oddball standard
1276.3919999999925,1276.7349999949924,0.0,64.0,0.342999995,360.0,0.0,0.0,1.0,0.0399999991,2.0,0.0,Oddball standard
1277.0919999999896,1277.4349999949895,0.0,64.0,0.342999995,360.0,0.0,0.0,1.0,0.0399999991,2.0,0.0,Oddball standard
1277.7919999999867,1278.1349999949866,0.0,64.0,0.342999995,360.0,0.0,0.0,1.0,0.0399999991,2.0,0.0,Oddball standard
1278.4919999999984,1278.8349999949983,0.0,64.0,0.342999995,360.0,0.0,0.0,1.0,0.0399999991,2.0,0.0,Oddball standard
1279.1919999999955,1279.5349999949954,0.0,64.0,0.342999995,360.0,0.0,0.0,1.0,0.0399999991,2.0,0.0,Oddball standard
1279.8919999999925,1280.2349999949924,1.57079637,-1.0,0.342999995,360.0,0.0,0.0,1.0,0.0399999991,2.0,1.571,Oddball deviant
1280.5919999999896,1280.9349999949895,0.785398185,65.0,0.342999995,360.0,0.0,0.0,1.0,0.0399999991,2.0,0.785,Oddball deviant
1281.2919999999867,1281.6349999949866,0.0,65.0,0.342999995,360.0,0.0,0.0,1.0,0.0399999991,2.0,0.0,Oddball standard
1281.9919999999984,1282.3349999949983,0.0,65.0,0.342999995,360.0,0.0,0.0,1.0,0.0399999991,2.0,0.0,Oddball standard
1282.6919999999955,1283.0349999949954,0.0,65.0,0.342999995,360.0,0.0,0.0,1.0,0.0399999991,2.0,0.0,Oddball standard
1283.3919999999925,1283.7349999949924,0.0,65.0,0.342999995,360.0,0.0,0.0,1.0,0.0399999991,2.0,0.0,Oddball standard
1284.0919999999896,1284.4349999949895,0.0,65.0,0.342999995,360.0,0.0,0.0,1.0,0.0399999991,2.0,0.0,Oddball standard
1284.7919999999867,1285.1349999949866,0.0,65.0,0.342999995,360.0,0.0,0.0,1.0,0.0399999991,2.0,0.0,Oddball standard
1285.4919999999984,1285.8349999949983,0.0,65.0,0.342999995,360.0,0.0,0.0,1.0,0.0399999991,2.0,0.0,Oddball standard
1286.1919999999955,1286.5349999949954,0.0,65.0,0.342999995,360.0,0.0,0.0,1.0,0.0399999991,2.0,0.0,Oddball standard
1286.8919999999925,1287.2349999949924,0.0,65.0,0.342999995,360.0,0.0,0.0,1.0,0.0399999991,2.0,0.0,Oddball standard
1287.5919999999896,1287.9349999949895,0.0,65.0,0.342999995,360.0,0.0,0.0,1.0,0.0399999991,2.0,0.0,Oddball standard
1288.2919999999867,1288.6349999949866,0.0,65.0,0.342999995,360.0,0.0,0.0,1.0,0.0399999991,2.0,0.0,Oddball standard
1288.9919999999984,1289.3349999949983,0.0,65.0,0.342999995,360.0,0.0,0.0,1.0,0.0399999991,2.0,0.0,Oddball standard
1289.6919999999955,1290.0349999949954,1.57079637,65.0,0.342999995,360.0,0.0,0.0,1.0,0.0399999991,2.0,1.571,Oddball deviant
1290.3919999999925,1290.7349999949924,0.785398185,65.0,0.342999995,360.0,0.0,0.0,1.0,0.0399999991,2.0,0.785,Oddball deviant
1291.0919999999896,1291.4349999949895,0.0,65.0,0.342999995,360.0,0.0,0.0,1.0,0.0399999991,2.0,0.0,Oddball standard
1291.7919999999867,1292.1349999949866,0.0,65.0,0.342999995,360.0,0.0,0.0,1.0,0.0399999991,2.0,0.0,Oddball standard
1292.4919999999984,1292.8349999949983,0.0,65.0,0.342999995,360.0,0.0,0.0,1.0,0.0399999991,2.0,0.0,Oddball standard
1293.1919999999955,1293.5349999949954,0.0,65.0,0.342999995,360.0,0.0,0.0,1.0,0.0399999991,2.0,0.0,Oddball standard
1293.8919999999925,1294.2349999949924,0.0,65.0,0.342999995,360.0,0.0,0.0,1.0,0.0399999991,2.0,0.0,Oddball standard
1294.5919999999896,1294.9349999949895,0.0,65.0,0.342999995,360.0,0.0,0.0,1.0,0.0399999991,2.0,0.0,Oddball standard
1295.2919999999867,1295.6349999949866,0.0,65.0,0.342999995,360.0,0.0,0.0,1.0,0.0399999991,2.0,0.0,Oddball standard
1295.9919999999984,1296.3349999949983,0.0,65.0,0.342999995,360.0,0.0,0.0,1.0,0.0399999991,2.0,0.0,Oddball standard
1296.6919999999955,1297.0349999949954,0.0,65.0,0.342999995,360.0,0.0,0.0,1.0,0.0399999991,2.0,0.0,Oddball standard
1297.3919999999925,1297.7349999949924,0.0,65.0,0.342999995,360.0,0.0,0.0,1.0,0.0399999991,2.0,0.0,Oddball standard
1298.0919999999896,1298.4349999949895,0.0,65.0,0.342999995,360.0,0.0,0.0,1.0,0.0399999991,2.0,0.0,Oddball standard
1298.7919999999867,1299.1349999949866,0.0,65.0,0.342999995,360.0,0.0,0.0,1.0,0.0399999991,2.0,0.0,Oddball standard
1299.4919999999984,1299.8349999949983,0.0,-1.0,0.342999995,360.0,0.0,0.0,1.0,0.0399999991,2.0,0.0,Oddball standard
1300.1919999999955,1300.5349999949954,0.0,66.0,0.342999995,360.0,0.0,0.0,1.0,0.0399999991,2.0,0.0,Oddball standard
1300.8919999999925,1301.2349999949924,0.0,66.0,0.342999995,360.0,0.0,0.0,1.0,0.0399999991,2.0,0.0,Oddball standard
1301.5919999999896,1301.9349999949895,0.0,66.0,0.342999995,360.0,0.0,0.0,1.0,0.0399999991,2.0,0.0,Oddball standard
1302.2919999999867,1302.6349999949866,0.0,66.0,0.342999995,360.0,0.0,0.0,1.0,0.0399999991,2.0,0.0,Oddball standard
1302.9919999999984,1303.3349999949983,0.0,66.0,0.342999995,360.0,0.0,0.0,1.0,0.0399999991,2.0,0.0,Oddball standard
1303.6919999999955,1304.0349999949954,0.0,66.0,0.342999995,360.0,0.0,0.0,1.0,0.0399999991,2.0,0.0,Oddball standard
1304.3919999999925,1304.7349999949924,0.785398185,66.0,0.342999995,360.0,0.0,0.0,1.0,0.0399999991,2.0,0.785,Oddball deviant
1305.0919999999896,1305.4349999949895,0.0,66.0,0.342999995,360.0,0.0,0.0,1.0,0.0399999991,2.0,0.0,Oddball standard
1305.7919999999867,1306.1349999949866,0.0,66.0,0.342999995,360.0,0.0,0.0,1.0,0.0399999991,2.0,0.0,Oddball standard
1306.4919999999984,1306.8349999949983,0.0,66.0,0.342999995,360.0,0.0,0.0,1.0,0.0399999991,2.0,0.0,Oddball standard
1307.1919999999955,1307.5349999949954,0.0,66.0,0.342999995,360.0,0.0,0.0,1.0,0.0399999991,2.0,0.0,Oddball standard
1307.8919999999925,1308.2349999949924,0.0,66.0,0.342999995,360.0,0.0,0.0,1.0,0.0399999991,2.0,0.0,Oddball standard
1308.5919999999896,1308.9349999949895,0.0,66.0,0.342999995,360.0,0.0,0.0,1.0,0.0399999991,2.0,0.0,Oddball standard
1309.2919999999867,1309.6349999949866,0.0,66.0,0.342999995,360.0,0.0,0.0,1.0,0.0399999991,0.0,0.0,Oddball standard
1309.9919999999984,1310.3349999949983,0.0,66.0,0.342999995,360.0,0.0,0.0,1.0,0.0399999991,2.0,0.0,Oddball standard
1310.6919999999955,1311.0349999949954,0.0,66.0,0.342999995,360.0,0.0,0.0,1.0,0.0399999991,2.0,0.0,Oddball standard
1311.3919999999925,1311.7349999949924,0.0,66.0,0.342999995,360.0,0.0,0.0,1.0,0.0399999991,2.0,0.0,Oddball standard
1312.0919999999896,1312.4349999949895,0.0,66.0,0.342999995,360.0,0.0,0.0,1.0,0.0399999991,2.0,0.0,Oddball standard
1312.7919999999867,1313.1349999949866,0.0,66.0,0.342999995,360.0,0.0,0.0,1.0,0.0399999991,2.0,0.0,Oddball standard
1313.4919999999984,1313.8349999949983,1.57079637,66.0,0.342999995,360.0,0.0,0.0,1.0,0.0399999991,2.0,1.571,Oddball deviant
1314.1919999999955,1314.5349999949954,0.0,66.0,0.342999995,360.0,0.0,0.0,1.0,0.0399999991,2.0,0.0,Oddball standard
1314.8919999999925,1315.2349999949924,0.0,66.0,0.342999995,360.0,0.0,0.0,1.0,0.0399999991,2.0,0.0,Oddball standard
1315.5919999999896,1315.9349999949895,0.0,66.0,0.342999995,360.0,0.0,0.0,1.0,0.0399999991,2.0,0.0,Oddball standard
1316.2919999999867,1316.6349999949866,0.0,66.0,0.342999995,360.0,0.0,0.0,1.0,0.0399999991,2.0,0.0,Oddball standard
1316.9919999999984,1317.3349999949983,0.0,66.0,0.342999995,360.0,0.0,0.0,1.0,0.0399999991,2.0,0.0,Oddball standard
1317.6919999999955,1318.0349999949954,0.0,66.0,0.342999995,360.0,0.0,0.0,1.0,0.0399999991,2.0,0.0,Oddball standard
1318.3929919999937,1318.7359919949936,0.0,66.0,0.342999995,360.0,0.0,0.0,1.0,0.0399999991,2.0,0.0,Oddball standard
1319.0919999999896,1319.4349999949895,0.0,66.0,0.342999995,360.0,0.0,0.0,1.0,0.0399999991,2.0,0.0,Oddball standard
1319.7919999999867,1320.1349999949866,0.0,-1.0,0.342999995,360.0,0.0,0.0,1.0,0.0399999991,2.0,0.0,Oddball standard
1320.4919999999984,1320.8349999949983,0.0,67.0,0.342999995,360.0,0.0,0.0,1.0,0.0399999991,2.0,0.0,Oddball standard
1321.1919999999955,1321.5349999949954,0.0,67.0,0.342999995,360.0,0.0,0.0,1.0,0.0399999991,2.0,0.0,Oddball standard
1321.8919999999925,1322.2349999949924,0.0,67.0,0.342999995,360.0,0.0,0.0,1.0,0.0399999991,2.0,0.0,Oddball standard
1322.5919999999896,1322.9349999949895,0.0,67.0,0.342999995,360.0,0.0,0.0,1.0,0.0399999991,2.0,0.0,Oddball standard
1323.2919999999867,1323.6349999949866,0.0,67.0,0.342999995,360.0,0.0,0.0,1.0,0.0399999991,2.0,0.0,Oddball standard
1323.9929919999995,1324.3359919949994,0.0,67.0,0.342999995,360.0,0.0,0.0,1.0,0.0399999991,2.0,0.0,Oddball standard
1324.6919999999955,1325.0349999949954,0.0,67.0,0.342999995,360.0,0.0,0.0,1.0,0.0399999991,2.0,0.0,Oddball standard
1325.3919999999925,1325.7349999949924,0.0,67.0,0.342999995,360.0,0.0,0.0,1.0,0.0399999991,2.0,0.0,Oddball standard
1326.0929919999908,1326.4359919949907,0.0,67.0,0.342999995,360.0,0.0,0.0,1.0,0.0399999991,2.0,0.0,Oddball standard
1326.7929919999879,1327.1359919949878,0.0,67.0,0.342999995,360.0,0.0,0.0,1.0,0.0399999991,2.0,0.0,Oddball standard
1327.4929919999995,1327.8359919949994,0.0,67.0,0.342999995,360.0,0.0,0.0,1.0,0.0399999991,2.0,0.0,Oddball standard
1328.1929919999966,1328.5359919949965,0.0,67.0,0.342999995,360.0,0.0,0.0,1.0,0.0399999991,2.0,0.0,Oddball standard
1328.8929919999937,1329.2359919949936,0.0,67.0,0.342999995,360.0,0.0,0.0,1.0,0.0399999991,2.0,0.0,Oddball standard
1329.5929919999908,1329.9359919949907,0.0,67.0,0.342999995,360.0,0.0,0.0,1.0,0.0399999991,2.0,0.0,Oddball standard
1330.2929919999879,1330.6359919949878,0.0,67.0,0.342999995,360.0,0.0,0.0,1.0,0.0399999991,2.0,0.0,Oddball standard
1330.9929919999995,1331.3359919949994,0.0,67.0,0.342999995,360.0,0.0,0.0,1.0,0.0399999991,2.0,0.0,Oddball standard
1331.6929919999966,1332.0359919949965,0.0,67.0,0.342999995,360.0,0.0,0.0,1.0,0.0399999991,2.0,0.0,Oddball standard
1332.3929919999937,1332.7359919949936,0.0,67.0,0.342999995,360.0,0.0,0.0,1.0,0.0399999991,2.0,0.0,Oddball standard
1333.0929919999908,1333.4359919949907,0.0,67.0,0.342999995,360.0,0.0,0.0,1.0,0.0399999991,2.0,0.0,Oddball standard
1333.7929919999879,1334.1359919949878,0.0,67.0,0.342999995,360.0,0.0,0.0,1.0,0.0399999991,2.0,0.0,Oddball standard
1334.4929919999995,1334.8359919949994,0.0,67.0,0.342999995,360.0,0.0,0.0,1.0,0.0399999991,2.0,0.0,Oddball standard
1335.1929919999966,1335.5359919949965,0.0,67.0,0.342999995,360.0,0.0,0.0,1.0,0.0399999991,2.0,0.0,Oddball standard
1335.8929919999937,1336.2359919949936,0.0,67.0,0.342999995,360.0,0.0,0.0,1.0,0.0399999991,2.0,0.0,Oddball standard
1336.5929919999908,1336.9359919949907,0.0,67.0,0.342999995,360.0,0.0,0.0,1.0,0.0399999991,2.0,0.0,Oddball standard
1337.2929919999879,1337.6359919949878,0.0,67.0,0.342999995,360.0,0.0,0.0,1.0,0.0399999991,2.0,0.0,Oddball standard
1337.9929919999995,1338.3359919949994,0.0,67.0,0.342999995,360.0,0.0,0.0,1.0,0.0399999991,2.0,0.0,Oddball standard
1338.6929919999966,1339.0359919949965,0.0,67.0,0.342999995,360.0,0.0,0.0,1.0,0.0399999991,2.0,0.0,Oddball standard
1339.3929919999937,1339.7359919949936,0.0,67.0,0.342999995,360.0,0.0,0.0,1.0,0.0399999991,2.0,0.0,Oddball standard
1340.0929919999908,1340.4359919949907,0.785398185,68.0,0.342999995,360.0,0.0,0.0,1.0,0.0399999991,2.0,0.785,Oddball deviant
1340.7929919999879,1341.1359919949878,0.0,68.0,0.342999995,360.0,0.0,0.0,1.0,0.0399999991,2.0,0.0,Oddball standard
1341.4929919999995,1341.8359919949994,0.0,68.0,0.342999995,360.0,0.0,0.0,1.0,0.0399999991,2.0,0.0,Oddball standard
1342.1929919999966,1342.5359919949965,0.0,68.0,0.342999995,360.0,0.0,0.0,1.0,0.0399999991,2.0,0.0,Oddball standard
1342.8929919999937,1343.2359919949936,0.0,68.0,0.342999995,360.0,0.0,0.0,1.0,0.0399999991,2.0,0.0,Oddball standard
1343.5929919999908,1343.9359919949907,0.0,68.0,0.342999995,360.0,0.0,0.0,1.0,0.0399999991,2.0,0.0,Oddball standard
1344.2929919999879,1344.6359919949878,0.785398185,68.0,0.342999995,360.0,0.0,0.0,1.0,0.0399999991,2.0,0.785,Oddball deviant
1344.9929919999995,1345.3359919949994,0.0,68.0,0.342999995,360.0,0.0,0.0,1.0,0.0399999991,2.0,0.0,Oddball standard
1345.6929919999966,1346.0359919949965,0.0,68.0,0.342999995,360.0,0.0,0.0,1.0,0.0399999991,2.0,0.0,Oddball standard
1346.3929919999937,1346.7359919949936,0.0,68.0,0.342999995,360.0,0.0,0.0,1.0,0.0399999991,2.0,0.0,Oddball standard
1347.0929919999908,1347.4359919949907,0.0,68.0,0.342999995,360.0,0.0,0.0,1.0,0.0399999991,2.0,0.0,Oddball standard
1347.7929919999879,1348.1359919949878,0.0,68.0,0.342999995,360.0,0.0,0.0,1.0,0.0399999991,2.0,0.0,Oddball standard
1348.4929919999995,1348.8359919949994,0.0,68.0,0.342999995,360.0,0.0,0.0,1.0,0.0399999991,2.0,0.0,Oddball standard
1349.1929919999966,1349.5359919949965,0.0,68.0,0.342999995,360.0,0.0,0.0,1.0,0.0399999991,0.0,0.0,Oddball standard
1349.8929919999937,1350.2359919949936,0.0,68.0,0.342999995,360.0,0.0,0.0,1.0,0.0399999991,2.0,0.0,Oddball standard
1350.5929919999908,1350.9359919949907,0.0,68.0,0.342999995,360.0,0.0,0.0,1.0,0.0399999991,2.0,0.0,Oddball standard
1351.2929919999879,1351.6359919949878,0.0,68.0,0.342999995,360.0,0.0,0.0,0.0,0.0399999991,2.0,0.0,Blank
1351.9929919999995,1352.3359919949994,0.0,68.0,0.342999995,360.0,0.0,0.0,1.0,0.0399999991,2.0,0.0,Oddball standard
1352.6929919999966,1353.0359919949965,0.0,68.0,0.342999995,360.0,0.0,0.0,1.0,0.0399999991,2.0,0.0,Oddball standard
1353.3929919999937,1353.7359919949936,0.0,68.0,0.342999995,360.0,0.0,0.0,1.0,0.0399999991,2.0,0.0,Oddball standard
1354.0929919999908,1354.4359919949907,0.0,68.0,0.342999995,360.0,0.0,0.0,1.0,0.0399999991,2.0,0.0,Oddball standard
1354.7929919999879,1355.1359919949878,0.0,68.0,0.342999995,360.0,0.0,0.0,1.0,0.0399999991,2.0,0.0,Oddball standard
1355.4929919999995,1355.8359919949994,0.0,68.0,0.342999995,360.0,0.0,0.0,1.0,0.0399999991,2.0,0.0,Oddball standard
1356.1929919999966,1356.5359919949965,0.0,68.0,0.342999995,360.0,0.0,0.0,1.0,0.0399999991,2.0,0.0,Oddball standard
1356.8929919999937,1357.2359919949936,0.0,68.0,0.342999995,360.0,0.0,0.0,1.0,0.0399999991,2.0,0.0,Oddball standard
1357.5929919999908,1357.9359919949907,0.0,68.0,0.342999995,360.0,0.0,0.0,1.0,0.0399999991,2.0,0.0,Oddball standard
1358.2929919999879,1358.6359919949878,0.0,68.0,0.342999995,360.0,0.0,0.0,1.0,0.0399999991,2.0,0.0,Oddball standard
1358.9929919999995,1359.3359919949994,0.0,68.0,0.342999995,360.0,0.0,0.0,1.0,0.0399999991,2.0,0.0,Oddball standard
1359.6929919999966,1360.0359919949965,0.0,-1.0,0.342999995,360.0,0.0,0.0,1.0,0.0399999991,2.0,0.0,Oddball standard
1360.3929919999937,1360.7359919949936,0.0,69.0,0.342999995,360.0,0.0,0.0,1.0,0.0399999991,2.0,0.0,Oddball standard
1361.0929919999908,1361.4359919949907,0.0,69.0,0.342999995,360.0,0.0,0.0,1.0,0.0399999991,2.0,0.0,Oddball standard
1361.7929919999879,1362.1359919949878,0.0,69.0,0.342999995,360.0,0.0,0.0,1.0,0.0399999991,2.0,0.0,Oddball standard
1362.4929919999995,1362.8359919949994,0.0,69.0,0.342999995,360.0,0.0,0.0,1.0,0.0399999991,2.0,0.0,Oddball standard
1363.1929919999966,1363.5359919949965,0.0,69.0,0.342999995,360.0,0.0,0.0,1.0,0.0399999991,2.0,0.0,Oddball standard
1363.8929919999937,1364.2359919949936,0.0,69.0,0.342999995,360.0,0.0,0.0,1.0,0.0399999991,2.0,0.0,Oddball standard
1364.593023999987,1364.936023994987,0.0,69.0,0.342999995,360.0,0.0,0.0,1.0,0.0399999991,2.0,0.0,Oddball standard
1365.2929919999879,1365.6359919949878,0.0,69.0,0.342999995,360.0,0.0,0.0,1.0,0.0399999991,2.0,0.0,Oddball standard
1365.9929919999995,1366.3359919949994,0.0,69.0,0.342999995,360.0,0.0,0.0,1.0,0.0399999991,2.0,0.0,Oddball standard
1366.6929919999966,1367.0359919949965,0.0,69.0,0.342999995,360.0,0.0,0.0,1.0,0.0399999991,2.0,0.0,Oddball standard
1367.3929919999937,1367.7359919949936,0.0,69.0,0.342999995,360.0,0.0,0.0,1.0,0.0399999991,2.0,0.0,Oddball standard
1368.0929919999908,1368.4359919949907,0.0,69.0,0.342999995,360.0,0.0,0.0,1.0,0.0399999991,2.0,0.0,Oddball standard
1368.7929919999879,1369.1359919949878,0.0,69.0,0.342999995,360.0,0.0,0.0,1.0,0.0399999991,2.0,0.0,Oddball standard
1369.4929919999995,1369.8359919949994,0.0,69.0,0.342999995,360.0,0.0,0.0,1.0,0.0399999991,0.0,0.0,Oddball standard
1370.1929919999966,1370.5359919949965,0.0,69.0,0.342999995,360.0,0.0,0.0,1.0,0.0399999991,2.0,0.0,Oddball standard
1370.8929919999937,1371.2359919949936,0.0,69.0,0.342999995,360.0,0.0,0.0,1.0,0.0399999991,2.0,0.0,Oddball standard
1371.5929919999908,1371.9359919949907,0.0,69.0,0.342999995,360.0,0.0,0.0,1.0,0.0399999991,0.0,0.0,Oddball standard
1372.2929919999879,1372.6359919949878,0.0,69.0,0.342999995,360.0,0.0,0.0,1.0,0.0399999991,2.0,0.0,Oddball standard
1372.9929919999995,1373.3359919949994,0.0,69.0,0.342999995,360.0,0.0,0.0,1.0,0.0399999991,2.0,0.0,Oddball standard
1373.6929919999966,1374.0359919949965,0.0,69.0,0.342999995,360.0,0.0,0.0,1.0,0.0399999991,2.0,0.0,Oddball standard
1374.3929919999937,1374.7359919949936,0.0,69.0,0.342999995,360.0,0.0,0.0,1.0,0.0399999991,2.0,0.0,Oddball standard
1375.0929919999908,1375.4359919949907,0.0,69.0,0.342999995,360.0,0.0,0.0,1.0,0.0399999991,2.0,0.0,Oddball standard
1375.7929919999879,1376.1359919949878,0.0,69.0,0.342999995,360.0,0.0,0.0,1.0,0.0399999991,2.0,0.0,Oddball standard
1376.4929919999995,1376.8359919949994,0.0,69.0,0.342999995,360.0,0.0,0.0,1.0,0.0399999991,2.0,0.0,Oddball standard
1377.1929919999966,1377.5359919949965,0.0,69.0,0.342999995,360.0,0.0,0.0,1.0,0.0399999991,2.0,0.0,Oddball standard
1377.8929919999937,1378.2359919949936,0.0,69.0,0.342999995,360.0,0.0,0.0,1.0,0.0399999991,2.0,0.0,Oddball standard
1378.5929919999908,1378.9359919949907,0.0,69.0,0.342999995,360.0,0.0,0.0,1.0,0.0399999991,2.0,0.0,Oddball standard
1379.2929919999879,1379.6359919949878,0.0,69.0,0.342999995,360.0,0.0,0.0,1.0,0.0399999991,2.0,0.0,Oddball standard
1379.9959999999992,1380.338999994999,0.0,70.0,0.342999995,360.0,0.0,0.0,1.0,0.0399999991,2.0,0.0,Oddball standard
1380.6929919999966,1381.0359919949965,0.0,70.0,0.342999995,360.0,0.0,0.0,1.0,0.0399999991,2.0,0.0,Oddball standard
1381.3929919999937,1381.7359919949936,0.0,70.0,0.342999995,360.0,0.0,0.0,1.0,0.0399999991,2.0,0.0,Oddball standard
1382.0929919999908,1382.4359919949907,0.0,70.0,0.342999995,360.0,0.0,0.0,1.0,0.0399999991,2.0,0.0,Oddball standard
1382.7929919999879,1383.1359919949878,0.0,70.0,0.342999995,360.0,0.0,0.0,1.0,0.0399999991,2.0,0.0,Oddball standard
1383.4929919999995,1383.8359919949994,0.0,70.0,0.342999995,360.0,0.0,0.0,1.0,0.0399999991,2.0,0.0,Oddball standard
1384.1929919999966,1384.5359919949965,0.0,70.0,0.342999995,360.0,0.0,0.0,1.0,0.0399999991,2.0,0.0,Oddball standard
1384.8929919999937,1385.2359919949936,0.0,70.0,0.342999995,360.0,0.0,0.0,1.0,0.0399999991,2.0,0.0,Oddball standard
1385.5929919999908,1385.9359919949907,0.0,70.0,0.342999995,360.0,0.0,0.0,1.0,0.0399999991,2.0,0.0,Oddball standard
1386.2929919999879,1386.6359919949878,0.0,70.0,0.342999995,360.0,0.0,0.0,1.0,0.0399999991,2.0,0.0,Oddball standard
1386.9929919999995,1387.3359919949994,0.0,70.0,0.342999995,360.0,0.0,0.0,1.0,0.0399999991,2.0,0.0,Oddball standard
1387.6929919999966,1388.0359919949965,0.0,70.0,0.342999995,360.0,0.0,0.0,1.0,0.0399999991,2.0,0.0,Oddball standard
1388.3929919999937,1388.7359919949936,0.0,70.0,0.342999995,360.0,0.0,0.0,1.0,0.0399999991,2.0,0.0,Oddball standard
1389.0929919999908,1389.4359919949907,0.0,70.0,0.342999995,360.0,0.0,0.0,1.0,0.0399999991,2.0,0.0,Oddball standard
1389.7929919999879,1390.1359919949878,0.0,70.0,0.342999995,360.0,0.0,0.0,1.0,0.0399999991,2.0,0.0,Oddball standard
1390.4929919999995,1390.8359919949994,0.0,70.0,0.342999995,360.0,0.0,0.0,1.0,0.0399999991,2.0,0.0,Oddball standard
1391.1929919999966,1391.5359919949965,0.0,70.0,0.342999995,360.0,0.0,0.0,1.0,0.0399999991,2.0,0.0,Oddball standard
1391.8929919999937,1392.2359919949936,0.0,70.0,0.342999995,360.0,0.0,0.0,1.0,0.0399999991,2.0,0.0,Oddball standard
1392.5929919999908,1392.9359919949907,0.0,70.0,0.342999995,360.0,0.0,0.0,1.0,0.0399999991,2.0,0.0,Oddball standard
1393.2929919999879,1393.6359919949878,0.0,70.0,0.342999995,360.0,0.0,0.0,1.0,0.0399999991,2.0,0.0,Oddball standard
1393.9929919999995,1394.3359919949994,0.0,70.0,0.342999995,360.0,0.0,0.0,1.0,0.0399999991,2.0,0.0,Oddball standard
1394.6929919999966,1395.0359919949965,0.0,70.0,0.342999995,360.0,0.0,0.0,1.0,0.0399999991,2.0,0.0,Oddball standard
1395.3929919999937,1395.7359919949936,0.0,70.0,0.342999995,360.0,0.0,0.0,1.0,0.0399999991,2.0,0.0,Oddball standard
1396.0929919999908,1396.4359919949907,0.0,70.0,0.342999995,360.0,0.0,0.0,1.0,0.0399999991,2.0,0.0,Oddball standard
1396.7929919999879,1397.1359919949878,0.0,70.0,0.342999995,360.0,0.0,0.0,1.0,0.0399999991,2.0,0.0,Oddball standard
1397.4929919999995,1397.8359919949994,0.0,70.0,0.342999995,360.0,0.0,0.0,1.0,0.0399999991,2.0,0.0,Oddball standard
1398.1929919999966,1398.5359919949965,0.0,70.0,0.342999995,360.0,0.0,0.0,1.0,0.0399999991,2.0,0.0,Oddball standard
1398.8929919999937,1399.2359919949936,0.0,70.0,0.342999995,360.0,0.0,0.0,0.0,0.0399999991,2.0,0.0,Blank
1399.5929919999908,1399.9359919949907,0.0,-1.0,0.342999995,360.0,0.0,0.0,1.0,0.0399999991,2.0,0.0,Oddball standard
1400.2929919999879,1400.6359919949878,0.0,71.0,0.342999995,360.0,0.0,0.0,1.0,0.0399999991,2.0,0.0,Oddball standard
1400.9929919999995,1401.3359919949994,0.0,71.0,0.342999995,360.0,0.0,0.0,1.0,0.0399999991,2.0,0.0,Oddball standard
1401.6929919999966,1402.0359919949965,0.0,71.0,0.342999995,360.0,0.0,0.0,1.0,0.0399999991,2.0,0.0,Oddball standard
1402.3929919999937,1402.7359919949936,0.0,71.0,0.342999995,360.0,0.0,0.0,1.0,0.0399999991,2.0,0.0,Oddball standard
1403.0929919999908,1403.4359919949907,0.0,71.0,0.342999995,360.0,0.0,0.0,1.0,0.0399999991,0.0,0.0,Oddball standard
1403.7929919999879,1404.1359919949878,0.0,71.0,0.342999995,360.0,0.0,0.0,1.0,0.0399999991,2.0,0.0,Oddball standard
1404.4929919999995,1404.8359919949994,0.0,71.0,0.342999995,360.0,0.0,0.0,1.0,0.0399999991,2.0,0.0,Oddball standard
1405.1929919999966,1405.5359919949965,0.0,71.0,0.342999995,360.0,0.0,0.0,1.0,0.0399999991,2.0,0.0,Oddball standard
1405.8929919999937,1406.2359919949936,0.0,71.0,0.342999995,360.0,0.0,0.0,1.0,0.0399999991,2.0,0.0,Oddball standard
1406.5929919999908,1406.9359919949907,0.0,71.0,0.342999995,360.0,0.0,0.0,1.0,0.0399999991,2.0,0.0,Oddball standard
1407.2929919999879,1407.6359919949878,0.0,71.0,0.342999995,360.0,0.0,0.0,1.0,0.0399999991,2.0,0.0,Oddball standard
1407.9929919999995,1408.3359919949994,0.0,71.0,0.342999995,360.0,0.0,0.0,1.0,0.0399999991,2.0,0.0,Oddball standard
1408.6929919999966,1409.0359919949965,0.0,71.0,0.342999995,360.0,0.0,0.0,1.0,0.0399999991,2.0,0.0,Oddball standard
1409.3929919999937,1409.7359919949936,0.0,71.0,0.342999995,360.0,0.0,0.0,1.0,0.0399999991,2.0,0.0,Oddball standard
1410.0929919999908,1410.4359919949907,0.0,71.0,0.342999995,360.0,0.0,0.0,1.0,0.0399999991,2.0,0.0,Oddball standard
1410.7929919999879,1411.1359919949878,0.0,71.0,0.342999995,360.0,0.0,0.0,1.0,0.0399999991,2.0,0.0,Oddball standard
1411.4929919999995,1411.8359919949994,0.0,71.0,0.342999995,360.0,0.0,0.0,1.0,0.0399999991,2.0,0.0,Oddball standard
1412.1929919999966,1412.5359919949965,0.0,71.0,0.342999995,360.0,0.0,0.0,1.0,0.0399999991,2.0,0.0,Oddball standard
1412.8929919999937,1413.2359919949936,0.0,71.0,0.342999995,360.0,0.0,0.0,1.0,0.0399999991,2.0,0.0,Oddball standard
1413.5929919999908,1413.9359919949907,0.0,71.0,0.342999995,360.0,0.0,0.0,1.0,0.0399999991,2.0,0.0,Oddball standard
1414.2929919999879,1414.6359919949878,0.0,71.0,0.342999995,360.0,0.0,0.0,1.0,0.0399999991,2.0,0.0,Oddball standard
1414.9929919999995,1415.3359919949994,0.0,71.0,0.342999995,360.0,0.0,0.0,1.0,0.0399999991,2.0,0.0,Oddball standard
1415.6929919999966,1416.0359919949965,0.0,71.0,0.342999995,360.0,0.0,0.0,1.0,0.0399999991,2.0,0.0,Oddball standard
1416.3929919999937,1416.7359919949936,0.0,71.0,0.342999995,360.0,0.0,0.0,1.0,0.0399999991,2.0,0.0,Oddball standard
1417.0929919999908,1417.4359919949907,0.0,71.0,0.342999995,360.0,0.0,0.0,1.0,0.0399999991,2.0,0.0,Oddball standard
1417.7929919999879,1418.1359919949878,0.0,71.0,0.342999995,360.0,0.0,0.0,1.0,0.0399999991,2.0,0.0,Oddball standard
1418.4929919999995,1418.8359919949994,0.0,71.0,0.342999995,360.0,0.0,0.0,1.0,0.0399999991,2.0,0.0,Oddball standard
1419.1929919999966,1419.5359919949965,0.0,71.0,0.342999995,360.0,0.0,0.0,1.0,0.0399999991,2.0,0.0,Oddball standard
1419.8929919999937,1420.2359919949936,0.0,-1.0,0.342999995,360.0,0.0,0.0,1.0,0.0399999991,2.0,0.0,Oddball standard
1420.5929919999908,1420.9359919949907,0.0,72.0,0.342999995,360.0,0.0,0.0,1.0,0.0399999991,2.0,0.0,Oddball standard
1421.2929919999879,1421.6359919949878,0.0,72.0,0.342999995,360.0,0.0,0.0,1.0,0.0399999991,2.0,0.0,Oddball standard
1421.9929919999995,1422.3359919949994,0.0,72.0,0.342999995,360.0,0.0,0.0,1.0,0.0399999991,2.0,0.0,Oddball standard
1422.6929919999966,1423.0359919949965,0.0,72.0,0.342999995,360.0,0.0,0.0,1.0,0.0399999991,2.0,0.0,Oddball standard
1423.3929919999937,1423.7359919949936,0.0,72.0,0.342999995,360.0,0.0,0.0,1.0,0.0399999991,2.0,0.0,Oddball standard
1424.0929919999908,1424.4359919949907,0.0,72.0,0.342999995,360.0,0.0,0.0,1.0,0.0399999991,2.0,0.0,Oddball standard
1424.7929919999879,1425.1359919949878,0.0,72.0,0.342999995,360.0,0.0,0.0,1.0,0.0399999991,2.0,0.0,Oddball standard
1425.4929919999995,1425.8359919949994,0.0,72.0,0.342999995,360.0,0.0,0.0,1.0,0.0399999991,2.0,0.0,Oddball standard
1426.1929919999966,1426.5359919949965,0.0,72.0,0.342999995,360.0,0.0,0.0,1.0,0.0399999991,2.0,0.0,Oddball standard
1426.8929919999937,1427.2359919949936,0.0,72.0,0.342999995,360.0,0.0,0.0,1.0,0.0399999991,2.0,0.0,Oddball standard
1427.5929919999908,1427.9359919949907,0.0,72.0,0.342999995,360.0,0.0,0.0,1.0,0.0399999991,2.0,0.0,Oddball standard
1428.2929919999879,1428.6359919949878,0.0,72.0,0.342999995,360.0,0.0,0.0,1.0,0.0399999991,2.0,0.0,Oddball standard
1428.9929919999995,1429.3359919949994,0.0,72.0,0.342999995,360.0,0.0,0.0,1.0,0.0399999991,2.0,0.0,Oddball standard
1429.6929919999966,1430.0359919949965,0.0,72.0,0.342999995,360.0,0.0,0.0,1.0,0.0399999991,2.0,0.0,Oddball standard
1430.3929919999937,1430.7359919949936,0.0,72.0,0.342999995,360.0,0.0,0.0,1.0,0.0399999991,2.0,0.0,Oddball standard
1431.0929919999908,1431.4359919949907,0.0,72.0,0.342999995,360.0,0.0,0.0,1.0,0.0399999991,2.0,0.0,Oddball standard
1431.7929919999879,1432.1359919949878,0.0,72.0,0.342999995,360.0,0.0,0.0,1.0,0.0399999991,2.0,0.0,Oddball standard
1432.4929919999995,1432.8359919949994,0.0,72.0,0.342999995,360.0,0.0,0.0,1.0,0.0399999991,2.0,0.0,Oddball standard
1433.1929919999966,1433.5359919949965,1.57079637,72.0,0.342999995,360.0,0.0,0.0,1.0,0.0399999991,2.0,1.571,Oddball deviant
1433.8929919999937,1434.2359919949936,0.0,72.0,0.342999995,360.0,0.0,0.0,1.0,0.0399999991,0.0,0.0,Oddball standard
1434.5929919999908,1434.9359919949907,0.0,72.0,0.342999995,360.0,0.0,0.0,1.0,0.0399999991,2.0,0.0,Oddball standard
1435.2929919999879,1435.6359919949878,0.785398185,72.0,0.342999995,360.0,0.0,0.0,1.0,0.0399999991,2.0,0.785,Oddball deviant
1435.9929919999995,1436.3359919949994,0.0,72.0,0.342999995,360.0,0.0,0.0,1.0,0.0399999991,2.0,0.0,Oddball standard
1436.6929919999966,1437.0359919949965,0.0,72.0,0.342999995,360.0,0.0,0.0,1.0,0.0399999991,2.0,0.0,Oddball standard
1437.39302399999,1437.7360239949899,0.0,72.0,0.342999995,360.0,0.0,0.0,1.0,0.0399999991,2.0,0.0,Oddball standard
1438.0929919999908,1438.4359919949907,0.0,72.0,0.342999995,360.0,0.0,0.0,1.0,0.0399999991,2.0,0.0,Oddball standard
1438.7929919999879,1439.1359919949878,0.0,72.0,0.342999995,360.0,0.0,0.0,1.0,0.0399999991,2.0,0.0,Oddball standard
1439.4929919999995,1439.8359919949994,0.0,-1.0,0.342999995,360.0,0.0,0.0,1.0,0.0399999991,2.0,0.0,Oddball standard
1440.1929919999966,1440.5359919949965,0.0,73.0,0.342999995,360.0,0.0,0.0,1.0,0.0399999991,2.0,0.0,Oddball standard
1440.8929919999937,1441.2359919949936,0.0,73.0,0.342999995,360.0,0.0,0.0,1.0,0.0399999991,2.0,0.0,Oddball standard
1441.5929919999908,1441.9359919949907,0.0,73.0,0.342999995,360.0,0.0,0.0,1.0,0.0399999991,2.0,0.0,Oddball standard
1442.2929919999879,1442.6359919949878,1.57079637,73.0,0.342999995,360.0,0.0,0.0,1.0,0.0399999991,2.0,1.571,Oddball deviant
1442.9929919999995,1443.3359919949994,0.0,73.0,0.342999995,360.0,0.0,0.0,1.0,0.0399999991,2.0,0.0,Oddball standard
1443.6929919999966,1444.0359919949965,0.0,73.0,0.342999995,360.0,0.0,0.0,1.0,0.0399999991,2.0,0.0,Oddball standard
1444.3929919999937,1444.7359919949936,0.0,73.0,0.342999995,360.0,0.0,0.0,1.0,0.0399999991,2.0,0.0,Oddball standard
1445.0929919999908,1445.4359919949907,0.0,73.0,0.342999995,360.0,0.0,0.0,1.0,0.0399999991,2.0,0.0,Oddball standard
1445.7929919999879,1446.1359919949878,0.0,73.0,0.342999995,360.0,0.0,0.0,1.0,0.0399999991,2.0,0.0,Oddball standard
1446.4929919999995,1446.8359919949994,0.0,73.0,0.342999995,360.0,0.0,0.0,1.0,0.0399999991,2.0,0.0,Oddball standard
1447.1929919999966,1447.5359919949965,0.0,73.0,0.342999995,360.0,0.0,0.0,1.0,0.0399999991,2.0,0.0,Oddball standard
1447.8929919999937,1448.2359919949936,0.0,73.0,0.342999995,360.0,0.0,0.0,1.0,0.0399999991,2.0,0.0,Oddball standard
1448.5929919999908,1448.9359919949907,0.0,73.0,0.342999995,360.0,0.0,0.0,1.0,0.0399999991,2.0,0.0,Oddball standard
1449.2929919999879,1449.6359919949878,0.0,73.0,0.342999995,360.0,0.0,0.0,1.0,0.0399999991,2.0,0.0,Oddball standard
1449.9929919999995,1450.3359919949994,0.0,73.0,0.342999995,360.0,0.0,0.0,1.0,0.0399999991,2.0,0.0,Oddball standard
1450.6929919999966,1451.0359919949965,0.785398185,73.0,0.342999995,360.0,0.0,0.0,1.0,0.0399999991,2.0,0.785,Oddball deviant
1451.3929919999937,1451.7359919949936,0.0,73.0,0.342999995,360.0,0.0,0.0,1.0,0.0399999991,2.0,0.0,Oddball standard
1452.0929919999908,1452.4359919949907,0.0,73.0,0.342999995,360.0,0.0,0.0,1.0,0.0399999991,2.0,0.0,Oddball standard
1452.7929919999879,1453.1359919949878,0.0,73.0,0.342999995,360.0,0.0,0.0,1.0,0.0399999991,2.0,0.0,Oddball standard
1453.4929919999995,1453.8359919949994,0.0,73.0,0.342999995,360.0,0.0,0.0,1.0,0.0399999991,2.0,0.0,Oddball standard
1454.1929919999966,1454.5359919949965,0.0,73.0,0.342999995,360.0,0.0,0.0,1.0,0.0399999991,2.0,0.0,Oddball standard
1454.8929919999937,1455.2359919949936,0.0,73.0,0.342999995,360.0,0.0,0.0,1.0,0.0399999991,2.0,0.0,Oddball standard
1455.5929919999908,1455.9359919949907,0.0,73.0,0.342999995,360.0,0.0,0.0,1.0,0.0399999991,2.0,0.0,Oddball standard
1456.2929919999879,1456.6359919949878,0.0,73.0,0.342999995,360.0,0.0,0.0,1.0,0.0399999991,2.0,0.0,Oddball standard
1456.9929919999995,1457.3359919949994,0.0,73.0,0.342999995,360.0,0.0,0.0,1.0,0.0399999991,2.0,0.0,Oddball standard
1457.6929919999966,1458.0359919949965,0.0,73.0,0.342999995,360.0,0.0,0.0,1.0,0.0399999991,2.0,0.0,Oddball standard
1458.3929919999937,1458.7359919949936,0.0,73.0,0.342999995,360.0,0.0,0.0,1.0,0.0399999991,2.0,0.0,Oddball standard
1459.0929919999908,1459.4359919949907,0.0,73.0,0.342999995,360.0,0.0,0.0,1.0,0.0399999991,2.0,0.0,Oddball standard
1459.7929919999879,1460.1359919949878,0.0,-1.0,0.342999995,360.0,0.0,0.0,1.0,0.0399999991,2.0,0.0,Oddball standard
1460.4929919999995,1460.8359919949994,0.0,74.0,0.342999995,360.0,0.0,0.0,1.0,0.0399999991,2.0,0.0,Oddball standard
1461.1929919999966,1461.5359919949965,0.0,74.0,0.342999995,360.0,0.0,0.0,1.0,0.0399999991,2.0,0.0,Oddball standard
1461.8929919999937,1462.2359919949936,0.0,74.0,0.342999995,360.0,0.0,0.0,1.0,0.0399999991,2.0,0.0,Oddball standard
1462.5929919999908,1462.9359919949907,0.0,74.0,0.342999995,360.0,0.0,0.0,1.0,0.0399999991,2.0,0.0,Oddball standard
1463.2929919999879,1463.6359919949878,0.0,74.0,0.342999995,360.0,0.0,0.0,1.0,0.0399999991,2.0,0.0,Oddball standard
1463.9929919999995,1464.3359919949994,0.0,74.0,0.342999995,360.0,0.0,0.0,1.0,0.0399999991,2.0,0.0,Oddball standard
1464.6929919999966,1465.0359919949965,0.0,74.0,0.342999995,360.0,0.0,0.0,0.0,0.0399999991,2.0,0.0,Blank
1465.3929919999937,1465.7359919949936,0.0,74.0,0.342999995,360.0,0.0,0.0,1.0,0.0399999991,2.0,0.0,Oddball standard
1466.0929919999908,1466.4359919949907,0.0,74.0,0.342999995,360.0,0.0,0.0,1.0,0.0399999991,2.0,0.0,Oddball standard
1466.7929919999879,1467.1359919949878,0.0,74.0,0.342999995,360.0,0.0,0.0,1.0,0.0399999991,2.0,0.0,Oddball standard
1467.4929919999995,1467.8359919949994,0.0,74.0,0.342999995,360.0,0.0,0.0,1.0,0.0399999991,2.0,0.0,Oddball standard
1468.1929919999966,1468.5359919949965,0.0,74.0,0.342999995,360.0,0.0,0.0,1.0,0.0399999991,2.0,0.0,Oddball standard
1468.8929919999937,1469.2359919949936,0.0,74.0,0.342999995,360.0,0.0,0.0,1.0,0.0399999991,2.0,0.0,Oddball standard
1469.5929919999908,1469.9359919949907,0.0,74.0,0.342999995,360.0,0.0,0.0,1.0,0.0399999991,2.0,0.0,Oddball standard
1470.2929919999879,1470.6359919949878,0.0,74.0,0.342999995,360.0,0.0,0.0,1.0,0.0399999991,2.0,0.0,Oddball standard
1470.9929919999995,1471.3359919949994,0.0,74.0,0.342999995,360.0,0.0,0.0,1.0,0.0399999991,2.0,0.0,Oddball standard
1471.6929919999966,1472.0359919949965,0.0,74.0,0.342999995,360.0,0.0,0.0,1.0,0.0399999991,2.0,0.0,Oddball standard
1472.3929919999937,1472.7359919949936,0.0,74.0,0.342999995,360.0,0.0,0.0,1.0,0.0399999991,2.0,0.0,Oddball standard
1473.093983999992,1473.4369839949918,0.0,74.0,0.342999995,360.0,0.0,0.0,1.0,0.0399999991,2.0,0.0,Oddball standard
1473.793983999989,1474.136983994989,0.0,74.0,0.342999995,360.0,0.0,0.0,1.0,0.0399999991,2.0,0.0,Oddball standard
1474.493983999986,1474.836983994986,0.0,74.0,0.342999995,360.0,0.0,0.0,1.0,0.0399999991,2.0,0.0,Oddball standard
1475.1939839999977,1475.5369839949976,0.0,74.0,0.342999995,360.0,0.0,0.0,1.0,0.0399999991,2.0,0.0,Oddball standard
1475.8939839999948,1476.2369839949947,0.0,74.0,0.342999995,360.0,0.0,0.0,1.0,0.0399999991,2.0,0.0,Oddball standard
1476.593983999992,1476.9369839949918,0.0,74.0,0.342999995,360.0,0.0,0.0,1.0,0.0399999991,0.0,0.0,Oddball standard
1477.293983999989,1477.636983994989,0.0,74.0,0.342999995,360.0,0.0,0.0,1.0,0.0399999991,2.0,0.0,Oddball standard
1477.993983999986,1478.336983994986,0.0,74.0,0.342999995,360.0,0.0,0.0,1.0,0.0399999991,2.0,0.0,Oddball standard
1478.6939839999977,1479.0369839949976,0.0,74.0,0.342999995,360.0,0.0,0.0,1.0,0.0399999991,2.0,0.0,Oddball standard
1479.3939839999948,1479.7369839949947,0.0,74.0,0.342999995,360.0,0.0,0.0,1.0,0.0399999991,2.0,0.0,Oddball standard
1480.093983999992,1480.4369839949918,0.0,75.0,0.342999995,360.0,0.0,0.0,1.0,0.0399999991,2.0,0.0,Oddball standard
1480.793983999989,1481.136983994989,0.0,75.0,0.342999995,360.0,0.0,0.0,1.0,0.0399999991,2.0,0.0,Oddball standard
1481.493983999986,1481.836983994986,0.0,75.0,0.342999995,360.0,0.0,0.0,1.0,0.0399999991,2.0,0.0,Oddball standard
1482.1939839999977,1482.5369839949976,0.0,75.0,0.342999995,360.0,0.0,0.0,1.0,0.0399999991,2.0,0.0,Oddball standard
1482.8939839999948,1483.2369839949947,0.0,75.0,0.342999995,360.0,0.0,0.0,1.0,0.0399999991,2.0,0.0,Oddball standard
1483.593983999992,1483.9369839949918,0.0,75.0,0.342999995,360.0,0.0,0.0,1.0,0.0399999991,2.0,0.0,Oddball standard
1484.293983999989,1484.636983994989,1.57079637,75.0,0.342999995,360.0,0.0,0.0,1.0,0.0399999991,2.0,1.571,Oddball deviant
1484.993983999986,1485.336983994986,0.0,75.0,0.342999995,360.0,0.0,0.0,1.0,0.0399999991,2.0,0.0,Oddball standard
1485.6939839999977,1486.0369839949976,0.0,75.0,0.342999995,360.0,0.0,0.0,1.0,0.0399999991,2.0,0.0,Oddball standard
1486.3939839999948,1486.7369839949947,0.0,75.0,0.342999995,360.0,0.0,0.0,1.0,0.0399999991,2.0,0.0,Oddball standard
1487.093983999992,1487.4369839949918,0.0,75.0,0.342999995,360.0,0.0,0.0,1.0,0.0399999991,2.0,0.0,Oddball standard
1487.793983999989,1488.136983994989,0.0,75.0,0.342999995,360.0,0.0,0.0,1.0,0.0399999991,2.0,0.0,Oddball standard
1488.493983999986,1488.836983994986,0.0,75.0,0.342999995,360.0,0.0,0.0,1.0,0.0399999991,2.0,0.0,Oddball standard
1489.1939839999977,1489.5369839949976,0.0,75.0,0.342999995,360.0,0.0,0.0,1.0,0.0399999991,2.0,0.0,Oddball standard
1489.8939839999948,1490.2369839949947,0.0,75.0,0.342999995,360.0,0.0,0.0,1.0,0.0399999991,2.0,0.0,Oddball standard
1490.593983999992,1490.9369839949918,0.0,75.0,0.342999995,360.0,0.0,0.0,1.0,0.0399999991,2.0,0.0,Oddball standard
1491.293983999989,1491.636983994989,0.0,75.0,0.342999995,360.0,0.0,0.0,1.0,0.0399999991,2.0,0.0,Oddball standard
1491.993983999986,1492.336983994986,0.0,75.0,0.342999995,360.0,0.0,0.0,1.0,0.0399999991,2.0,0.0,Oddball standard
1492.6939839999977,1493.0369839949976,0.0,75.0,0.342999995,360.0,0.0,0.0,1.0,0.0399999991,2.0,0.0,Oddball standard
1493.3939839999948,1493.7369839949947,0.0,75.0,0.342999995,360.0,0.0,0.0,1.0,0.0399999991,2.0,0.0,Oddball standard
1494.093983999992,1494.4369839949918,0.0,75.0,0.342999995,360.0,0.0,0.0,1.0,0.0399999991,2.0,0.0,Oddball standard
1494.793983999989,1495.136983994989,0.0,75.0,0.342999995,360.0,0.0,0.0,1.0,0.0399999991,2.0,0.0,Oddball standard
1495.493983999986,1495.836983994986,0.0,75.0,0.342999995,360.0,0.0,0.0,1.0,0.0399999991,2.0,0.0,Oddball standard
1496.1939839999977,1496.5369839949976,0.0,75.0,0.342999995,360.0,0.0,0.0,1.0,0.0399999991,2.0,0.0,Oddball standard
1496.8939839999948,1497.2369839949947,0.0,75.0,0.342999995,360.0,0.0,0.0,1.0,0.0399999991,2.0,0.0,Oddball standard
1497.593983999992,1497.9369839949918,0.0,75.0,0.342999995,360.0,0.0,0.0,1.0,0.0399999991,2.0,0.0,Oddball standard
1498.293983999989,1498.636983994989,0.0,75.0,0.342999995,360.0,0.0,0.0,1.0,0.0399999991,2.0,0.0,Oddball standard
1498.993983999986,1499.336983994986,0.0,75.0,0.342999995,360.0,0.0,0.0,1.0,0.0399999991,2.0,0.0,Oddball standard
1499.6939839999977,1500.0369839949976,0.0,-1.0,0.342999995,360.0,0.0,0.0,1.0,0.0399999991,2.0,0.0,Oddball standard
1500.3939839999948,1500.7369839949947,0.0,76.0,0.342999995,360.0,0.0,0.0,1.0,0.0399999991,2.0,0.0,Oddball standard
1501.093983999992,1501.4369839949918,0.0,76.0,0.342999995,360.0,0.0,0.0,1.0,0.0399999991,2.0,0.0,Oddball standard
1501.793983999989,1502.136983994989,0.0,76.0,0.342999995,360.0,0.0,0.0,1.0,0.0399999991,2.0,0.0,Oddball standard
1502.493983999986,1502.836983994986,0.0,76.0,0.342999995,360.0,0.0,0.0,1.0,0.0399999991,2.0,0.0,Oddball standard
1503.1939839999977,1503.5369839949976,0.0,76.0,0.342999995,360.0,0.0,0.0,1.0,0.0399999991,2.0,0.0,Oddball standard
1503.8939839999948,1504.2369839949947,0.0,76.0,0.342999995,360.0,0.0,0.0,1.0,0.0399999991,2.0,0.0,Oddball standard
1504.593983999992,1504.9369839949918,0.0,76.0,0.342999995,360.0,0.0,0.0,1.0,0.0399999991,2.0,0.0,Oddball standard
1505.293983999989,1505.636983994989,0.0,76.0,0.342999995,360.0,0.0,0.0,1.0,0.0399999991,2.0,0.0,Oddball standard
1505.993983999986,1506.336983994986,0.0,76.0,0.342999995,360.0,0.0,0.0,1.0,0.0399999991,2.0,0.0,Oddball standard
1506.694015999994,1507.037015994994,0.0,76.0,0.342999995,360.0,0.0,0.0,1.0,0.0399999991,2.0,0.0,Oddball standard
1507.3939839999948,1507.7369839949947,0.0,76.0,0.342999995,360.0,0.0,0.0,1.0,0.0399999991,2.0,0.0,Oddball standard
1508.093983999992,1508.4369839949918,0.0,76.0,0.342999995,360.0,0.0,0.0,0.0,0.0399999991,2.0,0.0,Blank
1508.793983999989,1509.136983994989,0.0,76.0,0.342999995,360.0,0.0,0.0,1.0,0.0399999991,2.0,0.0,Oddball standard
1509.493983999986,1509.836983994986,0.0,76.0,0.342999995,360.0,0.0,0.0,1.0,0.0399999991,2.0,0.0,Oddball standard
1510.1939839999977,1510.5369839949976,0.0,76.0,0.342999995,360.0,0.0,0.0,1.0,0.0399999991,2.0,0.0,Oddball standard
1510.8939839999948,1511.2369839949947,0.0,76.0,0.342999995,360.0,0.0,0.0,1.0,0.0399999991,2.0,0.0,Oddball standard
1511.593983999992,1511.9369839949918,0.0,76.0,0.342999995,360.0,0.0,0.0,1.0,0.0399999991,2.0,0.0,Oddball standard
1512.293983999989,1512.636983994989,0.0,76.0,0.342999995,360.0,0.0,0.0,1.0,0.0399999991,2.0,0.0,Oddball standard
1512.993983999986,1513.336983994986,0.0,76.0,0.342999995,360.0,0.0,0.0,1.0,0.0399999991,2.0,0.0,Oddball standard
1513.6939839999977,1514.0369839949976,0.0,76.0,0.342999995,360.0,0.0,0.0,1.0,0.0399999991,2.0,0.0,Oddball standard
1514.3939839999948,1514.7369839949947,0.0,76.0,0.342999995,360.0,0.0,0.0,1.0,0.0399999991,2.0,0.0,Oddball standard
1515.093983999992,1515.4369839949918,0.0,76.0,0.342999995,360.0,0.0,0.0,1.0,0.0399999991,2.0,0.0,Oddball standard
1515.793983999989,1516.136983994989,0.0,76.0,0.342999995,360.0,0.0,0.0,1.0,0.0399999991,2.0,0.0,Oddball standard
1516.493983999986,1516.836983994986,0.0,76.0,0.342999995,360.0,0.0,0.0,1.0,0.0399999991,2.0,0.0,Oddball standard
1517.1939839999977,1517.5369839949976,0.0,76.0,0.342999995,360.0,0.0,0.0,1.0,0.0399999991,2.0,0.0,Oddball standard
1517.8939839999948,1518.2369839949947,0.0,76.0,0.342999995,360.0,0.0,0.0,1.0,0.0399999991,2.0,0.0,Oddball standard
1518.593983999992,1518.9369839949918,0.0,76.0,0.342999995,360.0,0.0,0.0,1.0,0.0399999991,2.0,0.0,Oddball standard
1519.293983999989,1519.636983994989,0.0,76.0,0.342999995,360.0,0.0,0.0,1.0,0.0399999991,2.0,0.0,Oddball standard
1519.9970239999966,1520.3400239949965,0.0,77.0,0.342999995,360.0,0.0,0.0,1.0,0.0399999991,2.0,0.0,Oddball standard
1520.6939839999977,1521.0369839949976,0.0,77.0,0.342999995,360.0,0.0,0.0,1.0,0.0399999991,2.0,0.0,Oddball standard
1521.3939839999948,1521.7369839949947,0.0,77.0,0.342999995,360.0,0.0,0.0,1.0,0.0399999991,2.0,0.0,Oddball standard
1522.093983999992,1522.4369839949918,0.0,77.0,0.342999995,360.0,0.0,0.0,1.0,0.0399999991,2.0,0.0,Oddball standard
1522.793983999989,1523.136983994989,0.0,77.0,0.342999995,360.0,0.0,0.0,1.0,0.0399999991,2.0,0.0,Oddball standard
1523.493983999986,1523.836983994986,0.0,77.0,0.342999995,360.0,0.0,0.0,1.0,0.0399999991,2.0,0.0,Oddball standard
1524.1939839999977,1524.5369839949976,0.0,77.0,0.342999995,360.0,0.0,0.0,1.0,0.0399999991,2.0,0.0,Oddball standard
1524.8939839999948,1525.2369839949947,0.0,77.0,0.342999995,360.0,0.0,0.0,1.0,0.0399999991,2.0,0.0,Oddball standard
1525.593983999992,1525.9369839949918,0.0,77.0,0.342999995,360.0,0.0,0.0,1.0,0.0399999991,2.0,0.0,Oddball standard
1526.293983999989,1526.636983994989,0.0,77.0,0.342999995,360.0,0.0,0.0,1.0,0.0399999991,2.0,0.0,Oddball standard
1526.993983999986,1527.336983994986,0.0,77.0,0.342999995,360.0,0.0,0.0,1.0,0.0399999991,2.0,0.0,Oddball standard
1527.6939839999977,1528.0369839949976,0.0,77.0,0.342999995,360.0,0.0,0.0,1.0,0.0399999991,2.0,0.0,Oddball standard
1528.3939839999948,1528.7369839949947,0.0,77.0,0.342999995,360.0,0.0,0.0,1.0,0.0399999991,2.0,0.0,Oddball standard
1529.093983999992,1529.4369839949918,0.0,77.0,0.342999995,360.0,0.0,0.0,1.0,0.0399999991,2.0,0.0,Oddball standard
1529.793983999989,1530.136983994989,0.0,77.0,0.342999995,360.0,0.0,0.0,1.0,0.0399999991,2.0,0.0,Oddball standard
1530.493983999986,1530.836983994986,0.0,77.0,0.342999995,360.0,0.0,0.0,1.0,0.0399999991,2.0,0.0,Oddball standard
1531.1939839999977,1531.5369839949976,0.0,77.0,0.342999995,360.0,0.0,0.0,1.0,0.0399999991,2.0,0.0,Oddball standard
1531.8939839999948,1532.2369839949947,0.0,77.0,0.342999995,360.0,0.0,0.0,1.0,0.0399999991,2.0,0.0,Oddball standard
1532.593983999992,1532.9369839949918,0.0,77.0,0.342999995,360.0,0.0,0.0,1.0,0.0399999991,2.0,0.0,Oddball standard
1533.2940159999998,1533.6370159949997,0.0,77.0,0.342999995,360.0,0.0,0.0,1.0,0.0399999991,2.0,0.0,Oddball standard
1533.993983999986,1534.336983994986,0.0,77.0,0.342999995,360.0,0.0,0.0,1.0,0.0399999991,2.0,0.0,Oddball standard
1534.6939839999977,1535.0369839949976,0.0,77.0,0.342999995,360.0,0.0,0.0,1.0,0.0399999991,2.0,0.0,Oddball standard
1535.3939839999948,1535.7369839949947,0.0,77.0,0.342999995,360.0,0.0,0.0,1.0,0.0399999991,2.0,0.0,Oddball standard
1536.093983999992,1536.4369839949918,0.0,77.0,0.342999995,360.0,0.0,0.0,1.0,0.0399999991,2.0,0.0,Oddball standard
1536.793983999989,1537.136983994989,0.0,77.0,0.342999995,360.0,0.0,0.0,1.0,0.0399999991,2.0,0.0,Oddball standard
1537.493983999986,1537.836983994986,0.0,77.0,0.342999995,360.0,0.0,0.0,1.0,0.0399999991,2.0,0.0,Oddball standard
1538.1939839999977,1538.5369839949976,0.0,77.0,0.342999995,360.0,0.0,0.0,1.0,0.0399999991,2.0,0.0,Oddball standard
1538.8939839999948,1539.2369839949947,0.0,77.0,0.342999995,360.0,0.0,0.0,1.0,0.0399999991,2.0,0.0,Oddball standard
1539.593983999992,1539.9369839949918,0.0,-1.0,0.342999995,360.0,0.0,0.0,1.0,0.0399999991,2.0,0.0,Oddball standard
1540.293983999989,1540.636983994989,0.0,78.0,0.342999995,360.0,0.0,0.0,1.0,0.0399999991,2.0,0.0,Oddball standard
1540.993983999986,1541.336983994986,0.0,78.0,0.342999995,360.0,0.0,0.0,1.0,0.0399999991,2.0,0.0,Oddball standard
1541.6939839999977,1542.0369839949976,0.0,78.0,0.342999995,360.0,0.0,0.0,1.0,0.0399999991,2.0,0.0,Oddball standard
1542.3939839999948,1542.7369839949947,0.0,78.0,0.342999995,360.0,0.0,0.0,1.0,0.0399999991,2.0,0.0,Oddball standard
1543.093983999992,1543.4369839949918,0.0,78.0,0.342999995,360.0,0.0,0.0,1.0,0.0399999991,2.0,0.0,Oddball standard
1543.793983999989,1544.136983994989,0.0,78.0,0.342999995,360.0,0.0,0.0,1.0,0.0399999991,2.0,0.0,Oddball standard
1544.493983999986,1544.836983994986,0.785398185,78.0,0.342999995,360.0,0.0,0.0,1.0,0.0399999991,2.0,0.785,Oddball deviant
1545.1939839999977,1545.5369839949976,0.0,78.0,0.342999995,360.0,0.0,0.0,1.0,0.0399999991,2.0,0.0,Oddball standard
1545.8939839999948,1546.2369839949947,0.0,78.0,0.342999995,360.0,0.0,0.0,1.0,0.0399999991,2.0,0.0,Oddball standard
1546.593983999992,1546.9369839949918,0.0,78.0,0.342999995,360.0,0.0,0.0,1.0,0.0399999991,2.0,0.0,Oddball standard
1547.293983999989,1547.636983994989,0.0,78.0,0.342999995,360.0,0.0,0.0,1.0,0.0399999991,2.0,0.0,Oddball standard
1547.993983999986,1548.336983994986,0.0,78.0,0.342999995,360.0,0.0,0.0,1.0,0.0399999991,2.0,0.0,Oddball standard
1548.6939839999977,1549.0369839949976,0.0,78.0,0.342999995,360.0,0.0,0.0,1.0,0.0399999991,2.0,0.0,Oddball standard
1549.3939839999948,1549.7369839949947,0.0,78.0,0.342999995,360.0,0.0,0.0,1.0,0.0399999991,0.0,0.0,Oddball standard
1550.093983999992,1550.4369839949918,0.0,78.0,0.342999995,360.0,0.0,0.0,1.0,0.0399999991,2.0,0.0,Oddball standard
1550.793983999989,1551.136983994989,0.0,78.0,0.342999995,360.0,0.0,0.0,1.0,0.0399999991,2.0,0.0,Oddball standard
1551.493983999986,1551.836983994986,0.0,78.0,0.342999995,360.0,0.0,0.0,1.0,0.0399999991,2.0,0.0,Oddball standard
1552.1939839999977,1552.5369839949976,0.0,78.0,0.342999995,360.0,0.0,0.0,1.0,0.0399999991,2.0,0.0,Oddball standard
1552.8939839999948,1553.2369839949947,0.0,78.0,0.342999995,360.0,0.0,0.0,1.0,0.0399999991,2.0,0.0,Oddball standard
1553.593983999992,1553.9369839949918,0.0,78.0,0.342999995,360.0,0.0,0.0,1.0,0.0399999991,2.0,0.0,Oddball standard
1554.293983999989,1554.636983994989,0.0,78.0,0.342999995,360.0,0.0,0.0,1.0,0.0399999991,2.0,0.0,Oddball standard
1554.993983999986,1555.336983994986,0.0,78.0,0.342999995,360.0,0.0,0.0,1.0,0.0399999991,2.0,0.0,Oddball standard
1555.6939839999977,1556.0369839949976,0.0,78.0,0.342999995,360.0,0.0,0.0,1.0,0.0399999991,2.0,0.0,Oddball standard
1556.3939839999948,1556.7369839949947,0.0,78.0,0.342999995,360.0,0.0,0.0,0.0,0.0399999991,2.0,0.0,Blank
1557.093983999992,1557.4369839949918,0.0,78.0,0.342999995,360.0,0.0,0.0,1.0,0.0399999991,2.0,0.0,Oddball standard
1557.793983999989,1558.136983994989,0.0,78.0,0.342999995,360.0,0.0,0.0,1.0,0.0399999991,2.0,0.0,Oddball standard
1558.493983999986,1558.836983994986,0.0,78.0,0.342999995,360.0,0.0,0.0,1.0,0.0399999991,2.0,0.0,Oddball standard
1559.1939839999977,1559.5369839949976,0.0,78.0,0.342999995,360.0,0.0,0.0,1.0,0.0399999991,2.0,0.0,Oddball standard
1559.8939839999948,1560.2369839949947,0.0,-1.0,0.342999995,360.0,0.0,0.0,1.0,0.0399999991,2.0,0.0,Oddball standard
1560.593983999992,1560.9369839949918,0.0,79.0,0.342999995,360.0,0.0,0.0,1.0,0.0399999991,2.0,0.0,Oddball standard
1561.293983999989,1561.636983994989,0.0,79.0,0.342999995,360.0,0.0,0.0,1.0,0.0399999991,2.0,0.0,Oddball standard
1561.993983999986,1562.336983994986,0.0,79.0,0.342999995,360.0,0.0,0.0,1.0,0.0399999991,2.0,0.0,Oddball standard
1562.6939839999977,1563.0369839949976,0.785398185,79.0,0.342999995,360.0,0.0,0.0,1.0,0.0399999991,2.0,0.785,Oddball deviant
1563.3939839999948,1563.7369839949947,0.0,79.0,0.342999995,360.0,0.0,0.0,1.0,0.0399999991,2.0,0.0,Oddball standard
1564.093983999992,1564.4369839949918,0.0,79.0,0.342999995,360.0,0.0,0.0,1.0,0.0399999991,2.0,0.0,Oddball standard
1564.793983999989,1565.136983994989,0.0,79.0,0.342999995,360.0,0.0,0.0,1.0,0.0399999991,2.0,0.0,Oddball standard
1565.493983999986,1565.836983994986,0.0,79.0,0.342999995,360.0,0.0,0.0,1.0,0.0399999991,2.0,0.0,Oddball standard
1566.1939839999977,1566.5369839949976,0.0,79.0,0.342999995,360.0,0.0,0.0,1.0,0.0399999991,2.0,0.0,Oddball standard
1566.8939839999948,1567.2369839949947,0.0,79.0,0.342999995,360.0,0.0,0.0,1.0,0.0399999991,2.0,0.0,Oddball standard
1567.593983999992,1567.9369839949918,0.0,79.0,0.342999995,360.0,0.0,0.0,1.0,0.0399999991,2.0,0.0,Oddball standard
1568.293983999989,1568.636983994989,0.0,79.0,0.342999995,360.0,0.0,0.0,1.0,0.0399999991,2.0,0.0,Oddball standard
1568.993983999986,1569.336983994986,0.0,79.0,0.342999995,360.0,0.0,0.0,1.0,0.0399999991,2.0,0.0,Oddball standard
1569.6939839999977,1570.0369839949976,0.0,79.0,0.342999995,360.0,0.0,0.0,1.0,0.0399999991,2.0,0.0,Oddball standard
1570.3939839999948,1570.7369839949947,0.0,79.0,0.342999995,360.0,0.0,0.0,1.0,0.0399999991,2.0,0.0,Oddball standard
1571.093983999992,1571.4369839949918,0.0,79.0,0.342999995,360.0,0.0,0.0,1.0,0.0399999991,2.0,0.0,Oddball standard
1571.793983999989,1572.136983994989,0.0,79.0,0.342999995,360.0,0.0,0.0,1.0,0.0399999991,2.0,0.0,Oddball standard
1572.493983999986,1572.836983994986,0.0,79.0,0.342999995,360.0,0.0,0.0,1.0,0.0399999991,2.0,0.0,Oddball standard
1573.1939839999977,1573.5369839949976,0.0,79.0,0.342999995,360.0,0.0,0.0,1.0,0.0399999991,2.0,0.0,Oddball standard
1573.8939839999948,1574.2369839949947,0.0,79.0,0.342999995,360.0,0.0,0.0,1.0,0.0399999991,2.0,0.0,Oddball standard
1574.593983999992,1574.9369839949918,0.0,79.0,0.342999995,360.0,0.0,0.0,1.0,0.0399999991,2.0,0.0,Oddball standard
1575.293983999989,1575.636983994989,0.0,79.0,0.342999995,360.0,0.0,0.0,1.0,0.0399999991,2.0,0.0,Oddball standard
1575.993983999986,1576.336983994986,0.0,79.0,0.342999995,360.0,0.0,0.0,1.0,0.0399999991,2.0,0.0,Oddball standard
1576.6939839999977,1577.0369839949976,0.0,79.0,0.342999995,360.0,0.0,0.0,1.0,0.0399999991,2.0,0.0,Oddball standard
1577.3939839999948,1577.7369839949947,0.0,79.0,0.342999995,360.0,0.0,0.0,1.0,0.0399999991,2.0,0.0,Oddball standard
1578.093983999992,1578.4369839949918,0.0,79.0,0.342999995,360.0,0.0,0.0,1.0,0.0399999991,2.0,0.0,Oddball standard
1578.793983999989,1579.136983994989,0.0,79.0,0.342999995,360.0,0.0,0.0,1.0,0.0399999991,2.0,0.0,Oddball standard
1579.493983999986,1579.836983994986,0.0,-1.0,0.342999995,360.0,0.0,0.0,1.0,0.0399999991,2.0,0.0,Oddball standard
1580.1939839999977,1580.5369839949976,0.0,80.0,0.342999995,360.0,0.0,0.0,1.0,0.0399999991,2.0,0.0,Oddball standard
1580.8939839999948,1581.2369839949947,0.0,80.0,0.342999995,360.0,0.0,0.0,1.0,0.0399999991,2.0,0.0,Oddball standard
1581.593983999992,1581.9369839949918,0.0,80.0,0.342999995,360.0,0.0,0.0,1.0,0.0399999991,2.0,0.0,Oddball standard
1582.293983999989,1582.636983994989,0.0,80.0,0.342999995,360.0,0.0,0.0,1.0,0.0399999991,2.0,0.0,Oddball standard
1582.993983999986,1583.336983994986,0.0,80.0,0.342999995,360.0,0.0,0.0,1.0,0.0399999991,2.0,0.0,Oddball standard
1583.6939839999977,1584.0369839949976,0.0,80.0,0.342999995,360.0,0.0,0.0,1.0,0.0399999991,2.0,0.0,Oddball standard
1584.3939839999948,1584.7369839949947,0.0,80.0,0.342999995,360.0,0.0,0.0,1.0,0.0399999991,2.0,0.0,Oddball standard
1585.093983999992,1585.4369839949918,0.0,80.0,0.342999995,360.0,0.0,0.0,1.0,0.0399999991,2.0,0.0,Oddball standard
1585.793983999989,1586.136983994989,0.0,80.0,0.342999995,360.0,0.0,0.0,1.0,0.0399999991,2.0,0.0,Oddball standard
1586.493983999986,1586.836983994986,0.0,80.0,0.342999995,360.0,0.0,0.0,1.0,0.0399999991,2.0,0.0,Oddball standard
1587.1939839999977,1587.5369839949976,0.0,80.0,0.342999995,360.0,0.0,0.0,1.0,0.0399999991,2.0,0.0,Oddball standard
1587.8939839999948,1588.2369839949947,0.0,80.0,0.342999995,360.0,0.0,0.0,1.0,0.0399999991,2.0,0.0,Oddball standard
1588.593983999992,1588.9369839949918,0.0,80.0,0.342999995,360.0,0.0,0.0,1.0,0.0399999991,2.0,0.0,Oddball standard
1589.293983999989,1589.636983994989,0.0,80.0,0.342999995,360.0,0.0,0.0,1.0,0.0399999991,2.0,0.0,Oddball standard
1589.993983999986,1590.336983994986,0.0,80.0,0.342999995,360.0,0.0,0.0,1.0,0.0399999991,2.0,0.0,Oddball standard
1590.6939839999977,1591.0369839949976,0.0,80.0,0.342999995,360.0,0.0,0.0,1.0,0.0399999991,2.0,0.0,Oddball standard
1591.3939839999948,1591.7369839949947,0.0,80.0,0.342999995,360.0,0.0,0.0,1.0,0.0399999991,2.0,0.0,Oddball standard
1592.093983999992,1592.4369839949918,0.0,80.0,0.342999995,360.0,0.0,0.0,1.0,0.0399999991,2.0,0.0,Oddball standard
1592.793983999989,1593.136983994989,0.0,80.0,0.342999995,360.0,0.0,0.0,1.0,0.0399999991,2.0,0.0,Oddball standard
1593.493983999986,1593.836983994986,0.0,80.0,0.342999995,360.0,0.0,0.0,1.0,0.0399999991,2.0,0.0,Oddball standard
1594.1939839999977,1594.5369839949976,0.0,80.0,0.342999995,360.0,0.0,0.0,1.0,0.0399999991,2.0,0.0,Oddball standard
1594.8939839999948,1595.2369839949947,0.0,80.0,0.342999995,360.0,0.0,0.0,1.0,0.0399999991,2.0,0.0,Oddball standard
1595.593983999992,1595.9369839949918,0.0,80.0,0.342999995,360.0,0.0,0.0,1.0,0.0399999991,2.0,0.0,Oddball standard
1596.293983999989,1596.636983994989,1.57079637,80.0,0.342999995,360.0,0.0,0.0,1.0,0.0399999991,2.0,1.571,Oddball deviant
1596.993983999986,1597.336983994986,0.0,80.0,0.342999995,360.0,0.0,0.0,1.0,0.0399999991,2.0,0.0,Oddball standard
1597.6939839999977,1598.0369839949976,0.0,80.0,0.342999995,360.0,0.0,0.0,1.0,0.0399999991,2.0,0.0,Oddball standard
1598.3939839999948,1598.7369839949947,0.0,80.0,0.342999995,360.0,0.0,0.0,1.0,0.0399999991,2.0,0.0,Oddball standard
1599.093983999992,1599.4369839949918,0.0,80.0,0.342999995,360.0,0.0,0.0,1.0,0.0399999991,2.0,0.0,Oddball standard
1599.793983999989,1600.136983994989,0.0,-1.0,0.342999995,360.0,0.0,0.0,1.0,0.0399999991,2.0,0.0,Oddball standard
1600.493983999986,1600.836983994986,0.0,81.0,0.342999995,360.0,0.0,0.0,1.0,0.0399999991,2.0,0.0,Oddball standard
1601.1939839999977,1601.5369839949976,0.0,81.0,0.342999995,360.0,0.0,0.0,1.0,0.0399999991,2.0,0.0,Oddball standard
1601.8939839999948,1602.2369839949947,0.0,81.0,0.342999995,360.0,0.0,0.0,1.0,0.0399999991,2.0,0.0,Oddball standard
1602.593983999992,1602.9369839949918,0.0,81.0,0.342999995,360.0,0.0,0.0,1.0,0.0399999991,2.0,0.0,Oddball standard
1603.293983999989,1603.636983994989,0.0,81.0,0.342999995,360.0,0.0,0.0,1.0,0.0399999991,2.0,0.0,Oddball standard
1603.994015999997,1604.3370159949968,0.0,81.0,0.342999995,360.0,0.0,0.0,1.0,0.0399999991,2.0,0.0,Oddball standard
1604.6939839999977,1605.0369839949976,0.0,81.0,0.342999995,360.0,0.0,0.0,1.0,0.0399999991,2.0,0.0,Oddball standard
1605.3939839999948,1605.7369839949947,0.0,81.0,0.342999995,360.0,0.0,0.0,1.0,0.0399999991,2.0,0.0,Oddball standard
1606.093983999992,1606.4369839949918,0.0,81.0,0.342999995,360.0,0.0,0.0,1.0,0.0399999991,2.0,0.0,Oddball standard
1606.793983999989,1607.136983994989,0.0,81.0,0.342999995,360.0,0.0,0.0,1.0,0.0399999991,2.0,0.0,Oddball standard
1607.493983999986,1607.836983994986,0.0,81.0,0.342999995,360.0,0.0,0.0,1.0,0.0399999991,2.0,0.0,Oddball standard
1608.194015999994,1608.537015994994,0.0,81.0,0.342999995,360.0,0.0,0.0,1.0,0.0399999991,2.0,0.0,Oddball standard
1608.8939839999948,1609.2369839949947,0.0,81.0,0.342999995,360.0,0.0,0.0,1.0,0.0399999991,2.0,0.0,Oddball standard
1609.593983999992,1609.9369839949918,0.0,81.0,0.342999995,360.0,0.0,0.0,1.0,0.0399999991,2.0,0.0,Oddball standard
1610.293983999989,1610.636983994989,0.0,81.0,0.342999995,360.0,0.0,0.0,1.0,0.0399999991,2.0,0.0,Oddball standard
1610.993983999986,1611.336983994986,0.0,81.0,0.342999995,360.0,0.0,0.0,1.0,0.0399999991,2.0,0.0,Oddball standard
1611.6939839999977,1612.0369839949976,0.0,81.0,0.342999995,360.0,0.0,0.0,1.0,0.0399999991,2.0,0.0,Oddball standard
1612.3939839999948,1612.7369839949947,0.0,81.0,0.342999995,360.0,0.0,0.0,1.0,0.0399999991,2.0,0.0,Oddball standard
1613.094975999993,1613.437975994993,0.0,81.0,0.342999995,360.0,0.0,0.0,1.0,0.0399999991,2.0,0.0,Oddball standard
1613.793983999989,1614.136983994989,0.0,81.0,0.342999995,360.0,0.0,0.0,1.0,0.0399999991,2.0,0.0,Oddball standard
1614.493983999986,1614.836983994986,0.0,81.0,0.342999995,360.0,0.0,0.0,1.0,0.0399999991,2.0,0.0,Oddball standard
1615.1939839999977,1615.5369839949976,0.0,81.0,0.342999995,360.0,0.0,0.0,1.0,0.0399999991,2.0,0.0,Oddball standard
1615.8939839999948,1616.2369839949947,0.0,81.0,0.342999995,360.0,0.0,0.0,1.0,0.0399999991,2.0,0.0,Oddball standard
1616.593983999992,1616.9369839949918,0.0,81.0,0.342999995,360.0,0.0,0.0,1.0,0.0399999991,2.0,0.0,Oddball standard
1617.2949759999901,1617.63797599499,0.0,81.0,0.342999995,360.0,0.0,0.0,1.0,0.0399999991,2.0,0.0,Oddball standard
1617.9949759999872,1618.3379759949871,0.0,81.0,0.342999995,360.0,0.0,0.0,1.0,0.0399999991,2.0,0.0,Oddball standard
1618.6949759999989,1619.0379759949988,0.0,81.0,0.342999995,360.0,0.0,0.0,1.0,0.0399999991,2.0,0.0,Oddball standard
1619.394975999996,1619.7379759949958,0.0,81.0,0.342999995,360.0,0.0,0.0,1.0,0.0399999991,2.0,0.0,Oddball standard
1620.094975999993,1620.437975994993,0.0,82.0,0.342999995,360.0,0.0,0.0,1.0,0.0399999991,2.0,0.0,Oddball standard
1620.7949759999901,1621.13797599499,1.57079637,82.0,0.342999995,360.0,0.0,0.0,1.0,0.0399999991,2.0,1.571,Oddball deviant
1621.4949759999872,1621.8379759949871,0.0,82.0,0.342999995,360.0,0.0,0.0,1.0,0.0399999991,2.0,0.0,Oddball standard
1622.1949759999989,1622.5379759949988,0.0,82.0,0.342999995,360.0,0.0,0.0,1.0,0.0399999991,2.0,0.0,Oddball standard
1622.894975999996,1623.2379759949958,0.0,82.0,0.342999995,360.0,0.0,0.0,1.0,0.0399999991,2.0,0.0,Oddball standard
1623.594975999993,1623.937975994993,0.0,82.0,0.342999995,360.0,0.0,0.0,1.0,0.0399999991,2.0,0.0,Oddball standard
1624.2949759999901,1624.63797599499,0.0,82.0,0.342999995,360.0,0.0,0.0,1.0,0.0399999991,2.0,0.0,Oddball standard
1624.9949759999872,1625.3379759949871,0.0,82.0,0.342999995,360.0,0.0,0.0,1.0,0.0399999991,2.0,0.0,Oddball standard
1625.6949759999989,1626.0379759949988,0.0,82.0,0.342999995,360.0,0.0,0.0,1.0,0.0399999991,2.0,0.0,Oddball standard
1626.394975999996,1626.7379759949958,0.0,82.0,0.342999995,360.0,0.0,0.0,1.0,0.0399999991,2.0,0.0,Oddball standard
1627.094975999993,1627.437975994993,0.0,82.0,0.342999995,360.0,0.0,0.0,1.0,0.0399999991,2.0,0.0,Oddball standard
1627.7949759999901,1628.13797599499,0.0,82.0,0.342999995,360.0,0.0,0.0,1.0,0.0399999991,2.0,0.0,Oddball standard
1628.4949759999872,1628.8379759949871,0.0,82.0,0.342999995,360.0,0.0,0.0,1.0,0.0399999991,2.0,0.0,Oddball standard
1629.1949759999989,1629.5379759949988,0.0,82.0,0.342999995,360.0,0.0,0.0,1.0,0.0399999991,2.0,0.0,Oddball standard
1629.894975999996,1630.2379759949958,0.0,82.0,0.342999995,360.0,0.0,0.0,1.0,0.0399999991,2.0,0.0,Oddball standard
1630.594975999993,1630.937975994993,0.0,82.0,0.342999995,360.0,0.0,0.0,1.0,0.0399999991,2.0,0.0,Oddball standard
1631.2949759999901,1631.63797599499,0.0,82.0,0.342999995,360.0,0.0,0.0,1.0,0.0399999991,2.0,0.0,Oddball standard
1631.9949759999872,1632.3379759949871,0.0,82.0,0.342999995,360.0,0.0,0.0,1.0,0.0399999991,2.0,0.0,Oddball standard
1632.6949759999989,1633.0379759949988,0.0,82.0,0.342999995,360.0,0.0,0.0,1.0,0.0399999991,2.0,0.0,Oddball standard
1633.394975999996,1633.7379759949958,0.0,82.0,0.342999995,360.0,0.0,0.0,1.0,0.0399999991,2.0,0.0,Oddball standard
1634.094975999993,1634.437975994993,0.0,82.0,0.342999995,360.0,0.0,0.0,1.0,0.0399999991,2.0,0.0,Oddball standard
1634.7949759999901,1635.13797599499,0.0,82.0,0.342999995,360.0,0.0,0.0,1.0,0.0399999991,2.0,0.0,Oddball standard
1635.4949759999872,1635.8379759949871,0.0,82.0,0.342999995,360.0,0.0,0.0,0.0,0.0399999991,2.0,0.0,Blank
1636.1949759999989,1636.5379759949988,0.0,82.0,0.342999995,360.0,0.0,0.0,1.0,0.0399999991,2.0,0.0,Oddball standard
1636.894975999996,1637.2379759949958,0.0,82.0,0.342999995,360.0,0.0,0.0,1.0,0.0399999991,2.0,0.0,Oddball standard
1637.594975999993,1637.937975994993,0.0,82.0,0.342999995,360.0,0.0,0.0,1.0,0.0399999991,2.0,0.0,Oddball standard
1638.2949759999901,1638.63797599499,0.0,82.0,0.342999995,360.0,0.0,0.0,1.0,0.0399999991,2.0,0.0,Oddball standard
1638.9949759999872,1639.3379759949871,0.0,82.0,0.342999995,360.0,0.0,0.0,1.0,0.0399999991,2.0,0.0,Oddball standard
1639.6949759999989,1640.0379759949988,0.0,-1.0,0.342999995,360.0,0.0,0.0,1.0,0.0399999991,2.0,0.0,Oddball standard
1640.394975999996,1640.7379759949958,0.0,83.0,0.342999995,360.0,0.0,0.0,1.0,0.0399999991,2.0,0.0,Oddball standard
1641.094975999993,1641.437975994993,0.0,83.0,0.342999995,360.0,0.0,0.0,1.0,0.0399999991,2.0,0.0,Oddball standard
1641.7949759999901,1642.13797599499,0.0,83.0,0.342999995,360.0,0.0,0.0,1.0,0.0399999991,2.0,0.0,Oddball standard
1642.4949759999872,1642.8379759949871,0.0,83.0,0.342999995,360.0,0.0,0.0,1.0,0.0399999991,2.0,0.0,Oddball standard
1643.1949759999989,1643.5379759949988,0.0,83.0,0.342999995,360.0,0.0,0.0,1.0,0.0399999991,2.0,0.0,Oddball standard
1643.894975999996,1644.2379759949958,0.0,83.0,0.342999995,360.0,0.0,0.0,1.0,0.0399999991,2.0,0.0,Oddball standard
1644.594975999993,1644.937975994993,0.0,83.0,0.342999995,360.0,0.0,0.0,1.0,0.0399999991,2.0,0.0,Oddball standard
1645.2949759999901,1645.63797599499,0.0,83.0,0.342999995,360.0,0.0,0.0,1.0,0.0399999991,2.0,0.0,Oddball standard
1645.9949759999872,1646.3379759949871,0.0,83.0,0.342999995,360.0,0.0,0.0,1.0,0.0399999991,2.0,0.0,Oddball standard
1646.6949759999989,1647.0379759949988,0.0,83.0,0.342999995,360.0,0.0,0.0,1.0,0.0399999991,2.0,0.0,Oddball standard
1647.394975999996,1647.7379759949958,0.0,83.0,0.342999995,360.0,0.0,0.0,1.0,0.0399999991,2.0,0.0,Oddball standard
1648.094975999993,1648.437975994993,0.0,83.0,0.342999995,360.0,0.0,0.0,1.0,0.0399999991,2.0,0.0,Oddball standard
1648.7949759999901,1649.13797599499,0.0,83.0,0.342999995,360.0,0.0,0.0,1.0,0.0399999991,2.0,0.0,Oddball standard
1649.4949759999872,1649.8379759949871,0.0,83.0,0.342999995,360.0,0.0,0.0,1.0,0.0399999991,2.0,0.0,Oddball standard
1650.1949759999989,1650.5379759949988,0.0,83.0,0.342999995,360.0,0.0,0.0,1.0,0.0399999991,2.0,0.0,Oddball standard
1650.894975999996,1651.2379759949958,0.0,83.0,0.342999995,360.0,0.0,0.0,1.0,0.0399999991,2.0,0.0,Oddball standard
1651.594975999993,1651.937975994993,0.0,83.0,0.342999995,360.0,0.0,0.0,1.0,0.0399999991,2.0,0.0,Oddball standard
1652.2949759999901,1652.63797599499,0.0,83.0,0.342999995,360.0,0.0,0.0,1.0,0.0399999991,2.0,0.0,Oddball standard
1652.9949759999872,1653.3379759949871,0.785398185,83.0,0.342999995,360.0,0.0,0.0,1.0,0.0399999991,2.0,0.785,Oddball deviant
1653.6949759999989,1654.0379759949988,0.0,83.0,0.342999995,360.0,0.0,0.0,1.0,0.0399999991,2.0,0.0,Oddball standard
1654.394975999996,1654.7379759949958,0.0,83.0,0.342999995,360.0,0.0,0.0,1.0,0.0399999991,2.0,0.0,Oddball standard
1655.094975999993,1655.437975994993,0.0,83.0,0.342999995,360.0,0.0,0.0,1.0,0.0399999991,2.0,0.0,Oddball standard
1655.7949759999901,1656.13797599499,0.0,83.0,0.342999995,360.0,0.0,0.0,1.0,0.0399999991,2.0,0.0,Oddball standard
1656.4949759999872,1656.8379759949871,0.0,83.0,0.342999995,360.0,0.0,0.0,1.0,0.0399999991,2.0,0.0,Oddball standard
1657.1949759999989,1657.5379759949988,0.0,83.0,0.342999995,360.0,0.0,0.0,1.0,0.0399999991,2.0,0.0,Oddball standard
1657.894975999996,1658.2379759949958,0.0,83.0,0.342999995,360.0,0.0,0.0,1.0,0.0399999991,2.0,0.0,Oddball standard
1658.594975999993,1658.937975994993,0.0,83.0,0.342999995,360.0,0.0,0.0,1.0,0.0399999991,2.0,0.0,Oddball standard
1659.2949759999901,1659.63797599499,0.0,83.0,0.342999995,360.0,0.0,0.0,1.0,0.0399999991,2.0,0.0,Oddball standard
1659.9949759999872,1660.3379759949871,0.0,-1.0,0.342999995,360.0,0.0,0.0,1.0,0.0399999991,2.0,0.0,Oddball standard
1660.6949759999989,1661.0379759949988,0.0,84.0,0.342999995,360.0,0.0,0.0,1.0,0.0399999991,2.0,0.0,Oddball standard
1661.394975999996,1661.7379759949958,0.0,84.0,0.342999995,360.0,0.0,0.0,1.0,0.0399999991,2.0,0.0,Oddball standard
1662.094975999993,1662.437975994993,0.0,84.0,0.342999995,360.0,0.0,0.0,1.0,0.0399999991,2.0,0.0,Oddball standard
1662.7950079999864,1663.1380079949863,0.0,84.0,0.342999995,360.0,0.0,0.0,1.0,0.0399999991,2.0,0.0,Oddball standard
1663.4949759999872,1663.8379759949871,0.0,84.0,0.342999995,360.0,0.0,0.0,1.0,0.0399999991,2.0,0.0,Oddball standard
1664.1949759999989,1664.5379759949988,0.0,84.0,0.342999995,360.0,0.0,0.0,1.0,0.0399999991,2.0,0.0,Oddball standard
1664.894975999996,1665.2379759949958,0.0,84.0,0.342999995,360.0,0.0,0.0,1.0,0.0399999991,2.0,0.0,Oddball standard
1665.594975999993,1665.937975994993,0.0,84.0,0.342999995,360.0,0.0,0.0,1.0,0.0399999991,2.0,0.0,Oddball standard
1666.2949759999901,1666.63797599499,0.0,84.0,0.342999995,360.0,0.0,0.0,1.0,0.0399999991,2.0,0.0,Oddball standard
1666.995007999998,1667.338007994998,0.0,84.0,0.342999995,360.0,0.0,0.0,1.0,0.0399999991,2.0,0.0,Oddball standard
1667.6949759999989,1668.0379759949988,0.0,84.0,0.342999995,360.0,0.0,0.0,1.0,0.0399999991,2.0,0.0,Oddball standard
1668.394975999996,1668.7379759949958,0.0,84.0,0.342999995,360.0,0.0,0.0,1.0,0.0399999991,2.0,0.0,Oddball standard
1669.094975999993,1669.437975994993,0.0,84.0,0.342999995,360.0,0.0,0.0,1.0,0.0399999991,2.0,0.0,Oddball standard
1669.7949759999901,1670.13797599499,0.0,84.0,0.342999995,360.0,0.0,0.0,1.0,0.0399999991,2.0,0.0,Oddball standard
1670.4949759999872,1670.8379759949871,0.0,84.0,0.342999995,360.0,0.0,0.0,1.0,0.0399999991,2.0,0.0,Oddball standard
1671.1949759999989,1671.5379759949988,0.0,84.0,0.342999995,360.0,0.0,0.0,1.0,0.0399999991,2.0,0.0,Oddball standard
1671.894975999996,1672.2379759949958,0.0,84.0,0.342999995,360.0,0.0,0.0,1.0,0.0399999991,2.0,0.0,Oddball standard
1672.594975999993,1672.937975994993,0.0,84.0,0.342999995,360.0,0.0,0.0,1.0,0.0399999991,2.0,0.0,Oddball standard
1673.2949759999901,1673.63797599499,0.0,84.0,0.342999995,360.0,0.0,0.0,1.0,0.0399999991,2.0,0.0,Oddball standard
1673.9949759999872,1674.3379759949871,0.0,84.0,0.342999995,360.0,0.0,0.0,1.0,0.0399999991,2.0,0.0,Oddball standard
1674.6949759999989,1675.0379759949988,0.0,84.0,0.342999995,360.0,0.0,0.0,1.0,0.0399999991,2.0,0.0,Oddball standard
1675.394975999996,1675.7379759949958,0.0,84.0,0.342999995,360.0,0.0,0.0,1.0,0.0399999991,2.0,0.0,Oddball standard
1676.094975999993,1676.437975994993,0.0,84.0,0.342999995,360.0,0.0,0.0,1.0,0.0399999991,2.0,0.0,Oddball standard
1676.7949759999901,1677.13797599499,0.0,84.0,0.342999995,360.0,0.0,0.0,1.0,0.0399999991,2.0,0.0,Oddball standard
1677.4949759999872,1677.8379759949871,0.0,84.0,0.342999995,360.0,0.0,0.0,1.0,0.0399999991,2.0,0.0,Oddball standard
1678.1949759999989,1678.5379759949988,0.0,84.0,0.342999995,360.0,0.0,0.0,1.0,0.0399999991,2.0,0.0,Oddball standard
1678.894975999996,1679.2379759949958,0.0,84.0,0.342999995,360.0,0.0,0.0,1.0,0.0399999991,2.0,0.0,Oddball standard
1679.594975999993,1679.937975994993,0.0,-1.0,0.342999995,360.0,0.0,0.0,1.0,0.0399999991,2.0,0.0,Oddball standard
1680.2949759999901,1680.63797599499,0.0,85.0,0.342999995,360.0,0.0,0.0,1.0,0.0399999991,2.0,0.0,Oddball standard
1680.9949759999872,1681.3379759949871,0.0,85.0,0.342999995,360.0,0.0,0.0,1.0,0.0399999991,2.0,0.0,Oddball standard
1681.6949759999989,1682.0379759949988,0.0,85.0,0.342999995,360.0,0.0,0.0,1.0,0.0399999991,2.0,0.0,Oddball standard
1682.394975999996,1682.7379759949958,0.0,85.0,0.342999995,360.0,0.0,0.0,1.0,0.0399999991,2.0,0.0,Oddball standard
1683.094975999993,1683.437975994993,0.0,85.0,0.342999995,360.0,0.0,0.0,1.0,0.0399999991,2.0,0.0,Oddball standard
1683.7949759999901,1684.13797599499,0.0,85.0,0.342999995,360.0,0.0,0.0,1.0,0.0399999991,2.0,0.0,Oddball standard
1684.4949759999872,1684.8379759949871,0.0,85.0,0.342999995,360.0,0.0,0.0,1.0,0.0399999991,2.0,0.0,Oddball standard
1685.1949759999989,1685.5379759949988,0.0,85.0,0.342999995,360.0,0.0,0.0,1.0,0.0399999991,2.0,0.0,Oddball standard
1685.894975999996,1686.2379759949958,0.0,85.0,0.342999995,360.0,0.0,0.0,1.0,0.0399999991,2.0,0.0,Oddball standard
1686.594975999993,1686.937975994993,0.0,85.0,0.342999995,360.0,0.0,0.0,1.0,0.0399999991,2.0,0.0,Oddball standard
1687.2949759999901,1687.63797599499,0.0,85.0,0.342999995,360.0,0.0,0.0,1.0,0.0399999991,2.0,0.0,Oddball standard
1687.9949759999872,1688.3379759949871,0.0,85.0,0.342999995,360.0,0.0,0.0,1.0,0.0399999991,2.0,0.0,Oddball standard
1688.6949759999989,1689.0379759949988,0.0,85.0,0.342999995,360.0,0.0,0.0,1.0,0.0399999991,2.0,0.0,Oddball standard
1689.394975999996,1689.7379759949958,0.0,85.0,0.342999995,360.0,0.0,0.0,1.0,0.0399999991,2.0,0.0,Oddball standard
1690.094975999993,1690.437975994993,0.0,85.0,0.342999995,360.0,0.0,0.0,1.0,0.0399999991,2.0,0.0,Oddball standard
1690.7949759999901,1691.13797599499,0.0,85.0,0.342999995,360.0,0.0,0.0,1.0,0.0399999991,2.0,0.0,Oddball standard
1691.4949759999872,1691.8379759949871,0.0,85.0,0.342999995,360.0,0.0,0.0,1.0,0.0399999991,2.0,0.0,Oddball standard
1692.1949759999989,1692.5379759949988,0.0,85.0,0.342999995,360.0,0.0,0.0,1.0,0.0399999991,2.0,0.0,Oddball standard
1692.894975999996,1693.2379759949958,0.0,85.0,0.342999995,360.0,0.0,0.0,1.0,0.0399999991,2.0,0.0,Oddball standard
1693.594975999993,1693.937975994993,0.0,85.0,0.342999995,360.0,0.0,0.0,0.0,0.0399999991,2.0,0.0,Blank
1694.2949759999901,1694.63797599499,0.0,85.0,0.342999995,360.0,0.0,0.0,1.0,0.0399999991,2.0,0.0,Oddball standard
1694.9949759999872,1695.3379759949871,0.0,85.0,0.342999995,360.0,0.0,0.0,1.0,0.0399999991,2.0,0.0,Oddball standard
1695.6949759999989,1696.0379759949988,0.0,85.0,0.342999995,360.0,0.0,0.0,1.0,0.0399999991,2.0,0.0,Oddball standard
1696.394975999996,1696.7379759949958,0.0,85.0,0.342999995,360.0,0.0,0.0,1.0,0.0399999991,2.0,0.0,Oddball standard
1697.094975999993,1697.437975994993,0.0,85.0,0.342999995,360.0,0.0,0.0,1.0,0.0399999991,2.0,0.0,Oddball standard
1697.7949759999901,1698.13797599499,0.0,85.0,0.342999995,360.0,0.0,0.0,1.0,0.0399999991,2.0,0.0,Oddball standard
1698.4949759999872,1698.8379759949871,0.0,85.0,0.342999995,360.0,0.0,0.0,1.0,0.0399999991,2.0,0.0,Oddball standard
1699.1949759999989,1699.5379759949988,0.0,85.0,0.342999995,360.0,0.0,0.0,1.0,0.0399999991,2.0,0.0,Oddball standard
1699.894975999996,1700.2379759949958,0.785398185,-1.0,0.342999995,360.0,0.0,0.0,1.0,0.0399999991,2.0,0.785,Oddball deviant
1700.594975999993,1700.937975994993,1.57079637,86.0,0.342999995,360.0,0.0,0.0,1.0,0.0399999991,2.0,1.571,Oddball deviant
1701.2949759999901,1701.63797599499,0.0,86.0,0.342999995,360.0,0.0,0.0,1.0,0.0399999991,2.0,0.0,Oddball standard
1701.9949759999872,1702.3379759949871,0.0,86.0,0.342999995,360.0,0.0,0.0,0.0,0.0399999991,2.0,0.0,Blank
1702.6949759999989,1703.0379759949988,0.0,86.0,0.342999995,360.0,0.0,0.0,1.0,0.0399999991,2.0,0.0,Oddball standard
1703.394975999996,1703.7379759949958,0.0,86.0,0.342999995,360.0,0.0,0.0,1.0,0.0399999991,2.0,0.0,Oddball standard
1704.094975999993,1704.437975994993,1.57079637,86.0,0.342999995,360.0,0.0,0.0,1.0,0.0399999991,2.0,1.571,Oddball deviant
1704.7949759999901,1705.13797599499,0.0,86.0,0.342999995,360.0,0.0,0.0,1.0,0.0399999991,2.0,0.0,Oddball standard
1705.4949759999872,1705.8379759949871,0.0,86.0,0.342999995,360.0,0.0,0.0,1.0,0.0399999991,2.0,0.0,Oddball standard
1706.1949759999989,1706.5379759949988,0.0,86.0,0.342999995,360.0,0.0,0.0,1.0,0.0399999991,2.0,0.0,Oddball standard
1706.894975999996,1707.2379759949958,0.0,86.0,0.342999995,360.0,0.0,0.0,1.0,0.0399999991,2.0,0.0,Oddball standard
1707.594975999993,1707.937975994993,1.57079637,86.0,0.342999995,360.0,0.0,0.0,1.0,0.0399999991,2.0,1.571,Oddball deviant
1708.2949759999901,1708.63797599499,0.0,86.0,0.342999995,360.0,0.0,0.0,1.0,0.0399999991,2.0,0.0,Oddball standard
1708.9949759999872,1709.3379759949871,0.0,86.0,0.342999995,360.0,0.0,0.0,1.0,0.0399999991,2.0,0.0,Oddball standard
1709.6949759999989,1710.0379759949988,0.0,86.0,0.342999995,360.0,0.0,0.0,1.0,0.0399999991,2.0,0.0,Oddball standard
1710.394975999996,1710.7379759949958,0.0,86.0,0.342999995,360.0,0.0,0.0,1.0,0.0399999991,2.0,0.0,Oddball standard
1711.094975999993,1711.437975994993,0.0,86.0,0.342999995,360.0,0.0,0.0,1.0,0.0399999991,2.0,0.0,Oddball standard
1711.7949759999901,1712.13797599499,0.0,86.0,0.342999995,360.0,0.0,0.0,1.0,0.0399999991,2.0,0.0,Oddball standard
1712.4949759999872,1712.8379759949871,0.0,86.0,0.342999995,360.0,0.0,0.0,1.0,0.0399999991,2.0,0.0,Oddball standard
1713.1949759999989,1713.5379759949988,0.0,86.0,0.342999995,360.0,0.0,0.0,1.0,0.0399999991,2.0,0.0,Oddball standard
1713.894975999996,1714.2379759949958,0.0,86.0,0.342999995,360.0,0.0,0.0,1.0,0.0399999991,2.0,0.0,Oddball standard
1714.594975999993,1714.937975994993,0.0,86.0,0.342999995,360.0,0.0,0.0,1.0,0.0399999991,2.0,0.0,Oddball standard
1715.2949759999901,1715.63797599499,0.0,86.0,0.342999995,360.0,0.0,0.0,1.0,0.0399999991,2.0,0.0,Oddball standard
1715.9949759999872,1716.3379759949871,0.0,86.0,0.342999995,360.0,0.0,0.0,1.0,0.0399999991,2.0,0.0,Oddball standard
1716.6949759999989,1717.0379759949988,0.0,86.0,0.342999995,360.0,0.0,0.0,1.0,0.0399999991,2.0,0.0,Oddball standard
1717.394975999996,1717.7379759949958,0.0,86.0,0.342999995,360.0,0.0,0.0,1.0,0.0399999991,2.0,0.0,Oddball standard
1718.094975999993,1718.437975994993,0.0,86.0,0.342999995,360.0,0.0,0.0,1.0,0.0399999991,2.0,0.0,Oddball standard
1718.7949759999901,1719.13797599499,0.0,86.0,0.342999995,360.0,0.0,0.0,1.0,0.0399999991,2.0,0.0,Oddball standard
1719.4949759999872,1719.8379759949871,0.0,-1.0,0.342999995,360.0,0.0,0.0,1.0,0.0399999991,2.0,0.0,Oddball standard
1720.1949759999989,1720.5379759949988,0.0,87.0,0.342999995,360.0,0.0,0.0,1.0,0.0399999991,2.0,0.0,Oddball standard
1720.894975999996,1721.2379759949958,0.0,87.0,0.342999995,360.0,0.0,0.0,1.0,0.0399999991,2.0,0.0,Oddball standard
1721.594975999993,1721.937975994993,0.0,87.0,0.342999995,360.0,0.0,0.0,1.0,0.0399999991,2.0,0.0,Oddball standard
1722.2949759999901,1722.63797599499,0.0,87.0,0.342999995,360.0,0.0,0.0,1.0,0.0399999991,2.0,0.0,Oddball standard
1722.9949759999872,1723.3379759949871,0.0,87.0,0.342999995,360.0,0.0,0.0,1.0,0.0399999991,2.0,0.0,Oddball standard
1723.6949759999989,1724.0379759949988,0.0,87.0,0.342999995,360.0,0.0,0.0,1.0,0.0399999991,2.0,0.0,Oddball standard
1724.394975999996,1724.7379759949958,0.0,87.0,0.342999995,360.0,0.0,0.0,1.0,0.0399999991,2.0,0.0,Oddball standard
1725.094975999993,1725.437975994993,0.0,87.0,0.342999995,360.0,0.0,0.0,1.0,0.0399999991,2.0,0.0,Oddball standard
1725.7949759999901,1726.13797599499,0.0,87.0,0.342999995,360.0,0.0,0.0,0.0,0.0399999991,2.0,0.0,Blank
1726.4949759999872,1726.8379759949871,0.0,87.0,0.342999995,360.0,0.0,0.0,1.0,0.0399999991,2.0,0.0,Oddball standard
1727.1949759999989,1727.5379759949988,0.0,87.0,0.342999995,360.0,0.0,0.0,1.0,0.0399999991,2.0,0.0,Oddball standard
1727.894975999996,1728.2379759949958,0.0,87.0,0.342999995,360.0,0.0,0.0,1.0,0.0399999991,2.0,0.0,Oddball standard
1728.594975999993,1728.937975994993,0.0,87.0,0.342999995,360.0,0.0,0.0,1.0,0.0399999991,2.0,0.0,Oddball standard
1729.2949759999901,1729.63797599499,0.0,87.0,0.342999995,360.0,0.0,0.0,0.0,0.0399999991,2.0,0.0,Blank
1729.9949759999872,1730.3379759949871,0.0,87.0,0.342999995,360.0,0.0,0.0,1.0,0.0399999991,2.0,0.0,Oddball standard
1730.6949759999989,1731.0379759949988,0.0,87.0,0.342999995,360.0,0.0,0.0,1.0,0.0399999991,2.0,0.0,Oddball standard
1731.394975999996,1731.7379759949958,0.0,87.0,0.342999995,360.0,0.0,0.0,1.0,0.0399999991,2.0,0.0,Oddball standard
1732.094975999993,1732.437975994993,0.0,87.0,0.342999995,360.0,0.0,0.0,1.0,0.0399999991,2.0,0.0,Oddball standard
1732.7949759999901,1733.13797599499,0.0,87.0,0.342999995,360.0,0.0,0.0,1.0,0.0399999991,2.0,0.0,Oddball standard
1733.4949759999872,1733.8379759949871,0.0,87.0,0.342999995,360.0,0.0,0.0,1.0,0.0399999991,2.0,0.0,Oddball standard
1734.1949759999989,1734.5379759949988,0.0,87.0,0.342999995,360.0,0.0,0.0,1.0,0.0399999991,2.0,0.0,Oddball standard
1734.894975999996,1735.2379759949958,0.0,87.0,0.342999995,360.0,0.0,0.0,1.0,0.0399999991,2.0,0.0,Oddball standard
1735.594975999993,1735.937975994993,0.0,87.0,0.342999995,360.0,0.0,0.0,1.0,0.0399999991,2.0,0.0,Oddball standard
1736.2949759999901,1736.63797599499,0.0,87.0,0.342999995,360.0,0.0,0.0,1.0,0.0399999991,2.0,0.0,Oddball standard
1736.9949759999872,1737.3379759949871,0.0,87.0,0.342999995,360.0,0.0,0.0,1.0,0.0399999991,2.0,0.0,Oddball standard
1737.6949759999989,1738.0379759949988,0.0,87.0,0.342999995,360.0,0.0,0.0,1.0,0.0399999991,2.0,0.0,Oddball standard
1738.394975999996,1738.7379759949958,0.0,87.0,0.342999995,360.0,0.0,0.0,1.0,0.0399999991,2.0,0.0,Oddball standard
1739.094975999993,1739.437975994993,1.57079637,87.0,0.342999995,360.0,0.0,0.0,1.0,0.0399999991,2.0,1.571,Oddball deviant
1739.7949759999901,1740.13797599499,0.0,-1.0,0.342999995,360.0,0.0,0.0,1.0,0.0399999991,2.0,0.0,Oddball standard
1740.4949759999872,1740.8379759949871,0.0,88.0,0.342999995,360.0,0.0,0.0,1.0,0.0399999991,2.0,0.0,Oddball standard
1741.1949759999989,1741.5379759949988,0.0,88.0,0.342999995,360.0,0.0,0.0,1.0,0.0399999991,2.0,0.0,Oddball standard
1741.894975999996,1742.2379759949958,0.0,88.0,0.342999995,360.0,0.0,0.0,1.0,0.0399999991,2.0,0.0,Oddball standard
1742.594975999993,1742.937975994993,0.0,88.0,0.342999995,360.0,0.0,0.0,1.0,0.0399999991,2.0,0.0,Oddball standard
1743.2949759999901,1743.63797599499,0.0,88.0,0.342999995,360.0,0.0,0.0,1.0,0.0399999991,2.0,0.0,Oddball standard
1743.9949759999872,1744.3379759949871,0.0,88.0,0.342999995,360.0,0.0,0.0,1.0,0.0399999991,2.0,0.0,Oddball standard
1744.6949759999989,1745.0379759949988,0.0,88.0,0.342999995,360.0,0.0,0.0,1.0,0.0399999991,2.0,0.0,Oddball standard
1745.394975999996,1745.7379759949958,0.0,88.0,0.342999995,360.0,0.0,0.0,1.0,0.0399999991,2.0,0.0,Oddball standard
1746.094975999993,1746.437975994993,0.0,88.0,0.342999995,360.0,0.0,0.0,1.0,0.0399999991,2.0,0.0,Oddball standard
1746.7949759999901,1747.13797599499,0.0,88.0,0.342999995,360.0,0.0,0.0,1.0,0.0399999991,2.0,0.0,Oddball standard
1747.4949759999872,1747.8379759949871,0.0,88.0,0.342999995,360.0,0.0,0.0,1.0,0.0399999991,2.0,0.0,Oddball standard
1748.1949759999989,1748.5379759949988,0.0,88.0,0.342999995,360.0,0.0,0.0,1.0,0.0399999991,2.0,0.0,Oddball standard
1748.894975999996,1749.2379759949958,0.0,88.0,0.342999995,360.0,0.0,0.0,1.0,0.0399999991,2.0,0.0,Oddball standard
1749.594975999993,1749.937975994993,0.0,88.0,0.342999995,360.0,0.0,0.0,1.0,0.0399999991,2.0,0.0,Oddball standard
1750.2949759999901,1750.63797599499,0.0,88.0,0.342999995,360.0,0.0,0.0,1.0,0.0399999991,2.0,0.0,Oddball standard
1750.9949759999872,1751.3379759949871,0.0,88.0,0.342999995,360.0,0.0,0.0,1.0,0.0399999991,2.0,0.0,Oddball standard
1751.6949759999989,1752.0379759949988,0.0,88.0,0.342999995,360.0,0.0,0.0,1.0,0.0399999991,2.0,0.0,Oddball standard
1752.394975999996,1752.7379759949958,0.0,88.0,0.342999995,360.0,0.0,0.0,1.0,0.0399999991,2.0,0.0,Oddball standard
1753.094975999993,1753.437975994993,0.0,88.0,0.342999995,360.0,0.0,0.0,1.0,0.0399999991,2.0,0.0,Oddball standard
1753.7949759999901,1754.13797599499,0.0,88.0,0.342999995,360.0,0.0,0.0,1.0,0.0399999991,2.0,0.0,Oddball standard
1754.4949759999872,1754.8379759949871,0.0,88.0,0.342999995,360.0,0.0,0.0,1.0,0.0399999991,2.0,0.0,Oddball standard
1755.1949759999989,1755.5379759949988,0.0,88.0,0.342999995,360.0,0.0,0.0,1.0,0.0399999991,2.0,0.0,Oddball standard
1755.894975999996,1756.2379759949958,0.0,88.0,0.342999995,360.0,0.0,0.0,1.0,0.0399999991,2.0,0.0,Oddball standard
1756.594975999993,1756.937975994993,0.0,88.0,0.342999995,360.0,0.0,0.0,1.0,0.0399999991,2.0,0.0,Oddball standard
1757.2949759999901,1757.63797599499,0.0,88.0,0.342999995,360.0,0.0,0.0,1.0,0.0399999991,2.0,0.0,Oddball standard
1757.9949759999872,1758.3379759949871,0.0,88.0,0.342999995,360.0,0.0,0.0,1.0,0.0399999991,2.0,0.0,Oddball standard
1758.6949759999989,1759.0379759949988,0.0,88.0,0.342999995,360.0,0.0,0.0,1.0,0.0399999991,2.0,0.0,Oddball standard
1759.3959999999934,1759.7389999949933,0.0,88.0,0.342999995,360.0,0.0,0.0,1.0,0.0399999991,2.0,0.0,Oddball standard
1760.0959999999905,1760.4389999949904,0.0,89.0,0.342999995,360.0,0.0,0.0,1.0,0.0399999991,2.0,0.0,Oddball standard
1760.7959999999875,1761.1389999949874,0.0,89.0,0.342999995,360.0,0.0,0.0,0.0,0.0399999991,2.0,0.0,Blank
1761.4959999999992,1761.838999994999,0.0,89.0,0.342999995,360.0,0.0,0.0,1.0,0.0399999991,2.0,0.0,Oddball standard
1762.1959999999963,1762.5389999949962,0.785398185,89.0,0.342999995,360.0,0.0,0.0,1.0,0.0399999991,2.0,0.785,Oddball deviant
1762.8959999999934,1763.2389999949933,0.0,89.0,0.342999995,360.0,0.0,0.0,1.0,0.0399999991,2.0,0.0,Oddball standard
1763.5959999999905,1763.9389999949904,0.0,89.0,0.342999995,360.0,0.0,0.0,1.0,0.0399999991,2.0,0.0,Oddball standard
1764.2959999999875,1764.6389999949874,0.0,89.0,0.342999995,360.0,0.0,0.0,1.0,0.0399999991,2.0,0.0,Oddball standard
1764.9959999999992,1765.338999994999,0.0,89.0,0.342999995,360.0,0.0,0.0,1.0,0.0399999991,2.0,0.0,Oddball standard
1765.6959999999963,1766.0389999949962,0.0,89.0,0.342999995,360.0,0.0,0.0,1.0,0.0399999991,2.0,0.0,Oddball standard
1766.3959999999934,1766.7389999949933,0.0,89.0,0.342999995,360.0,0.0,0.0,1.0,0.0399999991,2.0,0.0,Oddball standard
1767.0959999999905,1767.4389999949904,1.57079637,89.0,0.342999995,360.0,0.0,0.0,1.0,0.0399999991,2.0,1.571,Oddball deviant
1767.7959999999875,1768.1389999949874,0.0,89.0,0.342999995,360.0,0.0,0.0,1.0,0.0399999991,2.0,0.0,Oddball standard
1768.4959999999992,1768.838999994999,0.0,89.0,0.342999995,360.0,0.0,0.0,1.0,0.0399999991,2.0,0.0,Oddball standard
1769.1959999999963,1769.5389999949962,0.0,89.0,0.342999995,360.0,0.0,0.0,1.0,0.0399999991,2.0,0.0,Oddball standard
1769.8959999999934,1770.2389999949933,0.0,89.0,0.342999995,360.0,0.0,0.0,1.0,0.0399999991,2.0,0.0,Oddball standard
1770.5959999999905,1770.9389999949904,0.785398185,89.0,0.342999995,360.0,0.0,0.0,1.0,0.0399999991,2.0,0.785,Oddball deviant
1771.2959999999875,1771.6389999949874,0.0,89.0,0.342999995,360.0,0.0,0.0,1.0,0.0399999991,2.0,0.0,Oddball standard
1771.9959999999992,1772.338999994999,0.0,89.0,0.342999995,360.0,0.0,0.0,1.0,0.0399999991,2.0,0.0,Oddball standard
1772.6959999999963,1773.0389999949962,0.0,89.0,0.342999995,360.0,0.0,0.0,1.0,0.0399999991,2.0,0.0,Oddball standard
1773.3959999999934,1773.7389999949933,0.0,89.0,0.342999995,360.0,0.0,0.0,1.0,0.0399999991,2.0,0.0,Oddball standard
1774.0959999999905,1774.4389999949904,0.0,89.0,0.342999995,360.0,0.0,0.0,1.0,0.0399999991,2.0,0.0,Oddball standard
1774.7959999999875,1775.1389999949874,0.0,89.0,0.342999995,360.0,0.0,0.0,1.0,0.0399999991,2.0,0.0,Oddball standard
1775.4959999999992,1775.838999994999,0.0,89.0,0.342999995,360.0,0.0,0.0,1.0,0.0399999991,2.0,0.0,Oddball standard
1776.1959999999963,1776.5389999949962,0.0,89.0,0.342999995,360.0,0.0,0.0,1.0,0.0399999991,2.0,0.0,Oddball standard
1776.8959999999934,1777.2389999949933,0.0,89.0,0.342999995,360.0,0.0,0.0,1.0,0.0399999991,2.0,0.0,Oddball standard
1777.5959999999905,1777.9389999949904,0.0,89.0,0.342999995,360.0,0.0,0.0,1.0,0.0399999991,0.0,0.0,Oddball standard
1778.2960319999984,1778.6390319949983,0.0,89.0,0.342999995,360.0,0.0,0.0,1.0,0.0399999991,2.0,0.0,Oddball standard
1778.9959999999992,1779.338999994999,0.0,89.0,0.342999995,360.0,0.0,0.0,1.0,0.0399999991,2.0,0.0,Oddball standard
1779.6959999999963,1780.0389999949962,0.0,-1.0,0.342999995,360.0,0.0,0.0,1.0,0.0399999991,2.0,0.0,Oddball standard
1780.3959999999934,1780.7389999949933,0.0,90.0,0.342999995,360.0,0.0,0.0,1.0,0.0399999991,2.0,0.0,Oddball standard
1781.0959999999905,1781.4389999949904,0.0,90.0,0.342999995,360.0,0.0,0.0,1.0,0.0399999991,2.0,0.0,Oddball standard
1781.7959999999875,1782.1389999949874,0.0,90.0,0.342999995,360.0,0.0,0.0,1.0,0.0399999991,2.0,0.0,Oddball standard
1782.4959999999992,1782.838999994999,0.785398185,90.0,0.342999995,360.0,0.0,0.0,1.0,0.0399999991,2.0,0.785,Oddball deviant
1783.1959999999963,1783.5389999949962,0.785398185,90.0,0.342999995,360.0,0.0,0.0,1.0,0.0399999991,2.0,0.785,Oddball deviant
1783.8959999999934,1784.2389999949933,0.0,90.0,0.342999995,360.0,0.0,0.0,1.0,0.0399999991,2.0,0.0,Oddball standard
1784.5959999999905,1784.9389999949904,0.0,90.0,0.342999995,360.0,0.0,0.0,1.0,0.0399999991,2.0,0.0,Oddball standard
1785.2959999999875,1785.6389999949874,0.0,90.0,0.342999995,360.0,0.0,0.0,1.0,0.0399999991,2.0,0.0,Oddball standard
1785.9959999999992,1786.338999994999,0.0,90.0,0.342999995,360.0,0.0,0.0,1.0,0.0399999991,2.0,0.0,Oddball standard
1786.6959999999963,1787.0389999949962,0.0,90.0,0.342999995,360.0,0.0,0.0,1.0,0.0399999991,2.0,0.0,Oddball standard
1787.3959999999934,1787.7389999949933,0.0,90.0,0.342999995,360.0,0.0,0.0,1.0,0.0399999991,2.0,0.0,Oddball standard
1788.0959999999905,1788.4389999949904,0.0,90.0,0.342999995,360.0,0.0,0.0,1.0,0.0399999991,2.0,0.0,Oddball standard
1788.7959999999875,1789.1389999949874,0.0,90.0,0.342999995,360.0,0.0,0.0,1.0,0.0399999991,2.0,0.0,Oddball standard
1789.4959999999992,1789.838999994999,0.0,90.0,0.342999995,360.0,0.0,0.0,1.0,0.0399999991,2.0,0.0,Oddball standard
1790.1959999999963,1790.5389999949962,0.0,90.0,0.342999995,360.0,0.0,0.0,1.0,0.0399999991,2.0,0.0,Oddball standard
1790.8959999999934,1791.2389999949933,0.0,90.0,0.342999995,360.0,0.0,0.0,1.0,0.0399999991,2.0,0.0,Oddball standard
1791.5959999999905,1791.9389999949904,0.0,90.0,0.342999995,360.0,0.0,0.0,1.0,0.0399999991,2.0,0.0,Oddball standard
1792.2959999999875,1792.6389999949874,0.0,90.0,0.342999995,360.0,0.0,0.0,1.0,0.0399999991,2.0,0.0,Oddball standard
1792.9959999999992,1793.338999994999,0.0,90.0,0.342999995,360.0,0.0,0.0,1.0,0.0399999991,2.0,0.0,Oddball standard
1793.6959999999963,1794.0389999949962,0.0,90.0,0.342999995,360.0,0.0,0.0,1.0,0.0399999991,2.0,0.0,Oddball standard
1794.3959999999934,1794.7389999949933,0.0,90.0,0.342999995,360.0,0.0,0.0,1.0,0.0399999991,2.0,0.0,Oddball standard
1795.0959999999905,1795.4389999949904,0.0,90.0,0.342999995,360.0,0.0,0.0,1.0,0.0399999991,2.0,0.0,Oddball standard
1795.7959999999875,1796.1389999949874,0.0,90.0,0.342999995,360.0,0.0,0.0,1.0,0.0399999991,2.0,0.0,Oddball standard
1796.4959999999992,1796.838999994999,0.0,90.0,0.342999995,360.0,0.0,0.0,1.0,0.0399999991,2.0,0.0,Oddball standard
1797.1959999999963,1797.5389999949962,1.57079637,90.0,0.342999995,360.0,0.0,0.0,1.0,0.0399999991,2.0,1.571,Oddball deviant
1797.8959999999934,1798.2389999949933,0.0,90.0,0.342999995,360.0,0.0,0.0,1.0,0.0399999991,2.0,0.0,Oddball standard
1798.5959999999905,1798.9389999949904,0.0,90.0,0.342999995,360.0,0.0,0.0,1.0,0.0399999991,2.0,0.0,Oddball standard
1799.2959999999875,1799.6389999949874,1.57079637,90.0,0.342999995,360.0,0.0,0.0,1.0,0.0399999991,2.0,1.571,Oddball deviant
1799.9959999999992,1800.338999994999,0.0,-1.0,0.342999995,360.0,0.0,0.0,1.0,0.0399999991,2.0,0.0,Oddball standard
1800.6959999999963,1801.0389999949962,0.0,91.0,0.342999995,360.0,0.0,0.0,1.0,0.0399999991,2.0,0.0,Oddball standard
1801.3959999999934,1801.7389999949933,0.0,91.0,0.342999995,360.0,0.0,0.0,1.0,0.0399999991,2.0,0.0,Oddball standard
1802.0959999999905,1802.4389999949904,0.0,91.0,0.342999995,360.0,0.0,0.0,1.0,0.0399999991,2.0,0.0,Oddball standard
1802.7959999999875,1803.1389999949874,0.0,91.0,0.342999995,360.0,0.0,0.0,1.0,0.0399999991,2.0,0.0,Oddball standard
1803.4959999999992,1803.838999994999,0.0,91.0,0.342999995,360.0,0.0,0.0,1.0,0.0399999991,2.0,0.0,Oddball standard
1804.1959999999963,1804.5389999949962,0.0,91.0,0.342999995,360.0,0.0,0.0,1.0,0.0399999991,2.0,0.0,Oddball standard
1804.8959999999934,1805.2389999949933,0.0,91.0,0.342999995,360.0,0.0,0.0,1.0,0.0399999991,2.0,0.0,Oddball standard
1805.5959999999905,1805.9389999949904,0.0,91.0,0.342999995,360.0,0.0,0.0,1.0,0.0399999991,2.0,0.0,Oddball standard
1806.2959999999875,1806.6389999949874,0.0,91.0,0.342999995,360.0,0.0,0.0,1.0,0.0399999991,2.0,0.0,Oddball standard
1806.9959999999992,1807.338999994999,0.0,91.0,0.342999995,360.0,0.0,0.0,1.0,0.0399999991,2.0,0.0,Oddball standard
1807.6959999999963,1808.0389999949962,0.0,91.0,0.342999995,360.0,0.0,0.0,1.0,0.0399999991,2.0,0.0,Oddball standard
1808.3959999999934,1808.7389999949933,0.0,91.0,0.342999995,360.0,0.0,0.0,1.0,0.0399999991,2.0,0.0,Oddball standard
1809.0960319999867,1809.4390319949866,0.0,91.0,0.342999995,360.0,0.0,0.0,1.0,0.0399999991,2.0,0.0,Oddball standard
1809.7959999999875,1810.1389999949874,0.0,91.0,0.342999995,360.0,0.0,0.0,1.0,0.0399999991,2.0,0.0,Oddball standard
1810.4959999999992,1810.838999994999,0.0,91.0,0.342999995,360.0,0.0,0.0,1.0,0.0399999991,2.0,0.0,Oddball standard
1811.1959999999963,1811.5389999949962,0.0,91.0,0.342999995,360.0,0.0,0.0,1.0,0.0399999991,0.0,0.0,Oddball standard
1811.8959999999934,1812.2389999949933,0.0,91.0,0.342999995,360.0,0.0,0.0,1.0,0.0399999991,2.0,0.0,Oddball standard
1812.5959999999905,1812.9389999949904,0.0,91.0,0.342999995,360.0,0.0,0.0,1.0,0.0399999991,2.0,0.0,Oddball standard
1813.2960319999984,1813.6390319949983,1.57079637,91.0,0.342999995,360.0,0.0,0.0,1.0,0.0399999991,2.0,1.571,Oddball deviant
1813.9959999999992,1814.338999994999,0.0,91.0,0.342999995,360.0,0.0,0.0,1.0,0.0399999991,2.0,0.0,Oddball standard
1814.6959999999963,1815.0389999949962,0.0,91.0,0.342999995,360.0,0.0,0.0,1.0,0.0399999991,2.0,0.0,Oddball standard
1815.3959999999934,1815.7389999949933,0.0,91.0,0.342999995,360.0,0.0,0.0,1.0,0.0399999991,2.0,0.0,Oddball standard
1816.0959999999905,1816.4389999949904,0.0,91.0,0.342999995,360.0,0.0,0.0,1.0,0.0399999991,2.0,0.0,Oddball standard
1816.7959999999875,1817.1389999949874,0.0,91.0,0.342999995,360.0,0.0,0.0,1.0,0.0399999991,2.0,0.0,Oddball standard
1817.4959999999992,1817.838999994999,0.0,91.0,0.342999995,360.0,0.0,0.0,1.0,0.0399999991,2.0,0.0,Oddball standard
1818.1959999999963,1818.5389999949962,0.0,91.0,0.342999995,360.0,0.0,0.0,1.0,0.0399999991,2.0,0.0,Oddball standard
1818.8959999999934,1819.2389999949933,0.785398185,91.0,0.342999995,360.0,0.0,0.0,1.0,0.0399999991,2.0,0.785,Oddball deviant
1819.5959999999905,1819.9389999949904,0.0,-1.0,0.342999995,360.0,0.0,0.0,1.0,0.0399999991,2.0,0.0,Oddball standard
1820.2959999999875,1820.6389999949874,0.0,92.0,0.342999995,360.0,0.0,0.0,1.0,0.0399999991,2.0,0.0,Oddball standard
1820.9959999999992,1821.338999994999,0.0,92.0,0.342999995,360.0,0.0,0.0,1.0,0.0399999991,2.0,0.0,Oddball standard
1821.6959999999963,1822.0389999949962,0.0,92.0,0.342999995,360.0,0.0,0.0,1.0,0.0399999991,2.0,0.0,Oddball standard
1822.3959999999934,1822.7389999949933,0.0,92.0,0.342999995,360.0,0.0,0.0,1.0,0.0399999991,2.0,0.0,Oddball standard
1823.0959999999905,1823.4389999949904,0.0,92.0,0.342999995,360.0,0.0,0.0,1.0,0.0399999991,2.0,0.0,Oddball standard
1823.7959999999875,1824.1389999949874,0.0,92.0,0.342999995,360.0,0.0,0.0,1.0,0.0399999991,2.0,0.0,Oddball standard
1824.4959999999992,1824.838999994999,0.0,92.0,0.342999995,360.0,0.0,0.0,1.0,0.0399999991,2.0,0.0,Oddball standard
1825.1959999999963,1825.5389999949962,0.0,92.0,0.342999995,360.0,0.0,0.0,1.0,0.0399999991,2.0,0.0,Oddball standard
1825.8959999999934,1826.2389999949933,0.0,92.0,0.342999995,360.0,0.0,0.0,1.0,0.0399999991,2.0,0.0,Oddball standard
1826.5959999999905,1826.9389999949904,0.0,92.0,0.342999995,360.0,0.0,0.0,1.0,0.0399999991,2.0,0.0,Oddball standard
1827.2959999999875,1827.6389999949874,0.0,92.0,0.342999995,360.0,0.0,0.0,1.0,0.0399999991,2.0,0.0,Oddball standard
1827.9959999999992,1828.338999994999,0.0,92.0,0.342999995,360.0,0.0,0.0,1.0,0.0399999991,2.0,0.0,Oddball standard
1828.6959999999963,1829.0389999949962,0.0,92.0,0.342999995,360.0,0.0,0.0,1.0,0.0399999991,2.0,0.0,Oddball standard
1829.3959999999934,1829.7389999949933,0.0,92.0,0.342999995,360.0,0.0,0.0,1.0,0.0399999991,2.0,0.0,Oddball standard
1830.0959999999905,1830.4389999949904,0.0,92.0,0.342999995,360.0,0.0,0.0,1.0,0.0399999991,2.0,0.0,Oddball standard
1830.7959999999875,1831.1389999949874,0.0,92.0,0.342999995,360.0,0.0,0.0,1.0,0.0399999991,2.0,0.0,Oddball standard
1831.4959999999992,1831.838999994999,0.0,92.0,0.342999995,360.0,0.0,0.0,1.0,0.0399999991,2.0,0.0,Oddball standard
1832.1959999999963,1832.5389999949962,0.0,92.0,0.342999995,360.0,0.0,0.0,1.0,0.0399999991,2.0,0.0,Oddball standard
1832.8959999999934,1833.2389999949933,0.0,92.0,0.342999995,360.0,0.0,0.0,1.0,0.0399999991,0.0,0.0,Oddball standard
1833.5959999999905,1833.9389999949904,0.0,92.0,0.342999995,360.0,0.0,0.0,1.0,0.0399999991,2.0,0.0,Oddball standard
1834.2959999999875,1834.6389999949874,0.0,92.0,0.342999995,360.0,0.0,0.0,1.0,0.0399999991,2.0,0.0,Oddball standard
1834.9959999999992,1835.338999994999,0.0,92.0,0.342999995,360.0,0.0,0.0,1.0,0.0399999991,2.0,0.0,Oddball standard
1835.6959999999963,1836.0389999949962,0.0,92.0,0.342999995,360.0,0.0,0.0,1.0,0.0399999991,2.0,0.0,Oddball standard
1836.3959999999934,1836.7389999949933,0.0,92.0,0.342999995,360.0,0.0,0.0,1.0,0.0399999991,2.0,0.0,Oddball standard
1837.0959999999905,1837.4389999949904,0.0,92.0,0.342999995,360.0,0.0,0.0,1.0,0.0399999991,2.0,0.0,Oddball standard
1837.7959999999875,1838.1389999949874,0.0,92.0,0.342999995,360.0,0.0,0.0,1.0,0.0399999991,2.0,0.0,Oddball standard
1838.4959999999992,1838.838999994999,0.0,92.0,0.342999995,360.0,0.0,0.0,1.0,0.0399999991,2.0,0.0,Oddball standard
1839.1959999999963,1839.5389999949962,0.0,92.0,0.342999995,360.0,0.0,0.0,1.0,0.0399999991,2.0,0.0,Oddball standard
1839.8959999999934,1840.2389999949933,0.0,-1.0,0.342999995,360.0,0.0,0.0,1.0,0.0399999991,0.0,0.0,Oddball standard
1840.5959999999905,1840.9389999949904,0.0,93.0,0.342999995,360.0,0.0,0.0,1.0,0.0399999991,2.0,0.0,Oddball standard
1841.2959999999875,1841.6389999949874,0.0,93.0,0.342999995,360.0,0.0,0.0,1.0,0.0399999991,2.0,0.0,Oddball standard
1841.9959999999992,1842.338999994999,0.0,93.0,0.342999995,360.0,0.0,0.0,1.0,0.0399999991,2.0,0.0,Oddball standard
1842.6959999999963,1843.0389999949962,0.0,93.0,0.342999995,360.0,0.0,0.0,1.0,0.0399999991,2.0,0.0,Oddball standard
1843.3959999999934,1843.7389999949933,0.0,93.0,0.342999995,360.0,0.0,0.0,1.0,0.0399999991,2.0,0.0,Oddball standard
1844.0959999999905,1844.4389999949904,0.0,93.0,0.342999995,360.0,0.0,0.0,1.0,0.0399999991,2.0,0.0,Oddball standard
1844.7959999999875,1845.1389999949874,0.0,93.0,0.342999995,360.0,0.0,0.0,1.0,0.0399999991,2.0,0.0,Oddball standard
1845.4959999999992,1845.838999994999,0.0,93.0,0.342999995,360.0,0.0,0.0,1.0,0.0399999991,2.0,0.0,Oddball standard
1846.1959999999963,1846.5389999949962,0.0,93.0,0.342999995,360.0,0.0,0.0,1.0,0.0399999991,2.0,0.0,Oddball standard
1846.8959999999934,1847.2389999949933,0.0,93.0,0.342999995,360.0,0.0,0.0,1.0,0.0399999991,2.0,0.0,Oddball standard
1847.5959999999905,1847.9389999949904,0.0,93.0,0.342999995,360.0,0.0,0.0,1.0,0.0399999991,2.0,0.0,Oddball standard
1848.2959999999875,1848.6389999949874,0.0,93.0,0.342999995,360.0,0.0,0.0,1.0,0.0399999991,2.0,0.0,Oddball standard
1848.9959999999992,1849.338999994999,0.0,93.0,0.342999995,360.0,0.0,0.0,1.0,0.0399999991,2.0,0.0,Oddball standard
1849.6959999999963,1850.0389999949962,0.0,93.0,0.342999995,360.0,0.0,0.0,1.0,0.0399999991,2.0,0.0,Oddball standard
1850.3959999999934,1850.7389999949933,0.0,93.0,0.342999995,360.0,0.0,0.0,1.0,0.0399999991,2.0,0.0,Oddball standard
1851.0959999999905,1851.4389999949904,0.0,93.0,0.342999995,360.0,0.0,0.0,1.0,0.0399999991,2.0,0.0,Oddball standard
1851.7959999999875,1852.1389999949874,0.0,93.0,0.342999995,360.0,0.0,0.0,1.0,0.0399999991,2.0,0.0,Oddball standard
1852.4959999999992,1852.838999994999,0.0,93.0,0.342999995,360.0,0.0,0.0,1.0,0.0399999991,2.0,0.0,Oddball standard
1853.1959999999963,1853.5389999949962,0.0,93.0,0.342999995,360.0,0.0,0.0,1.0,0.0399999991,2.0,0.0,Oddball standard
1853.8959999999934,1854.2389999949933,0.0,93.0,0.342999995,360.0,0.0,0.0,1.0,0.0399999991,2.0,0.0,Oddball standard
1854.5959999999905,1854.9389999949904,0.0,93.0,0.342999995,360.0,0.0,0.0,1.0,0.0399999991,2.0,0.0,Oddball standard
1855.2959999999875,1855.6389999949874,0.0,93.0,0.342999995,360.0,0.0,0.0,1.0,0.0399999991,2.0,0.0,Oddball standard
1855.9959999999992,1856.338999994999,0.0,93.0,0.342999995,360.0,0.0,0.0,1.0,0.0399999991,2.0,0.0,Oddball standard
1856.6959999999963,1857.0389999949962,0.0,93.0,0.342999995,360.0,0.0,0.0,1.0,0.0399999991,2.0,0.0,Oddball standard
1857.3959999999934,1857.7389999949933,0.0,93.0,0.342999995,360.0,0.0,0.0,1.0,0.0399999991,2.0,0.0,Oddball standard
1858.0959999999905,1858.4389999949904,0.0,93.0,0.342999995,360.0,0.0,0.0,1.0,0.0399999991,2.0,0.0,Oddball standard
1858.7959999999875,1859.1389999949874,0.0,93.0,0.342999995,360.0,0.0,0.0,1.0,0.0399999991,0.0,0.0,Oddball standard
1859.4959999999992,1859.838999994999,0.0,-1.0,0.342999995,360.0,0.0,0.0,1.0,0.0399999991,2.0,0.0,Oddball standard
1860.1959999999963,1860.5389999949962,0.0,94.0,0.342999995,360.0,0.0,0.0,1.0,0.0399999991,2.0,0.0,Oddball standard
1860.8959999999934,1861.2389999949933,0.0,94.0,0.342999995,360.0,0.0,0.0,1.0,0.0399999991,2.0,0.0,Oddball standard
1861.5959999999905,1861.9389999949904,0.0,94.0,0.342999995,360.0,0.0,0.0,1.0,0.0399999991,2.0,0.0,Oddball standard
1862.2959999999875,1862.6389999949874,0.0,94.0,0.342999995,360.0,0.0,0.0,1.0,0.0399999991,2.0,0.0,Oddball standard
1862.9959999999992,1863.338999994999,0.0,94.0,0.342999995,360.0,0.0,0.0,1.0,0.0399999991,2.0,0.0,Oddball standard
1863.6969919999974,1864.0399919949973,0.0,94.0,0.342999995,360.0,0.0,0.0,1.0,0.0399999991,2.0,0.0,Oddball standard
1864.3959999999934,1864.7389999949933,0.0,94.0,0.342999995,360.0,0.0,0.0,1.0,0.0399999991,2.0,0.0,Oddball standard
1865.0959999999905,1865.4389999949904,0.0,94.0,0.342999995,360.0,0.0,0.0,1.0,0.0399999991,2.0,0.0,Oddball standard
1865.7959999999875,1866.1389999949874,0.0,94.0,0.342999995,360.0,0.0,0.0,1.0,0.0399999991,2.0,0.0,Oddball standard
1866.4959999999992,1866.838999994999,0.0,94.0,0.342999995,360.0,0.0,0.0,1.0,0.0399999991,2.0,0.0,Oddball standard
1867.1959999999963,1867.5389999949962,0.0,94.0,0.342999995,360.0,0.0,0.0,1.0,0.0399999991,2.0,0.0,Oddball standard
1867.8959999999934,1868.2389999949933,0.0,94.0,0.342999995,360.0,0.0,0.0,1.0,0.0399999991,2.0,0.0,Oddball standard
1868.5959999999905,1868.9389999949904,0.0,94.0,0.342999995,360.0,0.0,0.0,1.0,0.0399999991,2.0,0.0,Oddball standard
1869.2959999999875,1869.6389999949874,0.0,94.0,0.342999995,360.0,0.0,0.0,1.0,0.0399999991,2.0,0.0,Oddball standard
1869.9959999999992,1870.338999994999,0.0,94.0,0.342999995,360.0,0.0,0.0,1.0,0.0399999991,2.0,0.0,Oddball standard
1870.6959999999963,1871.0389999949962,0.0,94.0,0.342999995,360.0,0.0,0.0,1.0,0.0399999991,2.0,0.0,Oddball standard
1871.3959999999934,1871.7389999949933,0.0,94.0,0.342999995,360.0,0.0,0.0,1.0,0.0399999991,2.0,0.0,Oddball standard
1872.0959999999905,1872.4389999949904,0.0,94.0,0.342999995,360.0,0.0,0.0,1.0,0.0399999991,2.0,0.0,Oddball standard
1872.7959999999875,1873.1389999949874,0.0,94.0,0.342999995,360.0,0.0,0.0,1.0,0.0399999991,2.0,0.0,Oddball standard
1873.4959999999992,1873.838999994999,0.0,94.0,0.342999995,360.0,0.0,0.0,1.0,0.0399999991,2.0,0.0,Oddball standard
1874.1959999999963,1874.5389999949962,0.0,94.0,0.342999995,360.0,0.0,0.0,1.0,0.0399999991,2.0,0.0,Oddball standard
1874.8959999999934,1875.2389999949933,0.0,94.0,0.342999995,360.0,0.0,0.0,1.0,0.0399999991,2.0,0.0,Oddball standard
1875.5959999999905,1875.9389999949904,0.0,94.0,0.342999995,360.0,0.0,0.0,1.0,0.0399999991,2.0,0.0,Oddball standard
1876.2959999999875,1876.6389999949874,0.0,94.0,0.342999995,360.0,0.0,0.0,1.0,0.0399999991,2.0,0.0,Oddball standard
1876.9959999999992,1877.338999994999,0.0,94.0,0.342999995,360.0,0.0,0.0,1.0,0.0399999991,2.0,0.0,Oddball standard
1877.6959999999963,1878.0389999949962,0.0,94.0,0.342999995,360.0,0.0,0.0,1.0,0.0399999991,2.0,0.0,Oddball standard
1878.3959999999934,1878.7389999949933,0.0,94.0,0.342999995,360.0,0.0,0.0,1.0,0.0399999991,2.0,0.0,Oddball standard
1879.0959999999905,1879.4389999949904,0.0,94.0,0.342999995,360.0,0.0,0.0,1.0,0.0399999991,2.0,0.0,Oddball standard
1879.7959999999875,1880.1389999949874,0.0,-1.0,0.342999995,360.0,0.0,0.0,1.0,0.0399999991,2.0,0.0,Oddball standard
1880.4959999999992,1880.838999994999,0.0,95.0,0.342999995,360.0,0.0,0.0,1.0,0.0399999991,2.0,0.0,Oddball standard
1881.1959999999963,1881.5389999949962,0.0,95.0,0.342999995,360.0,0.0,0.0,1.0,0.0399999991,2.0,0.0,Oddball standard
1881.8959999999934,1882.2389999949933,0.0,95.0,0.342999995,360.0,0.0,0.0,1.0,0.0399999991,2.0,0.0,Oddball standard
1882.5959999999905,1882.9389999949904,0.0,95.0,0.342999995,360.0,0.0,0.0,1.0,0.0399999991,2.0,0.0,Oddball standard
1883.2959999999875,1883.6389999949874,0.0,95.0,0.342999995,360.0,0.0,0.0,1.0,0.0399999991,2.0,0.0,Oddball standard
1883.9959999999992,1884.338999994999,0.0,95.0,0.342999995,360.0,0.0,0.0,1.0,0.0399999991,2.0,0.0,Oddball standard
1884.6959999999963,1885.0389999949962,0.0,95.0,0.342999995,360.0,0.0,0.0,1.0,0.0399999991,2.0,0.0,Oddball standard
1885.3959999999934,1885.7389999949933,0.0,95.0,0.342999995,360.0,0.0,0.0,1.0,0.0399999991,2.0,0.0,Oddball standard
1886.0959999999905,1886.4389999949904,0.0,95.0,0.342999995,360.0,0.0,0.0,1.0,0.0399999991,2.0,0.0,Oddball standard
1886.7959999999875,1887.1389999949874,0.0,95.0,0.342999995,360.0,0.0,0.0,1.0,0.0399999991,2.0,0.0,Oddball standard
1887.4959999999992,1887.838999994999,0.0,95.0,0.342999995,360.0,0.0,0.0,1.0,0.0399999991,2.0,0.0,Oddball standard
1888.1959999999963,1888.5389999949962,0.0,95.0,0.342999995,360.0,0.0,0.0,1.0,0.0399999991,2.0,0.0,Oddball standard
1888.8959999999934,1889.2389999949933,0.0,95.0,0.342999995,360.0,0.0,0.0,1.0,0.0399999991,2.0,0.0,Oddball standard
1889.5959999999905,1889.9389999949904,0.0,95.0,0.342999995,360.0,0.0,0.0,1.0,0.0399999991,2.0,0.0,Oddball standard
1890.2959999999875,1890.6389999949874,0.0,95.0,0.342999995,360.0,0.0,0.0,1.0,0.0399999991,2.0,0.0,Oddball standard
1890.9959999999992,1891.338999994999,0.0,95.0,0.342999995,360.0,0.0,0.0,1.0,0.0399999991,2.0,0.0,Oddball standard
1891.6959999999963,1892.0389999949962,0.785398185,95.0,0.342999995,360.0,0.0,0.0,1.0,0.0399999991,2.0,0.785,Oddball deviant
1892.3959999999934,1892.7389999949933,0.0,95.0,0.342999995,360.0,0.0,0.0,1.0,0.0399999991,2.0,0.0,Oddball standard
1893.0959999999905,1893.4389999949904,0.0,95.0,0.342999995,360.0,0.0,0.0,1.0,0.0399999991,2.0,0.0,Oddball standard
1893.7959999999875,1894.1389999949874,0.0,95.0,0.342999995,360.0,0.0,0.0,1.0,0.0399999991,2.0,0.0,Oddball standard
1894.4959999999992,1894.838999994999,0.0,95.0,0.342999995,360.0,0.0,0.0,1.0,0.0399999991,2.0,0.0,Oddball standard
1895.1959999999963,1895.5389999949962,0.0,95.0,0.342999995,360.0,0.0,0.0,1.0,0.0399999991,2.0,0.0,Oddball standard
1895.8959999999934,1896.2389999949933,0.0,95.0,0.342999995,360.0,0.0,0.0,1.0,0.0399999991,2.0,0.0,Oddball standard
1896.5959999999905,1896.9389999949904,0.0,95.0,0.342999995,360.0,0.0,0.0,1.0,0.0399999991,2.0,0.0,Oddball standard
1897.2959999999875,1897.6389999949874,0.0,95.0,0.342999995,360.0,0.0,0.0,1.0,0.0399999991,2.0,0.0,Oddball standard
1897.9969919999858,1898.3399919949857,1.57079637,95.0,0.342999995,360.0,0.0,0.0,1.0,0.0399999991,2.0,1.571,Oddball deviant
1898.6959999999963,1899.0389999949962,0.0,95.0,0.342999995,360.0,0.0,0.0,1.0,0.0399999991,2.0,0.0,Oddball standard
1899.3959999999934,1899.7389999949933,0.0,95.0,0.342999995,360.0,0.0,0.0,1.0,0.0399999991,2.0,0.0,Oddball standard
1900.0959999999905,1900.4389999949904,0.0,96.0,0.342999995,360.0,0.0,0.0,1.0,0.0399999991,2.0,0.0,Oddball standard
1900.7969919999887,1901.1399919949886,0.0,96.0,0.342999995,360.0,0.0,0.0,1.0,0.0399999991,2.0,0.0,Oddball standard
1901.4969919999858,1901.8399919949857,0.0,96.0,0.342999995,360.0,0.0,0.0,1.0,0.0399999991,2.0,0.0,Oddball standard
1902.1969919999974,1902.5399919949973,0.0,96.0,0.342999995,360.0,0.0,0.0,1.0,0.0399999991,2.0,0.0,Oddball standard
1902.8959999999934,1903.2389999949933,0.0,96.0,0.342999995,360.0,0.0,0.0,1.0,0.0399999991,2.0,0.0,Oddball standard
1903.5959999999905,1903.9389999949904,0.0,96.0,0.342999995,360.0,0.0,0.0,1.0,0.0399999991,2.0,0.0,Oddball standard
1904.2969919999887,1904.6399919949886,0.0,96.0,0.342999995,360.0,0.0,0.0,1.0,0.0399999991,2.0,0.0,Oddball standard
1904.9969919999858,1905.3399919949857,1.57079637,96.0,0.342999995,360.0,0.0,0.0,1.0,0.0399999991,2.0,1.571,Oddball deviant
1905.6969919999974,1906.0399919949973,0.0,96.0,0.342999995,360.0,0.0,0.0,1.0,0.0399999991,2.0,0.0,Oddball standard
1906.3969919999945,1906.7399919949944,0.0,96.0,0.342999995,360.0,0.0,0.0,1.0,0.0399999991,2.0,0.0,Oddball standard
1907.0969919999916,1907.4399919949915,0.0,96.0,0.342999995,360.0,0.0,0.0,1.0,0.0399999991,2.0,0.0,Oddball standard
1907.7969919999887,1908.1399919949886,0.0,96.0,0.342999995,360.0,0.0,0.0,1.0,0.0399999991,2.0,0.0,Oddball standard
1908.4969919999858,1908.8399919949857,0.0,96.0,0.342999995,360.0,0.0,0.0,1.0,0.0399999991,2.0,0.0,Oddball standard
1909.1969919999974,1909.5399919949973,0.0,96.0,0.342999995,360.0,0.0,0.0,1.0,0.0399999991,2.0,0.0,Oddball standard
1909.8969919999945,1910.2399919949944,0.0,96.0,0.342999995,360.0,0.0,0.0,1.0,0.0399999991,2.0,0.0,Oddball standard
1910.5969919999916,1910.9399919949915,0.0,96.0,0.342999995,360.0,0.0,0.0,1.0,0.0399999991,2.0,0.0,Oddball standard
1911.2969919999887,1911.6399919949886,0.0,96.0,0.342999995,360.0,0.0,0.0,1.0,0.0399999991,2.0,0.0,Oddball standard
1911.9970239999966,1912.3400239949965,0.0,96.0,0.342999995,360.0,0.0,0.0,1.0,0.0399999991,2.0,0.0,Oddball standard
1912.6969919999974,1913.0399919949973,0.0,96.0,0.342999995,360.0,0.0,0.0,1.0,0.0399999991,2.0,0.0,Oddball standard
1913.3969919999945,1913.7399919949944,0.0,96.0,0.342999995,360.0,0.0,0.0,1.0,0.0399999991,2.0,0.0,Oddball standard
1914.0969919999916,1914.4399919949915,0.0,96.0,0.342999995,360.0,0.0,0.0,1.0,0.0399999991,2.0,0.0,Oddball standard
1914.7969919999887,1915.1399919949886,0.0,96.0,0.342999995,360.0,0.0,0.0,1.0,0.0399999991,2.0,0.0,Oddball standard
1915.4969919999858,1915.8399919949857,0.0,96.0,0.342999995,360.0,0.0,0.0,0.0,0.0399999991,2.0,0.0,Blank
1916.1969919999974,1916.5399919949973,0.0,96.0,0.342999995,360.0,0.0,0.0,1.0,0.0399999991,2.0,0.0,Oddball standard
1916.8969919999945,1917.2399919949944,0.0,96.0,0.342999995,360.0,0.0,0.0,1.0,0.0399999991,2.0,0.0,Oddball standard
1917.5969919999916,1917.9399919949915,0.0,96.0,0.342999995,360.0,0.0,0.0,1.0,0.0399999991,0.0,0.0,Oddball standard
1918.2969919999887,1918.6399919949886,0.0,96.0,0.342999995,360.0,0.0,0.0,1.0,0.0399999991,2.0,0.0,Oddball standard
1918.9969919999858,1919.3399919949857,0.0,96.0,0.342999995,360.0,0.0,0.0,1.0,0.0399999991,2.0,0.0,Oddball standard
1919.6969919999974,1920.0399919949973,0.0,-1.0,0.342999995,360.0,0.0,0.0,1.0,0.0399999991,2.0,0.0,Oddball standard
1920.3970239999908,1920.7400239949907,0.0,97.0,0.342999995,360.0,0.0,0.0,1.0,0.0399999991,2.0,0.0,Oddball standard
1921.0969919999916,1921.4399919949915,0.0,97.0,0.342999995,360.0,0.0,0.0,1.0,0.0399999991,2.0,0.0,Oddball standard
1921.7969919999887,1922.1399919949886,0.0,97.0,0.342999995,360.0,0.0,0.0,0.0,0.0399999991,2.0,0.0,Blank
1922.4969919999858,1922.8399919949857,0.0,97.0,0.342999995,360.0,0.0,0.0,1.0,0.0399999991,2.0,0.0,Oddball standard
1923.1969919999974,1923.5399919949973,0.0,97.0,0.342999995,360.0,0.0,0.0,1.0,0.0399999991,2.0,0.0,Oddball standard
1923.8969919999945,1924.2399919949944,0.0,97.0,0.342999995,360.0,0.0,0.0,1.0,0.0399999991,2.0,0.0,Oddball standard
1924.5969919999916,1924.9399919949915,0.0,97.0,0.342999995,360.0,0.0,0.0,1.0,0.0399999991,2.0,0.0,Oddball standard
1925.2969919999887,1925.6399919949886,0.0,97.0,0.342999995,360.0,0.0,0.0,1.0,0.0399999991,2.0,0.0,Oddball standard
1925.9969919999858,1926.3399919949857,0.0,97.0,0.342999995,360.0,0.0,0.0,1.0,0.0399999991,2.0,0.0,Oddball standard
1926.6969919999974,1927.0399919949973,0.0,97.0,0.342999995,360.0,0.0,0.0,1.0,0.0399999991,2.0,0.0,Oddball standard
1927.3969919999945,1927.7399919949944,0.0,97.0,0.342999995,360.0,0.0,0.0,1.0,0.0399999991,2.0,0.0,Oddball standard
1928.0969919999916,1928.4399919949915,0.0,97.0,0.342999995,360.0,0.0,0.0,1.0,0.0399999991,2.0,0.0,Oddball standard
1928.7969919999887,1929.1399919949886,0.0,97.0,0.342999995,360.0,0.0,0.0,1.0,0.0399999991,2.0,0.0,Oddball standard
1929.4969919999858,1929.8399919949857,0.0,97.0,0.342999995,360.0,0.0,0.0,1.0,0.0399999991,2.0,0.0,Oddball standard
1930.1969919999974,1930.5399919949973,0.0,97.0,0.342999995,360.0,0.0,0.0,1.0,0.0399999991,2.0,0.0,Oddball standard
1930.8969919999945,1931.2399919949944,0.0,97.0,0.342999995,360.0,0.0,0.0,1.0,0.0399999991,2.0,0.0,Oddball standard
1931.5969919999916,1931.9399919949915,0.0,97.0,0.342999995,360.0,0.0,0.0,1.0,0.0399999991,2.0,0.0,Oddball standard
1932.2969919999887,1932.6399919949886,0.0,97.0,0.342999995,360.0,0.0,0.0,1.0,0.0399999991,2.0,0.0,Oddball standard
1932.9969919999858,1933.3399919949857,0.0,97.0,0.342999995,360.0,0.0,0.0,1.0,0.0399999991,2.0,0.0,Oddball standard
1933.6969919999974,1934.0399919949973,0.0,97.0,0.342999995,360.0,0.0,0.0,1.0,0.0399999991,2.0,0.0,Oddball standard
1934.3969919999945,1934.7399919949944,0.0,97.0,0.342999995,360.0,0.0,0.0,1.0,0.0399999991,2.0,0.0,Oddball standard
1935.0969919999916,1935.4399919949915,0.0,97.0,0.342999995,360.0,0.0,0.0,1.0,0.0399999991,2.0,0.0,Oddball standard
1935.7969919999887,1936.1399919949886,0.0,97.0,0.342999995,360.0,0.0,0.0,1.0,0.0399999991,2.0,0.0,Oddball standard
1936.4969919999858,1936.8399919949857,0.0,97.0,0.342999995,360.0,0.0,0.0,1.0,0.0399999991,2.0,0.0,Oddball standard
1937.1969919999974,1937.5399919949973,0.0,97.0,0.342999995,360.0,0.0,0.0,1.0,0.0399999991,2.0,0.0,Oddball standard
1937.8969919999945,1938.2399919949944,0.0,97.0,0.342999995,360.0,0.0,0.0,1.0,0.0399999991,2.0,0.0,Oddball standard
1938.5969919999916,1938.9399919949915,0.0,97.0,0.342999995,360.0,0.0,0.0,1.0,0.0399999991,2.0,0.0,Oddball standard
1939.2969919999887,1939.6399919949886,0.0,97.0,0.342999995,360.0,0.0,0.0,1.0,0.0399999991,2.0,0.0,Oddball standard
1939.9969919999858,1940.3399919949857,0.0,-1.0,0.342999995,360.0,0.0,0.0,1.0,0.0399999991,2.0,0.0,Oddball standard
1940.6969919999974,1941.0399919949973,0.0,98.0,0.342999995,360.0,0.0,0.0,0.0,0.0399999991,2.0,0.0,Blank
1941.3969919999945,1941.7399919949944,0.0,98.0,0.342999995,360.0,0.0,0.0,1.0,0.0399999991,2.0,0.0,Oddball standard
1942.0969919999916,1942.4399919949915,0.0,98.0,0.342999995,360.0,0.0,0.0,1.0,0.0399999991,2.0,0.0,Oddball standard
1942.7970239999995,1943.1400239949994,0.0,98.0,0.342999995,360.0,0.0,0.0,1.0,0.0399999991,2.0,0.0,Oddball standard
1943.4969919999858,1943.8399919949857,0.0,98.0,0.342999995,360.0,0.0,0.0,1.0,0.0399999991,2.0,0.0,Oddball standard
1944.1969919999974,1944.5399919949973,0.0,98.0,0.342999995,360.0,0.0,0.0,1.0,0.0399999991,2.0,0.0,Oddball standard
1944.8969919999945,1945.2399919949944,0.0,98.0,0.342999995,360.0,0.0,0.0,1.0,0.0399999991,2.0,0.0,Oddball standard
1945.5969919999916,1945.9399919949915,0.0,98.0,0.342999995,360.0,0.0,0.0,1.0,0.0399999991,2.0,0.0,Oddball standard
1946.2969919999887,1946.6399919949886,0.0,98.0,0.342999995,360.0,0.0,0.0,1.0,0.0399999991,2.0,0.0,Oddball standard
1946.9969919999858,1947.3399919949857,0.0,98.0,0.342999995,360.0,0.0,0.0,1.0,0.0399999991,2.0,0.0,Oddball standard
1947.6969919999974,1948.0399919949973,0.0,98.0,0.342999995,360.0,0.0,0.0,1.0,0.0399999991,2.0,0.0,Oddball standard
1948.3969919999945,1948.7399919949944,0.0,98.0,0.342999995,360.0,0.0,0.0,1.0,0.0399999991,2.0,0.0,Oddball standard
1949.0969919999916,1949.4399919949915,0.0,98.0,0.342999995,360.0,0.0,0.0,1.0,0.0399999991,2.0,0.0,Oddball standard
1949.7969919999887,1950.1399919949886,0.0,98.0,0.342999995,360.0,0.0,0.0,1.0,0.0399999991,2.0,0.0,Oddball standard
1950.4969919999858,1950.8399919949857,0.0,98.0,0.342999995,360.0,0.0,0.0,1.0,0.0399999991,2.0,0.0,Oddball standard
1951.1969919999974,1951.5399919949973,0.0,98.0,0.342999995,360.0,0.0,0.0,1.0,0.0399999991,2.0,0.0,Oddball standard
1951.8969919999945,1952.2399919949944,0.0,98.0,0.342999995,360.0,0.0,0.0,0.0,0.0399999991,2.0,0.0,Blank
1952.5969919999916,1952.9399919949915,0.0,98.0,0.342999995,360.0,0.0,0.0,1.0,0.0399999991,2.0,0.0,Oddball standard
1953.2969919999887,1953.6399919949886,0.0,98.0,0.342999995,360.0,0.0,0.0,1.0,0.0399999991,2.0,0.0,Oddball standard
1953.9969919999858,1954.3399919949857,0.0,98.0,0.342999995,360.0,0.0,0.0,1.0,0.0399999991,2.0,0.0,Oddball standard
1954.6969919999974,1955.0399919949973,0.0,98.0,0.342999995,360.0,0.0,0.0,1.0,0.0399999991,2.0,0.0,Oddball standard
1955.3969919999945,1955.7399919949944,0.0,98.0,0.342999995,360.0,0.0,0.0,1.0,0.0399999991,2.0,0.0,Oddball standard
1956.0969919999916,1956.4399919949915,0.0,98.0,0.342999995,360.0,0.0,0.0,1.0,0.0399999991,2.0,0.0,Oddball standard
1956.7969919999887,1957.1399919949886,0.0,98.0,0.342999995,360.0,0.0,0.0,1.0,0.0399999991,2.0,0.0,Oddball standard
1957.4969919999858,1957.8399919949857,0.0,98.0,0.342999995,360.0,0.0,0.0,1.0,0.0399999991,2.0,0.0,Oddball standard
1958.1969919999974,1958.5399919949973,0.0,98.0,0.342999995,360.0,0.0,0.0,1.0,0.0399999991,2.0,0.0,Oddball standard
1958.8969919999945,1959.2399919949944,0.0,98.0,0.342999995,360.0,0.0,0.0,1.0,0.0399999991,2.0,0.0,Oddball standard
1959.5969919999916,1959.9399919949915,0.0,-1.0,0.342999995,360.0,0.0,0.0,1.0,0.0399999991,2.0,0.0,Oddball standard
1960.2969919999887,1960.6399919949886,0.0,99.0,0.342999995,360.0,0.0,0.0,1.0,0.0399999991,2.0,0.0,Oddball standard
1960.9969919999858,1961.3399919949857,0.0,99.0,0.342999995,360.0,0.0,0.0,1.0,0.0399999991,2.0,0.0,Oddball standard
1961.6969919999974,1962.0399919949973,0.0,99.0,0.342999995,360.0,0.0,0.0,0.0,0.0399999991,2.0,0.0,Blank
1962.3969919999945,1962.7399919949944,0.0,99.0,0.342999995,360.0,0.0,0.0,1.0,0.0399999991,2.0,0.0,Oddball standard
1963.0969919999916,1963.4399919949915,0.0,99.0,0.342999995,360.0,0.0,0.0,1.0,0.0399999991,2.0,0.0,Oddball standard
1963.7969919999887,1964.1399919949886,0.0,99.0,0.342999995,360.0,0.0,0.0,1.0,0.0399999991,2.0,0.0,Oddball standard
1964.4969919999858,1964.8399919949857,0.0,99.0,0.342999995,360.0,0.0,0.0,1.0,0.0399999991,2.0,0.0,Oddball standard
1965.1969919999974,1965.5399919949973,0.0,99.0,0.342999995,360.0,0.0,0.0,0.0,0.0399999991,2.0,0.0,Blank
1965.8969919999945,1966.2399919949944,0.0,99.0,0.342999995,360.0,0.0,0.0,0.0,0.0399999991,2.0,0.0,Blank
1966.5969919999916,1966.9399919949915,0.0,99.0,0.342999995,360.0,0.0,0.0,1.0,0.0399999991,2.0,0.0,Oddball standard
1967.2969919999887,1967.6399919949886,0.0,99.0,0.342999995,360.0,0.0,0.0,1.0,0.0399999991,2.0,0.0,Oddball standard
1967.9969919999858,1968.3399919949857,0.0,99.0,0.342999995,360.0,0.0,0.0,1.0,0.0399999991,2.0,0.0,Oddball standard
1968.6969919999974,1969.0399919949973,0.0,99.0,0.342999995,360.0,0.0,0.0,1.0,0.0399999991,2.0,0.0,Oddball standard
1969.3969919999945,1969.7399919949944,0.0,99.0,0.342999995,360.0,0.0,0.0,1.0,0.0399999991,2.0,0.0,Oddball standard
1970.0969919999916,1970.4399919949915,0.0,99.0,0.342999995,360.0,0.0,0.0,1.0,0.0399999991,2.0,0.0,Oddball standard
1970.7969919999887,1971.1399919949886,0.0,99.0,0.342999995,360.0,0.0,0.0,1.0,0.0399999991,2.0,0.0,Oddball standard
1971.4969919999858,1971.8399919949857,0.0,99.0,0.342999995,360.0,0.0,0.0,1.0,0.0399999991,2.0,0.0,Oddball standard
1972.1969919999974,1972.5399919949973,0.0,99.0,0.342999995,360.0,0.0,0.0,1.0,0.0399999991,2.0,0.0,Oddball standard
1972.8969919999945,1973.2399919949944,0.0,99.0,0.342999995,360.0,0.0,0.0,1.0,0.0399999991,2.0,0.0,Oddball standard
1973.5969919999916,1973.9399919949915,0.0,99.0,0.342999995,360.0,0.0,0.0,1.0,0.0399999991,2.0,0.0,Oddball standard
1974.2969919999887,1974.6399919949886,0.0,99.0,0.342999995,360.0,0.0,0.0,1.0,0.0399999991,2.0,0.0,Oddball standard
1974.9969919999858,1975.3399919949857,0.0,99.0,0.342999995,360.0,0.0,0.0,1.0,0.0399999991,2.0,0.0,Oddball standard
1975.6969919999974,1976.0399919949973,0.0,99.0,0.342999995,360.0,0.0,0.0,1.0,0.0399999991,2.0,0.0,Oddball standard
1976.3969919999945,1976.7399919949944,0.0,99.0,0.342999995,360.0,0.0,0.0,1.0,0.0399999991,2.0,0.0,Oddball standard
1977.0969919999916,1977.4399919949915,0.0,99.0,0.342999995,360.0,0.0,0.0,1.0,0.0399999991,2.0,0.0,Oddball standard
1977.7969919999887,1978.1399919949886,0.0,99.0,0.342999995,360.0,0.0,0.0,1.0,0.0399999991,2.0,0.0,Oddball standard
1978.4969919999858,1978.8399919949857,0.0,99.0,0.342999995,360.0,0.0,0.0,1.0,0.0399999991,0.0,0.0,Oddball standard
1979.1969919999974,1979.5399919949973,0.0,99.0,0.342999995,360.0,0.0,0.0,1.0,0.0399999991,2.0,0.0,Oddball standard
1979.8969919999945,1980.2399919949944,0.0,-1.0,0.342999995,360.0,0.0,0.0,1.0,0.0399999991,2.0,0.0,Oddball standard
1980.5969919999916,1980.9399919949915,0.0,100.0,0.342999995,360.0,0.0,0.0,1.0,0.0399999991,2.0,0.0,Oddball standard
1981.2969919999887,1981.6399919949886,0.0,100.0,0.342999995,360.0,0.0,0.0,1.0,0.0399999991,2.0,0.0,Oddball standard
1981.9969919999858,1982.3399919949857,0.0,100.0,0.342999995,360.0,0.0,0.0,1.0,0.0399999991,2.0,0.0,Oddball standard
1982.6969919999974,1983.0399919949973,0.0,100.0,0.342999995,360.0,0.0,0.0,1.0,0.0399999991,2.0,0.0,Oddball standard
1983.3969919999945,1983.7399919949944,0.0,100.0,0.342999995,360.0,0.0,0.0,1.0,0.0399999991,2.0,0.0,Oddball standard
1984.0969919999916,1984.4399919949915,0.0,100.0,0.342999995,360.0,0.0,0.0,1.0,0.0399999991,2.0,0.0,Oddball standard
1984.7969919999887,1985.1399919949886,0.0,100.0,0.342999995,360.0,0.0,0.0,1.0,0.0399999991,2.0,0.0,Oddball standard
1985.4969919999858,1985.8399919949857,0.0,100.0,0.342999995,360.0,0.0,0.0,1.0,0.0399999991,2.0,0.0,Oddball standard
1986.1969919999974,1986.5399919949973,0.0,100.0,0.342999995,360.0,0.0,0.0,1.0,0.0399999991,2.0,0.0,Oddball standard
1986.8969919999945,1987.2399919949944,0.0,100.0,0.342999995,360.0,0.0,0.0,1.0,0.0399999991,2.0,0.0,Oddball standard
1987.5969919999916,1987.9399919949915,0.0,100.0,0.342999995,360.0,0.0,0.0,1.0,0.0399999991,2.0,0.0,Oddball standard
1988.2969919999887,1988.6399919949886,0.0,100.0,0.342999995,360.0,0.0,0.0,1.0,0.0399999991,2.0,0.0,Oddball standard
1988.9970239999966,1989.3400239949965,0.0,100.0,0.342999995,360.0,0.0,0.0,1.0,0.0399999991,2.0,0.0,Oddball standard
1989.6969919999974,1990.0399919949973,0.0,100.0,0.342999995,360.0,0.0,0.0,1.0,0.0399999991,2.0,0.0,Oddball standard
1990.3969919999945,1990.7399919949944,0.0,100.0,0.342999995,360.0,0.0,0.0,1.0,0.0399999991,2.0,0.0,Oddball standard
1991.0969919999916,1991.4399919949915,0.0,100.0,0.342999995,360.0,0.0,0.0,1.0,0.0399999991,2.0,0.0,Oddball standard
1991.7969919999887,1992.1399919949886,0.0,100.0,0.342999995,360.0,0.0,0.0,1.0,0.0399999991,2.0,0.0,Oddball standard
1992.4969919999858,1992.8399919949857,0.0,100.0,0.342999995,360.0,0.0,0.0,1.0,0.0399999991,2.0,0.0,Oddball standard
1993.1969919999974,1993.5399919949973,0.0,100.0,0.342999995,360.0,0.0,0.0,1.0,0.0399999991,2.0,0.0,Oddball standard
1993.8969919999945,1994.2399919949944,0.0,100.0,0.342999995,360.0,0.0,0.0,1.0,0.0399999991,2.0,0.0,Oddball standard
1994.5969919999916,1994.9399919949915,1.57079637,100.0,0.342999995,360.0,0.0,0.0,1.0,0.0399999991,2.0,1.571,Oddball deviant
1995.2969919999887,1995.6399919949886,0.0,100.0,0.342999995,360.0,0.0,0.0,1.0,0.0399999991,2.0,0.0,Oddball standard
1995.9969919999858,1996.3399919949857,0.0,100.0,0.342999995,360.0,0.0,0.0,1.0,0.0399999991,2.0,0.0,Oddball standard
1996.6969919999974,1997.0399919949973,0.0,100.0,0.342999995,360.0,0.0,0.0,1.0,0.0399999991,2.0,0.0,Oddball standard
1997.3969919999945,1997.7399919949944,0.0,100.0,0.342999995,360.0,0.0,0.0,1.0,0.0399999991,2.0,0.0,Oddball standard
1998.0969919999916,1998.4399919949915,0.0,100.0,0.342999995,360.0,0.0,0.0,1.0,0.0399999991,2.0,0.0,Oddball standard
1998.7969919999887,1999.1399919949886,0.0,100.0,0.342999995,360.0,0.0,0.0,1.0,0.0399999991,2.0,0.0,Oddball standard
1999.4969919999858,1999.8399919949857,0.0,-1.0,0.342999995,360.0,0.0,0.0,1.0,0.0399999991,2.0,0.0,Oddball standard
2000.1969919999974,2000.5399919949973,0.0,101.0,0.342999995,360.0,0.0,0.0,1.0,0.0399999991,2.0,0.0,Oddball standard
2000.8969919999945,2001.2399919949944,0.0,101.0,0.342999995,360.0,0.0,0.0,1.0,0.0399999991,2.0,0.0,Oddball standard
2001.5969919999916,2001.9399919949915,0.0,101.0,0.342999995,360.0,0.0,0.0,1.0,0.0399999991,2.0,0.0,Oddball standard
2002.2969919999887,2002.6399919949886,0.0,101.0,0.342999995,360.0,0.0,0.0,1.0,0.0399999991,2.0,0.0,Oddball standard
2002.9969919999858,2003.3399919949857,0.0,101.0,0.342999995,360.0,0.0,0.0,1.0,0.0399999991,2.0,0.0,Oddball standard
2003.6969919999974,2004.0399919949973,0.0,101.0,0.342999995,360.0,0.0,0.0,1.0,0.0399999991,2.0,0.0,Oddball standard
2004.3969919999945,2004.7399919949944,0.0,101.0,0.342999995,360.0,0.0,0.0,1.0,0.0399999991,2.0,0.0,Oddball standard
2005.0969919999916,2005.4399919949915,0.0,101.0,0.342999995,360.0,0.0,0.0,0.0,0.0399999991,2.0,0.0,Blank
2005.7969919999887,2006.1399919949886,0.0,101.0,0.342999995,360.0,0.0,0.0,1.0,0.0399999991,2.0,0.0,Oddball standard
2006.4969919999858,2006.8399919949857,0.0,101.0,0.342999995,360.0,0.0,0.0,1.0,0.0399999991,2.0,0.0,Oddball standard
2007.1969919999974,2007.5399919949973,0.0,101.0,0.342999995,360.0,0.0,0.0,1.0,0.0399999991,2.0,0.0,Oddball standard
2007.8969919999945,2008.2399919949944,0.0,101.0,0.342999995,360.0,0.0,0.0,1.0,0.0399999991,2.0,0.0,Oddball standard
2008.5969919999916,2008.9399919949915,0.0,101.0,0.342999995,360.0,0.0,0.0,1.0,0.0399999991,2.0,0.0,Oddball standard
2009.2969919999887,2009.6399919949886,0.0,101.0,0.342999995,360.0,0.0,0.0,1.0,0.0399999991,2.0,0.0,Oddball standard
2009.9969919999858,2010.3399919949857,0.0,101.0,0.342999995,360.0,0.0,0.0,1.0,0.0399999991,2.0,0.0,Oddball standard
2010.6969919999974,2011.0399919949973,0.0,101.0,0.342999995,360.0,0.0,0.0,1.0,0.0399999991,2.0,0.0,Oddball standard
2011.3969919999945,2011.7399919949944,0.0,101.0,0.342999995,360.0,0.0,0.0,1.0,0.0399999991,2.0,0.0,Oddball standard
2012.0969919999916,2012.4399919949915,0.0,101.0,0.342999995,360.0,0.0,0.0,1.0,0.0399999991,2.0,0.0,Oddball standard
2012.7969919999887,2013.1399919949886,0.0,101.0,0.342999995,360.0,0.0,0.0,1.0,0.0399999991,2.0,0.0,Oddball standard
2013.4969919999858,2013.8399919949857,0.0,101.0,0.342999995,360.0,0.0,0.0,1.0,0.0399999991,2.0,0.0,Oddball standard
2014.1969919999974,2014.5399919949973,0.0,101.0,0.342999995,360.0,0.0,0.0,1.0,0.0399999991,2.0,0.0,Oddball standard
2014.8969919999945,2015.2399919949944,0.0,101.0,0.342999995,360.0,0.0,0.0,1.0,0.0399999991,2.0,0.0,Oddball standard
2015.5969919999916,2015.9399919949915,0.0,101.0,0.342999995,360.0,0.0,0.0,1.0,0.0399999991,2.0,0.0,Oddball standard
2016.2969919999887,2016.6399919949886,0.0,101.0,0.342999995,360.0,0.0,0.0,1.0,0.0399999991,0.0,0.0,Oddball standard
2016.9969919999858,2017.3399919949857,0.0,101.0,0.342999995,360.0,0.0,0.0,1.0,0.0399999991,2.0,0.0,Oddball standard
2017.6969919999974,2018.0399919949973,0.0,101.0,0.342999995,360.0,0.0,0.0,1.0,0.0399999991,2.0,0.0,Oddball standard
2018.3969919999945,2018.7399919949944,0.0,101.0,0.342999995,360.0,0.0,0.0,1.0,0.0399999991,2.0,0.0,Oddball standard
2019.0969919999916,2019.4399919949915,0.0,101.0,0.342999995,360.0,0.0,0.0,1.0,0.0399999991,2.0,0.0,Oddball standard
2019.7969919999887,2020.1399919949886,0.0,-1.0,0.342999995,360.0,0.0,0.0,1.0,0.0399999991,2.0,0.0,Oddball standard
2020.4969919999858,2020.8399919949857,0.0,102.0,0.342999995,360.0,0.0,0.0,1.0,0.0399999991,2.0,0.0,Oddball standard
2021.1969919999974,2021.5399919949973,0.0,102.0,0.342999995,360.0,0.0,0.0,1.0,0.0399999991,2.0,0.0,Oddball standard
2021.8970239999908,2022.2400239949907,0.0,102.0,0.342999995,360.0,0.0,0.0,1.0,0.0399999991,2.0,0.0,Oddball standard
2022.5969919999916,2022.9399919949915,0.0,102.0,0.342999995,360.0,0.0,0.0,1.0,0.0399999991,2.0,0.0,Oddball standard
2023.2969919999887,2023.6399919949886,0.0,102.0,0.342999995,360.0,0.0,0.0,1.0,0.0399999991,2.0,0.0,Oddball standard
2023.9969919999858,2024.3399919949857,0.0,102.0,0.342999995,360.0,0.0,0.0,1.0,0.0399999991,2.0,0.0,Oddball standard
2024.6969919999974,2025.0399919949973,0.0,102.0,0.342999995,360.0,0.0,0.0,1.0,0.0399999991,2.0,0.0,Oddball standard
2025.3969919999945,2025.7399919949944,0.785398185,102.0,0.342999995,360.0,0.0,0.0,1.0,0.0399999991,2.0,0.785,Oddball deviant
2026.0969919999916,2026.4399919949915,0.0,102.0,0.342999995,360.0,0.0,0.0,1.0,0.0399999991,2.0,0.0,Oddball standard
2026.7969919999887,2027.1399919949886,0.0,102.0,0.342999995,360.0,0.0,0.0,1.0,0.0399999991,2.0,0.0,Oddball standard
2027.4969919999858,2027.8399919949857,0.0,102.0,0.342999995,360.0,0.0,0.0,1.0,0.0399999991,2.0,0.0,Oddball standard
2028.1969919999974,2028.5399919949973,0.0,102.0,0.342999995,360.0,0.0,0.0,1.0,0.0399999991,2.0,0.0,Oddball standard
2028.8969919999945,2029.2399919949944,0.0,102.0,0.342999995,360.0,0.0,0.0,1.0,0.0399999991,2.0,0.0,Oddball standard
2029.5969919999916,2029.9399919949915,0.0,102.0,0.342999995,360.0,0.0,0.0,1.0,0.0399999991,2.0,0.0,Oddball standard
2030.2969919999887,2030.6399919949886,0.0,102.0,0.342999995,360.0,0.0,0.0,1.0,0.0399999991,2.0,0.0,Oddball standard
2030.9969919999858,2031.3399919949857,0.0,102.0,0.342999995,360.0,0.0,0.0,1.0,0.0399999991,2.0,0.0,Oddball standard
2031.6969919999974,2032.0399919949973,0.0,102.0,0.342999995,360.0,0.0,0.0,1.0,0.0399999991,2.0,0.0,Oddball standard
2032.3969919999945,2032.7399919949944,0.0,102.0,0.342999995,360.0,0.0,0.0,1.0,0.0399999991,2.0,0.0,Oddball standard
2033.0969919999916,2033.4399919949915,0.0,102.0,0.342999995,360.0,0.0,0.0,1.0,0.0399999991,2.0,0.0,Oddball standard
2033.7969919999887,2034.1399919949886,0.0,102.0,0.342999995,360.0,0.0,0.0,1.0,0.0399999991,2.0,0.0,Oddball standard
2034.4969919999858,2034.8399919949857,1.57079637,102.0,0.342999995,360.0,0.0,0.0,1.0,0.0399999991,2.0,1.571,Oddball deviant
2035.1969919999974,2035.5399919949973,0.0,102.0,0.342999995,360.0,0.0,0.0,1.0,0.0399999991,2.0,0.0,Oddball standard
2035.8969919999945,2036.2399919949944,0.0,102.0,0.342999995,360.0,0.0,0.0,1.0,0.0399999991,2.0,0.0,Oddball standard
2036.5969919999916,2036.9399919949915,0.0,102.0,0.342999995,360.0,0.0,0.0,1.0,0.0399999991,2.0,0.0,Oddball standard
2037.2969919999887,2037.6399919949886,0.0,102.0,0.342999995,360.0,0.0,0.0,1.0,0.0399999991,2.0,0.0,Oddball standard
2037.9969919999858,2038.3399919949857,0.0,102.0,0.342999995,360.0,0.0,0.0,1.0,0.0399999991,2.0,0.0,Oddball standard
2038.6969919999974,2039.0399919949973,1.57079637,102.0,0.342999995,360.0,0.0,0.0,1.0,0.0399999991,2.0,1.571,Oddball deviant
2039.3969919999945,2039.7399919949944,0.0,102.0,0.342999995,360.0,0.0,0.0,1.0,0.0399999991,2.0,0.0,Oddball standard
2040.0969919999916,2040.4399919949915,0.0,103.0,0.342999995,360.0,0.0,0.0,1.0,0.0399999991,2.0,0.0,Oddball standard
2040.7969919999887,2041.1399919949886,0.0,103.0,0.342999995,360.0,0.0,0.0,1.0,0.0399999991,2.0,0.0,Oddball standard
2041.4969919999858,2041.8399919949857,0.0,103.0,0.342999995,360.0,0.0,0.0,1.0,0.0399999991,2.0,0.0,Oddball standard
2042.1969919999974,2042.5399919949973,0.0,103.0,0.342999995,360.0,0.0,0.0,1.0,0.0399999991,2.0,0.0,Oddball standard
2042.8969919999945,2043.2399919949944,0.0,103.0,0.342999995,360.0,0.0,0.0,1.0,0.0399999991,2.0,0.0,Oddball standard
2043.5969919999916,2043.9399919949915,0.0,103.0,0.342999995,360.0,0.0,0.0,1.0,0.0399999991,2.0,0.0,Oddball standard
2044.2969919999887,2044.6399919949886,0.0,103.0,0.342999995,360.0,0.0,0.0,1.0,0.0399999991,2.0,0.0,Oddball standard
2044.997983999987,2045.3409839949868,0.0,103.0,0.342999995,360.0,0.0,0.0,1.0,0.0399999991,2.0,0.0,Oddball standard
2045.6969919999974,2046.0399919949973,0.0,103.0,0.342999995,360.0,0.0,0.0,1.0,0.0399999991,2.0,0.0,Oddball standard
2046.3969919999945,2046.7399919949944,0.0,103.0,0.342999995,360.0,0.0,0.0,1.0,0.0399999991,2.0,0.0,Oddball standard
2047.0969919999916,2047.4399919949915,0.0,103.0,0.342999995,360.0,0.0,0.0,1.0,0.0399999991,2.0,0.0,Oddball standard
2047.7979839999898,2048.1409839949897,0.0,103.0,0.342999995,360.0,0.0,0.0,1.0,0.0399999991,2.0,0.0,Oddball standard
2048.497983999987,2048.840983994987,0.0,103.0,0.342999995,360.0,0.0,0.0,1.0,0.0399999991,2.0,0.0,Oddball standard
2049.1979839999985,2049.5409839949984,0.0,103.0,0.342999995,360.0,0.0,0.0,1.0,0.0399999991,2.0,0.0,Oddball standard
2049.8979839999956,2050.2409839949955,0.0,103.0,0.342999995,360.0,0.0,0.0,1.0,0.0399999991,2.0,0.0,Oddball standard
2050.5979839999927,2050.9409839949926,0.0,103.0,0.342999995,360.0,0.0,0.0,1.0,0.0399999991,2.0,0.0,Oddball standard
2051.29798399999,2051.6409839949897,0.0,103.0,0.342999995,360.0,0.0,0.0,1.0,0.0399999991,2.0,0.0,Oddball standard
2051.997983999987,2052.340983994987,0.0,103.0,0.342999995,360.0,0.0,0.0,1.0,0.0399999991,2.0,0.0,Oddball standard
2052.6969919999974,2053.0399919949973,0.0,103.0,0.342999995,360.0,0.0,0.0,1.0,0.0399999991,2.0,0.0,Oddball standard
2053.3969919999945,2053.7399919949944,0.0,103.0,0.342999995,360.0,0.0,0.0,1.0,0.0399999991,2.0,0.0,Oddball standard
2054.0979839999927,2054.4409839949926,0.0,103.0,0.342999995,360.0,0.0,0.0,1.0,0.0399999991,2.0,0.0,Oddball standard
2054.79798399999,2055.1409839949897,0.0,103.0,0.342999995,360.0,0.0,0.0,1.0,0.0399999991,2.0,0.0,Oddball standard
2055.497983999987,2055.840983994987,0.0,103.0,0.342999995,360.0,0.0,0.0,1.0,0.0399999991,2.0,0.0,Oddball standard
2056.1979839999985,2056.5409839949984,0.0,103.0,0.342999995,360.0,0.0,0.0,1.0,0.0399999991,2.0,0.0,Oddball standard
2056.8979839999956,2057.2409839949955,0.0,103.0,0.342999995,360.0,0.0,0.0,1.0,0.0399999991,0.0,0.0,Oddball standard
2057.5979839999927,2057.9409839949926,0.0,103.0,0.342999995,360.0,0.0,0.0,1.0,0.0399999991,2.0,0.0,Oddball standard
2058.29798399999,2058.6409839949897,0.0,103.0,0.342999995,360.0,0.0,0.0,1.0,0.0399999991,2.0,0.0,Oddball standard
2058.997983999987,2059.340983994987,0.0,103.0,0.342999995,360.0,0.0,0.0,1.0,0.0399999991,2.0,0.0,Oddball standard
2059.6979839999985,2060.0409839949984,0.0,-1.0,0.342999995,360.0,0.0,0.0,1.0,0.0399999991,2.0,0.0,Oddball standard
2060.3979839999956,2060.7409839949955,0.0,104.0,0.342999995,360.0,0.0,0.0,1.0,0.0399999991,2.0,0.0,Oddball standard
2061.0979839999927,2061.4409839949926,0.0,104.0,0.342999995,360.0,0.0,0.0,1.0,0.0399999991,2.0,0.0,Oddball standard
2061.79798399999,2062.1409839949897,0.0,104.0,0.342999995,360.0,0.0,0.0,1.0,0.0399999991,2.0,0.0,Oddball standard
2062.497983999987,2062.840983994987,0.0,104.0,0.342999995,360.0,0.0,0.0,1.0,0.0399999991,2.0,0.0,Oddball standard
2063.1979839999985,2063.5409839949984,0.0,104.0,0.342999995,360.0,0.0,0.0,1.0,0.0399999991,2.0,0.0,Oddball standard
2063.8979839999956,2064.2409839949955,0.0,104.0,0.342999995,360.0,0.0,0.0,1.0,0.0399999991,2.0,0.0,Oddball standard
2064.5979839999927,2064.9409839949926,0.0,104.0,0.342999995,360.0,0.0,0.0,1.0,0.0399999991,2.0,0.0,Oddball standard
2065.29798399999,2065.6409839949897,0.0,104.0,0.342999995,360.0,0.0,0.0,1.0,0.0399999991,2.0,0.0,Oddball standard
2065.997983999987,2066.340983994987,0.0,104.0,0.342999995,360.0,0.0,0.0,1.0,0.0399999991,2.0,0.0,Oddball standard
2066.6979839999985,2067.0409839949984,0.0,104.0,0.342999995,360.0,0.0,0.0,1.0,0.0399999991,2.0,0.0,Oddball standard
2067.3979839999956,2067.7409839949955,0.0,104.0,0.342999995,360.0,0.0,0.0,1.0,0.0399999991,2.0,0.0,Oddball standard
2068.0979839999927,2068.4409839949926,0.0,104.0,0.342999995,360.0,0.0,0.0,1.0,0.0399999991,2.0,0.0,Oddball standard
2068.79798399999,2069.1409839949897,0.0,104.0,0.342999995,360.0,0.0,0.0,1.0,0.0399999991,2.0,0.0,Oddball standard
2069.497983999987,2069.840983994987,0.0,104.0,0.342999995,360.0,0.0,0.0,1.0,0.0399999991,2.0,0.0,Oddball standard
2070.1979839999985,2070.5409839949984,0.0,104.0,0.342999995,360.0,0.0,0.0,1.0,0.0399999991,2.0,0.0,Oddball standard
2070.8979839999956,2071.2409839949955,0.0,104.0,0.342999995,360.0,0.0,0.0,1.0,0.0399999991,2.0,0.0,Oddball standard
2071.5979839999927,2071.9409839949926,0.0,104.0,0.342999995,360.0,0.0,0.0,1.0,0.0399999991,2.0,0.0,Oddball standard
2072.29798399999,2072.6409839949897,0.0,104.0,0.342999995,360.0,0.0,0.0,1.0,0.0399999991,2.0,0.0,Oddball standard
2072.997983999987,2073.340983994987,0.0,104.0,0.342999995,360.0,0.0,0.0,1.0,0.0399999991,2.0,0.0,Oddball standard
2073.6979839999985,2074.0409839949984,0.0,104.0,0.342999995,360.0,0.0,0.0,1.0,0.0399999991,2.0,0.0,Oddball standard
2074.3979839999956,2074.7409839949955,0.0,104.0,0.342999995,360.0,0.0,0.0,1.0,0.0399999991,2.0,0.0,Oddball standard
2075.0979839999927,2075.4409839949926,0.0,104.0,0.342999995,360.0,0.0,0.0,1.0,0.0399999991,2.0,0.0,Oddball standard
2075.79798399999,2076.1409839949897,0.0,104.0,0.342999995,360.0,0.0,0.0,1.0,0.0399999991,2.0,0.0,Oddball standard
2076.4980159999977,2076.8410159949976,0.0,104.0,0.342999995,360.0,0.0,0.0,0.0,0.0399999991,2.0,0.0,Blank
2077.1979839999985,2077.5409839949984,0.0,104.0,0.342999995,360.0,0.0,0.0,1.0,0.0399999991,2.0,0.0,Oddball standard
2077.8979839999956,2078.2409839949955,0.0,104.0,0.342999995,360.0,0.0,0.0,1.0,0.0399999991,2.0,0.0,Oddball standard
2078.5979839999927,2078.9409839949926,0.0,104.0,0.342999995,360.0,0.0,0.0,1.0,0.0399999991,2.0,0.0,Oddball standard
2079.29798399999,2079.6409839949897,0.0,104.0,0.342999995,360.0,0.0,0.0,1.0,0.0399999991,2.0,0.0,Oddball standard
2079.997983999987,2080.340983994987,0.0,-1.0,0.342999995,360.0,0.0,0.0,1.0,0.0399999991,2.0,0.0,Oddball standard
2080.698015999995,2081.0410159949947,0.0,105.0,0.342999995,360.0,0.0,0.0,1.0,0.0399999991,2.0,0.0,Oddball standard
2081.3979839999956,2081.7409839949955,0.0,105.0,0.342999995,360.0,0.0,0.0,1.0,0.0399999991,2.0,0.0,Oddball standard
2082.0979839999927,2082.4409839949926,0.0,105.0,0.342999995,360.0,0.0,0.0,1.0,0.0399999991,2.0,0.0,Oddball standard
2082.79798399999,2083.1409839949897,0.0,105.0,0.342999995,360.0,0.0,0.0,1.0,0.0399999991,2.0,0.0,Oddball standard
2083.497983999987,2083.840983994987,0.0,105.0,0.342999995,360.0,0.0,0.0,1.0,0.0399999991,2.0,0.0,Oddball standard
2084.1979839999985,2084.5409839949984,0.0,105.0,0.342999995,360.0,0.0,0.0,1.0,0.0399999991,2.0,0.0,Oddball standard
2084.8979839999956,2085.2409839949955,0.0,105.0,0.342999995,360.0,0.0,0.0,1.0,0.0399999991,2.0,0.0,Oddball standard
2085.5979839999927,2085.9409839949926,0.0,105.0,0.342999995,360.0,0.0,0.0,1.0,0.0399999991,2.0,0.0,Oddball standard
2086.29798399999,2086.6409839949897,0.0,105.0,0.342999995,360.0,0.0,0.0,1.0,0.0399999991,2.0,0.0,Oddball standard
2086.997983999987,2087.340983994987,0.0,105.0,0.342999995,360.0,0.0,0.0,1.0,0.0399999991,2.0,0.0,Oddball standard
2087.6979839999985,2088.0409839949984,0.0,105.0,0.342999995,360.0,0.0,0.0,1.0,0.0399999991,2.0,0.0,Oddball standard
2088.3979839999956,2088.7409839949955,0.0,105.0,0.342999995,360.0,0.0,0.0,1.0,0.0399999991,2.0,0.0,Oddball standard
2089.0979839999927,2089.4409839949926,0.0,105.0,0.342999995,360.0,0.0,0.0,1.0,0.0399999991,2.0,0.0,Oddball standard
2089.79798399999,2090.1409839949897,0.0,105.0,0.342999995,360.0,0.0,0.0,1.0,0.0399999991,2.0,0.0,Oddball standard
2090.497983999987,2090.840983994987,0.0,105.0,0.342999995,360.0,0.0,0.0,1.0,0.0399999991,2.0,0.0,Oddball standard
2091.1979839999985,2091.5409839949984,0.0,105.0,0.342999995,360.0,0.0,0.0,1.0,0.0399999991,2.0,0.0,Oddball standard
2091.8979839999956,2092.2409839949955,0.0,105.0,0.342999995,360.0,0.0,0.0,1.0,0.0399999991,2.0,0.0,Oddball standard
2092.5979839999927,2092.9409839949926,0.0,105.0,0.342999995,360.0,0.0,0.0,1.0,0.0399999991,2.0,0.0,Oddball standard
2093.29798399999,2093.6409839949897,0.0,105.0,0.342999995,360.0,0.0,0.0,1.0,0.0399999991,2.0,0.0,Oddball standard
2093.997983999987,2094.340983994987,0.0,105.0,0.342999995,360.0,0.0,0.0,1.0,0.0399999991,2.0,0.0,Oddball standard
2094.6979839999985,2095.0409839949984,0.0,105.0,0.342999995,360.0,0.0,0.0,1.0,0.0399999991,2.0,0.0,Oddball standard
2095.3979839999956,2095.7409839949955,0.0,105.0,0.342999995,360.0,0.0,0.0,1.0,0.0399999991,2.0,0.0,Oddball standard
2096.0979839999927,2096.4409839949926,0.0,105.0,0.342999995,360.0,0.0,0.0,1.0,0.0399999991,2.0,0.0,Oddball standard
2096.79798399999,2097.1409839949897,0.0,105.0,0.342999995,360.0,0.0,0.0,1.0,0.0399999991,2.0,0.0,Oddball standard
2097.497983999987,2097.840983994987,0.0,105.0,0.342999995,360.0,0.0,0.0,1.0,0.0399999991,2.0,0.0,Oddball standard
2098.1979839999985,2098.5409839949984,0.0,105.0,0.342999995,360.0,0.0,0.0,1.0,0.0399999991,2.0,0.0,Oddball standard
2098.8979839999956,2099.2409839949955,0.0,105.0,0.342999995,360.0,0.0,0.0,1.0,0.0399999991,2.0,0.0,Oddball standard
2099.5979839999927,2099.9409839949926,0.0,-1.0,0.342999995,360.0,0.0,0.0,1.0,0.0399999991,2.0,0.0,Oddball standard
2100.29798399999,2100.6409839949897,0.0,106.0,0.342999995,360.0,0.0,0.0,1.0,0.0399999991,2.0,0.0,Oddball standard
2100.997983999987,2101.340983994987,0.0,106.0,0.342999995,360.0,0.0,0.0,1.0,0.0399999991,2.0,0.0,Oddball standard
2101.6979839999985,2102.0409839949984,0.0,106.0,0.342999995,360.0,0.0,0.0,1.0,0.0399999991,2.0,0.0,Oddball standard
2102.3979839999956,2102.7409839949955,0.0,106.0,0.342999995,360.0,0.0,0.0,1.0,0.0399999991,2.0,0.0,Oddball standard
2103.0979839999927,2103.4409839949926,0.0,106.0,0.342999995,360.0,0.0,0.0,1.0,0.0399999991,2.0,0.0,Oddball standard
2103.79798399999,2104.1409839949897,0.0,106.0,0.342999995,360.0,0.0,0.0,0.0,0.0399999991,2.0,0.0,Blank
2104.497983999987,2104.840983994987,0.0,106.0,0.342999995,360.0,0.0,0.0,1.0,0.0399999991,2.0,0.0,Oddball standard
2105.1979839999985,2105.5409839949984,0.0,106.0,0.342999995,360.0,0.0,0.0,1.0,0.0399999991,2.0,0.0,Oddball standard
2105.8979839999956,2106.2409839949955,0.0,106.0,0.342999995,360.0,0.0,0.0,1.0,0.0399999991,2.0,0.0,Oddball standard
2106.5979839999927,2106.9409839949926,0.0,106.0,0.342999995,360.0,0.0,0.0,1.0,0.0399999991,2.0,0.0,Oddball standard
2107.29798399999,2107.6409839949897,0.0,106.0,0.342999995,360.0,0.0,0.0,1.0,0.0399999991,2.0,0.0,Oddball standard
2107.997983999987,2108.340983994987,0.0,106.0,0.342999995,360.0,0.0,0.0,1.0,0.0399999991,2.0,0.0,Oddball standard
2108.6979839999985,2109.0409839949984,0.0,106.0,0.342999995,360.0,0.0,0.0,1.0,0.0399999991,2.0,0.0,Oddball standard
2109.3979839999956,2109.7409839949955,0.0,106.0,0.342999995,360.0,0.0,0.0,1.0,0.0399999991,2.0,0.0,Oddball standard
2110.0979839999927,2110.4409839949926,0.0,106.0,0.342999995,360.0,0.0,0.0,1.0,0.0399999991,2.0,0.0,Oddball standard
2110.79798399999,2111.1409839949897,0.0,106.0,0.342999995,360.0,0.0,0.0,1.0,0.0399999991,2.0,0.0,Oddball standard
2111.497983999987,2111.840983994987,0.0,106.0,0.342999995,360.0,0.0,0.0,1.0,0.0399999991,2.0,0.0,Oddball standard
2112.1979839999985,2112.5409839949984,0.0,106.0,0.342999995,360.0,0.0,0.0,1.0,0.0399999991,2.0,0.0,Oddball standard
2112.8979839999956,2113.2409839949955,0.0,106.0,0.342999995,360.0,0.0,0.0,1.0,0.0399999991,2.0,0.0,Oddball standard
2113.5979839999927,2113.9409839949926,0.0,106.0,0.342999995,360.0,0.0,0.0,1.0,0.0399999991,2.0,0.0,Oddball standard
2114.29798399999,2114.6409839949897,0.0,106.0,0.342999995,360.0,0.0,0.0,1.0,0.0399999991,2.0,0.0,Oddball standard
2114.997983999987,2115.340983994987,0.0,106.0,0.342999995,360.0,0.0,0.0,1.0,0.0399999991,2.0,0.0,Oddball standard
2115.6979839999985,2116.0409839949984,0.0,106.0,0.342999995,360.0,0.0,0.0,1.0,0.0399999991,2.0,0.0,Oddball standard
2116.3979839999956,2116.7409839949955,0.0,106.0,0.342999995,360.0,0.0,0.0,1.0,0.0399999991,2.0,0.0,Oddball standard
2117.0979839999927,2117.4409839949926,0.0,106.0,0.342999995,360.0,0.0,0.0,1.0,0.0399999991,2.0,0.0,Oddball standard
2117.79798399999,2118.1409839949897,0.0,106.0,0.342999995,360.0,0.0,0.0,1.0,0.0399999991,2.0,0.0,Oddball standard
2118.497983999987,2118.840983994987,0.0,106.0,0.342999995,360.0,0.0,0.0,1.0,0.0399999991,2.0,0.0,Oddball standard
2119.1979839999985,2119.5409839949984,0.785398185,106.0,0.342999995,360.0,0.0,0.0,1.0,0.0399999991,2.0,0.785,Oddball deviant
2119.8979839999956,2120.2409839949955,0.0,-1.0,0.342999995,360.0,0.0,0.0,1.0,0.0399999991,2.0,0.0,Oddball standard
2120.5979839999927,2120.9409839949926,0.0,107.0,0.342999995,360.0,0.0,0.0,1.0,0.0399999991,2.0,0.0,Oddball standard
2121.298975999991,2121.641975994991,0.0,107.0,0.342999995,360.0,0.0,0.0,1.0,0.0399999991,2.0,0.0,Oddball standard
2121.997983999987,2122.340983994987,0.785398185,107.0,0.342999995,360.0,0.0,0.0,1.0,0.0399999991,2.0,0.785,Oddball deviant
2122.6979839999985,2123.0409839949984,1.57079637,107.0,0.342999995,360.0,0.0,0.0,1.0,0.0399999991,2.0,1.571,Oddball deviant
2123.3979839999956,2123.7409839949955,0.0,107.0,0.342999995,360.0,0.0,0.0,1.0,0.0399999991,2.0,0.0,Oddball standard
2124.0979839999927,2124.4409839949926,0.0,107.0,0.342999995,360.0,0.0,0.0,1.0,0.0399999991,2.0,0.0,Oddball standard
2124.79798399999,2125.1409839949897,0.0,107.0,0.342999995,360.0,0.0,0.0,1.0,0.0399999991,2.0,0.0,Oddball standard
2125.497983999987,2125.840983994987,0.0,107.0,0.342999995,360.0,0.0,0.0,1.0,0.0399999991,2.0,0.0,Oddball standard
2126.1979839999985,2126.5409839949984,0.0,107.0,0.342999995,360.0,0.0,0.0,1.0,0.0399999991,2.0,0.0,Oddball standard
2126.8979839999956,2127.2409839949955,0.0,107.0,0.342999995,360.0,0.0,0.0,1.0,0.0399999991,2.0,0.0,Oddball standard
2127.5979839999927,2127.9409839949926,0.0,107.0,0.342999995,360.0,0.0,0.0,1.0,0.0399999991,2.0,0.0,Oddball standard
2128.29798399999,2128.6409839949897,0.0,107.0,0.342999995,360.0,0.0,0.0,1.0,0.0399999991,2.0,0.0,Oddball standard
2128.997983999987,2129.340983994987,0.0,107.0,0.342999995,360.0,0.0,0.0,1.0,0.0399999991,2.0,0.0,Oddball standard
2129.6979839999985,2130.0409839949984,0.0,107.0,0.342999995,360.0,0.0,0.0,1.0,0.0399999991,2.0,0.0,Oddball standard
2130.3979839999956,2130.7409839949955,0.0,107.0,0.342999995,360.0,0.0,0.0,1.0,0.0399999991,2.0,0.0,Oddball standard
2131.0979839999927,2131.4409839949926,0.0,107.0,0.342999995,360.0,0.0,0.0,1.0,0.0399999991,2.0,0.0,Oddball standard
2131.79798399999,2132.1409839949897,0.0,107.0,0.342999995,360.0,0.0,0.0,1.0,0.0399999991,2.0,0.0,Oddball standard
2132.497983999987,2132.840983994987,0.0,107.0,0.342999995,360.0,0.0,0.0,1.0,0.0399999991,2.0,0.0,Oddball standard
2133.1979839999985,2133.5409839949984,0.0,107.0,0.342999995,360.0,0.0,0.0,1.0,0.0399999991,2.0,0.0,Oddball standard
2133.8979839999956,2134.2409839949955,0.0,107.0,0.342999995,360.0,0.0,0.0,1.0,0.0399999991,2.0,0.0,Oddball standard
2134.5979839999927,2134.9409839949926,0.0,107.0,0.342999995,360.0,0.0,0.0,1.0,0.0399999991,2.0,0.0,Oddball standard
2135.29798399999,2135.6409839949897,0.0,107.0,0.342999995,360.0,0.0,0.0,1.0,0.0399999991,2.0,0.0,Oddball standard
2135.997983999987,2136.340983994987,0.0,107.0,0.342999995,360.0,0.0,0.0,1.0,0.0399999991,2.0,0.0,Oddball standard
2136.6979839999985,2137.0409839949984,0.0,107.0,0.342999995,360.0,0.0,0.0,1.0,0.0399999991,2.0,0.0,Oddball standard
2137.3979839999956,2137.7409839949955,0.0,107.0,0.342999995,360.0,0.0,0.0,1.0,0.0399999991,2.0,0.0,Oddball standard
2138.0979839999927,2138.4409839949926,0.0,107.0,0.342999995,360.0,0.0,0.0,1.0,0.0399999991,2.0,0.0,Oddball standard
2138.79798399999,2139.1409839949897,0.0,107.0,0.342999995,360.0,0.0,0.0,1.0,0.0399999991,2.0,0.0,Oddball standard
2139.497983999987,2139.840983994987,0.0,-1.0,0.342999995,360.0,0.0,0.0,1.0,0.0399999991,2.0,0.0,Oddball standard
2140.1979839999985,2140.5409839949984,0.0,108.0,0.342999995,360.0,0.0,0.0,1.0,0.0399999991,0.0,0.0,Oddball standard
2140.8979839999956,2141.2409839949955,0.0,108.0,0.342999995,360.0,0.0,0.0,1.0,0.0399999991,2.0,0.0,Oddball standard
2141.5979839999927,2141.9409839949926,0.0,108.0,0.342999995,360.0,0.0,0.0,1.0,0.0399999991,2.0,0.0,Oddball standard
2142.29798399999,2142.6409839949897,0.0,108.0,0.342999995,360.0,0.0,0.0,1.0,0.0399999991,2.0,0.0,Oddball standard
2142.997983999987,2143.340983994987,0.0,108.0,0.342999995,360.0,0.0,0.0,1.0,0.0399999991,2.0,0.0,Oddball standard
2143.6979839999985,2144.0409839949984,0.0,108.0,0.342999995,360.0,0.0,0.0,1.0,0.0399999991,2.0,0.0,Oddball standard
2144.3979839999956,2144.7409839949955,0.0,108.0,0.342999995,360.0,0.0,0.0,1.0,0.0399999991,2.0,0.0,Oddball standard
2145.0979839999927,2145.4409839949926,0.0,108.0,0.342999995,360.0,0.0,0.0,1.0,0.0399999991,2.0,0.0,Oddball standard
2145.79798399999,2146.1409839949897,0.0,108.0,0.342999995,360.0,0.0,0.0,1.0,0.0399999991,2.0,0.0,Oddball standard
2146.497983999987,2146.840983994987,0.0,108.0,0.342999995,360.0,0.0,0.0,1.0,0.0399999991,2.0,0.0,Oddball standard
2147.1979839999985,2147.5409839949984,0.0,108.0,0.342999995,360.0,0.0,0.0,1.0,0.0399999991,2.0,0.0,Oddball standard
2147.8979839999956,2148.2409839949955,0.0,108.0,0.342999995,360.0,0.0,0.0,1.0,0.0399999991,2.0,0.0,Oddball standard
2148.5979839999927,2148.9409839949926,0.0,108.0,0.342999995,360.0,0.0,0.0,1.0,0.0399999991,2.0,0.0,Oddball standard
2149.29798399999,2149.6409839949897,0.0,108.0,0.342999995,360.0,0.0,0.0,1.0,0.0399999991,2.0,0.0,Oddball standard
2149.997983999987,2150.340983994987,0.0,108.0,0.342999995,360.0,0.0,0.0,1.0,0.0399999991,2.0,0.0,Oddball standard
2150.6979839999985,2151.0409839949984,0.0,108.0,0.342999995,360.0,0.0,0.0,1.0,0.0399999991,2.0,0.0,Oddball standard
2151.398015999992,2151.741015994992,0.0,108.0,0.342999995,360.0,0.0,0.0,1.0,0.0399999991,2.0,0.0,Oddball standard
2152.0979839999927,2152.4409839949926,0.0,108.0,0.342999995,360.0,0.0,0.0,1.0,0.0399999991,2.0,0.0,Oddball standard
2152.79798399999,2153.1409839949897,0.0,108.0,0.342999995,360.0,0.0,0.0,1.0,0.0399999991,2.0,0.0,Oddball standard
2153.497983999987,2153.840983994987,0.0,108.0,0.342999995,360.0,0.0,0.0,1.0,0.0399999991,2.0,0.0,Oddball standard
2154.1979839999985,2154.5409839949984,0.0,108.0,0.342999995,360.0,0.0,0.0,1.0,0.0399999991,2.0,0.0,Oddball standard
2154.8979839999956,2155.2409839949955,0.0,108.0,0.342999995,360.0,0.0,0.0,1.0,0.0399999991,2.0,0.0,Oddball standard
2155.5979839999927,2155.9409839949926,0.0,108.0,0.342999995,360.0,0.0,0.0,1.0,0.0399999991,2.0,0.0,Oddball standard
2156.29798399999,2156.6409839949897,0.0,108.0,0.342999995,360.0,0.0,0.0,1.0,0.0399999991,2.0,0.0,Oddball standard
2156.997983999987,2157.340983994987,0.0,108.0,0.342999995,360.0,0.0,0.0,1.0,0.0399999991,2.0,0.0,Oddball standard
2157.6979839999985,2158.0409839949984,0.0,108.0,0.342999995,360.0,0.0,0.0,1.0,0.0399999991,2.0,0.0,Oddball standard
2158.3979839999956,2158.7409839949955,0.0,108.0,0.342999995,360.0,0.0,0.0,1.0,0.0399999991,2.0,0.0,Oddball standard
2159.0979839999927,2159.4409839949926,0.0,108.0,0.342999995,360.0,0.0,0.0,1.0,0.0399999991,2.0,0.0,Oddball standard
2159.79798399999,2160.1409839949897,0.0,-1.0,0.342999995,360.0,0.0,0.0,1.0,0.0399999991,2.0,0.0,Oddball standard
2160.497983999987,2160.840983994987,0.0,109.0,0.342999995,360.0,0.0,0.0,1.0,0.0399999991,2.0,0.0,Oddball standard
2161.1979839999985,2161.5409839949984,0.0,109.0,0.342999995,360.0,0.0,0.0,1.0,0.0399999991,2.0,0.0,Oddball standard
2161.8979839999956,2162.2409839949955,0.0,109.0,0.342999995,360.0,0.0,0.0,1.0,0.0399999991,2.0,0.0,Oddball standard
2162.5979839999927,2162.9409839949926,0.0,109.0,0.342999995,360.0,0.0,0.0,1.0,0.0399999991,2.0,0.0,Oddball standard
2163.29798399999,2163.6409839949897,0.0,109.0,0.342999995,360.0,0.0,0.0,1.0,0.0399999991,2.0,0.0,Oddball standard
2163.997983999987,2164.340983994987,0.0,109.0,0.342999995,360.0,0.0,0.0,1.0,0.0399999991,2.0,0.0,Oddball standard
2164.6979839999985,2165.0409839949984,0.0,109.0,0.342999995,360.0,0.0,0.0,1.0,0.0399999991,2.0,0.0,Oddball standard
2165.3979839999956,2165.7409839949955,0.0,109.0,0.342999995,360.0,0.0,0.0,1.0,0.0399999991,2.0,0.0,Oddball standard
2166.0979839999927,2166.4409839949926,0.0,109.0,0.342999995,360.0,0.0,0.0,1.0,0.0399999991,2.0,0.0,Oddball standard
2166.79798399999,2167.1409839949897,0.0,109.0,0.342999995,360.0,0.0,0.0,1.0,0.0399999991,2.0,0.0,Oddball standard
2167.497983999987,2167.840983994987,0.0,109.0,0.342999995,360.0,0.0,0.0,1.0,0.0399999991,2.0,0.0,Oddball standard
2168.1979839999985,2168.5409839949984,0.0,109.0,0.342999995,360.0,0.0,0.0,1.0,0.0399999991,2.0,0.0,Oddball standard
2168.8979839999956,2169.2409839949955,0.0,109.0,0.342999995,360.0,0.0,0.0,1.0,0.0399999991,2.0,0.0,Oddball standard
2169.5979839999927,2169.9409839949926,0.0,109.0,0.342999995,360.0,0.0,0.0,1.0,0.0399999991,2.0,0.0,Oddball standard
2170.29798399999,2170.6409839949897,0.0,109.0,0.342999995,360.0,0.0,0.0,1.0,0.0399999991,2.0,0.0,Oddball standard
2170.997983999987,2171.340983994987,0.0,109.0,0.342999995,360.0,0.0,0.0,1.0,0.0399999991,2.0,0.0,Oddball standard
2171.6979839999985,2172.0409839949984,0.0,109.0,0.342999995,360.0,0.0,0.0,1.0,0.0399999991,2.0,0.0,Oddball standard
2172.3979839999956,2172.7409839949955,0.0,109.0,0.342999995,360.0,0.0,0.0,1.0,0.0399999991,2.0,0.0,Oddball standard
2173.0979839999927,2173.4409839949926,0.0,109.0,0.342999995,360.0,0.0,0.0,1.0,0.0399999991,2.0,0.0,Oddball standard
2173.79798399999,2174.1409839949897,0.0,109.0,0.342999995,360.0,0.0,0.0,1.0,0.0399999991,2.0,0.0,Oddball standard
2174.497983999987,2174.840983994987,0.0,109.0,0.342999995,360.0,0.0,0.0,1.0,0.0399999991,2.0,0.0,Oddball standard
2175.1979839999985,2175.5409839949984,0.0,109.0,0.342999995,360.0,0.0,0.0,1.0,0.0399999991,2.0,0.0,Oddball standard
2175.8979839999956,2176.2409839949955,0.0,109.0,0.342999995,360.0,0.0,0.0,1.0,0.0399999991,2.0,0.0,Oddball standard
2176.5979839999927,2176.9409839949926,0.0,109.0,0.342999995,360.0,0.0,0.0,1.0,0.0399999991,2.0,0.0,Oddball standard
2177.29798399999,2177.6409839949897,0.0,109.0,0.342999995,360.0,0.0,0.0,1.0,0.0399999991,2.0,0.0,Oddball standard
2177.997983999987,2178.340983994987,0.0,109.0,0.342999995,360.0,0.0,0.0,1.0,0.0399999991,2.0,0.0,Oddball standard
2178.6979839999985,2179.0409839949984,0.0,109.0,0.342999995,360.0,0.0,0.0,1.0,0.0399999991,2.0,0.0,Oddball standard
2179.3979839999956,2179.7409839949955,0.0,109.0,0.342999995,360.0,0.0,0.0,1.0,0.0399999991,2.0,0.0,Oddball standard
2180.0979839999927,2180.4409839949926,0.0,110.0,0.342999995,360.0,0.0,0.0,1.0,0.0399999991,2.0,0.0,Oddball standard
2180.79798399999,2181.1409839949897,0.0,110.0,0.342999995,360.0,0.0,0.0,1.0,0.0399999991,2.0,0.0,Oddball standard
2181.497983999987,2181.840983994987,0.0,110.0,0.342999995,360.0,0.0,0.0,1.0,0.0399999991,2.0,0.0,Oddball standard
2182.1979839999985,2182.5409839949984,0.0,110.0,0.342999995,360.0,0.0,0.0,1.0,0.0399999991,2.0,0.0,Oddball standard
2182.8979839999956,2183.2409839949955,0.0,110.0,0.342999995,360.0,0.0,0.0,1.0,0.0399999991,2.0,0.0,Oddball standard
2183.5979839999927,2183.9409839949926,0.0,110.0,0.342999995,360.0,0.0,0.0,1.0,0.0399999991,2.0,0.0,Oddball standard
2184.29798399999,2184.6409839949897,0.0,110.0,0.342999995,360.0,0.0,0.0,1.0,0.0399999991,2.0,0.0,Oddball standard
2184.997983999987,2185.340983994987,0.0,110.0,0.342999995,360.0,0.0,0.0,1.0,0.0399999991,2.0,0.0,Oddball standard
2185.6979839999985,2186.0409839949984,0.0,110.0,0.342999995,360.0,0.0,0.0,1.0,0.0399999991,2.0,0.0,Oddball standard
2186.3979839999956,2186.7409839949955,0.0,110.0,0.342999995,360.0,0.0,0.0,1.0,0.0399999991,2.0,0.0,Oddball standard
2187.0979839999927,2187.4409839949926,0.0,110.0,0.342999995,360.0,0.0,0.0,1.0,0.0399999991,2.0,0.0,Oddball standard
2187.79798399999,2188.1409839949897,0.0,110.0,0.342999995,360.0,0.0,0.0,1.0,0.0399999991,2.0,0.0,Oddball standard
2188.498975999988,2188.841975994988,0.0,110.0,0.342999995,360.0,0.0,0.0,1.0,0.0399999991,2.0,0.0,Oddball standard
2189.1979839999985,2189.5409839949984,0.0,110.0,0.342999995,360.0,0.0,0.0,1.0,0.0399999991,2.0,0.0,Oddball standard
2189.8979839999956,2190.2409839949955,0.0,110.0,0.342999995,360.0,0.0,0.0,1.0,0.0399999991,2.0,0.0,Oddball standard
2190.5979839999927,2190.9409839949926,0.0,110.0,0.342999995,360.0,0.0,0.0,1.0,0.0399999991,2.0,0.0,Oddball standard
2191.29798399999,2191.6409839949897,0.0,110.0,0.342999995,360.0,0.0,0.0,1.0,0.0399999991,2.0,0.0,Oddball standard
2191.997983999987,2192.340983994987,0.0,110.0,0.342999995,360.0,0.0,0.0,1.0,0.0399999991,2.0,0.0,Oddball standard
2192.6989759999997,2193.0419759949996,0.0,110.0,0.342999995,360.0,0.0,0.0,1.0,0.0399999991,2.0,0.0,Oddball standard
2193.3989759999968,2193.7419759949967,0.0,110.0,0.342999995,360.0,0.0,0.0,1.0,0.0399999991,2.0,0.0,Oddball standard
2194.098975999994,2194.4419759949938,0.0,110.0,0.342999995,360.0,0.0,0.0,1.0,0.0399999991,2.0,0.0,Oddball standard
2194.798015999986,2195.141015994986,0.0,110.0,0.342999995,360.0,0.0,0.0,1.0,0.0399999991,2.0,0.0,Oddball standard
2195.497983999987,2195.840983994987,0.0,110.0,0.342999995,360.0,0.0,0.0,1.0,0.0399999991,2.0,0.0,Oddball standard
2196.1989759999997,2196.5419759949996,0.0,110.0,0.342999995,360.0,0.0,0.0,1.0,0.0399999991,2.0,0.0,Oddball standard
2196.8989759999968,2197.2419759949967,0.0,110.0,0.342999995,360.0,0.0,0.0,1.0,0.0399999991,2.0,0.0,Oddball standard
2197.598975999994,2197.9419759949938,0.0,110.0,0.342999995,360.0,0.0,0.0,1.0,0.0399999991,2.0,0.0,Oddball standard
2198.298975999991,2198.641975994991,0.0,110.0,0.342999995,360.0,0.0,0.0,1.0,0.0399999991,2.0,0.0,Oddball standard
2198.998975999988,2199.341975994988,0.0,110.0,0.342999995,360.0,0.0,0.0,1.0,0.0399999991,2.0,0.0,Oddball standard
2199.6989759999997,2200.0419759949996,0.0,-1.0,0.342999995,360.0,0.0,0.0,1.0,0.0399999991,2.0,0.0,Oddball standard
2200.3989759999968,2200.7419759949967,0.0,111.0,0.342999995,360.0,0.0,0.0,1.0,0.0399999991,2.0,0.0,Oddball standard
2201.098975999994,2201.4419759949938,0.0,111.0,0.342999995,360.0,0.0,0.0,1.0,0.0399999991,2.0,0.0,Oddball standard
2201.798975999991,2202.141975994991,0.0,111.0,0.342999995,360.0,0.0,0.0,1.0,0.0399999991,2.0,0.0,Oddball standard
2202.498975999988,2202.841975994988,0.0,111.0,0.342999995,360.0,0.0,0.0,1.0,0.0399999991,2.0,0.0,Oddball standard
2203.1989759999997,2203.5419759949996,0.0,111.0,0.342999995,360.0,0.0,0.0,1.0,0.0399999991,2.0,0.0,Oddball standard
2203.8989759999968,2204.2419759949967,0.0,111.0,0.342999995,360.0,0.0,0.0,1.0,0.0399999991,2.0,0.0,Oddball standard
2204.598975999994,2204.9419759949938,0.0,111.0,0.342999995,360.0,0.0,0.0,1.0,0.0399999991,2.0,0.0,Oddball standard
2205.298975999991,2205.641975994991,0.0,111.0,0.342999995,360.0,0.0,0.0,1.0,0.0399999991,2.0,0.0,Oddball standard
2205.998975999988,2206.341975994988,0.0,111.0,0.342999995,360.0,0.0,0.0,1.0,0.0399999991,2.0,0.0,Oddball standard
2206.6989759999997,2207.0419759949996,0.0,111.0,0.342999995,360.0,0.0,0.0,1.0,0.0399999991,2.0,0.0,Oddball standard
2207.3989759999968,2207.7419759949967,0.0,111.0,0.342999995,360.0,0.0,0.0,1.0,0.0399999991,2.0,0.0,Oddball standard
2208.098975999994,2208.4419759949938,0.0,111.0,0.342999995,360.0,0.0,0.0,1.0,0.0399999991,2.0,0.0,Oddball standard
2208.798975999991,2209.141975994991,0.0,111.0,0.342999995,360.0,0.0,0.0,1.0,0.0399999991,2.0,0.0,Oddball standard
2209.498975999988,2209.841975994988,0.0,111.0,0.342999995,360.0,0.0,0.0,1.0,0.0399999991,2.0,0.0,Oddball standard
2210.1989759999997,2210.5419759949996,0.0,111.0,0.342999995,360.0,0.0,0.0,1.0,0.0399999991,2.0,0.0,Oddball standard
2210.8989759999968,2211.2419759949967,0.0,111.0,0.342999995,360.0,0.0,0.0,1.0,0.0399999991,2.0,0.0,Oddball standard
2211.598975999994,2211.9419759949938,0.0,111.0,0.342999995,360.0,0.0,0.0,1.0,0.0399999991,2.0,0.0,Oddball standard
2212.298975999991,2212.641975994991,0.0,111.0,0.342999995,360.0,0.0,0.0,1.0,0.0399999991,2.0,0.0,Oddball standard
2212.998975999988,2213.341975994988,0.0,111.0,0.342999995,360.0,0.0,0.0,1.0,0.0399999991,2.0,0.0,Oddball standard
2213.6989759999997,2214.0419759949996,0.0,111.0,0.342999995,360.0,0.0,0.0,1.0,0.0399999991,2.0,0.0,Oddball standard
2214.3989759999968,2214.7419759949967,0.0,111.0,0.342999995,360.0,0.0,0.0,1.0,0.0399999991,2.0,0.0,Oddball standard
2215.098975999994,2215.4419759949938,0.0,111.0,0.342999995,360.0,0.0,0.0,1.0,0.0399999991,2.0,0.0,Oddball standard
2215.798975999991,2216.141975994991,0.0,111.0,0.342999995,360.0,0.0,0.0,1.0,0.0399999991,2.0,0.0,Oddball standard
2216.498975999988,2216.841975994988,0.0,111.0,0.342999995,360.0,0.0,0.0,1.0,0.0399999991,2.0,0.0,Oddball standard
2217.1989759999997,2217.5419759949996,0.0,111.0,0.342999995,360.0,0.0,0.0,1.0,0.0399999991,2.0,0.0,Oddball standard
2217.8989759999968,2218.2419759949967,0.0,111.0,0.342999995,360.0,0.0,0.0,1.0,0.0399999991,2.0,0.0,Oddball standard
2218.598975999994,2218.9419759949938,0.0,111.0,0.342999995,360.0,0.0,0.0,1.0,0.0399999991,2.0,0.0,Oddball standard
2219.298975999991,2219.641975994991,0.0,111.0,0.342999995,360.0,0.0,0.0,1.0,0.0399999991,2.0,0.0,Oddball standard
2219.998975999988,2220.341975994988,0.0,-1.0,0.342999995,360.0,0.0,0.0,1.0,0.0399999991,2.0,0.0,Oddball standard
2220.6989759999997,2221.0419759949996,0.785398185,112.0,0.342999995,360.0,0.0,0.0,1.0,0.0399999991,2.0,0.785,Oddball deviant
2221.3989759999968,2221.7419759949967,0.0,112.0,0.342999995,360.0,0.0,0.0,1.0,0.0399999991,2.0,0.0,Oddball standard
2222.098975999994,2222.4419759949938,0.0,112.0,0.342999995,360.0,0.0,0.0,1.0,0.0399999991,2.0,0.0,Oddball standard
2222.799007999987,2223.142007994987,0.0,112.0,0.342999995,360.0,0.0,0.0,1.0,0.0399999991,2.0,0.0,Oddball standard
2223.498975999988,2223.841975994988,0.0,112.0,0.342999995,360.0,0.0,0.0,1.0,0.0399999991,2.0,0.0,Oddball standard
2224.1989759999997,2224.5419759949996,0.0,112.0,0.342999995,360.0,0.0,0.0,1.0,0.0399999991,2.0,0.0,Oddball standard
2224.8989759999968,2225.2419759949967,0.0,112.0,0.342999995,360.0,0.0,0.0,1.0,0.0399999991,2.0,0.0,Oddball standard
2225.598975999994,2225.9419759949938,0.0,112.0,0.342999995,360.0,0.0,0.0,1.0,0.0399999991,2.0,0.0,Oddball standard
2226.298975999991,2226.641975994991,0.0,112.0,0.342999995,360.0,0.0,0.0,1.0,0.0399999991,2.0,0.0,Oddball standard
2226.998975999988,2227.341975994988,0.0,112.0,0.342999995,360.0,0.0,0.0,1.0,0.0399999991,2.0,0.0,Oddball standard
2227.6989759999997,2228.0419759949996,0.0,112.0,0.342999995,360.0,0.0,0.0,1.0,0.0399999991,2.0,0.0,Oddball standard
2228.3989759999968,2228.7419759949967,0.0,112.0,0.342999995,360.0,0.0,0.0,1.0,0.0399999991,2.0,0.0,Oddball standard
2229.098975999994,2229.4419759949938,0.0,112.0,0.342999995,360.0,0.0,0.0,1.0,0.0399999991,2.0,0.0,Oddball standard
2229.798975999991,2230.141975994991,0.0,112.0,0.342999995,360.0,0.0,0.0,1.0,0.0399999991,2.0,0.0,Oddball standard
2230.498975999988,2230.841975994988,0.0,112.0,0.342999995,360.0,0.0,0.0,1.0,0.0399999991,2.0,0.0,Oddball standard
2231.1989759999997,2231.5419759949996,0.0,112.0,0.342999995,360.0,0.0,0.0,1.0,0.0399999991,2.0,0.0,Oddball standard
2231.8989759999968,2232.2419759949967,0.0,112.0,0.342999995,360.0,0.0,0.0,1.0,0.0399999991,2.0,0.0,Oddball standard
2232.598975999994,2232.9419759949938,0.0,112.0,0.342999995,360.0,0.0,0.0,1.0,0.0399999991,2.0,0.0,Oddball standard
2233.298975999991,2233.641975994991,0.0,112.0,0.342999995,360.0,0.0,0.0,1.0,0.0399999991,2.0,0.0,Oddball standard
2233.998975999988,2234.341975994988,0.785398185,112.0,0.342999995,360.0,0.0,0.0,1.0,0.0399999991,2.0,0.785,Oddball deviant
2234.6989759999997,2235.0419759949996,0.0,112.0,0.342999995,360.0,0.0,0.0,1.0,0.0399999991,2.0,0.0,Oddball standard
2235.3989759999968,2235.7419759949967,0.0,112.0,0.342999995,360.0,0.0,0.0,1.0,0.0399999991,2.0,0.0,Oddball standard
2236.098975999994,2236.4419759949938,0.0,112.0,0.342999995,360.0,0.0,0.0,1.0,0.0399999991,2.0,0.0,Oddball standard
2236.798975999991,2237.141975994991,0.0,112.0,0.342999995,360.0,0.0,0.0,1.0,0.0399999991,2.0,0.0,Oddball standard
2237.498975999988,2237.841975994988,0.0,112.0,0.342999995,360.0,0.0,0.0,1.0,0.0399999991,2.0,0.0,Oddball standard
2238.1989759999997,2238.5419759949996,0.0,112.0,0.342999995,360.0,0.0,0.0,1.0,0.0399999991,2.0,0.0,Oddball standard
2238.8989759999968,2239.2419759949967,0.0,112.0,0.342999995,360.0,0.0,0.0,1.0,0.0399999991,2.0,0.0,Oddball standard
2239.598975999994,2239.9419759949938,0.0,-1.0,0.342999995,360.0,0.0,0.0,1.0,0.0399999991,2.0,0.0,Oddball standard
2240.298975999991,2240.641975994991,0.0,113.0,0.342999995,360.0,0.0,0.0,1.0,0.0399999991,2.0,0.0,Oddball standard
2240.998975999988,2241.341975994988,0.0,113.0,0.342999995,360.0,0.0,0.0,1.0,0.0399999991,2.0,0.0,Oddball standard
2241.6989759999997,2242.0419759949996,0.0,113.0,0.342999995,360.0,0.0,0.0,1.0,0.0399999991,2.0,0.0,Oddball standard
2242.3989759999968,2242.7419759949967,0.0,113.0,0.342999995,360.0,0.0,0.0,1.0,0.0399999991,2.0,0.0,Oddball standard
2243.098975999994,2243.4419759949938,0.0,113.0,0.342999995,360.0,0.0,0.0,1.0,0.0399999991,2.0,0.0,Oddball standard
2243.798975999991,2244.141975994991,0.785398185,113.0,0.342999995,360.0,0.0,0.0,1.0,0.0399999991,2.0,0.785,Oddball deviant
2244.498975999988,2244.841975994988,0.0,113.0,0.342999995,360.0,0.0,0.0,1.0,0.0399999991,2.0,0.0,Oddball standard
2245.1989759999997,2245.5419759949996,0.0,113.0,0.342999995,360.0,0.0,0.0,1.0,0.0399999991,2.0,0.0,Oddball standard
2245.8989759999968,2246.2419759949967,0.0,113.0,0.342999995,360.0,0.0,0.0,1.0,0.0399999991,2.0,0.0,Oddball standard
2246.598975999994,2246.9419759949938,0.0,113.0,0.342999995,360.0,0.0,0.0,1.0,0.0399999991,2.0,0.0,Oddball standard
2247.298975999991,2247.641975994991,0.0,113.0,0.342999995,360.0,0.0,0.0,1.0,0.0399999991,2.0,0.0,Oddball standard
2247.998975999988,2248.341975994988,0.0,113.0,0.342999995,360.0,0.0,0.0,1.0,0.0399999991,2.0,0.0,Oddball standard
2248.6989759999997,2249.0419759949996,2.7488935,113.0,0.342999995,360.0,0.0,0.0,1.0,0.0399999991,2.0,2.749,Control (random ori)
2249.3989759999968,2249.7419759949967,5.89048624,113.0,0.342999995,360.0,0.0,0.0,1.0,0.0399999991,2.0,5.89,Control (random ori)
2250.098975999994,2250.4419759949938,0.0,113.0,0.342999995,360.0,0.0,0.0,1.0,0.0399999991,2.0,0.0,Control (random ori)
2250.798975999991,2251.141975994991,5.10508823,113.0,0.342999995,360.0,0.0,0.0,1.0,0.0399999991,2.0,5.105,Control (random ori)
2251.498975999988,2251.841975994988,5.10508823,113.0,0.342999995,360.0,0.0,0.0,1.0,0.0399999991,2.0,5.105,Control (random ori)
2252.1989759999997,2252.5419759949996,5.497787,113.0,0.342999995,360.0,0.0,0.0,1.0,0.0399999991,2.0,5.498,Control (random ori)
2252.8989759999968,2253.2419759949967,3.53429174,113.0,0.342999995,360.0,0.0,0.0,1.0,0.0399999991,2.0,3.534,Control (random ori)
2253.598975999994,2253.9419759949938,1.57079637,113.0,0.342999995,360.0,0.0,0.0,1.0,0.0399999991,2.0,1.571,Control (random ori)
2254.298975999991,2254.641975994991,4.71238899,113.0,0.342999995,360.0,0.0,0.0,1.0,0.0399999991,2.0,4.712,Control (random ori)
2254.998975999988,2255.341975994988,5.89048624,113.0,0.342999995,360.0,0.0,0.0,1.0,0.0399999991,2.0,5.89,Control (random ori)
2255.6989759999997,2256.0419759949996,5.497787,113.0,0.342999995,360.0,0.0,0.0,1.0,0.0399999991,2.0,5.498,Control (random ori)
2256.3989759999968,2256.7419759949967,5.89048624,113.0,0.342999995,360.0,0.0,0.0,1.0,0.0399999991,2.0,5.89,Control (random ori)
2257.098975999994,2257.4419759949938,0.785398185,113.0,0.342999995,360.0,0.0,0.0,1.0,0.0399999991,2.0,0.785,Control (random ori)
2257.798975999991,2258.141975994991,2.3561945,113.0,0.342999995,360.0,0.0,0.0,1.0,0.0399999991,2.0,2.356,Control (random ori)
2258.498975999988,2258.841975994988,3.53429174,113.0,0.342999995,360.0,0.0,0.0,1.0,0.0399999991,2.0,3.534,Control (random ori)
2259.1989759999997,2259.5419759949996,1.96349537,113.0,0.342999995,360.0,0.0,0.0,1.0,0.0399999991,2.0,1.963,Control (random ori)
2259.8989759999968,2260.2419759949967,5.89048624,-1.0,0.342999995,360.0,0.0,0.0,1.0,0.0399999991,2.0,5.89,Control (random ori)
2260.59900799999,2260.94200799499,5.10508823,114.0,0.342999995,360.0,0.0,0.0,1.0,0.0399999991,2.0,5.105,Control (random ori)
2261.298975999991,2261.641975994991,2.3561945,114.0,0.342999995,360.0,0.0,0.0,1.0,0.0399999991,2.0,2.356,Control (random ori)
2261.998975999988,2262.341975994988,5.89048624,114.0,0.342999995,360.0,0.0,0.0,1.0,0.0399999991,2.0,5.89,Control (random ori)
2262.6989759999997,2263.0419759949996,3.92699075,114.0,0.342999995,360.0,0.0,0.0,1.0,0.0399999991,2.0,3.927,Control (random ori)
2263.3989759999968,2263.7419759949967,5.89048624,114.0,0.342999995,360.0,0.0,0.0,1.0,0.0399999991,2.0,5.89,Control (random ori)
2264.098975999994,2264.4419759949938,5.497787,114.0,0.342999995,360.0,0.0,0.0,1.0,0.0399999991,2.0,5.498,Control (random ori)
2264.798975999991,2265.141975994991,1.96349537,114.0,0.342999995,360.0,0.0,0.0,1.0,0.0399999991,2.0,1.963,Control (random ori)
2265.498975999988,2265.841975994988,2.7488935,114.0,0.342999995,360.0,0.0,0.0,1.0,0.0399999991,2.0,2.749,Control (random ori)
2266.1989759999997,2266.5419759949996,5.89048624,114.0,0.342999995,360.0,0.0,0.0,1.0,0.0399999991,2.0,5.89,Control (random ori)
2266.8989759999968,2267.2419759949967,5.89048624,114.0,0.342999995,360.0,0.0,0.0,1.0,0.0399999991,2.0,5.89,Control (random ori)
2267.598975999994,2267.9419759949938,2.3561945,114.0,0.342999995,360.0,0.0,0.0,1.0,0.0399999991,2.0,2.356,Control (random ori)
2268.298975999991,2268.641975994991,5.497787,114.0,0.342999995,360.0,0.0,0.0,1.0,0.0399999991,2.0,5.498,Control (random ori)
2268.998975999988,2269.341975994988,3.92699075,114.0,0.342999995,360.0,0.0,0.0,1.0,0.0399999991,2.0,3.927,Control (random ori)
2269.6989759999997,2270.0419759949996,3.14159274,114.0,0.342999995,360.0,0.0,0.0,1.0,0.0399999991,2.0,3.142,Control (random ori)
2270.3989759999968,2270.7419759949967,0.0,114.0,0.342999995,360.0,0.0,0.0,1.0,0.0399999991,2.0,0.0,Control (random ori)
2271.098975999994,2271.4419759949938,1.17809725,114.0,0.342999995,360.0,0.0,0.0,1.0,0.0399999991,2.0,1.178,Control (random ori)
2271.798975999991,2272.141975994991,0.0,114.0,0.342999995,360.0,0.0,0.0,1.0,0.0399999991,2.0,0.0,Control (random ori)
2272.498975999988,2272.841975994988,3.53429174,114.0,0.342999995,360.0,0.0,0.0,1.0,0.0399999991,2.0,3.534,Control (random ori)
2273.1989759999997,2273.5419759949996,0.392699093,114.0,0.342999995,360.0,0.0,0.0,1.0,0.0399999991,2.0,0.393,Control (random ori)
2273.8989759999968,2274.2419759949967,3.92699075,114.0,0.342999995,360.0,0.0,0.0,1.0,0.0399999991,2.0,3.927,Control (random ori)
2274.598975999994,2274.9419759949938,5.497787,114.0,0.342999995,360.0,0.0,0.0,1.0,0.0399999991,2.0,5.498,Control (random ori)
2275.298975999991,2275.641975994991,3.14159274,114.0,0.342999995,360.0,0.0,0.0,1.0,0.0399999991,2.0,3.142,Control (random ori)
2275.998975999988,2276.341975994988,1.96349537,114.0,0.342999995,360.0,0.0,0.0,1.0,0.0399999991,2.0,1.963,Control (random ori)
2276.6989759999997,2277.0419759949996,2.3561945,114.0,0.342999995,360.0,0.0,0.0,1.0,0.0399999991,2.0,2.356,Control (random ori)
2277.3989759999968,2277.7419759949967,1.17809725,114.0,0.342999995,360.0,0.0,0.0,1.0,0.0399999991,2.0,1.178,Control (random ori)
2278.098975999994,2278.4419759949938,3.14159274,114.0,0.342999995,360.0,0.0,0.0,1.0,0.0399999991,2.0,3.142,Control (random ori)
2278.798975999991,2279.141975994991,1.96349537,114.0,0.342999995,360.0,0.0,0.0,1.0,0.0399999991,2.0,1.963,Control (random ori)
2279.498975999988,2279.841975994988,1.96349537,-1.0,0.342999995,360.0,0.0,0.0,1.0,0.0399999991,2.0,1.963,Control (random ori)
2280.1989759999997,2280.5419759949996,3.92699075,115.0,0.342999995,360.0,0.0,0.0,1.0,0.0399999991,2.0,3.927,Control (random ori)
2280.8989759999968,2281.2419759949967,2.3561945,115.0,0.342999995,360.0,0.0,0.0,1.0,0.0399999991,2.0,2.356,Control (random ori)
2281.598975999994,2281.9419759949938,1.57079637,115.0,0.342999995,360.0,0.0,0.0,1.0,0.0399999991,2.0,1.571,Control (random ori)
2282.298975999991,2282.641975994991,5.89048624,115.0,0.342999995,360.0,0.0,0.0,1.0,0.0399999991,2.0,5.89,Control (random ori)
2282.998975999988,2283.341975994988,3.53429174,115.0,0.342999995,360.0,0.0,0.0,1.0,0.0399999991,2.0,3.534,Control (random ori)
2283.6989759999997,2284.0419759949996,0.785398185,115.0,0.342999995,360.0,0.0,0.0,1.0,0.0399999991,2.0,0.785,Control (random ori)
2284.3989759999968,2284.7419759949967,2.7488935,115.0,0.342999995,360.0,0.0,0.0,1.0,0.0399999991,2.0,2.749,Control (random ori)
2285.098975999994,2285.4419759949938,3.53429174,115.0,0.342999995,360.0,0.0,0.0,1.0,0.0399999991,2.0,3.534,Control (random ori)
2285.798975999991,2286.141975994991,3.92699075,115.0,0.342999995,360.0,0.0,0.0,1.0,0.0399999991,2.0,3.927,Control (random ori)
2286.498975999988,2286.841975994988,1.17809725,115.0,0.342999995,360.0,0.0,0.0,1.0,0.0399999991,2.0,1.178,Control (random ori)
2287.1989759999997,2287.5419759949996,4.71238899,115.0,0.342999995,360.0,0.0,0.0,1.0,0.0399999991,2.0,4.712,Control (random ori)
2287.8989759999968,2288.2419759949967,3.14159274,115.0,0.342999995,360.0,0.0,0.0,1.0,0.0399999991,2.0,3.142,Control (random ori)
2288.598975999994,2288.9419759949938,4.49422264,115.0,0.342999995,360.0,0.0,0.0,1.0,0.0399999991,2.0,4.494,Control (random ori)
2289.299007999987,2289.642007994987,3.14159274,115.0,0.342999995,360.0,0.0,0.0,1.0,0.0399999991,2.0,3.142,Control (random ori)
2289.998975999988,2290.341975994988,2.3561945,115.0,0.342999995,360.0,0.0,0.0,1.0,0.0399999991,2.0,2.356,Control (random ori)
2290.6989759999997,2291.0419759949996,1.96349537,115.0,0.342999995,360.0,0.0,0.0,1.0,0.0399999991,2.0,1.963,Control (random ori)
2291.3989759999968,2291.7419759949967,3.92699075,115.0,0.342999995,360.0,0.0,0.0,1.0,0.0399999991,2.0,3.927,Control (random ori)
2292.098975999994,2292.4419759949938,5.10508823,115.0,0.342999995,360.0,0.0,0.0,1.0,0.0399999991,2.0,5.105,Control (random ori)
2292.798975999991,2293.141975994991,4.49422264,115.0,0.342999995,360.0,0.0,0.0,1.0,0.0399999991,2.0,4.494,Control (random ori)
2293.498975999988,2293.841975994988,3.14159274,115.0,0.342999995,360.0,0.0,0.0,1.0,0.0399999991,2.0,3.142,Control (random ori)
2294.1989759999997,2294.5419759949996,4.71238899,115.0,0.342999995,360.0,0.0,0.0,1.0,0.0399999991,2.0,4.712,Control (random ori)
2294.8989759999968,2295.2419759949967,5.497787,115.0,0.342999995,360.0,0.0,0.0,1.0,0.0399999991,2.0,5.498,Control (random ori)
2295.598975999994,2295.9419759949938,4.49422264,115.0,0.342999995,360.0,0.0,0.0,1.0,0.0399999991,2.0,4.494,Control (random ori)
2296.298975999991,2296.641975994991,1.96349537,115.0,0.342999995,360.0,0.0,0.0,1.0,0.0399999991,2.0,1.963,Control (random ori)
2296.998975999988,2297.341975994988,5.89048624,115.0,0.342999995,360.0,0.0,0.0,1.0,0.0399999991,2.0,5.89,Control (random ori)
2297.6989759999997,2298.0419759949996,4.49422264,115.0,0.342999995,360.0,0.0,0.0,1.0,0.0399999991,2.0,4.494,Control (random ori)
2298.3989759999968,2298.7419759949967,3.53429174,115.0,0.342999995,360.0,0.0,0.0,1.0,0.0399999991,2.0,3.534,Control (random ori)
2299.098975999994,2299.4419759949938,0.785398185,115.0,0.342999995,360.0,0.0,0.0,1.0,0.0399999991,2.0,0.785,Control (random ori)
2299.798975999991,2300.141975994991,3.92699075,-1.0,0.342999995,360.0,0.0,0.0,1.0,0.0399999991,2.0,3.927,Control (random ori)
2300.498975999988,2300.841975994988,1.57079637,116.0,0.342999995,360.0,0.0,0.0,1.0,0.0399999991,2.0,1.571,Control (random ori)
2301.1989759999997,2301.5419759949996,4.49422264,116.0,0.342999995,360.0,0.0,0.0,1.0,0.0399999991,2.0,4.494,Control (random ori)
2301.8989759999968,2302.2419759949967,2.3561945,116.0,0.342999995,360.0,0.0,0.0,1.0,0.0399999991,2.0,2.356,Control (random ori)
2302.598975999994,2302.9419759949938,0.785398185,116.0,0.342999995,360.0,0.0,0.0,1.0,0.0399999991,2.0,0.785,Control (random ori)
2303.298975999991,2303.641975994991,1.57079637,116.0,0.342999995,360.0,0.0,0.0,1.0,0.0399999991,2.0,1.571,Control (random ori)
2303.998975999988,2304.341975994988,2.3561945,116.0,0.342999995,360.0,0.0,0.0,1.0,0.0399999991,2.0,2.356,Control (random ori)
2304.6989759999997,2305.0419759949996,1.96349537,116.0,0.342999995,360.0,0.0,0.0,1.0,0.0399999991,2.0,1.963,Control (random ori)
2305.3989759999968,2305.7419759949967,5.497787,116.0,0.342999995,360.0,0.0,0.0,1.0,0.0399999991,2.0,5.498,Control (random ori)
2306.098975999994,2306.4419759949938,5.89048624,116.0,0.342999995,360.0,0.0,0.0,1.0,0.0399999991,2.0,5.89,Control (random ori)
2306.798975999991,2307.141975994991,0.392699093,116.0,0.342999995,360.0,0.0,0.0,1.0,0.0399999991,2.0,0.393,Control (random ori)
2307.498975999988,2307.841975994988,2.7488935,116.0,0.342999995,360.0,0.0,0.0,1.0,0.0399999991,2.0,2.749,Control (random ori)
2308.1989759999997,2308.5419759949996,0.392699093,116.0,0.342999995,360.0,0.0,0.0,1.0,0.0399999991,2.0,0.393,Control (random ori)
2308.8989759999968,2309.2419759949967,4.71238899,116.0,0.342999995,360.0,0.0,0.0,1.0,0.0399999991,2.0,4.712,Control (random ori)
2309.598975999994,2309.9419759949938,1.57079637,116.0,0.342999995,360.0,0.0,0.0,1.0,0.0399999991,2.0,1.571,Control (random ori)
2310.298975999991,2310.641975994991,2.3561945,116.0,0.342999995,360.0,0.0,0.0,1.0,0.0399999991,2.0,2.356,Control (random ori)
2310.998975999988,2311.341975994988,3.92699075,116.0,0.342999995,360.0,0.0,0.0,1.0,0.0399999991,2.0,3.927,Control (random ori)
2311.6989759999997,2312.0419759949996,1.96349537,116.0,0.342999995,360.0,0.0,0.0,1.0,0.0399999991,2.0,1.963,Control (random ori)
2312.3989759999968,2312.7419759949967,2.7488935,116.0,0.342999995,360.0,0.0,0.0,1.0,0.0399999991,2.0,2.749,Control (random ori)
2313.098975999994,2313.4419759949938,5.497787,116.0,0.342999995,360.0,0.0,0.0,1.0,0.0399999991,2.0,5.498,Control (random ori)
2313.798975999991,2314.141975994991,2.3561945,116.0,0.342999995,360.0,0.0,0.0,1.0,0.0399999991,2.0,2.356,Control (random ori)
2314.498975999988,2314.841975994988,3.53429174,116.0,0.342999995,360.0,0.0,0.0,1.0,0.0399999991,2.0,3.534,Control (random ori)
2315.1989759999997,2315.5419759949996,4.49422264,116.0,0.342999995,360.0,0.0,0.0,1.0,0.0399999991,2.0,4.494,Control (random ori)
2315.8989759999968,2316.2419759949967,1.17809725,116.0,0.342999995,360.0,0.0,0.0,1.0,0.0399999991,2.0,1.178,Control (random ori)
2316.598975999994,2316.9419759949938,5.89048624,116.0,0.342999995,360.0,0.0,0.0,1.0,0.0399999991,2.0,5.89,Control (random ori)
2317.298975999991,2317.641975994991,2.3561945,116.0,0.342999995,360.0,0.0,0.0,1.0,0.0399999991,2.0,2.356,Control (random ori)
2317.998975999988,2318.341975994988,1.57079637,116.0,0.342999995,360.0,0.0,0.0,1.0,0.0399999991,2.0,1.571,Control (random ori)
2318.6989759999997,2319.0419759949996,4.71238899,116.0,0.342999995,360.0,0.0,0.0,1.0,0.0399999991,2.0,4.712,Control (random ori)
2319.3989759999968,2319.7419759949967,1.57079637,116.0,0.342999995,360.0,0.0,0.0,1.0,0.0399999991,2.0,1.571,Control (random ori)
2320.09900799999,2320.44200799499,5.10508823,117.0,0.342999995,360.0,0.0,0.0,1.0,0.0399999991,2.0,5.105,Control (random ori)
2320.798975999991,2321.141975994991,0.785398185,117.0,0.342999995,360.0,0.0,0.0,1.0,0.0399999991,2.0,0.785,Control (random ori)
2321.498975999988,2321.841975994988,1.57079637,117.0,0.342999995,360.0,0.0,0.0,1.0,0.0399999991,2.0,1.571,Control (random ori)
2322.1989759999997,2322.5419759949996,4.49422264,117.0,0.342999995,360.0,0.0,0.0,1.0,0.0399999991,2.0,4.494,Control (random ori)
2322.8989759999968,2323.2419759949967,0.785398185,117.0,0.342999995,360.0,0.0,0.0,1.0,0.0399999991,2.0,0.785,Control (random ori)
2323.598975999994,2323.9419759949938,2.3561945,117.0,0.342999995,360.0,0.0,0.0,1.0,0.0399999991,2.0,2.356,Control (random ori)
2324.298975999991,2324.641975994991,0.0,117.0,0.342999995,360.0,0.0,0.0,1.0,0.0399999991,2.0,0.0,Control (random ori)
2324.998975999988,2325.341975994988,1.57079637,117.0,0.342999995,360.0,0.0,0.0,1.0,0.0399999991,2.0,1.571,Control (random ori)
2325.6989759999997,2326.0419759949996,0.0,117.0,0.342999995,360.0,0.0,0.0,1.0,0.0399999991,2.0,0.0,Control (random ori)
2326.3989759999968,2326.7419759949967,2.3561945,117.0,0.342999995,360.0,0.0,0.0,1.0,0.0399999991,2.0,2.356,Control (random ori)
2327.098975999994,2327.4419759949938,2.3561945,117.0,0.342999995,360.0,0.0,0.0,1.0,0.0399999991,2.0,2.356,Control (random ori)
2327.798975999991,2328.141975994991,0.392699093,117.0,0.342999995,360.0,0.0,0.0,1.0,0.0399999991,2.0,0.393,Control (random ori)
2328.498975999988,2328.841975994988,1.57079637,117.0,0.342999995,360.0,0.0,0.0,1.0,0.0399999991,2.0,1.571,Control (random ori)
2329.1989759999997,2329.5419759949996,5.497787,117.0,0.342999995,360.0,0.0,0.0,1.0,0.0399999991,2.0,5.498,Control (random ori)
2329.8989759999968,2330.2419759949967,4.49422264,117.0,0.342999995,360.0,0.0,0.0,1.0,0.0399999991,2.0,4.494,Control (random ori)
2330.598975999994,2330.9419759949938,2.3561945,117.0,0.342999995,360.0,0.0,0.0,1.0,0.0399999991,2.0,2.356,Control (random ori)
2331.298975999991,2331.641975994991,3.14159274,117.0,0.342999995,360.0,0.0,0.0,1.0,0.0399999991,2.0,3.142,Control (random ori)
2331.998975999988,2332.341975994988,5.10508823,117.0,0.342999995,360.0,0.0,0.0,1.0,0.0399999991,2.0,5.105,Control (random ori)
2332.6989759999997,2333.0419759949996,2.3561945,117.0,0.342999995,360.0,0.0,0.0,1.0,0.0399999991,2.0,2.356,Control (random ori)
2333.399999999994,2333.742999994994,0.0,117.0,0.342999995,360.0,0.0,0.0,1.0,0.0399999991,2.0,0.0,Control (random ori)
2334.0999999999913,2334.442999994991,1.17809725,117.0,0.342999995,360.0,0.0,0.0,1.0,0.0399999991,2.0,1.178,Control (random ori)
2334.7999999999884,2335.1429999949883,5.497787,117.0,0.342999995,360.0,0.0,0.0,1.0,0.0399999991,2.0,5.498,Control (random ori)
2335.5,2335.842999995,2.7488935,117.0,0.342999995,360.0,0.0,0.0,1.0,0.0399999991,2.0,2.749,Control (random ori)
2336.1989759999997,2336.5419759949996,3.14159274,117.0,0.342999995,360.0,0.0,0.0,1.0,0.0399999991,2.0,3.142,Control (random ori)
2336.899999999994,2337.242999994994,4.49422264,117.0,0.342999995,360.0,0.0,0.0,1.0,0.0399999991,2.0,4.494,Control (random ori)
2337.5999999999913,2337.942999994991,1.96349537,117.0,0.342999995,360.0,0.0,0.0,1.0,0.0399999991,2.0,1.963,Control (random ori)
2338.2999999999884,2338.6429999949883,1.96349537,117.0,0.342999995,360.0,0.0,0.0,1.0,0.0399999991,2.0,1.963,Control (random ori)
2339.0,2339.342999995,0.392699093,117.0,0.342999995,360.0,0.0,0.0,1.0,0.0399999991,2.0,0.393,Control (random ori)
2339.699999999997,2340.042999994997,5.89048624,-1.0,0.342999995,360.0,0.0,0.0,1.0,0.0399999991,2.0,5.89,Control (random ori)
2340.399999999994,2340.742999994994,3.14159274,118.0,0.342999995,360.0,0.0,0.0,1.0,0.0399999991,2.0,3.142,Control (random ori)
2341.0999999999913,2341.442999994991,5.497787,118.0,0.342999995,360.0,0.0,0.0,1.0,0.0399999991,2.0,5.498,Control (random ori)
2341.7999999999884,2342.1429999949883,1.57079637,118.0,0.342999995,360.0,0.0,0.0,1.0,0.0399999991,2.0,1.571,Control (random ori)
2342.5,2342.842999995,5.10508823,118.0,0.342999995,360.0,0.0,0.0,1.0,0.0399999991,2.0,5.105,Control (random ori)
2343.199999999997,2343.542999994997,4.49422264,118.0,0.342999995,360.0,0.0,0.0,1.0,0.0399999991,2.0,4.494,Control (random ori)
2343.899999999994,2344.242999994994,3.14159274,118.0,0.342999995,360.0,0.0,0.0,1.0,0.0399999991,2.0,3.142,Control (random ori)
2344.5999999999913,2344.942999994991,3.14159274,118.0,0.342999995,360.0,0.0,0.0,1.0,0.0399999991,2.0,3.142,Control (random ori)
2345.2999999999884,2345.6429999949883,2.3561945,118.0,0.342999995,360.0,0.0,0.0,1.0,0.0399999991,2.0,2.356,Control (random ori)
2346.0,2346.342999995,3.53429174,118.0,0.342999995,360.0,0.0,0.0,1.0,0.0399999991,2.0,3.534,Control (random ori)
2346.699999999997,2347.042999994997,1.57079637,118.0,0.342999995,360.0,0.0,0.0,1.0,0.0399999991,2.0,1.571,Control (random ori)
2347.399999999994,2347.742999994994,3.14159274,118.0,0.342999995,360.0,0.0,0.0,1.0,0.0399999991,2.0,3.142,Control (random ori)
2348.0999999999913,2348.442999994991,4.49422264,118.0,0.342999995,360.0,0.0,0.0,1.0,0.0399999991,2.0,4.494,Control (random ori)
2348.7999999999884,2349.1429999949883,5.89048624,118.0,0.342999995,360.0,0.0,0.0,1.0,0.0399999991,2.0,5.89,Control (random ori)
2349.5,2349.842999995,5.89048624,118.0,0.342999995,360.0,0.0,0.0,1.0,0.0399999991,2.0,5.89,Control (random ori)
2350.199999999997,2350.542999994997,1.96349537,118.0,0.342999995,360.0,0.0,0.0,1.0,0.0399999991,2.0,1.963,Control (random ori)
2350.899999999994,2351.242999994994,2.3561945,118.0,0.342999995,360.0,0.0,0.0,1.0,0.0399999991,2.0,2.356,Control (random ori)
2351.5999999999913,2351.942999994991,4.71238899,118.0,0.342999995,360.0,0.0,0.0,1.0,0.0399999991,2.0,4.712,Control (random ori)
2352.300031999999,2352.643031994999,0.392699093,118.0,0.342999995,360.0,0.0,0.0,1.0,0.0399999991,2.0,0.393,Control (random ori)
2353.0,2353.342999995,0.0,118.0,0.342999995,360.0,0.0,0.0,1.0,0.0399999991,2.0,0.0,Control (random ori)
2353.699999999997,2354.042999994997,3.92699075,118.0,0.342999995,360.0,0.0,0.0,1.0,0.0399999991,2.0,3.927,Control (random ori)
2354.399999999994,2354.742999994994,3.53429174,118.0,0.342999995,360.0,0.0,0.0,1.0,0.0399999991,2.0,3.534,Control (random ori)
2355.0999999999913,2355.442999994991,3.14159274,118.0,0.342999995,360.0,0.0,0.0,1.0,0.0399999991,2.0,3.142,Control (random ori)
2355.7999999999884,2356.1429999949883,1.57079637,118.0,0.342999995,360.0,0.0,0.0,1.0,0.0399999991,2.0,1.571,Control (random ori)
2356.5,2356.842999995,5.89048624,118.0,0.342999995,360.0,0.0,0.0,1.0,0.0399999991,2.0,5.89,Control (random ori)
2357.199999999997,2357.542999994997,5.497787,118.0,0.342999995,360.0,0.0,0.0,1.0,0.0399999991,2.0,5.498,Control (random ori)
2357.899999999994,2358.242999994994,1.17809725,118.0,0.342999995,360.0,0.0,0.0,1.0,0.0399999991,2.0,1.178,Control (random ori)
2358.5999999999913,2358.942999994991,3.92699075,118.0,0.342999995,360.0,0.0,0.0,1.0,0.0399999991,2.0,3.927,Control (random ori)
2359.2999999999884,2359.6429999949883,1.57079637,118.0,0.342999995,360.0,0.0,0.0,1.0,0.0399999991,2.0,1.571,Control (random ori)
2360.0,2360.342999995,0.785398185,-1.0,0.342999995,360.0,0.0,0.0,1.0,0.0399999991,2.0,0.785,Control (random ori)
2360.699999999997,2361.042999994997,0.785398185,119.0,0.342999995,360.0,0.0,0.0,1.0,0.0399999991,2.0,0.785,Control (random ori)
2361.399999999994,2361.742999994994,3.14159274,119.0,0.342999995,360.0,0.0,0.0,1.0,0.0399999991,2.0,3.142,Control (random ori)
2362.0999999999913,2362.442999994991,0.0,119.0,0.342999995,360.0,0.0,0.0,1.0,0.0399999991,2.0,0.0,Control (random ori)
2362.7999999999884,2363.1429999949883,3.53429174,119.0,0.342999995,360.0,0.0,0.0,1.0,0.0399999991,2.0,3.534,Control (random ori)
2363.5,2363.842999995,1.96349537,119.0,0.342999995,360.0,0.0,0.0,1.0,0.0399999991,2.0,1.963,Control (random ori)
2364.199999999997,2364.542999994997,0.785398185,119.0,0.342999995,360.0,0.0,0.0,1.0,0.0399999991,2.0,0.785,Control (random ori)
2364.899999999994,2365.242999994994,1.96349537,119.0,0.342999995,360.0,0.0,0.0,1.0,0.0399999991,2.0,1.963,Control (random ori)
2365.5999999999913,2365.942999994991,2.7488935,119.0,0.342999995,360.0,0.0,0.0,1.0,0.0399999991,2.0,2.749,Control (random ori)
2366.2999999999884,2366.6429999949883,1.17809725,119.0,0.342999995,360.0,0.0,0.0,1.0,0.0399999991,2.0,1.178,Control (random ori)
2367.0,2367.342999995,4.71238899,119.0,0.342999995,360.0,0.0,0.0,1.0,0.0399999991,2.0,4.712,Control (random ori)
2367.699999999997,2368.042999994997,4.71238899,119.0,0.342999995,360.0,0.0,0.0,1.0,0.0399999991,2.0,4.712,Control (random ori)
2368.399999999994,2368.742999994994,3.53429174,119.0,0.342999995,360.0,0.0,0.0,1.0,0.0399999991,2.0,3.534,Control (random ori)
2369.0999999999913,2369.442999994991,1.96349537,119.0,0.342999995,360.0,0.0,0.0,1.0,0.0399999991,2.0,1.963,Control (random ori)
2369.7999999999884,2370.1429999949883,0.0,119.0,0.342999995,360.0,0.0,0.0,1.0,0.0399999991,2.0,0.0,Control (random ori)
2370.5,2370.842999995,5.10508823,119.0,0.342999995,360.0,0.0,0.0,1.0,0.0399999991,2.0,5.105,Control (random ori)
2371.199999999997,2371.542999994997,1.96349537,119.0,0.342999995,360.0,0.0,0.0,1.0,0.0399999991,2.0,1.963,Control (random ori)
2371.899999999994,2372.242999994994,3.92699075,119.0,0.342999995,360.0,0.0,0.0,1.0,0.0399999991,2.0,3.927,Control (random ori)
2372.5999999999913,2372.942999994991,1.17809725,119.0,0.342999995,360.0,0.0,0.0,1.0,0.0399999991,2.0,1.178,Control (random ori)
2373.2999999999884,2373.6429999949883,5.497787,119.0,0.342999995,360.0,0.0,0.0,1.0,0.0399999991,2.0,5.498,Control (random ori)
2374.0,2374.342999995,0.392699093,119.0,0.342999995,360.0,0.0,0.0,1.0,0.0399999991,2.0,0.393,Control (random ori)
2374.699999999997,2375.042999994997,1.17809725,119.0,0.342999995,360.0,0.0,0.0,1.0,0.0399999991,2.0,1.178,Control (random ori)
2375.399999999994,2375.742999994994,3.14159274,119.0,0.342999995,360.0,0.0,0.0,1.0,0.0399999991,2.0,3.142,Control (random ori)
2376.0999999999913,2376.442999994991,5.89048624,119.0,0.342999995,360.0,0.0,0.0,1.0,0.0399999991,2.0,5.89,Control (random ori)
2376.7999999999884,2377.1429999949883,5.497787,119.0,0.342999995,360.0,0.0,0.0,1.0,0.0399999991,2.0,5.498,Control (random ori)
2377.5,2377.842999995,3.14159274,119.0,0.342999995,360.0,0.0,0.0,1.0,0.0399999991,2.0,3.142,Control (random ori)
2378.199999999997,2378.542999994997,3.14159274,119.0,0.342999995,360.0,0.0,0.0,1.0,0.0399999991,2.0,3.142,Control (random ori)
2378.899999999994,2379.242999994994,0.392699093,119.0,0.342999995,360.0,0.0,0.0,1.0,0.0399999991,2.0,0.393,Control (random ori)
2379.5999999999913,2379.942999994991,1.96349537,-1.0,0.342999995,360.0,0.0,0.0,1.0,0.0399999991,2.0,1.963,Control (random ori)
2380.2999999999884,2380.6429999949883,3.92699075,120.0,0.342999995,360.0,0.0,0.0,1.0,0.0399999991,2.0,3.927,Control (random ori)
2381.0,2381.342999995,1.57079637,120.0,0.342999995,360.0,0.0,0.0,1.0,0.0399999991,2.0,1.571,Control (random ori)
2381.699999999997,2382.042999994997,5.10508823,120.0,0.342999995,360.0,0.0,0.0,1.0,0.0399999991,2.0,5.105,Control (random ori)
2382.399999999994,2382.742999994994,3.92699075,120.0,0.342999995,360.0,0.0,0.0,1.0,0.0399999991,2.0,3.927,Control (random ori)
2383.0999999999913,2383.442999994991,5.10508823,120.0,0.342999995,360.0,0.0,0.0,1.0,0.0399999991,2.0,5.105,Control (random ori)
2383.7999999999884,2384.1429999949883,3.14159274,120.0,0.342999995,360.0,0.0,0.0,1.0,0.0399999991,2.0,3.142,Control (random ori)
2384.5,2384.842999995,4.71238899,120.0,0.342999995,360.0,0.0,0.0,1.0,0.0399999991,2.0,4.712,Control (random ori)
2385.199999999997,2385.542999994997,4.71238899,120.0,0.342999995,360.0,0.0,0.0,1.0,0.0399999991,2.0,4.712,Control (random ori)
2385.899999999994,2386.242999994994,0.0,120.0,0.342999995,360.0,0.0,0.0,1.0,0.0399999991,2.0,0.0,Control (random ori)
2386.5999999999913,2386.942999994991,3.14159274,120.0,0.342999995,360.0,0.0,0.0,1.0,0.0399999991,2.0,3.142,Control (random ori)
2387.2999999999884,2387.6429999949883,4.71238899,120.0,0.342999995,360.0,0.0,0.0,1.0,0.0399999991,2.0,4.712,Control (random ori)
2388.0,2388.342999995,4.71238899,120.0,0.342999995,360.0,0.0,0.0,1.0,0.0399999991,2.0,4.712,Control (random ori)
2388.699999999997,2389.042999994997,2.3561945,120.0,0.342999995,360.0,0.0,0.0,1.0,0.0399999991,2.0,2.356,Control (random ori)
2389.399999999994,2389.742999994994,3.92699075,120.0,0.342999995,360.0,0.0,0.0,1.0,0.0399999991,2.0,3.927,Control (random ori)
2390.0999999999913,2390.442999994991,2.3561945,120.0,0.342999995,360.0,0.0,0.0,1.0,0.0399999991,2.0,2.356,Control (random ori)
2390.7999999999884,2391.1429999949883,0.392699093,120.0,0.342999995,360.0,0.0,0.0,1.0,0.0399999991,2.0,0.393,Control (random ori)
2391.5,2391.842999995,2.7488935,120.0,0.342999995,360.0,0.0,0.0,1.0,0.0399999991,2.0,2.749,Control (random ori)
2392.199999999997,2392.542999994997,1.17809725,120.0,0.342999995,360.0,0.0,0.0,1.0,0.0399999991,2.0,1.178,Control (random ori)
2392.899999999994,2393.242999994994,2.3561945,120.0,0.342999995,360.0,0.0,0.0,1.0,0.0399999991,2.0,2.356,Control (random ori)
2393.5999999999913,2393.942999994991,3.14159274,120.0,0.342999995,360.0,0.0,0.0,1.0,0.0399999991,2.0,3.142,Control (random ori)
2394.2999999999884,2394.6429999949883,1.17809725,120.0,0.342999995,360.0,0.0,0.0,1.0,0.0399999991,2.0,1.178,Control (random ori)
2395.0,2395.342999995,5.10508823,120.0,0.342999995,360.0,0.0,0.0,1.0,0.0399999991,2.0,5.105,Control (random ori)
2395.699999999997,2396.042999994997,0.785398185,120.0,0.342999995,360.0,0.0,0.0,1.0,0.0399999991,2.0,0.785,Control (random ori)
2396.399999999994,2396.742999994994,1.96349537,120.0,0.342999995,360.0,0.0,0.0,1.0,0.0399999991,2.0,1.963,Control (random ori)
2397.0999999999913,2397.442999994991,1.96349537,120.0,0.342999995,360.0,0.0,0.0,1.0,0.0399999991,2.0,1.963,Control (random ori)
2397.7999999999884,2398.1429999949883,0.392699093,120.0,0.342999995,360.0,0.0,0.0,1.0,0.0399999991,2.0,0.393,Control (random ori)
2398.5,2398.842999995,0.392699093,120.0,0.342999995,360.0,0.0,0.0,1.0,0.0399999991,2.0,0.393,Control (random ori)
2399.199999999997,2399.542999994997,1.96349537,120.0,0.342999995,360.0,0.0,0.0,1.0,0.0399999991,2.0,1.963,Control (random ori)
2399.899999999994,2400.242999994994,5.497787,-1.0,0.342999995,360.0,0.0,0.0,1.0,0.0399999991,2.0,5.498,Control (random ori)
2400.5999999999913,2400.942999994991,4.71238899,121.0,0.342999995,360.0,0.0,0.0,1.0,0.0399999991,2.0,4.712,Control (random ori)
2401.2999999999884,2401.6429999949883,5.497787,121.0,0.342999995,360.0,0.0,0.0,1.0,0.0399999991,2.0,5.498,Control (random ori)
2402.0,2402.342999995,3.92699075,121.0,0.342999995,360.0,0.0,0.0,1.0,0.0399999991,2.0,3.927,Control (random ori)
2402.7000319999934,2403.0430319949933,3.14159274,121.0,0.342999995,360.0,0.0,0.0,1.0,0.0399999991,2.0,3.142,Control (random ori)
2403.399999999994,2403.742999994994,1.57079637,121.0,0.342999995,360.0,0.0,0.0,1.0,0.0399999991,2.0,1.571,Control (random ori)
2404.0999999999913,2404.442999994991,2.7488935,121.0,0.342999995,360.0,0.0,0.0,1.0,0.0399999991,2.0,2.749,Control (random ori)
2404.7999999999884,2405.1429999949883,0.785398185,121.0,0.342999995,360.0,0.0,0.0,1.0,0.0399999991,2.0,0.785,Control (random ori)
2405.5,2405.842999995,3.92699075,121.0,0.342999995,360.0,0.0,0.0,1.0,0.0399999991,2.0,3.927,Control (random ori)
2406.199999999997,2406.542999994997,1.96349537,121.0,0.342999995,360.0,0.0,0.0,1.0,0.0399999991,2.0,1.963,Control (random ori)
2406.9000319999905,2407.2430319949904,2.7488935,121.0,0.342999995,360.0,0.0,0.0,1.0,0.0399999991,2.0,2.749,Control (random ori)
2407.5999999999913,2407.942999994991,3.14159274,121.0,0.342999995,360.0,0.0,0.0,1.0,0.0399999991,2.0,3.142,Control (random ori)
2408.2999999999884,2408.6429999949883,0.0,121.0,0.342999995,360.0,0.0,0.0,1.0,0.0399999991,2.0,0.0,Control (random ori)
2409.0,2409.342999995,0.392699093,121.0,0.342999995,360.0,0.0,0.0,1.0,0.0399999991,2.0,0.393,Control (random ori)
2409.699999999997,2410.042999994997,0.785398185,121.0,0.342999995,360.0,0.0,0.0,1.0,0.0399999991,2.0,0.785,Control (random ori)
2410.399999999994,2410.742999994994,3.92699075,121.0,0.342999995,360.0,0.0,0.0,1.0,0.0399999991,2.0,3.927,Control (random ori)
2411.0999999999913,2411.442999994991,5.497787,121.0,0.342999995,360.0,0.0,0.0,1.0,0.0399999991,2.0,5.498,Control (random ori)
2411.7999999999884,2412.1429999949883,2.7488935,121.0,0.342999995,360.0,0.0,0.0,1.0,0.0399999991,2.0,2.749,Control (random ori)
2412.5,2412.842999995,5.497787,121.0,0.342999995,360.0,0.0,0.0,1.0,0.0399999991,2.0,5.498,Control (random ori)
2413.199999999997,2413.542999994997,1.57079637,121.0,0.342999995,360.0,0.0,0.0,1.0,0.0399999991,2.0,1.571,Control (random ori)
2413.899999999994,2414.242999994994,4.49422264,121.0,0.342999995,360.0,0.0,0.0,1.0,0.0399999991,2.0,4.494,Control (random ori)
2414.5999999999913,2414.942999994991,3.53429174,121.0,0.342999995,360.0,0.0,0.0,1.0,0.0399999991,2.0,3.534,Control (random ori)
2415.2999999999884,2415.6429999949883,2.7488935,121.0,0.342999995,360.0,0.0,0.0,1.0,0.0399999991,2.0,2.749,Control (random ori)
2416.0,2416.342999995,0.785398185,121.0,0.342999995,360.0,0.0,0.0,1.0,0.0399999991,2.0,0.785,Control (random ori)
2416.699999999997,2417.042999994997,0.392699093,121.0,0.342999995,360.0,0.0,0.0,1.0,0.0399999991,2.0,0.393,Control (random ori)
2417.399999999994,2417.742999994994,3.53429174,121.0,0.342999995,360.0,0.0,0.0,1.0,0.0399999991,2.0,3.534,Control (random ori)
2418.0999999999913,2418.442999994991,0.785398185,121.0,0.342999995,360.0,0.0,0.0,1.0,0.0399999991,2.0,0.785,Control (random ori)
2418.7999999999884,2419.1429999949883,2.7488935,121.0,0.342999995,360.0,0.0,0.0,1.0,0.0399999991,2.0,2.749,Control (random ori)
2419.5,2419.842999995,0.0,-1.0,0.342999995,360.0,0.0,0.0,1.0,0.0399999991,2.0,0.0,Control (random ori)
2420.199999999997,2420.542999994997,4.49422264,122.0,0.342999995,360.0,0.0,0.0,1.0,0.0399999991,2.0,4.494,Control (random ori)
2420.899999999994,2421.242999994994,4.49422264,122.0,0.342999995,360.0,0.0,0.0,1.0,0.0399999991,2.0,4.494,Control (random ori)
2421.5999999999913,2421.942999994991,0.392699093,122.0,0.342999995,360.0,0.0,0.0,1.0,0.0399999991,2.0,0.393,Control (random ori)
2422.2999999999884,2422.6429999949883,3.92699075,122.0,0.342999995,360.0,0.0,0.0,1.0,0.0399999991,2.0,3.927,Control (random ori)
2423.0,2423.342999995,4.49422264,122.0,0.342999995,360.0,0.0,0.0,1.0,0.0399999991,2.0,4.494,Control (random ori)
2423.699999999997,2424.042999994997,4.71238899,122.0,0.342999995,360.0,0.0,0.0,1.0,0.0399999991,2.0,4.712,Control (random ori)
2424.399999999994,2424.742999994994,0.785398185,122.0,0.342999995,360.0,0.0,0.0,1.0,0.0399999991,2.0,0.785,Control (random ori)
2425.0999999999913,2425.442999994991,5.10508823,122.0,0.342999995,360.0,0.0,0.0,1.0,0.0399999991,2.0,5.105,Control (random ori)
2425.7999999999884,2426.1429999949883,5.89048624,122.0,0.342999995,360.0,0.0,0.0,1.0,0.0399999991,2.0,5.89,Control (random ori)
2426.5,2426.842999995,0.392699093,122.0,0.342999995,360.0,0.0,0.0,1.0,0.0399999991,2.0,0.393,Control (random ori)
2427.199999999997,2427.542999994997,4.71238899,122.0,0.342999995,360.0,0.0,0.0,1.0,0.0399999991,2.0,4.712,Control (random ori)
2427.899999999994,2428.242999994994,5.10508823,122.0,0.342999995,360.0,0.0,0.0,1.0,0.0399999991,2.0,5.105,Control (random ori)
2428.5999999999913,2428.942999994991,1.17809725,122.0,0.342999995,360.0,0.0,0.0,1.0,0.0399999991,2.0,1.178,Control (random ori)
2429.2999999999884,2429.6429999949883,3.53429174,122.0,0.342999995,360.0,0.0,0.0,1.0,0.0399999991,2.0,3.534,Control (random ori)
2430.0,2430.342999995,0.785398185,122.0,0.342999995,360.0,0.0,0.0,1.0,0.0399999991,2.0,0.785,Control (random ori)
2430.699999999997,2431.042999994997,3.53429174,122.0,0.342999995,360.0,0.0,0.0,1.0,0.0399999991,2.0,3.534,Control (random ori)
2431.4009919999953,2431.743991994995,1.57079637,122.0,0.342999995,360.0,0.0,0.0,1.0,0.0399999991,2.0,1.571,Control (random ori)
2432.0999999999913,2432.442999994991,1.57079637,122.0,0.342999995,360.0,0.0,0.0,1.0,0.0399999991,2.0,1.571,Control (random ori)
2432.7999999999884,2433.1429999949883,3.53429174,122.0,0.342999995,360.0,0.0,0.0,1.0,0.0399999991,2.0,3.534,Control (random ori)
2433.5,2433.842999995,5.10508823,122.0,0.342999995,360.0,0.0,0.0,1.0,0.0399999991,2.0,5.105,Control (random ori)
2434.199999999997,2434.542999994997,3.53429174,122.0,0.342999995,360.0,0.0,0.0,1.0,0.0399999991,2.0,3.534,Control (random ori)
2434.899999999994,2435.242999994994,5.497787,122.0,0.342999995,360.0,0.0,0.0,1.0,0.0399999991,2.0,5.498,Control (random ori)
2435.5999999999913,2435.942999994991,0.0,122.0,0.342999995,360.0,0.0,0.0,1.0,0.0399999991,2.0,0.0,Control (random ori)
2436.2999999999884,2436.6429999949883,5.89048624,122.0,0.342999995,360.0,0.0,0.0,1.0,0.0399999991,2.0,5.89,Control (random ori)
2437.0,2437.342999995,1.96349537,122.0,0.342999995,360.0,0.0,0.0,1.0,0.0399999991,2.0,1.963,Control (random ori)
2437.699999999997,2438.042999994997,2.7488935,122.0,0.342999995,360.0,0.0,0.0,1.0,0.0399999991,2.0,2.749,Control (random ori)
2438.399999999994,2438.742999994994,0.0,122.0,0.342999995,360.0,0.0,0.0,1.0,0.0399999991,2.0,0.0,Control (random ori)
2439.0999999999913,2439.442999994991,1.57079637,122.0,0.342999995,360.0,0.0,0.0,1.0,0.0399999991,2.0,1.571,Control (random ori)
2439.7999999999884,2440.1429999949883,2.7488935,-1.0,0.342999995,360.0,0.0,0.0,1.0,0.0399999991,2.0,2.749,Control (random ori)
2440.5,2440.842999995,1.17809725,123.0,0.342999995,360.0,0.0,0.0,1.0,0.0399999991,2.0,1.178,Control (random ori)
2441.199999999997,2441.542999994997,1.17809725,123.0,0.342999995,360.0,0.0,0.0,1.0,0.0399999991,2.0,1.178,Control (random ori)
2441.899999999994,2442.242999994994,0.785398185,123.0,0.342999995,360.0,0.0,0.0,1.0,0.0399999991,2.0,0.785,Control (random ori)
2442.5999999999913,2442.942999994991,5.497787,123.0,0.342999995,360.0,0.0,0.0,1.0,0.0399999991,2.0,5.498,Control (random ori)
2443.2999999999884,2443.6429999949883,5.10508823,123.0,0.342999995,360.0,0.0,0.0,1.0,0.0399999991,2.0,5.105,Control (random ori)
2444.0,2444.342999995,5.10508823,123.0,0.342999995,360.0,0.0,0.0,1.0,0.0399999991,2.0,5.105,Control (random ori)
2444.699999999997,2445.042999994997,5.497787,123.0,0.342999995,360.0,0.0,0.0,1.0,0.0399999991,2.0,5.498,Control (random ori)
2445.399999999994,2445.742999994994,0.392699093,123.0,0.342999995,360.0,0.0,0.0,1.0,0.0399999991,2.0,0.393,Control (random ori)
2446.0999999999913,2446.442999994991,1.17809725,123.0,0.342999995,360.0,0.0,0.0,1.0,0.0399999991,2.0,1.178,Control (random ori)
2446.7999999999884,2447.1429999949883,5.10508823,123.0,0.342999995,360.0,0.0,0.0,1.0,0.0399999991,2.0,5.105,Control (random ori)
2447.5,2447.842999995,2.7488935,123.0,0.342999995,360.0,0.0,0.0,1.0,0.0399999991,2.0,2.749,Control (random ori)
2448.199999999997,2448.542999994997,0.785398185,123.0,0.342999995,360.0,0.0,0.0,1.0,0.0399999991,2.0,0.785,Control (random ori)
2448.899999999994,2449.242999994994,2.7488935,123.0,0.342999995,360.0,0.0,0.0,1.0,0.0399999991,2.0,2.749,Control (random ori)
2449.5999999999913,2449.942999994991,1.17809725,123.0,0.342999995,360.0,0.0,0.0,1.0,0.0399999991,2.0,1.178,Control (random ori)
2450.2999999999884,2450.6429999949883,4.71238899,123.0,0.342999995,360.0,0.0,0.0,1.0,0.0399999991,2.0,4.712,Control (random ori)
2451.0,2451.342999995,1.17809725,123.0,0.342999995,360.0,0.0,0.0,1.0,0.0399999991,2.0,1.178,Control (random ori)
2451.699999999997,2452.042999994997,3.53429174,123.0,0.342999995,360.0,0.0,0.0,1.0,0.0399999991,2.0,3.534,Control (random ori)
2452.399999999994,2452.742999994994,5.10508823,123.0,0.342999995,360.0,0.0,0.0,1.0,0.0399999991,2.0,5.105,Control (random ori)
2453.0999999999913,2453.442999994991,0.392699093,123.0,0.342999995,360.0,0.0,0.0,1.0,0.0399999991,2.0,0.393,Control (random ori)
2453.7999999999884,2454.1429999949883,1.57079637,123.0,0.342999995,360.0,0.0,0.0,1.0,0.0399999991,2.0,1.571,Control (random ori)
2454.5,2454.842999995,0.785398185,123.0,0.342999995,360.0,0.0,0.0,1.0,0.0399999991,2.0,0.785,Control (random ori)
2455.199999999997,2455.542999994997,3.92699075,123.0,0.342999995,360.0,0.0,0.0,1.0,0.0399999991,2.0,3.927,Control (random ori)
2455.899999999994,2456.242999994994,0.0,123.0,0.342999995,360.0,0.0,0.0,1.0,0.0399999991,2.0,0.0,Control (random ori)
2456.5999999999913,2456.942999994991,0.392699093,123.0,0.342999995,360.0,0.0,0.0,1.0,0.0399999991,2.0,0.393,Control (random ori)
2457.2999999999884,2457.6429999949883,3.92699075,123.0,0.342999995,360.0,0.0,0.0,1.0,0.0399999991,2.0,3.927,Control (random ori)
2458.0000319999963,2458.343031994996,2.7488935,123.0,0.342999995,360.0,0.0,0.0,1.0,0.0399999991,2.0,2.749,Control (random ori)
2458.699999999997,2459.042999994997,0.0,123.0,0.342999995,360.0,0.0,0.0,1.0,0.0399999991,2.0,0.0,Control (random ori)
2459.399999999994,2459.742999994994,2.7488935,123.0,0.342999995,360.0,0.0,0.0,1.0,0.0399999991,2.0,2.749,Control (random ori)
2460.0999999999913,2460.442999994991,1.17809725,124.0,0.342999995,360.0,0.0,0.0,1.0,0.0399999991,2.0,1.178,Control (random ori)
2460.7999999999884,2461.1429999949883,3.14159274,124.0,0.342999995,360.0,0.0,0.0,1.0,0.0399999991,2.0,3.142,Control (random ori)
2461.5,2461.842999995,1.96349537,124.0,0.342999995,360.0,0.0,0.0,1.0,0.0399999991,2.0,1.963,Control (random ori)
2462.2000319999934,2462.5430319949933,1.57079637,124.0,0.342999995,360.0,0.0,0.0,1.0,0.0399999991,2.0,1.571,Control (random ori)
2462.899999999994,2463.242999994994,5.89048624,124.0,0.342999995,360.0,0.0,0.0,1.0,0.0399999991,2.0,5.89,Control (random ori)
2463.5999999999913,2463.942999994991,1.96349537,124.0,0.342999995,360.0,0.0,0.0,1.0,0.0399999991,2.0,1.963,Control (random ori)
2464.2999999999884,2464.6429999949883,4.49422264,124.0,0.342999995,360.0,0.0,0.0,1.0,0.0399999991,2.0,4.494,Control (random ori)
2465.0,2465.342999995,3.14159274,124.0,0.342999995,360.0,0.0,0.0,1.0,0.0399999991,2.0,3.142,Control (random ori)
2465.699999999997,2466.042999994997,0.0,124.0,0.342999995,360.0,0.0,0.0,1.0,0.0399999991,2.0,0.0,Control (random ori)
2466.399999999994,2466.742999994994,5.89048624,124.0,0.342999995,360.0,0.0,0.0,1.0,0.0399999991,2.0,5.89,Control (random ori)
2467.0999999999913,2467.442999994991,2.7488935,124.0,0.342999995,360.0,0.0,0.0,1.0,0.0399999991,2.0,2.749,Control (random ori)
2467.7999999999884,2468.1429999949883,4.71238899,124.0,0.342999995,360.0,0.0,0.0,1.0,0.0399999991,2.0,4.712,Control (random ori)
2468.5,2468.842999995,1.57079637,124.0,0.342999995,360.0,0.0,0.0,1.0,0.0399999991,2.0,1.571,Control (random ori)
2469.199999999997,2469.542999994997,3.92699075,124.0,0.342999995,360.0,0.0,0.0,1.0,0.0399999991,2.0,3.927,Control (random ori)
2469.899999999994,2470.242999994994,0.392699093,124.0,0.342999995,360.0,0.0,0.0,1.0,0.0399999991,2.0,0.393,Control (random ori)
2470.5999999999913,2470.942999994991,3.14159274,124.0,0.342999995,360.0,0.0,0.0,1.0,0.0399999991,2.0,3.142,Control (random ori)
2471.2999999999884,2471.6429999949883,3.92699075,124.0,0.342999995,360.0,0.0,0.0,1.0,0.0399999991,2.0,3.927,Control (random ori)
2472.0,2472.342999995,2.3561945,124.0,0.342999995,360.0,0.0,0.0,1.0,0.0399999991,2.0,2.356,Control (random ori)
2472.699999999997,2473.042999994997,4.49422264,124.0,0.342999995,360.0,0.0,0.0,1.0,0.0399999991,2.0,4.494,Control (random ori)
2473.399999999994,2473.742999994994,1.17809725,124.0,0.342999995,360.0,0.0,0.0,1.0,0.0399999991,2.0,1.178,Control (random ori)
2474.0999999999913,2474.442999994991,3.14159274,124.0,0.342999995,360.0,0.0,0.0,1.0,0.0399999991,2.0,3.142,Control (random ori)
2474.7999999999884,2475.1429999949883,5.497787,124.0,0.342999995,360.0,0.0,0.0,1.0,0.0399999991,2.0,5.498,Control (random ori)
2475.5,2475.842999995,5.89048624,124.0,0.342999995,360.0,0.0,0.0,1.0,0.0399999991,2.0,5.89,Control (random ori)
2476.199999999997,2476.542999994997,4.71238899,124.0,0.342999995,360.0,0.0,0.0,1.0,0.0399999991,2.0,4.712,Control (random ori)
2476.899999999994,2477.242999994994,0.392699093,124.0,0.342999995,360.0,0.0,0.0,1.0,0.0399999991,2.0,0.393,Control (random ori)
2477.6009919999924,2477.9439919949923,5.89048624,124.0,0.342999995,360.0,0.0,0.0,1.0,0.0399999991,2.0,5.89,Control (random ori)
2478.2999999999884,2478.6429999949883,5.497787,124.0,0.342999995,360.0,0.0,0.0,1.0,0.0399999991,2.0,5.498,Control (random ori)
2479.0,2479.342999995,0.392699093,124.0,0.342999995,360.0,0.0,0.0,1.0,0.0399999991,2.0,0.393,Control (random ori)
2479.700991999998,2480.043991994998,3.14159274,-1.0,0.342999995,360.0,0.0,0.0,1.0,0.0399999991,2.0,3.142,Control (random ori)
2480.4009919999953,2480.743991994995,5.89048624,125.0,0.342999995,360.0,0.0,0.0,1.0,0.0399999991,2.0,5.89,Control (random ori)
2481.1009919999924,2481.4439919949923,3.92699075,125.0,0.342999995,360.0,0.0,0.0,1.0,0.0399999991,2.0,3.927,Control (random ori)
2481.8009919999895,2482.1439919949894,5.10508823,125.0,0.342999995,360.0,0.0,0.0,1.0,0.0399999991,2.0,5.105,Control (random ori)
2482.5009919999866,2482.8439919949865,5.497787,125.0,0.342999995,360.0,0.0,0.0,1.0,0.0399999991,2.0,5.498,Control (random ori)
2483.200991999998,2483.543991994998,3.92699075,125.0,0.342999995,360.0,0.0,0.0,1.0,0.0399999991,2.0,3.927,Control (random ori)
2483.9009919999953,2484.243991994995,4.71238899,125.0,0.342999995,360.0,0.0,0.0,1.0,0.0399999991,2.0,4.712,Control (random ori)
2484.6009919999924,2484.9439919949923,1.17809725,125.0,0.342999995,360.0,0.0,0.0,1.0,0.0399999991,2.0,1.178,Control (random ori)
2485.3009919999895,2485.6439919949894,2.7488935,125.0,0.342999995,360.0,0.0,0.0,1.0,0.0399999991,2.0,2.749,Control (random ori)
2486.0009919999866,2486.3439919949865,3.53429174,125.0,0.342999995,360.0,0.0,0.0,1.0,0.0399999991,2.0,3.534,Control (random ori)
2486.700991999998,2487.043991994998,1.96349537,125.0,0.342999995,360.0,0.0,0.0,1.0,0.0399999991,2.0,1.963,Control (random ori)
2487.4009919999953,2487.743991994995,3.92699075,125.0,0.342999995,360.0,0.0,0.0,1.0,0.0399999991,2.0,3.927,Control (random ori)
2488.1009919999924,2488.4439919949923,4.71238899,125.0,0.342999995,360.0,0.0,0.0,1.0,0.0399999991,2.0,4.712,Control (random ori)
2488.8009919999895,2489.1439919949894,5.497787,125.0,0.342999995,360.0,0.0,0.0,1.0,0.0399999991,2.0,5.498,Control (random ori)
2489.5009919999866,2489.8439919949865,4.71238899,125.0,0.342999995,360.0,0.0,0.0,1.0,0.0399999991,2.0,4.712,Control (random ori)
2490.2010239999945,2490.5440239949944,3.14159274,125.0,0.342999995,360.0,0.0,0.0,1.0,0.0399999991,2.0,3.142,Control (random ori)
2490.9009919999953,2491.243991994995,5.10508823,125.0,0.342999995,360.0,0.0,0.0,1.0,0.0399999991,2.0,5.105,Control (random ori)
2491.6009919999924,2491.9439919949923,5.89048624,125.0,0.342999995,360.0,0.0,0.0,1.0,0.0399999991,2.0,5.89,Control (random ori)
2492.3009919999895,2492.6439919949894,1.17809725,125.0,0.342999995,360.0,0.0,0.0,1.0,0.0399999991,2.0,1.178,Control (random ori)
2493.0009919999866,2493.3439919949865,0.785398185,125.0,0.342999995,360.0,0.0,0.0,1.0,0.0399999991,2.0,0.785,Control (random ori)
2493.700991999998,2494.043991994998,1.96349537,125.0,0.342999995,360.0,0.0,0.0,1.0,0.0399999991,2.0,1.963,Control (random ori)
2494.4009919999953,2494.743991994995,5.89048624,125.0,0.342999995,360.0,0.0,0.0,1.0,0.0399999991,2.0,5.89,Control (random ori)
2495.1009919999924,2495.4439919949923,2.3561945,125.0,0.342999995,360.0,0.0,0.0,1.0,0.0399999991,2.0,2.356,Control (random ori)
2495.8009919999895,2496.1439919949894,1.17809725,125.0,0.342999995,360.0,0.0,0.0,1.0,0.0399999991,2.0,1.178,Control (random ori)
2496.5009919999866,2496.8439919949865,5.497787,125.0,0.342999995,360.0,0.0,0.0,1.0,0.0399999991,2.0,5.498,Control (random ori)
2497.200991999998,2497.543991994998,0.785398185,125.0,0.342999995,360.0,0.0,0.0,1.0,0.0399999991,2.0,0.785,Control (random ori)
2497.9009919999953,2498.243991994995,1.57079637,125.0,0.342999995,360.0,0.0,0.0,1.0,0.0399999991,2.0,1.571,Control (random ori)
2498.6009919999924,2498.9439919949923,3.53429174,125.0,0.342999995,360.0,0.0,0.0,1.0,0.0399999991,2.0,3.534,Control (random ori)
2499.3009919999895,2499.6439919949894,5.10508823,125.0,0.342999995,360.0,0.0,0.0,1.0,0.0399999991,2.0,5.105,Control (random ori)
2500.0009919999866,2500.3439919949865,2.3561945,-1.0,0.342999995,360.0,0.0,0.0,1.0,0.0399999991,2.0,2.356,Control (random ori)
2500.700991999998,2501.043991994998,3.14159274,126.0,0.342999995,360.0,0.0,0.0,1.0,0.0399999991,2.0,3.142,Control (random ori)
2501.4009919999953,2501.743991994995,0.392699093,126.0,0.342999995,360.0,0.0,0.0,1.0,0.0399999991,2.0,0.393,Control (random ori)
2502.1009919999924,2502.4439919949923,3.92699075,126.0,0.342999995,360.0,0.0,0.0,1.0,0.0399999991,2.0,3.927,Control (random ori)
2502.8009919999895,2503.1439919949894,0.785398185,126.0,0.342999995,360.0,0.0,0.0,1.0,0.0399999991,2.0,0.785,Control (random ori)
2503.5009919999866,2503.8439919949865,4.49422264,126.0,0.342999995,360.0,0.0,0.0,1.0,0.0399999991,2.0,4.494,Control (random ori)
2504.200991999998,2504.543991994998,3.53429174,126.0,0.342999995,360.0,0.0,0.0,1.0,0.0399999991,2.0,3.534,Control (random ori)
2504.9009919999953,2505.243991994995,3.53429174,126.0,0.342999995,360.0,0.0,0.0,1.0,0.0399999991,2.0,3.534,Control (random ori)
2505.6009919999924,2505.9439919949923,0.0,126.0,0.342999995,360.0,0.0,0.0,1.0,0.0399999991,2.0,0.0,Control (random ori)
2506.3009919999895,2506.6439919949894,2.7488935,126.0,0.342999995,360.0,0.0,0.0,1.0,0.0399999991,2.0,2.749,Control (random ori)
2507.0009919999866,2507.3439919949865,1.57079637,126.0,0.342999995,360.0,0.0,0.0,1.0,0.0399999991,2.0,1.571,Control (random ori)
2507.700991999998,2508.043991994998,5.497787,126.0,0.342999995,360.0,0.0,0.0,1.0,0.0399999991,2.0,5.498,Control (random ori)
2508.4009919999953,2508.743991994995,5.497787,126.0,0.342999995,360.0,0.0,0.0,1.0,0.0399999991,2.0,5.498,Control (random ori)
2509.1009919999924,2509.4439919949923,2.7488935,126.0,0.342999995,360.0,0.0,0.0,1.0,0.0399999991,2.0,2.749,Control (random ori)
2509.8009919999895,2510.1439919949894,4.71238899,126.0,0.342999995,360.0,0.0,0.0,1.0,0.0399999991,2.0,4.712,Control (random ori)
2510.5009919999866,2510.8439919949865,3.53429174,126.0,0.342999995,360.0,0.0,0.0,1.0,0.0399999991,2.0,3.534,Control (random ori)
2511.200991999998,2511.543991994998,4.71238899,126.0,0.342999995,360.0,0.0,0.0,1.0,0.0399999991,2.0,4.712,Control (random ori)
2511.9009919999953,2512.243991994995,3.14159274,126.0,0.342999995,360.0,0.0,0.0,1.0,0.0399999991,2.0,3.142,Control (random ori)
2512.6009919999924,2512.9439919949923,4.71238899,126.0,0.342999995,360.0,0.0,0.0,1.0,0.0399999991,2.0,4.712,Control (random ori)
2513.3009919999895,2513.6439919949894,3.53429174,126.0,0.342999995,360.0,0.0,0.0,1.0,0.0399999991,2.0,3.534,Control (random ori)
2514.0009919999866,2514.3439919949865,0.785398185,126.0,0.342999995,360.0,0.0,0.0,1.0,0.0399999991,2.0,0.785,Control (random ori)
2514.700991999998,2515.043991994998,0.392699093,126.0,0.342999995,360.0,0.0,0.0,1.0,0.0399999991,2.0,0.393,Control (random ori)
2515.4009919999953,2515.743991994995,3.14159274,126.0,0.342999995,360.0,0.0,0.0,1.0,0.0399999991,2.0,3.142,Control (random ori)
2516.1009919999924,2516.4439919949923,3.53429174,126.0,0.342999995,360.0,0.0,0.0,1.0,0.0399999991,2.0,3.534,Control (random ori)
2516.8009919999895,2517.1439919949894,1.17809725,126.0,0.342999995,360.0,0.0,0.0,1.0,0.0399999991,2.0,1.178,Control (random ori)
2517.5009919999866,2517.8439919949865,1.57079637,126.0,0.342999995,360.0,0.0,0.0,1.0,0.0399999991,2.0,1.571,Control (random ori)
2518.200991999998,2518.543991994998,0.785398185,126.0,0.342999995,360.0,0.0,0.0,1.0,0.0399999991,2.0,0.785,Control (random ori)
2518.9009919999953,2519.243991994995,0.785398185,126.0,0.342999995,360.0,0.0,0.0,1.0,0.0399999991,2.0,0.785,Control (random ori)
2519.6009919999924,2519.9439919949923,2.7488935,-1.0,0.342999995,360.0,0.0,0.0,1.0,0.0399999991,2.0,2.749,Control (random ori)
2520.3009919999895,2520.6439919949894,4.49422264,127.0,0.342999995,360.0,0.0,0.0,1.0,0.0399999991,2.0,4.494,Control (random ori)
2521.0009919999866,2521.3439919949865,1.57079637,127.0,0.342999995,360.0,0.0,0.0,1.0,0.0399999991,2.0,1.571,Control (random ori)
2521.700991999998,2522.043991994998,1.96349537,127.0,0.342999995,360.0,0.0,0.0,1.0,0.0399999991,2.0,1.963,Control (random ori)
2522.4009919999953,2522.743991994995,4.49422264,127.0,0.342999995,360.0,0.0,0.0,1.0,0.0399999991,2.0,4.494,Control (random ori)
2523.1009919999924,2523.4439919949923,1.96349537,127.0,0.342999995,360.0,0.0,0.0,1.0,0.0399999991,2.0,1.963,Control (random ori)
2523.8009919999895,2524.1439919949894,0.392699093,127.0,0.342999995,360.0,0.0,0.0,1.0,0.0399999991,2.0,0.393,Control (random ori)
2524.5009919999866,2524.8439919949865,2.7488935,127.0,0.342999995,360.0,0.0,0.0,1.0,0.0399999991,2.0,2.749,Control (random ori)
2525.200991999998,2525.543991994998,2.3561945,127.0,0.342999995,360.0,0.0,0.0,1.0,0.0399999991,2.0,2.356,Control (random ori)
2525.9009919999953,2526.243991994995,3.53429174,127.0,0.342999995,360.0,0.0,0.0,1.0,0.0399999991,2.0,3.534,Control (random ori)
2526.6009919999924,2526.9439919949923,3.92699075,127.0,0.342999995,360.0,0.0,0.0,1.0,0.0399999991,2.0,3.927,Control (random ori)
2527.3009919999895,2527.6439919949894,2.7488935,127.0,0.342999995,360.0,0.0,0.0,1.0,0.0399999991,2.0,2.749,Control (random ori)
2528.0009919999866,2528.3439919949865,1.96349537,127.0,0.342999995,360.0,0.0,0.0,1.0,0.0399999991,2.0,1.963,Control (random ori)
2528.700991999998,2529.043991994998,3.14159274,127.0,0.342999995,360.0,0.0,0.0,1.0,0.0399999991,2.0,3.142,Control (random ori)
2529.4009919999953,2529.743991994995,4.49422264,127.0,0.342999995,360.0,0.0,0.0,1.0,0.0399999991,2.0,4.494,Control (random ori)
2530.1009919999924,2530.4439919949923,2.3561945,127.0,0.342999995,360.0,0.0,0.0,1.0,0.0399999991,2.0,2.356,Control (random ori)
2530.8009919999895,2531.1439919949894,3.53429174,127.0,0.342999995,360.0,0.0,0.0,1.0,0.0399999991,2.0,3.534,Control (random ori)
2531.5009919999866,2531.8439919949865,2.3561945,127.0,0.342999995,360.0,0.0,0.0,1.0,0.0399999991,2.0,2.356,Control (random ori)
2532.200991999998,2532.543991994998,5.10508823,127.0,0.342999995,360.0,0.0,0.0,1.0,0.0399999991,2.0,5.105,Control (random ori)
2532.9009919999953,2533.243991994995,0.0,127.0,0.342999995,360.0,0.0,0.0,1.0,0.0399999991,2.0,0.0,Control (random ori)
2533.6009919999924,2533.9439919949923,2.3561945,127.0,0.342999995,360.0,0.0,0.0,1.0,0.0399999991,2.0,2.356,Control (random ori)
2534.3009919999895,2534.6439919949894,0.0,127.0,0.342999995,360.0,0.0,0.0,1.0,0.0399999991,2.0,0.0,Control (random ori)
2535.0009919999866,2535.3439919949865,5.497787,127.0,0.342999995,360.0,0.0,0.0,1.0,0.0399999991,2.0,5.498,Control (random ori)
2535.700991999998,2536.043991994998,0.0,127.0,0.342999995,360.0,0.0,0.0,1.0,0.0399999991,2.0,0.0,Control (random ori)
2536.4009919999953,2536.743991994995,4.49422264,127.0,0.342999995,360.0,0.0,0.0,1.0,0.0399999991,2.0,4.494,Control (random ori)
2537.1009919999924,2537.4439919949923,4.71238899,127.0,0.342999995,360.0,0.0,0.0,1.0,0.0399999991,2.0,4.712,Control (random ori)
2537.8009919999895,2538.1439919949894,0.785398185,127.0,0.342999995,360.0,0.0,0.0,1.0,0.0399999991,2.0,0.785,Control (random ori)
2538.5009919999866,2538.8439919949865,0.785398185,127.0,0.342999995,360.0,0.0,0.0,1.0,0.0399999991,2.0,0.785,Control (random ori)
2539.200991999998,2539.543991994998,1.17809725,127.0,0.342999995,360.0,0.0,0.0,1.0,0.0399999991,2.0,1.178,Control (random ori)
2539.9009919999953,2540.243991994995,0.392699093,-1.0,0.342999995,360.0,0.0,0.0,1.0,0.0399999991,2.0,0.393,Control (random ori)
2540.6009919999924,2540.9439919949923,4.49422264,128.0,0.342999995,360.0,0.0,0.0,1.0,0.0399999991,2.0,4.494,Control (random ori)
2541.3009919999895,2541.6439919949894,0.392699093,128.0,0.342999995,360.0,0.0,0.0,1.0,0.0399999991,2.0,0.393,Control (random ori)
2542.0009919999866,2542.3439919949865,1.17809725,128.0,0.342999995,360.0,0.0,0.0,1.0,0.0399999991,2.0,1.178,Control (random ori)
2542.700991999998,2543.043991994998,3.92699075,128.0,0.342999995,360.0,0.0,0.0,1.0,0.0399999991,2.0,3.927,Control (random ori)
2543.4009919999953,2543.743991994995,3.92699075,128.0,0.342999995,360.0,0.0,0.0,1.0,0.0399999991,2.0,3.927,Control (random ori)
2544.1009919999924,2544.4439919949923,3.53429174,128.0,0.342999995,360.0,0.0,0.0,1.0,0.0399999991,2.0,3.534,Control (random ori)
2544.8009919999895,2545.1439919949894,3.53429174,128.0,0.342999995,360.0,0.0,0.0,1.0,0.0399999991,2.0,3.534,Control (random ori)
2545.5019839999877,2545.8449839949876,0.392699093,128.0,0.342999995,360.0,0.0,0.0,1.0,0.0399999991,2.0,0.393,Control (random ori)
2546.200991999998,2546.543991994998,1.57079637,128.0,0.342999995,360.0,0.0,0.0,1.0,0.0399999991,2.0,1.571,Control (random ori)
2546.9009919999953,2547.243991994995,1.96349537,128.0,0.342999995,360.0,0.0,0.0,1.0,0.0399999991,2.0,1.963,Control (random ori)
2547.6009919999924,2547.9439919949923,4.71238899,128.0,0.342999995,360.0,0.0,0.0,1.0,0.0399999991,2.0,4.712,Control (random ori)
2548.3009919999895,2548.6439919949894,0.785398185,128.0,0.342999995,360.0,0.0,0.0,1.0,0.0399999991,2.0,0.785,Control (random ori)
2549.0009919999866,2549.3439919949865,5.89048624,128.0,0.342999995,360.0,0.0,0.0,1.0,0.0399999991,2.0,5.89,Control (random ori)
2549.700991999998,2550.043991994998,0.392699093,128.0,0.342999995,360.0,0.0,0.0,1.0,0.0399999991,2.0,0.393,Control (random ori)
2550.4009919999953,2550.743991994995,5.10508823,128.0,0.342999995,360.0,0.0,0.0,1.0,0.0399999991,2.0,5.105,Control (random ori)
2551.1009919999924,2551.4439919949923,1.57079637,128.0,0.342999995,360.0,0.0,0.0,1.0,0.0399999991,2.0,1.571,Control (random ori)
2551.8009919999895,2552.1439919949894,5.497787,128.0,0.342999995,360.0,0.0,0.0,1.0,0.0399999991,2.0,5.498,Control (random ori)
2552.5009919999866,2552.8439919949865,3.53429174,128.0,0.342999995,360.0,0.0,0.0,1.0,0.0399999991,2.0,3.534,Control (random ori)
2553.200991999998,2553.543991994998,3.92699075,128.0,0.342999995,360.0,0.0,0.0,1.0,0.0399999991,2.0,3.927,Control (random ori)
2553.9009919999953,2554.243991994995,0.785398185,128.0,0.342999995,360.0,0.0,0.0,1.0,0.0399999991,2.0,0.785,Control (random ori)
2554.6009919999924,2554.9439919949923,1.57079637,128.0,0.342999995,360.0,0.0,0.0,1.0,0.0399999991,2.0,1.571,Control (random ori)
2555.3009919999895,2555.6439919949894,4.71238899,128.0,0.342999995,360.0,0.0,0.0,1.0,0.0399999991,2.0,4.712,Control (random ori)
2556.0009919999866,2556.3439919949865,5.10508823,128.0,0.342999995,360.0,0.0,0.0,1.0,0.0399999991,2.0,5.105,Control (random ori)
2556.700991999998,2557.043991994998,2.7488935,128.0,0.342999995,360.0,0.0,0.0,1.0,0.0399999991,2.0,2.749,Control (random ori)
2557.4009919999953,2557.743991994995,0.785398185,128.0,0.342999995,360.0,0.0,0.0,1.0,0.0399999991,2.0,0.785,Control (random ori)
2558.1009919999924,2558.4439919949923,3.14159274,128.0,0.342999995,360.0,0.0,0.0,1.0,0.0399999991,2.0,3.142,Control (random ori)
2558.8009919999895,2559.1439919949894,2.7488935,128.0,0.342999995,360.0,0.0,0.0,1.0,0.0399999991,2.0,2.749,Control (random ori)
2559.5009919999866,2559.8439919949865,3.14159274,-1.0,0.342999995,360.0,0.0,0.0,1.0,0.0399999991,2.0,3.142,Control (random ori)
2560.200991999998,2560.543991994998,5.497787,129.0,0.342999995,360.0,0.0,0.0,1.0,0.0399999991,2.0,5.498,Control (random ori)
2560.9009919999953,2561.243991994995,4.71238899,129.0,0.342999995,360.0,0.0,0.0,1.0,0.0399999991,2.0,4.712,Control (random ori)
2561.6009919999924,2561.9439919949923,0.392699093,129.0,0.342999995,360.0,0.0,0.0,1.0,0.0399999991,2.0,0.393,Control (random ori)
2562.3009919999895,2562.6439919949894,0.0,129.0,0.342999995,360.0,0.0,0.0,1.0,0.0399999991,2.0,0.0,Control (random ori)
2563.0009919999866,2563.3439919949865,2.7488935,129.0,0.342999995,360.0,0.0,0.0,1.0,0.0399999991,2.0,2.749,Control (random ori)
2563.700991999998,2564.043991994998,4.49422264,129.0,0.342999995,360.0,0.0,0.0,1.0,0.0399999991,2.0,4.494,Control (random ori)
2564.4009919999953,2564.743991994995,4.71238899,129.0,0.342999995,360.0,0.0,0.0,1.0,0.0399999991,2.0,4.712,Control (random ori)
2565.1009919999924,2565.4439919949923,1.17809725,129.0,0.342999995,360.0,0.0,0.0,1.0,0.0399999991,2.0,1.178,Control (random ori)
2565.8009919999895,2566.1439919949894,0.785398185,129.0,0.342999995,360.0,0.0,0.0,1.0,0.0399999991,2.0,0.785,Control (random ori)
2566.5009919999866,2566.8439919949865,2.7488935,129.0,0.342999995,360.0,0.0,0.0,1.0,0.0399999991,2.0,2.749,Control (random ori)
2567.200991999998,2567.543991994998,4.49422264,129.0,0.342999995,360.0,0.0,0.0,1.0,0.0399999991,2.0,4.494,Control (random ori)
2567.9009919999953,2568.243991994995,3.53429174,129.0,0.342999995,360.0,0.0,0.0,1.0,0.0399999991,2.0,3.534,Control (random ori)
2568.6009919999924,2568.9439919949923,1.96349537,129.0,0.342999995,360.0,0.0,0.0,1.0,0.0399999991,2.0,1.963,Control (random ori)
2569.3009919999895,2569.6439919949894,3.92699075,129.0,0.342999995,360.0,0.0,0.0,1.0,0.0399999991,2.0,3.927,Control (random ori)
2570.0009919999866,2570.3439919949865,2.7488935,129.0,0.342999995,360.0,0.0,0.0,1.0,0.0399999991,2.0,2.749,Control (random ori)
2570.700991999998,2571.043991994998,5.10508823,129.0,0.342999995,360.0,0.0,0.0,1.0,0.0399999991,2.0,5.105,Control (random ori)
2571.4009919999953,2571.743991994995,0.785398185,129.0,0.342999995,360.0,0.0,0.0,1.0,0.0399999991,2.0,0.785,Control (random ori)
2572.1009919999924,2572.4439919949923,1.17809725,129.0,0.342999995,360.0,0.0,0.0,1.0,0.0399999991,2.0,1.178,Control (random ori)
2572.8009919999895,2573.1439919949894,4.71238899,129.0,0.342999995,360.0,0.0,0.0,1.0,0.0399999991,2.0,4.712,Control (random ori)
2573.5009919999866,2573.8439919949865,1.96349537,129.0,0.342999995,360.0,0.0,0.0,1.0,0.0399999991,2.0,1.963,Control (random ori)
2574.200991999998,2574.543991994998,2.7488935,129.0,0.342999995,360.0,0.0,0.0,1.0,0.0399999991,2.0,2.749,Control (random ori)
2574.9009919999953,2575.243991994995,4.49422264,129.0,0.342999995,360.0,0.0,0.0,1.0,0.0399999991,2.0,4.494,Control (random ori)
2575.6009919999924,2575.9439919949923,5.10508823,129.0,0.342999995,360.0,0.0,0.0,1.0,0.0399999991,2.0,5.105,Control (random ori)
2576.3009919999895,2576.6439919949894,2.3561945,129.0,0.342999995,360.0,0.0,0.0,1.0,0.0399999991,2.0,2.356,Control (random ori)
2577.0009919999866,2577.3439919949865,1.17809725,129.0,0.342999995,360.0,0.0,0.0,1.0,0.0399999991,2.0,1.178,Control (random ori)
2577.700991999998,2578.043991994998,4.71238899,129.0,0.342999995,360.0,0.0,0.0,1.0,0.0399999991,2.0,4.712,Control (random ori)
2578.4009919999953,2578.743991994995,0.0,129.0,0.342999995,360.0,0.0,0.0,1.0,0.0399999991,2.0,0.0,Control (random ori)
2579.1009919999924,2579.4439919949923,4.71238899,129.0,0.342999995,360.0,0.0,0.0,1.0,0.0399999991,2.0,4.712,Control (random ori)
2579.8009919999895,2580.1439919949894,1.57079637,-1.0,0.342999995,360.0,0.0,0.0,1.0,0.0399999991,2.0,1.571,Control (random ori)
2580.5009919999866,2580.8439919949865,1.17809725,130.0,0.342999995,360.0,0.0,0.0,1.0,0.0399999991,2.0,1.178,Control (random ori)
2581.200991999998,2581.543991994998,2.3561945,130.0,0.342999995,360.0,0.0,0.0,1.0,0.0399999991,2.0,2.356,Control (random ori)
2581.9009919999953,2582.243991994995,0.392699093,130.0,0.342999995,360.0,0.0,0.0,1.0,0.0399999991,2.0,0.393,Control (random ori)
2582.6009919999924,2582.9439919949923,3.53429174,130.0,0.342999995,360.0,0.0,0.0,1.0,0.0399999991,2.0,3.534,Control (random ori)
2583.3009919999895,2583.6439919949894,1.57079637,130.0,0.342999995,360.0,0.0,0.0,1.0,0.0399999991,2.0,1.571,Control (random ori)
2584.0009919999866,2584.3439919949865,0.785398185,130.0,0.342999995,360.0,0.0,0.0,1.0,0.0399999991,2.0,0.785,Control (random ori)
2584.700991999998,2585.043991994998,3.14159274,130.0,0.342999995,360.0,0.0,0.0,1.0,0.0399999991,2.0,3.142,Control (random ori)
2585.4009919999953,2585.743991994995,4.49422264,130.0,0.342999995,360.0,0.0,0.0,1.0,0.0399999991,2.0,4.494,Control (random ori)
2586.1009919999924,2586.4439919949923,5.89048624,130.0,0.342999995,360.0,0.0,0.0,1.0,0.0399999991,2.0,5.89,Control (random ori)
2586.8009919999895,2587.1439919949894,3.14159274,130.0,0.342999995,360.0,0.0,0.0,1.0,0.0399999991,2.0,3.142,Control (random ori)
2587.5009919999866,2587.8439919949865,0.392699093,130.0,0.342999995,360.0,0.0,0.0,1.0,0.0399999991,2.0,0.393,Control (random ori)
2588.200991999998,2588.543991994998,2.7488935,130.0,0.342999995,360.0,0.0,0.0,1.0,0.0399999991,2.0,2.749,Control (random ori)
2588.9009919999953,2589.243991994995,5.497787,130.0,0.342999995,360.0,0.0,0.0,1.0,0.0399999991,2.0,5.498,Control (random ori)
2589.6009919999924,2589.9439919949923,2.7488935,130.0,0.342999995,360.0,0.0,0.0,1.0,0.0399999991,2.0,2.749,Control (random ori)
2590.3009919999895,2590.6439919949894,2.3561945,130.0,0.342999995,360.0,0.0,0.0,1.0,0.0399999991,2.0,2.356,Control (random ori)
2591.0009919999866,2591.3439919949865,5.497787,130.0,0.342999995,360.0,0.0,0.0,1.0,0.0399999991,2.0,5.498,Control (random ori)
2591.700991999998,2592.043991994998,3.14159274,130.0,0.342999995,360.0,0.0,0.0,1.0,0.0399999991,2.0,3.142,Control (random ori)
2592.4009919999953,2592.743991994995,5.89048624,130.0,0.342999995,360.0,0.0,0.0,1.0,0.0399999991,2.0,5.89,Control (random ori)
2593.1009919999924,2593.4439919949923,4.71238899,130.0,0.342999995,360.0,0.0,0.0,1.0,0.0399999991,2.0,4.712,Control (random ori)
2593.8009919999895,2594.1439919949894,0.392699093,130.0,0.342999995,360.0,0.0,0.0,1.0,0.0399999991,2.0,0.393,Control (random ori)
2594.5009919999866,2594.8439919949865,1.17809725,130.0,0.342999995,360.0,0.0,0.0,1.0,0.0399999991,2.0,1.178,Control (random ori)
2595.200991999998,2595.543991994998,5.10508823,130.0,0.342999995,360.0,0.0,0.0,1.0,0.0399999991,2.0,5.105,Control (random ori)
2595.9009919999953,2596.243991994995,1.57079637,130.0,0.342999995,360.0,0.0,0.0,1.0,0.0399999991,2.0,1.571,Control (random ori)
2596.6009919999924,2596.9439919949923,3.92699075,130.0,0.342999995,360.0,0.0,0.0,1.0,0.0399999991,2.0,3.927,Control (random ori)
2597.3009919999895,2597.6439919949894,4.71238899,130.0,0.342999995,360.0,0.0,0.0,1.0,0.0399999991,2.0,4.712,Control (random ori)
2598.0009919999866,2598.3439919949865,4.71238899,130.0,0.342999995,360.0,0.0,0.0,1.0,0.0399999991,2.0,4.712,Control (random ori)
2598.700991999998,2599.043991994998,2.3561945,130.0,0.342999995,360.0,0.0,0.0,1.0,0.0399999991,2.0,2.356,Control (random ori)
2599.4009919999953,2599.743991994995,1.96349537,130.0,0.342999995,360.0,0.0,0.0,1.0,0.0399999991,2.0,1.963,Control (random ori)
2600.1009919999924,2600.4439919949923,4.49422264,131.0,0.342999995,360.0,0.0,0.0,1.0,0.0399999991,2.0,4.494,Control (random ori)
2600.8009919999895,2601.1439919949894,0.0,131.0,0.342999995,360.0,0.0,0.0,1.0,0.0399999991,2.0,0.0,Control (random ori)
2601.5009919999866,2601.8439919949865,2.3561945,131.0,0.342999995,360.0,0.0,0.0,1.0,0.0399999991,2.0,2.356,Control (random ori)
2602.200991999998,2602.543991994998,4.71238899,131.0,0.342999995,360.0,0.0,0.0,1.0,0.0399999991,2.0,4.712,Control (random ori)
2602.9009919999953,2603.243991994995,5.497787,131.0,0.342999995,360.0,0.0,0.0,1.0,0.0399999991,2.0,5.498,Control (random ori)
2603.6009919999924,2603.9439919949923,2.7488935,131.0,0.342999995,360.0,0.0,0.0,1.0,0.0399999991,2.0,2.749,Control (random ori)
2604.301023999986,2604.6440239949857,1.96349537,131.0,0.342999995,360.0,0.0,0.0,1.0,0.0399999991,2.0,1.963,Control (random ori)
2605.0009919999866,2605.3439919949865,3.92699075,131.0,0.342999995,360.0,0.0,0.0,1.0,0.0399999991,2.0,3.927,Control (random ori)
2605.700991999998,2606.043991994998,5.10508823,131.0,0.342999995,360.0,0.0,0.0,1.0,0.0399999991,2.0,5.105,Control (random ori)
2606.4009919999953,2606.743991994995,5.497787,131.0,0.342999995,360.0,0.0,0.0,1.0,0.0399999991,2.0,5.498,Control (random ori)
2607.1009919999924,2607.4439919949923,0.392699093,131.0,0.342999995,360.0,0.0,0.0,1.0,0.0399999991,2.0,0.393,Control (random ori)
2607.8009919999895,2608.1439919949894,1.17809725,131.0,0.342999995,360.0,0.0,0.0,1.0,0.0399999991,2.0,1.178,Control (random ori)
2608.5009919999866,2608.8439919949865,0.0,131.0,0.342999995,360.0,0.0,0.0,1.0,0.0399999991,2.0,0.0,Control (random ori)
2609.200991999998,2609.543991994998,3.53429174,131.0,0.342999995,360.0,0.0,0.0,1.0,0.0399999991,2.0,3.534,Control (random ori)
2609.9009919999953,2610.243991994995,0.0,131.0,0.342999995,360.0,0.0,0.0,1.0,0.0399999991,2.0,0.0,Control (random ori)
2610.6009919999924,2610.9439919949923,2.7488935,131.0,0.342999995,360.0,0.0,0.0,1.0,0.0399999991,2.0,2.749,Control (random ori)
2611.3009919999895,2611.6439919949894,3.53429174,131.0,0.342999995,360.0,0.0,0.0,1.0,0.0399999991,2.0,3.534,Control (random ori)
2612.0009919999866,2612.3439919949865,2.3561945,131.0,0.342999995,360.0,0.0,0.0,1.0,0.0399999991,2.0,2.356,Control (random ori)
2612.700991999998,2613.043991994998,3.53429174,131.0,0.342999995,360.0,0.0,0.0,1.0,0.0399999991,2.0,3.534,Control (random ori)
2613.4009919999953,2613.743991994995,3.53429174,131.0,0.342999995,360.0,0.0,0.0,1.0,0.0399999991,2.0,3.534,Control (random ori)
2614.1009919999924,2614.4439919949923,0.392699093,131.0,0.342999995,360.0,0.0,0.0,1.0,0.0399999991,2.0,0.393,Control (random ori)
2614.8009919999895,2615.1439919949894,5.10508823,131.0,0.342999995,360.0,0.0,0.0,1.0,0.0399999991,2.0,5.105,Control (random ori)
2615.5009919999866,2615.8439919949865,3.14159274,131.0,0.342999995,360.0,0.0,0.0,1.0,0.0399999991,2.0,3.142,Control (random ori)
2616.200991999998,2616.543991994998,1.96349537,131.0,0.342999995,360.0,0.0,0.0,1.0,0.0399999991,2.0,1.963,Control (random ori)
2616.9009919999953,2617.243991994995,0.392699093,131.0,0.342999995,360.0,0.0,0.0,1.0,0.0399999991,2.0,0.393,Control (random ori)
2617.6009919999924,2617.9439919949923,2.7488935,131.0,0.342999995,360.0,0.0,0.0,1.0,0.0399999991,2.0,2.749,Control (random ori)
2618.3009919999895,2618.6439919949894,4.49422264,131.0,0.342999995,360.0,0.0,0.0,1.0,0.0399999991,2.0,4.494,Control (random ori)
2619.0009919999866,2619.3439919949865,3.53429174,131.0,0.342999995,360.0,0.0,0.0,1.0,0.0399999991,2.0,3.534,Control (random ori)
2619.700991999998,2620.043991994998,4.49422264,-1.0,0.342999995,360.0,0.0,0.0,1.0,0.0399999991,2.0,4.494,Control (random ori)
2620.4009919999953,2620.743991994995,0.0,132.0,0.342999995,360.0,0.0,0.0,1.0,0.0399999991,2.0,0.0,Control (random ori)
2621.1009919999924,2621.4439919949923,1.17809725,132.0,0.342999995,360.0,0.0,0.0,1.0,0.0399999991,2.0,1.178,Control (random ori)
2621.8009919999895,2622.1439919949894,4.71238899,132.0,0.342999995,360.0,0.0,0.0,1.0,0.0399999991,2.0,4.712,Control (random ori)
2622.5009919999866,2622.8439919949865,0.0,132.0,0.342999995,360.0,0.0,0.0,1.0,0.0399999991,2.0,0.0,Control (random ori)
2623.200991999998,2623.543991994998,2.3561945,132.0,0.342999995,360.0,0.0,0.0,1.0,0.0399999991,2.0,2.356,Control (random ori)
2623.9009919999953,2624.243991994995,1.96349537,132.0,0.342999995,360.0,0.0,0.0,1.0,0.0399999991,2.0,1.963,Control (random ori)
2624.6009919999924,2624.9439919949923,2.7488935,132.0,0.342999995,360.0,0.0,0.0,1.0,0.0399999991,2.0,2.749,Control (random ori)
2625.3009919999895,2625.6439919949894,3.92699075,132.0,0.342999995,360.0,0.0,0.0,1.0,0.0399999991,2.0,3.927,Control (random ori)
2626.0009919999866,2626.3439919949865,1.96349537,132.0,0.342999995,360.0,0.0,0.0,1.0,0.0399999991,2.0,1.963,Control (random ori)
2626.700991999998,2627.043991994998,1.17809725,132.0,0.342999995,360.0,0.0,0.0,1.0,0.0399999991,2.0,1.178,Control (random ori)
2627.4009919999953,2627.743991994995,3.92699075,132.0,0.342999995,360.0,0.0,0.0,1.0,0.0399999991,2.0,3.927,Control (random ori)
2628.1009919999924,2628.4439919949923,5.10508823,132.0,0.342999995,360.0,0.0,0.0,1.0,0.0399999991,2.0,5.105,Control (random ori)
2628.8009919999895,2629.1439919949894,3.92699075,132.0,0.342999995,360.0,0.0,0.0,1.0,0.0399999991,2.0,3.927,Control (random ori)
2629.5009919999866,2629.8439919949865,0.0,132.0,0.342999995,360.0,0.0,0.0,1.0,0.0399999991,2.0,0.0,Control (random ori)
2630.200991999998,2630.543991994998,1.57079637,132.0,0.342999995,360.0,0.0,0.0,1.0,0.0399999991,2.0,1.571,Control (random ori)
2630.9019839999964,2631.2449839949963,3.53429174,132.0,0.342999995,360.0,0.0,0.0,1.0,0.0399999991,2.0,3.534,Control (random ori)
2631.6019839999935,2631.9449839949934,5.497787,132.0,0.342999995,360.0,0.0,0.0,1.0,0.0399999991,2.0,5.498,Control (random ori)
2632.3019839999906,2632.6449839949905,5.89048624,132.0,0.342999995,360.0,0.0,0.0,1.0,0.0399999991,2.0,5.89,Control (random ori)
2633.0019839999877,2633.3449839949876,0.392699093,132.0,0.342999995,360.0,0.0,0.0,1.0,0.0399999991,2.0,0.393,Control (random ori)
2633.7019839999994,2634.0449839949993,3.53429174,132.0,0.342999995,360.0,0.0,0.0,1.0,0.0399999991,2.0,3.534,Control (random ori)
2634.4019839999964,2634.7449839949963,5.10508823,132.0,0.342999995,360.0,0.0,0.0,1.0,0.0399999991,2.0,5.105,Control (random ori)
2635.1019839999935,2635.4449839949934,3.92699075,132.0,0.342999995,360.0,0.0,0.0,1.0,0.0399999991,2.0,3.927,Control (random ori)
2635.8019839999906,2636.1449839949905,5.89048624,132.0,0.342999995,360.0,0.0,0.0,1.0,0.0399999991,2.0,5.89,Control (random ori)
2636.5019839999877,2636.8449839949876,1.17809725,132.0,0.342999995,360.0,0.0,0.0,1.0,0.0399999991,2.0,1.178,Control (random ori)
2637.2019839999994,2637.5449839949993,0.0,132.0,0.342999995,360.0,0.0,0.0,1.0,0.0399999991,2.0,0.0,Control (random ori)
2637.9019839999964,2638.2449839949963,1.96349537,132.0,0.342999995,360.0,0.0,0.0,1.0,0.0399999991,2.0,1.963,Control (random ori)
2638.6019839999935,2638.9449839949934,0.785398185,132.0,0.342999995,360.0,0.0,0.0,1.0,0.0399999991,2.0,0.785,Control (random ori)
2639.3019839999906,2639.6449839949905,5.10508823,132.0,0.342999995,360.0,0.0,0.0,1.0,0.0399999991,2.0,5.105,Control (random ori)
2640.0019839999877,2640.3449839949876,0.392699093,-1.0,0.342999995,360.0,0.0,0.0,1.0,0.0399999991,2.0,0.393,Control (random ori)
2640.7019839999994,2641.0449839949993,4.49422264,133.0,0.342999995,360.0,0.0,0.0,1.0,0.0399999991,2.0,4.494,Control (random ori)
2641.4019839999964,2641.7449839949963,0.0,133.0,0.342999995,360.0,0.0,0.0,1.0,0.0399999991,2.0,0.0,Control (random ori)
2642.1019839999935,2642.4449839949934,3.53429174,133.0,0.342999995,360.0,0.0,0.0,1.0,0.0399999991,2.0,3.534,Control (random ori)
2642.8019839999906,2643.1449839949905,4.49422264,133.0,0.342999995,360.0,0.0,0.0,1.0,0.0399999991,2.0,4.494,Control (random ori)
2643.5019839999877,2643.8449839949876,1.17809725,133.0,0.342999995,360.0,0.0,0.0,1.0,0.0399999991,2.0,1.178,Control (random ori)
2644.2019839999994,2644.5449839949993,0.0,133.0,0.342999995,360.0,0.0,0.0,1.0,0.0399999991,2.0,0.0,Control (random ori)
2644.9019839999964,2645.2449839949963,5.89048624,133.0,0.342999995,360.0,0.0,0.0,1.0,0.0399999991,2.0,5.89,Control (random ori)
2645.6019839999935,2645.9449839949934,5.10508823,133.0,0.342999995,360.0,0.0,0.0,1.0,0.0399999991,2.0,5.105,Control (random ori)
2646.3019839999906,2646.6449839949905,0.0,133.0,0.342999995,360.0,0.0,0.0,1.0,0.0399999991,2.0,0.0,Control (random ori)
2647.0019839999877,2647.3449839949876,4.71238899,133.0,0.342999995,360.0,0.0,0.0,1.0,0.0399999991,2.0,4.712,Control (random ori)
2647.7019839999994,2648.0449839949993,0.785398185,133.0,0.342999995,360.0,0.0,0.0,1.0,0.0399999991,2.0,0.785,Control (random ori)
2648.4019839999964,2648.7449839949963,3.92699075,133.0,0.342999995,360.0,0.0,0.0,1.0,0.0399999991,2.0,3.927,Control (random ori)
2649.1019839999935,2649.4449839949934,0.0,133.0,0.342999995,360.0,0.0,0.0,1.0,0.0399999991,2.0,0.0,Control (random ori)
2649.8019839999906,2650.1449839949905,2.3561945,133.0,0.342999995,360.0,0.0,0.0,1.0,0.0399999991,2.0,2.356,Control (random ori)
2650.5019839999877,2650.8449839949876,5.10508823,133.0,0.342999995,360.0,0.0,0.0,1.0,0.0399999991,2.0,5.105,Control (random ori)
2651.2019839999994,2651.5449839949993,0.0,133.0,0.342999995,360.0,0.0,0.0,1.0,0.0399999991,2.0,0.0,Control (random ori)
2651.9019839999964,2652.2449839949963,5.89048624,133.0,0.342999995,360.0,0.0,0.0,1.0,0.0399999991,2.0,5.89,Control (random ori)
2652.6019839999935,2652.9449839949934,4.49422264,133.0,0.342999995,360.0,0.0,0.0,1.0,0.0399999991,2.0,4.494,Control (random ori)
2653.3019839999906,2653.6449839949905,4.49422264,133.0,0.342999995,360.0,0.0,0.0,1.0,0.0399999991,2.0,4.494,Control (random ori)
2654.0019839999877,2654.3449839949876,5.10508823,133.0,0.342999995,360.0,0.0,0.0,1.0,0.0399999991,2.0,5.105,Control (random ori)
2654.7019839999994,2655.0449839949993,5.89048624,133.0,0.342999995,360.0,0.0,0.0,1.0,0.0399999991,2.0,5.89,Control (random ori)
2655.4019839999964,2655.7449839949963,5.89048624,133.0,0.342999995,360.0,0.0,0.0,1.0,0.0399999991,2.0,5.89,Control (random ori)
2656.1019839999935,2656.4449839949934,1.57079637,133.0,0.342999995,360.0,0.0,0.0,1.0,0.0399999991,2.0,1.571,Control (random ori)
2656.8019839999906,2657.1449839949905,1.17809725,133.0,0.342999995,360.0,0.0,0.0,1.0,0.0399999991,2.0,1.178,Control (random ori)
2657.5019839999877,2657.8449839949876,1.57079637,133.0,0.342999995,360.0,0.0,0.0,1.0,0.0399999991,2.0,1.571,Control (random ori)
2658.2019839999994,2658.5449839949993,5.10508823,133.0,0.342999995,360.0,0.0,0.0,1.0,0.0399999991,2.0,5.105,Control (random ori)
2658.9019839999964,2659.2449839949963,1.17809725,133.0,0.342999995,360.0,0.0,0.0,1.0,0.0399999991,2.0,1.178,Control (random ori)
2659.6019839999935,2659.9449839949934,5.89048624,-1.0,0.342999995,360.0,0.0,0.0,1.0,0.0399999991,2.0,5.89,Control (random ori)
2660.3019839999906,2660.6449839949905,5.89048624,134.0,0.342999995,360.0,0.0,0.0,1.0,0.0399999991,2.0,5.89,Control (random ori)
2661.0019839999877,2661.3449839949876,5.497787,134.0,0.342999995,360.0,0.0,0.0,1.0,0.0399999991,2.0,5.498,Control (random ori)
2661.7019839999994,2662.0449839949993,2.7488935,134.0,0.342999995,360.0,0.0,0.0,1.0,0.0399999991,2.0,2.749,Control (random ori)
2662.4019839999964,2662.7449839949963,0.0,134.0,0.342999995,360.0,0.0,0.0,1.0,0.0399999991,2.0,0.0,Control (random ori)
2663.1019839999935,2663.4449839949934,5.89048624,134.0,0.342999995,360.0,0.0,0.0,1.0,0.0399999991,2.0,5.89,Control (random ori)
2663.8019839999906,2664.1449839949905,4.49422264,134.0,0.342999995,360.0,0.0,0.0,1.0,0.0399999991,2.0,4.494,Control (random ori)
2664.5019839999877,2664.8449839949876,2.3561945,134.0,0.342999995,360.0,0.0,0.0,1.0,0.0399999991,2.0,2.356,Control (random ori)
2665.2019839999994,2665.5449839949993,0.0,134.0,0.342999995,360.0,0.0,0.0,1.0,0.0399999991,2.0,0.0,Control (random ori)
2665.9019839999964,2666.2449839949963,3.14159274,134.0,0.342999995,360.0,0.0,0.0,1.0,0.0399999991,2.0,3.142,Control (random ori)
2666.6019839999935,2666.9449839949934,1.17809725,134.0,0.342999995,360.0,0.0,0.0,1.0,0.0399999991,2.0,1.178,Control (random ori)
2667.3019839999906,2667.6449839949905,5.10508823,134.0,0.342999995,360.0,0.0,0.0,1.0,0.0399999991,2.0,5.105,Control (random ori)
2668.0019839999877,2668.3449839949876,1.17809725,134.0,0.342999995,360.0,0.0,0.0,1.0,0.0399999991,2.0,1.178,Control (random ori)
2668.7019839999994,2669.0449839949993,3.14159274,134.0,0.342999995,360.0,0.0,0.0,1.0,0.0399999991,2.0,3.142,Control (random ori)
2669.4019839999964,2669.7449839949963,0.785398185,134.0,0.342999995,360.0,0.0,0.0,1.0,0.0399999991,2.0,0.785,Control (random ori)
2670.1019839999935,2670.4449839949934,1.57079637,134.0,0.342999995,360.0,0.0,0.0,1.0,0.0399999991,2.0,1.571,Control (random ori)
2670.8019839999906,2671.1449839949905,0.0,134.0,0.342999995,360.0,0.0,0.0,1.0,0.0399999991,2.0,0.0,Control (random ori)
2671.5019839999877,2671.8449839949876,2.3561945,134.0,0.342999995,360.0,0.0,0.0,1.0,0.0399999991,2.0,2.356,Control (random ori)
2672.2019839999994,2672.5449839949993,1.96349537,134.0,0.342999995,360.0,0.0,0.0,1.0,0.0399999991,2.0,1.963,Control (random ori)
2672.9019839999964,2673.2449839949963,4.71238899,134.0,0.342999995,360.0,0.0,0.0,1.0,0.0399999991,2.0,4.712,Control (random ori)
2673.6019839999935,2673.9449839949934,5.10508823,134.0,0.342999995,360.0,0.0,0.0,1.0,0.0399999991,2.0,5.105,Control (random ori)
2674.3019839999906,2674.6449839949905,0.785398185,134.0,0.342999995,360.0,0.0,0.0,1.0,0.0399999991,2.0,0.785,Control (random ori)
2675.0019839999877,2675.3449839949876,3.92699075,134.0,0.342999995,360.0,0.0,0.0,1.0,0.0399999991,2.0,3.927,Control (random ori)
2675.7019839999994,2676.0449839949993,1.96349537,134.0,0.342999995,360.0,0.0,0.0,1.0,0.0399999991,2.0,1.963,Control (random ori)
2676.4019839999964,2676.7449839949963,1.57079637,134.0,0.342999995,360.0,0.0,0.0,1.0,0.0399999991,2.0,1.571,Control (random ori)
2677.1019839999935,2677.4449839949934,5.89048624,134.0,0.342999995,360.0,0.0,0.0,1.0,0.0399999991,2.0,5.89,Control (random ori)
2677.8019839999906,2678.1449839949905,5.10508823,134.0,0.342999995,360.0,0.0,0.0,1.0,0.0399999991,2.0,5.105,Control (random ori)
2678.5019839999877,2678.8449839949876,4.49422264,134.0,0.342999995,360.0,0.0,0.0,1.0,0.0399999991,2.0,4.494,Control (random ori)
2679.2019839999994,2679.5449839949993,5.10508823,134.0,0.342999995,360.0,0.0,0.0,1.0,0.0399999991,2.0,5.105,Control (random ori)
2679.9019839999964,2680.2449839949963,2.3561945,-1.0,0.342999995,360.0,0.0,0.0,1.0,0.0399999991,2.0,2.356,Control (random ori)
2680.6019839999935,2680.9449839949934,0.0,135.0,0.342999995,360.0,0.0,0.0,1.0,0.0399999991,2.0,0.0,Control (random ori)
2681.3019839999906,2681.6449839949905,5.497787,135.0,0.342999995,360.0,0.0,0.0,1.0,0.0399999991,2.0,5.498,Control (random ori)
2682.0019839999877,2682.3449839949876,4.49422264,135.0,0.342999995,360.0,0.0,0.0,1.0,0.0399999991,2.0,4.494,Control (random ori)
2682.7019839999994,2683.0449839949993,0.392699093,135.0,0.342999995,360.0,0.0,0.0,1.0,0.0399999991,2.0,0.393,Control (random ori)
2683.4019839999964,2683.7449839949963,4.49422264,135.0,0.342999995,360.0,0.0,0.0,1.0,0.0399999991,2.0,4.494,Control (random ori)
2684.1019839999935,2684.4449839949934,2.3561945,135.0,0.342999995,360.0,0.0,0.0,1.0,0.0399999991,2.0,2.356,Control (random ori)
2684.8019839999906,2685.1449839949905,3.92699075,135.0,0.342999995,360.0,0.0,0.0,1.0,0.0399999991,2.0,3.927,Control (random ori)
2685.5019839999877,2685.8449839949876,0.0,135.0,0.342999995,360.0,0.0,0.0,1.0,0.0399999991,2.0,0.0,Control (random ori)
2686.2019839999994,2686.5449839949993,0.392699093,135.0,0.342999995,360.0,0.0,0.0,1.0,0.0399999991,2.0,0.393,Control (random ori)
2686.9019839999964,2687.2449839949963,5.89048624,135.0,0.342999995,360.0,0.0,0.0,1.0,0.0399999991,2.0,5.89,Control (random ori)
2687.6019839999935,2687.9449839949934,1.57079637,135.0,0.342999995,360.0,0.0,0.0,1.0,0.0399999991,2.0,1.571,Control (random ori)
2688.3019839999906,2688.6449839949905,0.392699093,135.0,0.342999995,360.0,0.0,0.0,1.0,0.0399999991,2.0,0.393,Control (random ori)
2689.0019839999877,2689.3449839949876,4.71238899,135.0,0.342999995,360.0,0.0,0.0,1.0,0.0399999991,2.0,4.712,Control (random ori)
2689.7019839999994,2690.0449839949993,4.49422264,135.0,0.342999995,360.0,0.0,0.0,1.0,0.0399999991,2.0,4.494,Control (random ori)
2690.4019839999964,2690.7449839949963,4.49422264,135.0,0.342999995,360.0,0.0,0.0,1.0,0.0399999991,2.0,4.494,Control (random ori)
2691.1019839999935,2691.4449839949934,5.497787,135.0,0.342999995,360.0,0.0,0.0,1.0,0.0399999991,2.0,5.498,Control (random ori)
2691.8019839999906,2692.1449839949905,0.785398185,135.0,0.342999995,360.0,0.0,0.0,1.0,0.0399999991,2.0,0.785,Control (random ori)
2692.5019839999877,2692.8449839949876,0.785398185,135.0,0.342999995,360.0,0.0,0.0,1.0,0.0399999991,2.0,0.785,Control (random ori)
2693.2019839999994,2693.5449839949993,0.785398185,135.0,0.342999995,360.0,0.0,0.0,1.0,0.0399999991,2.0,0.785,Control (random ori)
2693.9019839999964,2694.2449839949963,5.497787,135.0,0.342999995,360.0,0.0,0.0,1.0,0.0399999991,2.0,5.498,Control (random ori)
2694.6019839999935,2694.9449839949934,2.7488935,135.0,0.342999995,360.0,0.0,0.0,1.0,0.0399999991,2.0,2.749,Control (random ori)
2695.3019839999906,2695.6449839949905,1.17809725,135.0,0.342999995,360.0,0.0,0.0,1.0,0.0399999991,2.0,1.178,Control (random ori)
2696.0019839999877,2696.3449839949876,1.57079637,135.0,0.342999995,360.0,0.0,0.0,1.0,0.0399999991,2.0,1.571,Control (random ori)
2696.360991999987,2696.610991999987,1.57079637,135.0,0.0,20.0,-20.0,-20.0,0.800000012,0.0799999982,4.0,1.571,RF mapping
2696.6280319999933,2696.8780319999933,1.57079637,135.0,0.0,20.0,-20.0,20.0,0.800000012,0.0799999982,4.0,1.571,RF mapping
2696.894975999996,2697.144975999996,1.57079637,135.0,0.0,20.0,-30.0,-20.0,0.800000012,0.0799999982,4.0,1.571,RF mapping
2697.161983999991,2697.411983999991,1.57079637,135.0,0.0,20.0,20.0,0.0,0.800000012,0.0799999982,4.0,1.571,RF mapping
2697.4289919999865,2697.6789919999865,1.57079637,135.0,0.0,20.0,10.0,-30.0,0.800000012,0.0799999982,4.0,1.571,RF mapping
2697.6959999999963,2697.9459999999963,0.785398185,135.0,0.0,20.0,20.0,10.0,0.800000012,0.0799999982,4.0,0.785,RF mapping
2697.9629759999953,2698.2129759999953,1.57079637,135.0,0.0,20.0,-20.0,0.0,0.800000012,0.0799999982,4.0,1.571,RF mapping
2698.2289919999894,2698.4789919999894,0.785398185,135.0,0.0,20.0,30.0,-30.0,0.800000012,0.0799999982,4.0,0.785,RF mapping
2698.495999999999,2698.745999999999,1.57079637,135.0,0.0,20.0,-30.0,-20.0,0.800000012,0.0799999982,4.0,1.571,RF mapping
2698.762975999998,2699.012975999998,0.785398185,135.0,0.0,20.0,20.0,-10.0,0.800000012,0.0799999982,4.0,0.785,RF mapping
2699.0299839999934,2699.2799839999934,1.57079637,135.0,0.0,20.0,-20.0,30.0,0.800000012,0.0799999982,4.0,1.571,RF mapping
2699.2969919999887,2699.5469919999887,1.57079637,135.0,0.0,20.0,30.0,-20.0,0.800000012,0.0799999982,4.0,1.571,RF mapping
2699.5639999999985,2699.8139999999985,0.0,-1.0,0.0,20.0,-20.0,-10.0,0.800000012,0.0799999982,4.0,0.0,RF mapping
2699.8299839999963,2700.0799839999963,0.785398185,-1.0,0.0,20.0,-10.0,30.0,0.800000012,0.0799999982,4.0,0.785,RF mapping
2700.0969919999916,2700.3469919999916,0.0,136.0,0.0,20.0,-20.0,30.0,0.800000012,0.0799999982,4.0,0.0,RF mapping
2700.363999999987,2700.613999999987,1.57079637,136.0,0.0,20.0,-20.0,-30.0,0.800000012,0.0799999982,4.0,1.571,RF mapping
2700.6299839999992,2700.8799839999992,0.0,136.0,0.0,20.0,30.0,10.0,0.800000012,0.0799999982,4.0,0.0,RF mapping
2700.8979839999956,2701.1479839999956,1.57079637,136.0,0.0,20.0,-20.0,30.0,0.800000012,0.0799999982,4.0,1.571,RF mapping
2701.164991999991,2701.414991999991,1.57079637,136.0,0.0,20.0,-30.0,30.0,0.800000012,0.0799999982,4.0,1.571,RF mapping
2701.4309759999887,2701.6809759999887,0.0,136.0,0.0,20.0,20.0,30.0,0.800000012,0.0799999982,4.0,0.0,RF mapping
2701.6979839999985,2701.9479839999985,0.0,136.0,0.0,20.0,20.0,-30.0,0.800000012,0.0799999982,4.0,0.0,RF mapping
2701.964991999994,2702.214991999994,0.0,136.0,0.0,20.0,-20.0,30.0,0.800000012,0.0799999982,4.0,0.0,RF mapping
2702.231999999989,2702.481999999989,0.0,136.0,0.0,20.0,-30.0,0.0,0.800000012,0.0799999982,4.0,0.0,RF mapping
2702.497983999987,2702.747983999987,0.785398185,136.0,0.0,20.0,10.0,20.0,0.800000012,0.0799999982,4.0,0.785,RF mapping
2702.7649919999967,2703.0149919999967,0.785398185,136.0,0.0,20.0,20.0,30.0,0.800000012,0.0799999982,4.0,0.785,RF mapping
2703.031999999992,2703.281999999992,0.785398185,136.0,0.0,20.0,-20.0,-10.0,0.800000012,0.0799999982,4.0,0.785,RF mapping
2703.29798399999,2703.54798399999,1.57079637,136.0,0.0,20.0,10.0,-30.0,0.800000012,0.0799999982,4.0,1.571,RF mapping
2703.5649919999996,2703.8149919999996,0.785398185,136.0,0.0,20.0,10.0,20.0,0.800000012,0.0799999982,4.0,0.785,RF mapping
2703.831999999995,2704.081999999995,0.0,136.0,0.0,20.0,10.0,-20.0,0.800000012,0.0799999982,4.0,0.0,RF mapping
2704.0979839999927,2704.3479839999927,0.0,136.0,0.0,20.0,0.0,10.0,0.800000012,0.0799999982,4.0,0.0,RF mapping
2704.364991999988,2704.614991999988,0.785398185,136.0,0.0,20.0,-30.0,20.0,0.800000012,0.0799999982,4.0,0.785,RF mapping
2704.631999999998,2704.881999999998,1.57079637,136.0,0.0,20.0,30.0,0.0,0.800000012,0.0799999982,4.0,1.571,RF mapping
2704.8989759999968,2705.1489759999968,0.0,136.0,0.0,20.0,10.0,10.0,0.800000012,0.0799999982,4.0,0.0,RF mapping
2705.164991999991,2705.414991999991,1.57079637,136.0,0.0,20.0,20.0,0.0,0.800000012,0.0799999982,4.0,1.571,RF mapping
2705.431999999986,2705.681999999986,0.0,136.0,0.0,20.0,30.0,0.0,0.800000012,0.0799999982,4.0,0.0,RF mapping
2705.6989759999997,2705.9489759999997,0.785398185,136.0,0.0,20.0,20.0,20.0,0.800000012,0.0799999982,4.0,0.785,RF mapping
2705.965983999995,2706.215983999995,0.785398185,136.0,0.0,20.0,-10.0,0.0,0.800000012,0.0799999982,4.0,0.785,RF mapping
2706.2339839999913,2706.4839839999913,0.0,136.0,0.0,20.0,0.0,0.0,0.800000012,0.0799999982,4.0,0.0,RF mapping
2706.5,2706.75,0.785398185,136.0,0.0,20.0,20.0,10.0,0.800000012,0.0799999982,4.0,0.785,RF mapping
2706.766975999999,2707.016975999999,1.57079637,136.0,0.0,20.0,0.0,-30.0,0.800000012,0.0799999982,4.0,1.571,RF mapping
2707.0339839999942,2707.2839839999942,1.57079637,136.0,0.0,20.0,-30.0,20.0,0.800000012,0.0799999982,4.0,1.571,RF mapping
2707.3009919999895,2707.5509919999895,0.785398185,136.0,0.0,20.0,-10.0,10.0,0.800000012,0.0799999982,4.0,0.785,RF mapping
2707.5669759999873,2707.8169759999873,0.0,136.0,0.0,20.0,10.0,-20.0,0.800000012,0.0799999982,4.0,0.0,RF mapping
2707.833983999997,2708.083983999997,0.785398185,136.0,0.0,20.0,10.0,-30.0,0.800000012,0.0799999982,4.0,0.785,RF mapping
2708.1009919999924,2708.3509919999924,0.785398185,136.0,0.0,20.0,-10.0,0.0,0.800000012,0.0799999982,4.0,0.785,RF mapping
2708.3679999999877,2708.6179999999877,0.785398185,136.0,0.0,20.0,0.0,0.0,0.800000012,0.0799999982,4.0,0.785,RF mapping
2708.633984,2708.883984,1.57079637,136.0,0.0,20.0,10.0,10.0,0.800000012,0.0799999982,4.0,1.571,RF mapping
2708.9019839999964,2709.1519839999964,1.57079637,136.0,0.0,20.0,10.0,-20.0,0.800000012,0.0799999982,4.0,1.571,RF mapping
2709.1679999999906,2709.4179999999906,1.57079637,136.0,0.0,20.0,10.0,10.0,0.800000012,0.0799999982,4.0,1.571,RF mapping
2709.4339839999884,2709.6839839999884,0.0,136.0,0.0,20.0,-10.0,10.0,0.800000012,0.0799999982,4.0,0.0,RF mapping
2709.700991999998,2709.950991999998,0.785398185,136.0,0.0,20.0,-10.0,-20.0,0.800000012,0.0799999982,4.0,0.785,RF mapping
2709.9679999999935,2710.2179999999935,0.785398185,136.0,0.0,20.0,0.0,20.0,0.800000012,0.0799999982,4.0,0.785,RF mapping
2710.2349759999925,2710.4849759999925,0.0,136.0,0.0,20.0,30.0,20.0,0.800000012,0.0799999982,4.0,0.0,RF mapping
2710.5009919999866,2710.7509919999866,0.0,136.0,0.0,20.0,-10.0,-10.0,0.800000012,0.0799999982,4.0,0.0,RF mapping
2710.7679999999964,2711.0179999999964,0.785398185,136.0,0.0,20.0,-10.0,-30.0,0.800000012,0.0799999982,4.0,0.785,RF mapping
2711.0349759999954,2711.2849759999954,1.57079637,136.0,0.0,20.0,-20.0,30.0,0.800000012,0.0799999982,4.0,1.571,RF mapping
2711.3009919999895,2711.5509919999895,0.0,136.0,0.0,20.0,0.0,20.0,0.800000012,0.0799999982,4.0,0.0,RF mapping
2711.5679999999993,2711.8179999999993,1.57079637,136.0,0.0,20.0,-10.0,-10.0,0.800000012,0.0799999982,4.0,1.571,RF mapping
2711.8349759999983,2712.0849759999983,1.57079637,136.0,0.0,20.0,0.0,-10.0,0.800000012,0.0799999982,4.0,1.571,RF mapping
2712.1019839999935,2712.3519839999935,1.57079637,136.0,0.0,20.0,10.0,20.0,0.800000012,0.0799999982,4.0,1.571,RF mapping
2712.368991999989,2712.618991999989,0.785398185,136.0,0.0,20.0,20.0,30.0,0.800000012,0.0799999982,4.0,0.785,RF mapping
2712.6359999999986,2712.8859999999986,0.785398185,136.0,0.0,20.0,-10.0,-20.0,0.800000012,0.0799999982,4.0,0.785,RF mapping
2712.9019839999964,2713.1519839999964,0.0,136.0,0.0,20.0,-20.0,-10.0,0.800000012,0.0799999982,4.0,0.0,RF mapping
2713.1530239999993,2713.4030239999993,0.0,136.0,0.0,20.0,20.0,20.0,0.800000012,0.0799999982,4.0,0.0,RF mapping
2713.4189759999863,2713.6689759999863,0.785398185,136.0,0.0,20.0,-20.0,-20.0,0.800000012,0.0799999982,4.0,0.785,RF mapping
2713.685983999996,2713.935983999996,0.0,136.0,0.0,20.0,30.0,-20.0,0.800000012,0.0799999982,4.0,0.0,RF mapping
2713.9529919999914,2714.2029919999914,0.785398185,136.0,0.0,20.0,20.0,-30.0,0.800000012,0.0799999982,4.0,0.785,RF mapping
2714.2199999999866,2714.4699999999866,0.785398185,136.0,0.0,20.0,-10.0,10.0,0.800000012,0.0799999982,4.0,0.785,RF mapping
2714.486976,2714.736976,0.785398185,136.0,0.0,20.0,20.0,10.0,0.800000012,0.0799999982,4.0,0.785,RF mapping
2714.7539839999954,2715.0039839999954,0.785398185,136.0,0.0,20.0,10.0,10.0,0.800000012,0.0799999982,4.0,0.785,RF mapping
2715.0199999999895,2715.2699999999895,0.785398185,136.0,0.0,20.0,0.0,30.0,0.800000012,0.0799999982,4.0,0.785,RF mapping
2715.287999999986,2715.537999999986,1.57079637,136.0,0.0,20.0,30.0,30.0,0.800000012,0.0799999982,4.0,1.571,RF mapping
2715.5539839999983,2715.8039839999983,0.785398185,136.0,0.0,20.0,30.0,-10.0,0.800000012,0.0799999982,4.0,0.785,RF mapping
2715.8209919999936,2716.0709919999936,1.57079637,136.0,0.0,20.0,30.0,-30.0,0.800000012,0.0799999982,4.0,1.571,RF mapping
2716.087999999989,2716.337999999989,0.785398185,136.0,0.0,20.0,20.0,30.0,0.800000012,0.0799999982,4.0,0.785,RF mapping
2716.354975999988,2716.604975999988,0.0,136.0,0.0,20.0,10.0,0.0,0.800000012,0.0799999982,4.0,0.0,RF mapping
2716.6219839999976,2716.8719839999976,0.0,136.0,0.0,20.0,-10.0,-20.0,0.800000012,0.0799999982,4.0,0.0,RF mapping
2716.889983999994,2717.139983999994,1.57079637,136.0,0.0,20.0,-20.0,-10.0,0.800000012,0.0799999982,4.0,1.571,RF mapping
2717.1569919999893,2717.4069919999893,1.57079637,136.0,0.0,20.0,-20.0,-20.0,0.800000012,0.0799999982,4.0,1.571,RF mapping
2717.422975999987,2717.672975999987,1.57079637,136.0,0.0,20.0,20.0,-10.0,0.800000012,0.0799999982,4.0,1.571,RF mapping
2717.689983999997,2717.939983999997,1.57079637,136.0,0.0,20.0,-30.0,-20.0,0.800000012,0.0799999982,4.0,1.571,RF mapping
2717.956991999992,2718.206991999992,0.0,136.0,0.0,20.0,0.0,10.0,0.800000012,0.0799999982,4.0,0.0,RF mapping
2718.22297599999,2718.47297599999,0.0,136.0,0.0,20.0,-10.0,0.0,0.800000012,0.0799999982,4.0,0.0,RF mapping
2718.489984,2718.739984,1.57079637,136.0,0.0,20.0,30.0,10.0,0.800000012,0.0799999982,4.0,1.571,RF mapping
2718.756991999995,2719.006991999995,1.57079637,136.0,0.0,20.0,0.0,-30.0,0.800000012,0.0799999982,4.0,1.571,RF mapping
2719.022975999993,2719.272975999993,0.785398185,136.0,0.0,20.0,30.0,-20.0,0.800000012,0.0799999982,4.0,0.785,RF mapping
2719.289983999988,2719.539983999988,1.57079637,136.0,0.0,20.0,0.0,20.0,0.800000012,0.0799999982,4.0,1.571,RF mapping
2719.556991999998,2719.806991999998,0.785398185,-1.0,0.0,20.0,-20.0,20.0,0.800000012,0.0799999982,4.0,0.785,RF mapping
2719.822975999996,2720.072975999996,1.57079637,-1.0,0.0,20.0,30.0,-20.0,0.800000012,0.0799999982,4.0,1.571,RF mapping
2720.089983999991,2720.339983999991,1.57079637,137.0,0.0,20.0,20.0,0.0,0.800000012,0.0799999982,4.0,1.571,RF mapping
2720.3569919999863,2720.6069919999863,0.0,137.0,0.0,20.0,-30.0,20.0,0.800000012,0.0799999982,4.0,0.0,RF mapping
2720.6229759999987,2720.8729759999987,0.0,137.0,0.0,20.0,-20.0,0.0,0.800000012,0.0799999982,4.0,0.0,RF mapping
2720.889983999994,2721.139983999994,0.0,137.0,0.0,20.0,20.0,-20.0,0.800000012,0.0799999982,4.0,0.0,RF mapping
2721.1569919999893,2721.4069919999893,0.785398185,137.0,0.0,20.0,-30.0,-20.0,0.800000012,0.0799999982,4.0,0.785,RF mapping
2721.423999999999,2721.673999999999,1.57079637,137.0,0.0,20.0,30.0,10.0,0.800000012,0.0799999982,4.0,1.571,RF mapping
2721.689983999997,2721.939983999997,0.785398185,137.0,0.0,20.0,20.0,-10.0,0.800000012,0.0799999982,4.0,0.785,RF mapping
2721.956991999992,2722.206991999992,1.57079637,137.0,0.0,20.0,30.0,-20.0,0.800000012,0.0799999982,4.0,1.571,RF mapping
2722.2239999999874,2722.4739999999874,1.57079637,137.0,0.0,20.0,20.0,30.0,0.800000012,0.0799999982,4.0,1.571,RF mapping
2722.489984,2722.739984,0.0,137.0,0.0,20.0,20.0,20.0,0.800000012,0.0799999982,4.0,0.0,RF mapping
2722.756991999995,2723.006991999995,0.0,137.0,0.0,20.0,-20.0,-20.0,0.800000012,0.0799999982,4.0,0.0,RF mapping
2723.0239999999903,2723.2739999999903,0.785398185,137.0,0.0,20.0,0.0,-30.0,0.800000012,0.0799999982,4.0,0.785,RF mapping
2723.2909759999893,2723.5409759999893,0.785398185,137.0,0.0,20.0,10.0,-20.0,0.800000012,0.0799999982,4.0,0.785,RF mapping
2723.557983999999,2723.807983999999,0.0,137.0,0.0,20.0,30.0,30.0,0.800000012,0.0799999982,4.0,0.0,RF mapping
2723.8239999999932,2724.0739999999932,0.785398185,137.0,0.0,20.0,0.0,0.0,0.800000012,0.0799999982,4.0,0.785,RF mapping
2724.090975999992,2724.340975999992,0.0,137.0,0.0,20.0,30.0,-30.0,0.800000012,0.0799999982,4.0,0.0,RF mapping
2724.3579839999875,2724.6079839999875,1.57079637,137.0,0.0,20.0,-20.0,10.0,0.800000012,0.0799999982,4.0,1.571,RF mapping
2724.623999999996,2724.873999999996,0.785398185,137.0,0.0,20.0,0.0,20.0,0.800000012,0.0799999982,4.0,0.785,RF mapping
2724.8919999999925,2725.1419999999925,1.57079637,137.0,0.0,20.0,20.0,0.0,0.800000012,0.0799999982,4.0,1.571,RF mapping
2725.1579839999904,2725.4079839999904,0.0,137.0,0.0,20.0,-20.0,-30.0,0.800000012,0.0799999982,4.0,0.0,RF mapping
2725.423999999999,2725.673999999999,0.785398185,137.0,0.0,20.0,-20.0,-30.0,0.800000012,0.0799999982,4.0,0.785,RF mapping
2725.690975999998,2725.940975999998,0.0,137.0,0.0,20.0,30.0,10.0,0.800000012,0.0799999982,4.0,0.0,RF mapping
2725.9579839999933,2726.2079839999933,0.785398185,137.0,0.0,20.0,30.0,-10.0,0.800000012,0.0799999982,4.0,0.785,RF mapping
2726.2249919999886,2726.4749919999886,0.785398185,137.0,0.0,20.0,20.0,20.0,0.800000012,0.0799999982,4.0,0.785,RF mapping
2726.4919999999984,2726.7419999999984,0.0,137.0,0.0,20.0,10.0,20.0,0.800000012,0.0799999982,4.0,0.0,RF mapping
2726.7589759999973,2727.0089759999973,0.0,137.0,0.0,20.0,20.0,10.0,0.800000012,0.0799999982,4.0,0.0,RF mapping
2727.0249919999915,2727.2749919999915,0.0,137.0,0.0,20.0,10.0,0.0,0.800000012,0.0799999982,4.0,0.0,RF mapping
2727.2919999999867,2727.5419999999867,1.57079637,137.0,0.0,20.0,20.0,30.0,0.800000012,0.0799999982,4.0,1.571,RF mapping
2727.5589759999857,2727.8089759999857,1.57079637,137.0,0.0,20.0,30.0,0.0,0.800000012,0.0799999982,4.0,1.571,RF mapping
2727.8249919999944,2728.0749919999944,0.785398185,137.0,0.0,20.0,0.0,10.0,0.800000012,0.0799999982,4.0,0.785,RF mapping
2728.0929919999908,2728.3429919999908,1.57079637,137.0,0.0,20.0,-20.0,-10.0,0.800000012,0.0799999982,4.0,1.571,RF mapping
2728.3589759999886,2728.6089759999886,0.785398185,137.0,0.0,20.0,30.0,-10.0,0.800000012,0.0799999982,4.0,0.785,RF mapping
2728.6269759999996,2728.8769759999996,0.785398185,137.0,0.0,20.0,30.0,0.0,0.800000012,0.0799999982,4.0,0.785,RF mapping
2728.8929919999937,2729.1429919999937,1.57079637,137.0,0.0,20.0,0.0,20.0,0.800000012,0.0799999982,4.0,1.571,RF mapping
2729.159999999989,2729.409999999989,0.0,137.0,0.0,20.0,10.0,30.0,0.800000012,0.0799999982,4.0,0.0,RF mapping
2729.426975999988,2729.676975999988,0.785398185,137.0,0.0,20.0,0.0,-20.0,0.800000012,0.0799999982,4.0,0.785,RF mapping
2729.6929919999966,2729.9429919999966,0.0,137.0,0.0,20.0,10.0,10.0,0.800000012,0.0799999982,4.0,0.0,RF mapping
2729.959999999992,2730.209999999992,0.0,137.0,0.0,20.0,10.0,-10.0,0.800000012,0.0799999982,4.0,0.0,RF mapping
2730.226975999991,2730.476975999991,1.57079637,137.0,0.0,20.0,20.0,-20.0,0.800000012,0.0799999982,4.0,1.571,RF mapping
2730.493983999986,2730.743983999986,0.785398185,137.0,0.0,20.0,-10.0,-20.0,0.800000012,0.0799999982,4.0,0.785,RF mapping
2730.7599999999948,2731.0099999999948,0.785398185,137.0,0.0,20.0,-30.0,10.0,0.800000012,0.0799999982,4.0,0.785,RF mapping
2731.0269759999937,2731.2769759999937,0.0,137.0,0.0,20.0,-20.0,-10.0,0.800000012,0.0799999982,4.0,0.0,RF mapping
2731.293983999989,2731.543983999989,1.57079637,137.0,0.0,20.0,-30.0,30.0,0.800000012,0.0799999982,4.0,1.571,RF mapping
2731.560991999999,2731.810991999999,0.0,137.0,0.0,20.0,-30.0,-30.0,0.800000012,0.0799999982,4.0,0.0,RF mapping
2731.8269759999966,2732.0769759999966,0.785398185,137.0,0.0,20.0,0.0,30.0,0.800000012,0.0799999982,4.0,0.785,RF mapping
2732.093983999992,2732.343983999992,1.57079637,137.0,0.0,20.0,0.0,10.0,0.800000012,0.0799999982,4.0,1.571,RF mapping
2732.360991999987,2732.610991999987,1.57079637,137.0,0.0,20.0,-20.0,30.0,0.800000012,0.0799999982,4.0,1.571,RF mapping
2732.6269759999996,2732.8769759999996,0.0,137.0,0.0,20.0,20.0,-20.0,0.800000012,0.0799999982,4.0,0.0,RF mapping
2732.893983999995,2733.143983999995,0.0,137.0,0.0,20.0,10.0,-10.0,0.800000012,0.0799999982,4.0,0.0,RF mapping
2733.16099199999,2733.41099199999,1.57079637,137.0,0.0,20.0,20.0,-20.0,0.800000012,0.0799999982,4.0,1.571,RF mapping
2733.4289919999865,2733.6789919999865,1.57079637,137.0,0.0,20.0,-10.0,-10.0,0.800000012,0.0799999982,4.0,1.571,RF mapping
2733.694975999999,2733.944975999999,0.0,137.0,0.0,20.0,20.0,20.0,0.800000012,0.0799999982,4.0,0.0,RF mapping
2733.961983999994,2734.211983999994,1.57079637,137.0,0.0,20.0,-20.0,-20.0,0.800000012,0.0799999982,4.0,1.571,RF mapping
2734.2289919999894,2734.4789919999894,0.0,137.0,0.0,20.0,-10.0,30.0,0.800000012,0.0799999982,4.0,0.0,RF mapping
2734.495999999999,2734.745999999999,0.0,137.0,0.0,20.0,-10.0,0.0,0.800000012,0.0799999982,4.0,0.0,RF mapping
2734.761983999997,2735.011983999997,0.785398185,137.0,0.0,20.0,-20.0,-20.0,0.800000012,0.0799999982,4.0,0.785,RF mapping
2735.0289919999923,2735.2789919999923,0.0,137.0,0.0,20.0,20.0,-10.0,0.800000012,0.0799999982,4.0,0.0,RF mapping
2735.2959999999875,2735.5459999999875,1.57079637,137.0,0.0,20.0,20.0,-10.0,0.800000012,0.0799999982,4.0,1.571,RF mapping
2735.5629759999865,2735.8129759999865,1.57079637,137.0,0.0,20.0,30.0,20.0,0.800000012,0.0799999982,4.0,1.571,RF mapping
2735.8299839999963,2736.0799839999963,0.785398185,137.0,0.0,20.0,20.0,-20.0,0.800000012,0.0799999982,4.0,0.785,RF mapping
2736.097023999988,2736.347023999988,0.0,137.0,0.0,20.0,-10.0,30.0,0.800000012,0.0799999982,4.0,0.0,RF mapping
2736.363999999987,2736.613999999987,0.785398185,137.0,0.0,20.0,-20.0,30.0,0.800000012,0.0799999982,4.0,0.785,RF mapping
2736.630975999986,2736.880975999986,0.0,137.0,0.0,20.0,-30.0,30.0,0.800000012,0.0799999982,4.0,0.0,RF mapping
2736.8969919999945,2737.1469919999945,0.0,137.0,0.0,20.0,10.0,-10.0,0.800000012,0.0799999982,4.0,0.0,RF mapping
2737.1639999999898,2737.4139999999898,1.57079637,137.0,0.0,20.0,-30.0,-10.0,0.800000012,0.0799999982,4.0,1.571,RF mapping
2737.4309759999887,2737.6809759999887,0.0,137.0,0.0,20.0,-10.0,-10.0,0.800000012,0.0799999982,4.0,0.0,RF mapping
2737.6979839999985,2737.9479839999985,1.57079637,137.0,0.0,20.0,0.0,30.0,0.800000012,0.0799999982,4.0,1.571,RF mapping
2737.9639999999927,2738.2139999999927,0.0,137.0,0.0,20.0,10.0,-20.0,0.800000012,0.0799999982,4.0,0.0,RF mapping
2738.2309759999916,2738.4809759999916,0.0,137.0,0.0,20.0,-20.0,20.0,0.800000012,0.0799999982,4.0,0.0,RF mapping
2738.497983999987,2738.747983999987,0.785398185,137.0,0.0,20.0,-20.0,-10.0,0.800000012,0.0799999982,4.0,0.785,RF mapping
2738.7649919999967,2739.0149919999967,0.785398185,137.0,0.0,20.0,10.0,-20.0,0.800000012,0.0799999982,4.0,0.785,RF mapping
2739.0309759999946,2739.2809759999946,0.0,137.0,0.0,20.0,10.0,-30.0,0.800000012,0.0799999982,4.0,0.0,RF mapping
2739.29798399999,2739.54798399999,0.0,137.0,0.0,20.0,0.0,-20.0,0.800000012,0.0799999982,4.0,0.0,RF mapping
2739.5649919999996,2739.8149919999996,0.0,-1.0,0.0,20.0,20.0,-10.0,0.800000012,0.0799999982,4.0,0.0,RF mapping
2739.831999999995,2740.081999999995,1.57079637,-1.0,0.0,20.0,-30.0,20.0,0.800000012,0.0799999982,4.0,1.571,RF mapping
2740.0979839999927,2740.3479839999927,1.57079637,138.0,0.0,20.0,-30.0,-30.0,0.800000012,0.0799999982,4.0,1.571,RF mapping
2740.364991999988,2740.614991999988,0.785398185,138.0,0.0,20.0,20.0,0.0,0.800000012,0.0799999982,4.0,0.785,RF mapping
2740.631999999998,2740.881999999998,1.57079637,138.0,0.0,20.0,30.0,-30.0,0.800000012,0.0799999982,4.0,1.571,RF mapping
2740.8979839999956,2741.1479839999956,1.57079637,138.0,0.0,20.0,-20.0,10.0,0.800000012,0.0799999982,4.0,1.571,RF mapping
2741.164991999991,2741.414991999991,1.57079637,138.0,0.0,20.0,20.0,20.0,0.800000012,0.0799999982,4.0,1.571,RF mapping
2741.431999999986,2741.681999999986,1.57079637,138.0,0.0,20.0,10.0,-10.0,0.800000012,0.0799999982,4.0,1.571,RF mapping
2741.6979839999985,2741.9479839999985,0.785398185,138.0,0.0,20.0,30.0,20.0,0.800000012,0.0799999982,4.0,0.785,RF mapping
2741.964991999994,2742.214991999994,0.0,138.0,0.0,20.0,30.0,20.0,0.800000012,0.0799999982,4.0,0.0,RF mapping
2742.231999999989,2742.481999999989,0.0,138.0,0.0,20.0,10.0,20.0,0.800000012,0.0799999982,4.0,0.0,RF mapping
2742.497983999987,2742.747983999987,0.0,138.0,0.0,20.0,-30.0,-20.0,0.800000012,0.0799999982,4.0,0.0,RF mapping
2742.7649919999967,2743.0149919999967,0.785398185,138.0,0.0,20.0,-20.0,30.0,0.800000012,0.0799999982,4.0,0.785,RF mapping
2743.031999999992,2743.281999999992,0.785398185,138.0,0.0,20.0,-20.0,0.0,0.800000012,0.0799999982,4.0,0.785,RF mapping
2743.29798399999,2743.54798399999,0.785398185,138.0,0.0,20.0,-10.0,-20.0,0.800000012,0.0799999982,4.0,0.785,RF mapping
2743.5649919999996,2743.8149919999996,1.57079637,138.0,0.0,20.0,20.0,30.0,0.800000012,0.0799999982,4.0,1.571,RF mapping
2743.831999999995,2744.081999999995,0.785398185,138.0,0.0,20.0,-30.0,-30.0,0.800000012,0.0799999982,4.0,0.785,RF mapping
2744.0979839999927,2744.3479839999927,0.0,138.0,0.0,20.0,-10.0,-10.0,0.800000012,0.0799999982,4.0,0.0,RF mapping
2744.364991999988,2744.614991999988,0.0,138.0,0.0,20.0,20.0,0.0,0.800000012,0.0799999982,4.0,0.0,RF mapping
2744.631999999998,2744.881999999998,0.0,138.0,0.0,20.0,-20.0,-10.0,0.800000012,0.0799999982,4.0,0.0,RF mapping
2744.8979839999956,2745.1479839999956,1.57079637,138.0,0.0,20.0,-10.0,-30.0,0.800000012,0.0799999982,4.0,1.571,RF mapping
2745.164991999991,2745.414991999991,0.785398185,138.0,0.0,20.0,20.0,0.0,0.800000012,0.0799999982,4.0,0.785,RF mapping
2745.431999999986,2745.681999999986,0.0,138.0,0.0,20.0,30.0,-20.0,0.800000012,0.0799999982,4.0,0.0,RF mapping
2745.6979839999985,2745.9479839999985,0.0,138.0,0.0,20.0,0.0,-20.0,0.800000012,0.0799999982,4.0,0.0,RF mapping
2745.965983999995,2746.215983999995,0.0,138.0,0.0,20.0,-20.0,20.0,0.800000012,0.0799999982,4.0,0.0,RF mapping
2746.23299199999,2746.48299199999,0.0,138.0,0.0,20.0,30.0,-20.0,0.800000012,0.0799999982,4.0,0.0,RF mapping
2746.498975999988,2746.748975999988,0.0,138.0,0.0,20.0,-20.0,20.0,0.800000012,0.0799999982,4.0,0.0,RF mapping
2746.765983999998,2747.015983999998,1.57079637,138.0,0.0,20.0,20.0,-30.0,0.800000012,0.0799999982,4.0,1.571,RF mapping
2747.032991999993,2747.282991999993,0.0,138.0,0.0,20.0,0.0,-10.0,0.800000012,0.0799999982,4.0,0.0,RF mapping
2747.2999999999884,2747.5499999999884,0.0,138.0,0.0,20.0,20.0,10.0,0.800000012,0.0799999982,4.0,0.0,RF mapping
2747.565983999986,2747.815983999986,0.0,138.0,0.0,20.0,10.0,30.0,0.800000012,0.0799999982,4.0,0.0,RF mapping
2747.832991999996,2748.082991999996,0.785398185,138.0,0.0,20.0,-30.0,20.0,0.800000012,0.0799999982,4.0,0.785,RF mapping
2748.0999999999913,2748.3499999999913,1.57079637,138.0,0.0,20.0,0.0,0.0,0.800000012,0.0799999982,4.0,1.571,RF mapping
2748.365983999989,2748.615983999989,0.785398185,138.0,0.0,20.0,-10.0,0.0,0.800000012,0.0799999982,4.0,0.785,RF mapping
2748.632991999999,2748.882991999999,0.0,138.0,0.0,20.0,-20.0,-20.0,0.800000012,0.0799999982,4.0,0.0,RF mapping
2748.899999999994,2749.149999999994,1.57079637,138.0,0.0,20.0,20.0,-30.0,0.800000012,0.0799999982,4.0,1.571,RF mapping
2749.1679999999906,2749.4179999999906,1.57079637,138.0,0.0,20.0,-20.0,30.0,0.800000012,0.0799999982,4.0,1.571,RF mapping
2749.4339839999884,2749.6839839999884,1.57079637,138.0,0.0,20.0,10.0,20.0,0.800000012,0.0799999982,4.0,1.571,RF mapping
2749.700991999998,2749.950991999998,0.785398185,138.0,0.0,20.0,10.0,0.0,0.800000012,0.0799999982,4.0,0.785,RF mapping
2749.9679999999935,2750.2179999999935,0.785398185,138.0,0.0,20.0,0.0,0.0,0.800000012,0.0799999982,4.0,0.785,RF mapping
2750.2339839999913,2750.4839839999913,1.57079637,138.0,0.0,20.0,-30.0,-20.0,0.800000012,0.0799999982,4.0,1.571,RF mapping
2750.5009919999866,2750.7509919999866,0.0,138.0,0.0,20.0,10.0,10.0,0.800000012,0.0799999982,4.0,0.0,RF mapping
2750.7679999999964,2751.0179999999964,1.57079637,138.0,0.0,20.0,-20.0,-30.0,0.800000012,0.0799999982,4.0,1.571,RF mapping
2751.0349759999954,2751.2849759999954,1.57079637,138.0,0.0,20.0,20.0,-10.0,0.800000012,0.0799999982,4.0,1.571,RF mapping
2751.3009919999895,2751.5509919999895,0.0,138.0,0.0,20.0,-20.0,0.0,0.800000012,0.0799999982,4.0,0.0,RF mapping
2751.5679999999993,2751.8179999999993,0.0,138.0,0.0,20.0,0.0,-10.0,0.800000012,0.0799999982,4.0,0.0,RF mapping
2751.8349759999983,2752.0849759999983,1.57079637,138.0,0.0,20.0,-10.0,10.0,0.800000012,0.0799999982,4.0,1.571,RF mapping
2752.1009919999924,2752.3509919999924,0.0,138.0,0.0,20.0,20.0,0.0,0.800000012,0.0799999982,4.0,0.0,RF mapping
2752.368991999989,2752.618991999989,1.57079637,138.0,0.0,20.0,-10.0,-10.0,0.800000012,0.0799999982,4.0,1.571,RF mapping
2752.6349759999866,2752.8849759999866,0.0,138.0,0.0,20.0,10.0,20.0,0.800000012,0.0799999982,4.0,0.0,RF mapping
2752.9019839999964,2753.1519839999964,0.785398185,138.0,0.0,20.0,-10.0,30.0,0.800000012,0.0799999982,4.0,0.785,RF mapping
2753.1679999999906,2753.4179999999906,0.0,138.0,0.0,20.0,-30.0,30.0,0.800000012,0.0799999982,4.0,0.0,RF mapping
2753.4349759999895,2753.6849759999895,1.57079637,138.0,0.0,20.0,-30.0,-10.0,0.800000012,0.0799999982,4.0,1.571,RF mapping
2753.7019839999994,2753.9519839999994,1.57079637,138.0,0.0,20.0,20.0,10.0,0.800000012,0.0799999982,4.0,1.571,RF mapping
2753.9679999999935,2754.2179999999935,0.785398185,138.0,0.0,20.0,10.0,-20.0,0.800000012,0.0799999982,4.0,0.785,RF mapping
2754.2349759999925,2754.4849759999925,0.0,138.0,0.0,20.0,-10.0,10.0,0.800000012,0.0799999982,4.0,0.0,RF mapping
2754.5019839999877,2754.7519839999877,0.0,138.0,0.0,20.0,20.0,-20.0,0.800000012,0.0799999982,4.0,0.0,RF mapping
2754.7689919999975,2755.0189919999975,1.57079637,138.0,0.0,20.0,-10.0,10.0,0.800000012,0.0799999982,4.0,1.571,RF mapping
2755.0349759999954,2755.2849759999954,0.0,138.0,0.0,20.0,-10.0,10.0,0.800000012,0.0799999982,4.0,0.0,RF mapping
2755.3019839999906,2755.5519839999906,0.785398185,138.0,0.0,20.0,-20.0,0.0,0.800000012,0.0799999982,4.0,0.785,RF mapping
2755.568991999986,2755.818991999986,1.57079637,138.0,0.0,20.0,-20.0,20.0,0.800000012,0.0799999982,4.0,1.571,RF mapping
2755.8349759999983,2756.0849759999983,0.0,138.0,0.0,20.0,-20.0,-10.0,0.800000012,0.0799999982,4.0,0.0,RF mapping
2756.1019839999935,2756.3519839999935,1.57079637,138.0,0.0,20.0,-10.0,0.0,0.800000012,0.0799999982,4.0,1.571,RF mapping
2756.368991999989,2756.618991999989,1.57079637,138.0,0.0,20.0,-30.0,0.0,0.800000012,0.0799999982,4.0,1.571,RF mapping
2756.6359999999986,2756.8859999999986,1.57079637,138.0,0.0,20.0,10.0,0.0,0.800000012,0.0799999982,4.0,1.571,RF mapping
2756.885983999993,2757.135983999993,1.57079637,138.0,0.0,20.0,-30.0,0.0,0.800000012,0.0799999982,4.0,1.571,RF mapping
2757.1529919999884,2757.4029919999884,0.785398185,138.0,0.0,20.0,-20.0,10.0,0.800000012,0.0799999982,4.0,0.785,RF mapping
2757.4189759999863,2757.6689759999863,0.0,138.0,0.0,20.0,0.0,-10.0,0.800000012,0.0799999982,4.0,0.0,RF mapping
2757.685983999996,2757.935983999996,0.0,138.0,0.0,20.0,-30.0,-20.0,0.800000012,0.0799999982,4.0,0.0,RF mapping
2757.9529919999914,2758.2029919999914,1.57079637,138.0,0.0,20.0,10.0,-20.0,0.800000012,0.0799999982,4.0,1.571,RF mapping
2758.2199999999866,2758.4699999999866,1.57079637,138.0,0.0,20.0,20.0,-30.0,0.800000012,0.0799999982,4.0,1.571,RF mapping
2758.4879999999976,2758.7379999999976,1.57079637,138.0,0.0,20.0,20.0,-10.0,0.800000012,0.0799999982,4.0,1.571,RF mapping
2758.7539839999954,2759.0039839999954,0.785398185,138.0,0.0,20.0,30.0,30.0,0.800000012,0.0799999982,4.0,0.785,RF mapping
2759.0209919999907,2759.2709919999907,1.57079637,138.0,0.0,20.0,-10.0,10.0,0.800000012,0.0799999982,4.0,1.571,RF mapping
2759.287999999986,2759.537999999986,1.57079637,138.0,0.0,20.0,-30.0,20.0,0.800000012,0.0799999982,4.0,1.571,RF mapping
2759.5539839999983,2759.8039839999983,0.785398185,-1.0,0.0,20.0,30.0,0.0,0.800000012,0.0799999982,4.0,0.785,RF mapping
2759.8209919999936,2760.0709919999936,0.785398185,-1.0,0.0,20.0,30.0,0.0,0.800000012,0.0799999982,4.0,0.785,RF mapping
2760.087999999989,2760.337999999989,1.57079637,139.0,0.0,20.0,-30.0,20.0,0.800000012,0.0799999982,4.0,1.571,RF mapping
2760.354975999988,2760.604975999988,0.785398185,139.0,0.0,20.0,-30.0,-20.0,0.800000012,0.0799999982,4.0,0.785,RF mapping
2760.6219839999976,2760.8719839999976,0.785398185,139.0,0.0,20.0,30.0,0.0,0.800000012,0.0799999982,4.0,0.785,RF mapping
2760.888991999993,2761.138991999993,0.785398185,139.0,0.0,20.0,30.0,10.0,0.800000012,0.0799999982,4.0,0.785,RF mapping
2761.1569919999893,2761.4069919999893,0.785398185,139.0,0.0,20.0,-20.0,-30.0,0.800000012,0.0799999982,4.0,0.785,RF mapping
2761.422975999987,2761.672975999987,0.0,139.0,0.0,20.0,-10.0,0.0,0.800000012,0.0799999982,4.0,0.0,RF mapping
2761.689983999997,2761.939983999997,0.785398185,139.0,0.0,20.0,30.0,10.0,0.800000012,0.0799999982,4.0,0.785,RF mapping
2761.956991999992,2762.206991999992,1.57079637,139.0,0.0,20.0,-20.0,20.0,0.800000012,0.0799999982,4.0,1.571,RF mapping
2762.22297599999,2762.47297599999,1.57079637,139.0,0.0,20.0,-10.0,-10.0,0.800000012,0.0799999982,4.0,1.571,RF mapping
2762.489984,2762.739984,0.785398185,139.0,0.0,20.0,-10.0,-10.0,0.800000012,0.0799999982,4.0,0.785,RF mapping
2762.756991999995,2763.006991999995,0.785398185,139.0,0.0,20.0,20.0,-20.0,0.800000012,0.0799999982,4.0,0.785,RF mapping
2763.0239999999903,2763.2739999999903,0.785398185,139.0,0.0,20.0,0.0,-20.0,0.800000012,0.0799999982,4.0,0.785,RF mapping
2763.2909759999893,2763.5409759999893,1.57079637,139.0,0.0,20.0,10.0,-30.0,0.800000012,0.0799999982,4.0,1.571,RF mapping
2763.557983999999,2763.807983999999,0.785398185,139.0,0.0,20.0,0.0,0.0,0.800000012,0.0799999982,4.0,0.785,RF mapping
2763.8239999999932,2764.0739999999932,1.57079637,139.0,0.0,20.0,0.0,10.0,0.800000012,0.0799999982,4.0,1.571,RF mapping
2764.0919999999896,2764.3419999999896,1.57079637,139.0,0.0,20.0,20.0,-10.0,0.800000012,0.0799999982,4.0,1.571,RF mapping
2764.3589759999886,2764.6089759999886,0.785398185,139.0,0.0,20.0,10.0,0.0,0.800000012,0.0799999982,4.0,0.785,RF mapping
2764.6249919999973,2764.8749919999973,0.0,139.0,0.0,20.0,30.0,-10.0,0.800000012,0.0799999982,4.0,0.0,RF mapping
2764.8919999999925,2765.1419999999925,1.57079637,139.0,0.0,20.0,30.0,0.0,0.800000012,0.0799999982,4.0,1.571,RF mapping
2765.1589759999915,2765.4089759999915,1.57079637,139.0,0.0,20.0,-30.0,10.0,0.800000012,0.0799999982,4.0,1.571,RF mapping
2765.425983999987,2765.675983999987,1.57079637,139.0,0.0,20.0,30.0,-30.0,0.800000012,0.0799999982,4.0,1.571,RF mapping
2765.6929919999966,2765.9429919999966,1.57079637,139.0,0.0,20.0,20.0,30.0,0.800000012,0.0799999982,4.0,1.571,RF mapping
2765.9589759999944,2766.2089759999944,0.785398185,139.0,0.0,20.0,0.0,-30.0,0.800000012,0.0799999982,4.0,0.785,RF mapping
2766.2259839999897,2766.4759839999897,0.0,139.0,0.0,20.0,30.0,-10.0,0.800000012,0.0799999982,4.0,0.0,RF mapping
2766.4929919999995,2766.7429919999995,0.0,139.0,0.0,20.0,-20.0,30.0,0.800000012,0.0799999982,4.0,0.0,RF mapping
2766.7589759999973,2767.0089759999973,1.57079637,139.0,0.0,20.0,-30.0,-20.0,0.800000012,0.0799999982,4.0,1.571,RF mapping
2767.0259839999926,2767.2759839999926,1.57079637,139.0,0.0,20.0,-20.0,-10.0,0.800000012,0.0799999982,4.0,1.571,RF mapping
2767.292991999988,2767.542991999988,0.0,139.0,0.0,20.0,-10.0,20.0,0.800000012,0.0799999982,4.0,0.0,RF mapping
2767.5589759999857,2767.8089759999857,0.785398185,139.0,0.0,20.0,30.0,-30.0,0.800000012,0.0799999982,4.0,0.785,RF mapping
2767.8259839999955,2768.0759839999955,0.0,139.0,0.0,20.0,30.0,0.0,0.800000012,0.0799999982,4.0,0.0,RF mapping
2768.0929919999908,2768.3429919999908,0.0,139.0,0.0,20.0,30.0,-30.0,0.800000012,0.0799999982,4.0,0.0,RF mapping
2768.359999999986,2768.609999999986,1.57079637,139.0,0.0,20.0,-30.0,0.0,0.800000012,0.0799999982,4.0,1.571,RF mapping
2768.6269759999996,2768.8769759999996,0.785398185,139.0,0.0,20.0,-20.0,-20.0,0.800000012,0.0799999982,4.0,0.785,RF mapping
2768.893983999995,2769.143983999995,1.57079637,139.0,0.0,20.0,-10.0,10.0,0.800000012,0.0799999982,4.0,1.571,RF mapping
2769.16099199999,2769.41099199999,0.0,139.0,0.0,20.0,-20.0,-30.0,0.800000012,0.0799999982,4.0,0.0,RF mapping
2769.428,2769.678,0.0,139.0,0.0,20.0,-30.0,0.0,0.800000012,0.0799999982,4.0,0.0,RF mapping
2769.694975999999,2769.944975999999,0.0,139.0,0.0,20.0,-10.0,10.0,0.800000012,0.0799999982,4.0,0.0,RF mapping
2769.960991999993,2770.210991999993,0.0,139.0,0.0,20.0,30.0,10.0,0.800000012,0.0799999982,4.0,0.0,RF mapping
2770.2279999999882,2770.4779999999882,1.57079637,139.0,0.0,20.0,-30.0,-30.0,0.800000012,0.0799999982,4.0,1.571,RF mapping
2770.494975999987,2770.744975999987,0.785398185,139.0,0.0,20.0,20.0,0.0,0.800000012,0.0799999982,4.0,0.785,RF mapping
2770.760991999996,2771.010991999996,0.0,139.0,0.0,20.0,-10.0,0.0,0.800000012,0.0799999982,4.0,0.0,RF mapping
2771.027999999991,2771.277999999991,0.785398185,139.0,0.0,20.0,-20.0,20.0,0.800000012,0.0799999982,4.0,0.785,RF mapping
2771.29497599999,2771.54497599999,1.57079637,139.0,0.0,20.0,30.0,-10.0,0.800000012,0.0799999982,4.0,1.571,RF mapping
2771.560991999999,2771.810991999999,0.785398185,139.0,0.0,20.0,0.0,10.0,0.800000012,0.0799999982,4.0,0.785,RF mapping
2771.827999999994,2772.077999999994,1.57079637,139.0,0.0,20.0,10.0,-20.0,0.800000012,0.0799999982,4.0,1.571,RF mapping
2772.094975999993,2772.344975999993,0.785398185,139.0,0.0,20.0,0.0,10.0,0.800000012,0.0799999982,4.0,0.785,RF mapping
2772.360991999987,2772.610991999987,0.0,139.0,0.0,20.0,30.0,10.0,0.800000012,0.0799999982,4.0,0.0,RF mapping
2772.627999999997,2772.877999999997,0.785398185,139.0,0.0,20.0,-20.0,0.0,0.800000012,0.0799999982,4.0,0.785,RF mapping
2772.894975999996,2773.144975999996,0.0,139.0,0.0,20.0,-30.0,30.0,0.800000012,0.0799999982,4.0,0.0,RF mapping
2773.161983999991,2773.411983999991,1.57079637,139.0,0.0,20.0,0.0,20.0,0.800000012,0.0799999982,4.0,1.571,RF mapping
2773.4289919999865,2773.6789919999865,0.785398185,139.0,0.0,20.0,-20.0,-10.0,0.800000012,0.0799999982,4.0,0.785,RF mapping
2773.694975999999,2773.944975999999,1.57079637,139.0,0.0,20.0,-30.0,30.0,0.800000012,0.0799999982,4.0,1.571,RF mapping
2773.961983999994,2774.211983999994,0.785398185,139.0,0.0,20.0,-10.0,30.0,0.800000012,0.0799999982,4.0,0.785,RF mapping
2774.2289919999894,2774.4789919999894,0.0,139.0,0.0,20.0,-20.0,0.0,0.800000012,0.0799999982,4.0,0.0,RF mapping
2774.495999999999,2774.745999999999,1.57079637,139.0,0.0,20.0,-30.0,10.0,0.800000012,0.0799999982,4.0,1.571,RF mapping
2774.7620159999933,2775.0120159999933,0.785398185,139.0,0.0,20.0,30.0,10.0,0.800000012,0.0799999982,4.0,0.785,RF mapping
2775.0289919999923,2775.2789919999923,0.0,139.0,0.0,20.0,20.0,10.0,0.800000012,0.0799999982,4.0,0.0,RF mapping
2775.2959999999875,2775.5459999999875,1.57079637,139.0,0.0,20.0,30.0,-30.0,0.800000012,0.0799999982,4.0,1.571,RF mapping
2775.561984,2775.811984,1.57079637,139.0,0.0,20.0,-20.0,0.0,0.800000012,0.0799999982,4.0,1.571,RF mapping
2775.828991999995,2776.078991999995,1.57079637,139.0,0.0,20.0,10.0,0.0,0.800000012,0.0799999982,4.0,1.571,RF mapping
2776.0959999999905,2776.3459999999905,1.57079637,139.0,0.0,20.0,-20.0,-20.0,0.800000012,0.0799999982,4.0,1.571,RF mapping
2776.3629759999894,2776.6129759999894,1.57079637,139.0,0.0,20.0,0.0,-10.0,0.800000012,0.0799999982,4.0,1.571,RF mapping
2776.6299839999992,2776.8799839999992,0.785398185,139.0,0.0,20.0,0.0,10.0,0.800000012,0.0799999982,4.0,0.785,RF mapping
2776.8959999999934,2777.1459999999934,0.0,139.0,0.0,20.0,-20.0,20.0,0.800000012,0.0799999982,4.0,0.0,RF mapping
2777.1629759999923,2777.4129759999923,0.0,139.0,0.0,20.0,-10.0,30.0,0.800000012,0.0799999982,4.0,0.0,RF mapping
2777.4299839999876,2777.6799839999876,1.57079637,139.0,0.0,20.0,-30.0,-20.0,0.800000012,0.0799999982,4.0,1.571,RF mapping
2777.6969919999974,2777.9469919999974,0.0,139.0,0.0,20.0,0.0,-10.0,0.800000012,0.0799999982,4.0,0.0,RF mapping
2777.9639999999927,2778.2139999999927,0.785398185,139.0,0.0,20.0,10.0,-30.0,0.800000012,0.0799999982,4.0,0.785,RF mapping
2778.2299839999905,2778.4799839999905,0.0,139.0,0.0,20.0,-30.0,30.0,0.800000012,0.0799999982,4.0,0.0,RF mapping
2778.4969919999858,2778.7469919999858,0.785398185,139.0,0.0,20.0,-30.0,-20.0,0.800000012,0.0799999982,4.0,0.785,RF mapping
2778.7639999999956,2779.0139999999956,0.785398185,139.0,0.0,20.0,30.0,20.0,0.800000012,0.0799999982,4.0,0.785,RF mapping
2779.0309759999946,2779.2809759999946,1.57079637,139.0,0.0,20.0,10.0,0.0,0.800000012,0.0799999982,4.0,1.571,RF mapping
2779.2969919999887,2779.5469919999887,0.785398185,139.0,0.0,20.0,30.0,-10.0,0.800000012,0.0799999982,4.0,0.785,RF mapping
2779.5639999999985,2779.8139999999985,1.57079637,-1.0,0.0,20.0,10.0,-20.0,0.800000012,0.0799999982,4.0,1.571,RF mapping
2779.8309759999975,2780.0809759999975,1.57079637,-1.0,0.0,20.0,30.0,20.0,0.800000012,0.0799999982,4.0,1.571,RF mapping
2780.0979839999927,2780.3479839999927,0.0,140.0,0.0,20.0,-30.0,-20.0,0.800000012,0.0799999982,4.0,0.0,RF mapping
2780.364991999988,2780.614991999988,0.785398185,140.0,0.0,20.0,30.0,-20.0,0.800000012,0.0799999982,4.0,0.785,RF mapping
2780.6310079999967,2780.8810079999967,0.785398185,140.0,0.0,20.0,-10.0,-30.0,0.800000012,0.0799999982,4.0,0.785,RF mapping
2780.8979839999956,2781.1479839999956,1.57079637,140.0,0.0,20.0,-10.0,30.0,0.800000012,0.0799999982,4.0,1.571,RF mapping
2781.164991999991,2781.414991999991,0.0,140.0,0.0,20.0,-10.0,30.0,0.800000012,0.0799999982,4.0,0.0,RF mapping
2781.431999999986,2781.681999999986,0.785398185,140.0,0.0,20.0,0.0,-30.0,0.800000012,0.0799999982,4.0,0.785,RF mapping
2781.6989759999997,2781.9489759999997,1.57079637,140.0,0.0,20.0,-10.0,0.0,0.800000012,0.0799999982,4.0,1.571,RF mapping
2781.964991999994,2782.214991999994,0.785398185,140.0,0.0,20.0,30.0,20.0,0.800000012,0.0799999982,4.0,0.785,RF mapping
2782.231999999989,2782.481999999989,1.57079637,140.0,0.0,20.0,10.0,20.0,0.800000012,0.0799999982,4.0,1.571,RF mapping
2782.498975999988,2782.748975999988,0.0,140.0,0.0,20.0,0.0,-30.0,0.800000012,0.0799999982,4.0,0.0,RF mapping
2782.7649919999967,2783.0149919999967,1.57079637,140.0,0.0,20.0,10.0,30.0,0.800000012,0.0799999982,4.0,1.571,RF mapping
2783.031999999992,2783.281999999992,0.0,140.0,0.0,20.0,20.0,10.0,0.800000012,0.0799999982,4.0,0.0,RF mapping
2783.298975999991,2783.548975999991,0.0,140.0,0.0,20.0,-30.0,10.0,0.800000012,0.0799999982,4.0,0.0,RF mapping
2783.565983999986,2783.815983999986,0.0,140.0,0.0,20.0,10.0,-20.0,0.800000012,0.0799999982,4.0,0.0,RF mapping
2783.832991999996,2784.082991999996,0.0,140.0,0.0,20.0,-30.0,-10.0,0.800000012,0.0799999982,4.0,0.0,RF mapping
2784.098975999994,2784.348975999994,0.785398185,140.0,0.0,20.0,0.0,-10.0,0.800000012,0.0799999982,4.0,0.785,RF mapping
2784.365983999989,2784.615983999989,0.0,140.0,0.0,20.0,-10.0,-20.0,0.800000012,0.0799999982,4.0,0.0,RF mapping
2784.632991999999,2784.882991999999,0.0,140.0,0.0,20.0,0.0,10.0,0.800000012,0.0799999982,4.0,0.0,RF mapping
2784.899999999994,2785.149999999994,0.785398185,140.0,0.0,20.0,-20.0,0.0,0.800000012,0.0799999982,4.0,0.785,RF mapping
2785.166975999993,2785.416975999993,0.785398185,140.0,0.0,20.0,-20.0,-30.0,0.800000012,0.0799999982,4.0,0.785,RF mapping
2785.4339839999884,2785.6839839999884,1.57079637,140.0,0.0,20.0,-10.0,10.0,0.800000012,0.0799999982,4.0,1.571,RF mapping
2785.700991999998,2785.950991999998,1.57079637,140.0,0.0,20.0,0.0,10.0,0.800000012,0.0799999982,4.0,1.571,RF mapping
2785.9679999999935,2786.2179999999935,0.785398185,140.0,0.0,20.0,-10.0,10.0,0.800000012,0.0799999982,4.0,0.785,RF mapping
2786.2349759999925,2786.4849759999925,0.0,140.0,0.0,20.0,-10.0,0.0,0.800000012,0.0799999982,4.0,0.0,RF mapping
2786.5019839999877,2786.7519839999877,1.57079637,140.0,0.0,20.0,-20.0,30.0,0.800000012,0.0799999982,4.0,1.571,RF mapping
2786.7689919999975,2787.0189919999975,1.57079637,140.0,0.0,20.0,30.0,0.0,0.800000012,0.0799999982,4.0,1.571,RF mapping
2787.035999999993,2787.285999999993,0.785398185,140.0,0.0,20.0,-30.0,30.0,0.800000012,0.0799999982,4.0,0.785,RF mapping
2787.3019839999906,2787.5519839999906,0.0,140.0,0.0,20.0,30.0,-10.0,0.800000012,0.0799999982,4.0,0.0,RF mapping
2787.5690239999967,2787.8190239999967,0.785398185,140.0,0.0,20.0,10.0,0.0,0.800000012,0.0799999982,4.0,0.785,RF mapping
2787.8199999999924,2788.0699999999924,0.785398185,140.0,0.0,20.0,20.0,-20.0,0.800000012,0.0799999982,4.0,0.785,RF mapping
2788.0859839999903,2788.3359839999903,1.57079637,140.0,0.0,20.0,20.0,30.0,0.800000012,0.0799999982,4.0,1.571,RF mapping
2788.352992,2788.602992,0.785398185,140.0,0.0,20.0,20.0,0.0,0.800000012,0.0799999982,4.0,0.785,RF mapping
2788.6199999999953,2788.8699999999953,0.785398185,140.0,0.0,20.0,30.0,10.0,0.800000012,0.0799999982,4.0,0.785,RF mapping
2788.885983999993,2789.135983999993,1.57079637,140.0,0.0,20.0,30.0,-10.0,0.800000012,0.0799999982,4.0,1.571,RF mapping
2789.1529919999884,2789.4029919999884,0.785398185,140.0,0.0,20.0,30.0,-20.0,0.800000012,0.0799999982,4.0,0.785,RF mapping
2789.4199999999983,2789.6699999999983,0.785398185,140.0,0.0,20.0,10.0,-30.0,0.800000012,0.0799999982,4.0,0.785,RF mapping
2789.6879999999946,2789.9379999999946,0.0,140.0,0.0,20.0,-30.0,10.0,0.800000012,0.0799999982,4.0,0.0,RF mapping
2789.9539839999925,2790.2039839999925,0.0,140.0,0.0,20.0,20.0,10.0,0.800000012,0.0799999982,4.0,0.0,RF mapping
2790.221983999989,2790.471983999989,0.785398185,140.0,0.0,20.0,30.0,-10.0,0.800000012,0.0799999982,4.0,0.785,RF mapping
2790.4879999999976,2790.7379999999976,0.785398185,140.0,0.0,20.0,-30.0,20.0,0.800000012,0.0799999982,4.0,0.785,RF mapping
2790.7549759999965,2791.0049759999965,1.57079637,140.0,0.0,20.0,-10.0,30.0,0.800000012,0.0799999982,4.0,1.571,RF mapping
2791.021983999992,2791.271983999992,0.785398185,140.0,0.0,20.0,20.0,-10.0,0.800000012,0.0799999982,4.0,0.785,RF mapping
2791.288991999987,2791.538991999987,0.0,140.0,0.0,20.0,10.0,-30.0,0.800000012,0.0799999982,4.0,0.0,RF mapping
2791.5549759999994,2791.8049759999994,1.57079637,140.0,0.0,20.0,30.0,-10.0,0.800000012,0.0799999982,4.0,1.571,RF mapping
2791.8219839999947,2792.0719839999947,1.57079637,140.0,0.0,20.0,-10.0,0.0,0.800000012,0.0799999982,4.0,1.571,RF mapping
2792.08899199999,2792.33899199999,0.785398185,140.0,0.0,20.0,0.0,10.0,0.800000012,0.0799999982,4.0,0.785,RF mapping
2792.3559999999998,2792.6059999999998,1.57079637,140.0,0.0,20.0,-10.0,20.0,0.800000012,0.0799999982,4.0,1.571,RF mapping
2792.6219839999976,2792.8719839999976,0.0,140.0,0.0,20.0,-20.0,-10.0,0.800000012,0.0799999982,4.0,0.0,RF mapping
2792.888991999993,2793.138991999993,0.0,140.0,0.0,20.0,30.0,-20.0,0.800000012,0.0799999982,4.0,0.0,RF mapping
2793.155999999988,2793.405999999988,0.785398185,140.0,0.0,20.0,10.0,-30.0,0.800000012,0.0799999982,4.0,0.785,RF mapping
2793.422975999987,2793.672975999987,1.57079637,140.0,0.0,20.0,30.0,0.0,0.800000012,0.0799999982,4.0,1.571,RF mapping
2793.689983999997,2793.939983999997,0.785398185,140.0,0.0,20.0,20.0,-20.0,0.800000012,0.0799999982,4.0,0.785,RF mapping
2793.955999999991,2794.205999999991,0.785398185,140.0,0.0,20.0,-10.0,20.0,0.800000012,0.0799999982,4.0,0.785,RF mapping
2794.22297599999,2794.47297599999,0.785398185,140.0,0.0,20.0,10.0,30.0,0.800000012,0.0799999982,4.0,0.785,RF mapping
2794.489984,2794.739984,1.57079637,140.0,0.0,20.0,20.0,10.0,0.800000012,0.0799999982,4.0,1.571,RF mapping
2794.756991999995,2795.006991999995,0.0,140.0,0.0,20.0,20.0,-30.0,0.800000012,0.0799999982,4.0,0.0,RF mapping
2795.022975999993,2795.272975999993,1.57079637,140.0,0.0,20.0,-30.0,20.0,0.800000012,0.0799999982,4.0,1.571,RF mapping
2795.2909759999893,2795.5409759999893,1.57079637,140.0,0.0,20.0,-20.0,-10.0,0.800000012,0.0799999982,4.0,1.571,RF mapping
2795.556991999998,2795.806991999998,1.57079637,140.0,0.0,20.0,10.0,30.0,0.800000012,0.0799999982,4.0,1.571,RF mapping
2795.8239999999932,2796.0739999999932,1.57079637,140.0,0.0,20.0,-20.0,0.0,0.800000012,0.0799999982,4.0,1.571,RF mapping
2796.090975999992,2796.340975999992,0.785398185,140.0,0.0,20.0,-30.0,0.0,0.800000012,0.0799999982,4.0,0.785,RF mapping
2796.3569919999863,2796.6069919999863,1.57079637,140.0,0.0,20.0,-30.0,10.0,0.800000012,0.0799999982,4.0,1.571,RF mapping
2796.6249919999973,2796.8749919999973,1.57079637,140.0,0.0,20.0,30.0,10.0,0.800000012,0.0799999982,4.0,1.571,RF mapping
2796.890975999995,2797.140975999995,0.785398185,140.0,0.0,20.0,30.0,30.0,0.800000012,0.0799999982,4.0,0.785,RF mapping
2797.1579839999904,2797.4079839999904,0.785398185,140.0,0.0,20.0,-30.0,10.0,0.800000012,0.0799999982,4.0,0.785,RF mapping
2797.424992,2797.674992,0.785398185,140.0,0.0,20.0,-10.0,-20.0,0.800000012,0.0799999982,4.0,0.785,RF mapping
2797.690975999998,2797.940975999998,0.0,140.0,0.0,20.0,0.0,20.0,0.800000012,0.0799999982,4.0,0.0,RF mapping
2797.9579839999933,2798.2079839999933,0.0,140.0,0.0,20.0,30.0,10.0,0.800000012,0.0799999982,4.0,0.0,RF mapping
2798.2249919999886,2798.4749919999886,0.785398185,140.0,0.0,20.0,-10.0,0.0,0.800000012,0.0799999982,4.0,0.785,RF mapping
2798.4909759999864,2798.7409759999864,0.785398185,140.0,0.0,20.0,0.0,30.0,0.800000012,0.0799999982,4.0,0.785,RF mapping
2798.757983999996,2799.007983999996,0.0,140.0,0.0,20.0,0.0,10.0,0.800000012,0.0799999982,4.0,0.0,RF mapping
2799.0249919999915,2799.2749919999915,0.785398185,140.0,0.0,20.0,-30.0,30.0,0.800000012,0.0799999982,4.0,0.785,RF mapping
2799.2919999999867,2799.5419999999867,1.57079637,140.0,0.0,20.0,20.0,-20.0,0.800000012,0.0799999982,4.0,1.571,RF mapping
2799.557983999999,2799.807983999999,1.57079637,-1.0,0.0,20.0,30.0,-20.0,0.800000012,0.0799999982,4.0,1.571,RF mapping
2799.8249919999944,2800.0749919999944,1.57079637,-1.0,0.0,20.0,-20.0,-10.0,0.800000012,0.0799999982,4.0,1.571,RF mapping
2800.0919999999896,2800.3419999999896,0.0,141.0,0.0,20.0,-10.0,30.0,0.800000012,0.0799999982,4.0,0.0,RF mapping
2800.3579839999875,2800.6079839999875,0.0,141.0,0.0,20.0,30.0,-10.0,0.800000012,0.0799999982,4.0,0.0,RF mapping
2800.6249919999973,2800.8749919999973,1.57079637,141.0,0.0,20.0,20.0,-30.0,0.800000012,0.0799999982,4.0,1.571,RF mapping
2800.8919999999925,2801.1419999999925,1.57079637,141.0,0.0,20.0,20.0,-30.0,0.800000012,0.0799999982,4.0,1.571,RF mapping
2801.1579839999904,2801.4079839999904,0.0,141.0,0.0,20.0,10.0,-10.0,0.800000012,0.0799999982,4.0,0.0,RF mapping
2801.424992,2801.674992,0.785398185,141.0,0.0,20.0,20.0,-10.0,0.800000012,0.0799999982,4.0,0.785,RF mapping
2801.6919999999955,2801.9419999999955,0.0,141.0,0.0,20.0,-30.0,30.0,0.800000012,0.0799999982,4.0,0.0,RF mapping
2801.9579839999933,2802.2079839999933,1.57079637,141.0,0.0,20.0,-30.0,10.0,0.800000012,0.0799999982,4.0,1.571,RF mapping
2802.2249919999886,2802.4749919999886,1.57079637,141.0,0.0,20.0,20.0,0.0,0.800000012,0.0799999982,4.0,1.571,RF mapping
2802.4919999999984,2802.7419999999984,0.785398185,141.0,0.0,20.0,-10.0,-30.0,0.800000012,0.0799999982,4.0,0.785,RF mapping
2802.757983999996,2803.007983999996,0.785398185,141.0,0.0,20.0,20.0,-30.0,0.800000012,0.0799999982,4.0,0.785,RF mapping
2803.0259839999926,2803.2759839999926,0.785398185,141.0,0.0,20.0,0.0,-10.0,0.800000012,0.0799999982,4.0,0.785,RF mapping
2803.2919999999867,2803.5419999999867,0.0,141.0,0.0,20.0,30.0,20.0,0.800000012,0.0799999982,4.0,0.0,RF mapping
2803.5589759999857,2803.8089759999857,1.57079637,141.0,0.0,20.0,10.0,-10.0,0.800000012,0.0799999982,4.0,1.571,RF mapping
2803.826015999992,2804.076015999992,0.0,141.0,0.0,20.0,10.0,10.0,0.800000012,0.0799999982,4.0,0.0,RF mapping
2804.0929919999908,2804.3429919999908,1.57079637,141.0,0.0,20.0,-30.0,-30.0,0.800000012,0.0799999982,4.0,1.571,RF mapping
2804.3589759999886,2804.6089759999886,0.785398185,141.0,0.0,20.0,-20.0,30.0,0.800000012,0.0799999982,4.0,0.785,RF mapping
2804.6259839999984,2804.8759839999984,0.785398185,141.0,0.0,20.0,-10.0,10.0,0.800000012,0.0799999982,4.0,0.785,RF mapping
2804.8929919999937,2805.1429919999937,0.785398185,141.0,0.0,20.0,0.0,20.0,0.800000012,0.0799999982,4.0,0.785,RF mapping
2805.1589759999915,2805.4089759999915,0.0,141.0,0.0,20.0,-10.0,-30.0,0.800000012,0.0799999982,4.0,0.0,RF mapping
2805.425983999987,2805.675983999987,1.57079637,141.0,0.0,20.0,0.0,-10.0,0.800000012,0.0799999982,4.0,1.571,RF mapping
2805.6929919999966,2805.9429919999966,0.0,141.0,0.0,20.0,-20.0,-20.0,0.800000012,0.0799999982,4.0,0.0,RF mapping
2805.959999999992,2806.209999999992,1.57079637,141.0,0.0,20.0,20.0,30.0,0.800000012,0.0799999982,4.0,1.571,RF mapping
2806.226975999991,2806.476975999991,0.0,141.0,0.0,20.0,20.0,-10.0,0.800000012,0.0799999982,4.0,0.0,RF mapping
2806.4929919999995,2806.7429919999995,0.785398185,141.0,0.0,20.0,30.0,20.0,0.800000012,0.0799999982,4.0,0.785,RF mapping
2806.7599999999948,2807.0099999999948,1.57079637,141.0,0.0,20.0,-10.0,30.0,0.800000012,0.0799999982,4.0,1.571,RF mapping
2807.0269759999937,2807.2769759999937,0.785398185,141.0,0.0,20.0,30.0,30.0,0.800000012,0.0799999982,4.0,0.785,RF mapping
2807.293983999989,2807.543983999989,0.785398185,141.0,0.0,20.0,30.0,30.0,0.800000012,0.0799999982,4.0,0.785,RF mapping
2807.560991999999,2807.810991999999,0.0,141.0,0.0,20.0,-20.0,-30.0,0.800000012,0.0799999982,4.0,0.0,RF mapping
2807.827999999994,2808.077999999994,0.0,141.0,0.0,20.0,-10.0,30.0,0.800000012,0.0799999982,4.0,0.0,RF mapping
2808.093983999992,2808.343983999992,0.785398185,141.0,0.0,20.0,0.0,10.0,0.800000012,0.0799999982,4.0,0.785,RF mapping
2808.360991999987,2808.610991999987,0.785398185,141.0,0.0,20.0,-20.0,10.0,0.800000012,0.0799999982,4.0,0.785,RF mapping
2808.627999999997,2808.877999999997,1.57079637,141.0,0.0,20.0,0.0,-20.0,0.800000012,0.0799999982,4.0,1.571,RF mapping
2808.894975999996,2809.144975999996,0.785398185,141.0,0.0,20.0,-20.0,0.0,0.800000012,0.0799999982,4.0,0.785,RF mapping
2809.161983999991,2809.411983999991,0.785398185,141.0,0.0,20.0,0.0,0.0,0.800000012,0.0799999982,4.0,0.785,RF mapping
2809.4289919999865,2809.6789919999865,1.57079637,141.0,0.0,20.0,30.0,-20.0,0.800000012,0.0799999982,4.0,1.571,RF mapping
2809.695007999995,2809.945007999995,0.785398185,141.0,0.0,20.0,20.0,0.0,0.800000012,0.0799999982,4.0,0.785,RF mapping
2809.961983999994,2810.211983999994,0.0,141.0,0.0,20.0,0.0,30.0,0.800000012,0.0799999982,4.0,0.0,RF mapping
2810.2289919999894,2810.4789919999894,0.0,141.0,0.0,20.0,-30.0,-30.0,0.800000012,0.0799999982,4.0,0.0,RF mapping
2810.494975999987,2810.744975999987,0.0,141.0,0.0,20.0,-10.0,30.0,0.800000012,0.0799999982,4.0,0.0,RF mapping
2810.761983999997,2811.011983999997,0.0,141.0,0.0,20.0,10.0,0.0,0.800000012,0.0799999982,4.0,0.0,RF mapping
2811.0289919999923,2811.2789919999923,0.0,141.0,0.0,20.0,-10.0,-10.0,0.800000012,0.0799999982,4.0,0.0,RF mapping
2811.29497599999,2811.54497599999,0.0,141.0,0.0,20.0,-10.0,30.0,0.800000012,0.0799999982,4.0,0.0,RF mapping
2811.561984,2811.811984,1.57079637,141.0,0.0,20.0,30.0,-10.0,0.800000012,0.0799999982,4.0,1.571,RF mapping
2811.828991999995,2812.078991999995,1.57079637,141.0,0.0,20.0,-20.0,-20.0,0.800000012,0.0799999982,4.0,1.571,RF mapping
2812.0959999999905,2812.3459999999905,1.57079637,141.0,0.0,20.0,10.0,20.0,0.800000012,0.0799999982,4.0,1.571,RF mapping
2812.3629759999894,2812.6129759999894,0.0,141.0,0.0,20.0,20.0,-10.0,0.800000012,0.0799999982,4.0,0.0,RF mapping
2812.628991999998,2812.878991999998,0.785398185,141.0,0.0,20.0,-10.0,0.0,0.800000012,0.0799999982,4.0,0.785,RF mapping
2812.8959999999934,2813.1459999999934,0.0,141.0,0.0,20.0,30.0,-30.0,0.800000012,0.0799999982,4.0,0.0,RF mapping
2813.1629759999923,2813.4129759999923,0.785398185,141.0,0.0,20.0,-10.0,-10.0,0.800000012,0.0799999982,4.0,0.785,RF mapping
2813.4299839999876,2813.6799839999876,0.785398185,141.0,0.0,20.0,-20.0,-20.0,0.800000012,0.0799999982,4.0,0.785,RF mapping
2813.6969919999974,2813.9469919999974,1.57079637,141.0,0.0,20.0,-30.0,30.0,0.800000012,0.0799999982,4.0,1.571,RF mapping
2813.9639999999927,2814.2139999999927,1.57079637,141.0,0.0,20.0,10.0,-30.0,0.800000012,0.0799999982,4.0,1.571,RF mapping
2814.2309759999916,2814.4809759999916,0.785398185,141.0,0.0,20.0,-20.0,-20.0,0.800000012,0.0799999982,4.0,0.785,RF mapping
2814.4969919999858,2814.7469919999858,1.57079637,141.0,0.0,20.0,20.0,10.0,0.800000012,0.0799999982,4.0,1.571,RF mapping
2814.7639999999956,2815.0139999999956,0.785398185,141.0,0.0,20.0,-30.0,-20.0,0.800000012,0.0799999982,4.0,0.785,RF mapping
2815.0309759999946,2815.2809759999946,0.785398185,141.0,0.0,20.0,30.0,-30.0,0.800000012,0.0799999982,4.0,0.785,RF mapping
2815.29798399999,2815.54798399999,0.785398185,141.0,0.0,20.0,-20.0,30.0,0.800000012,0.0799999982,4.0,0.785,RF mapping
2815.5640319999948,2815.8140319999948,0.785398185,141.0,0.0,20.0,10.0,-10.0,0.800000012,0.0799999982,4.0,0.785,RF mapping
2815.8309759999975,2816.0809759999975,1.57079637,141.0,0.0,20.0,-30.0,-10.0,0.800000012,0.0799999982,4.0,1.571,RF mapping
2816.0979839999927,2816.3479839999927,0.785398185,141.0,0.0,20.0,20.0,30.0,0.800000012,0.0799999982,4.0,0.785,RF mapping
2816.364991999988,2816.614991999988,1.57079637,141.0,0.0,20.0,-10.0,0.0,0.800000012,0.0799999982,4.0,1.571,RF mapping
2816.631999999998,2816.881999999998,0.785398185,141.0,0.0,20.0,10.0,20.0,0.800000012,0.0799999982,4.0,0.785,RF mapping
2816.8989759999968,2817.1489759999968,0.785398185,141.0,0.0,20.0,30.0,30.0,0.800000012,0.0799999982,4.0,0.785,RF mapping
2817.165983999992,2817.415983999992,1.57079637,141.0,0.0,20.0,20.0,20.0,0.800000012,0.0799999982,4.0,1.571,RF mapping
2817.431999999986,2817.681999999986,0.0,141.0,0.0,20.0,10.0,-20.0,0.800000012,0.0799999982,4.0,0.0,RF mapping
2817.6989759999997,2817.9489759999997,0.0,141.0,0.0,20.0,0.0,-30.0,0.800000012,0.0799999982,4.0,0.0,RF mapping
2817.965983999995,2818.215983999995,1.57079637,141.0,0.0,20.0,10.0,20.0,0.800000012,0.0799999982,4.0,1.571,RF mapping
2818.23299199999,2818.48299199999,0.0,141.0,0.0,20.0,30.0,-20.0,0.800000012,0.0799999982,4.0,0.0,RF mapping
2818.5,2818.75,0.785398185,141.0,0.0,20.0,-20.0,30.0,0.800000012,0.0799999982,4.0,0.785,RF mapping
2818.766975999999,2819.016975999999,0.0,141.0,0.0,20.0,10.0,0.0,0.800000012,0.0799999982,4.0,0.0,RF mapping
2819.0339839999942,2819.2839839999942,0.0,141.0,0.0,20.0,10.0,10.0,0.800000012,0.0799999982,4.0,0.0,RF mapping
2819.2999999999884,2819.5499999999884,1.57079637,141.0,0.0,20.0,0.0,-10.0,0.800000012,0.0799999982,4.0,1.571,RF mapping
2819.5669759999873,2819.8169759999873,1.57079637,-1.0,0.0,20.0,0.0,20.0,0.800000012,0.0799999982,4.0,1.571,RF mapping
2819.833983999997,2820.083983999997,0.785398185,-1.0,0.0,20.0,10.0,20.0,0.800000012,0.0799999982,4.0,0.785,RF mapping
2820.1009919999924,2820.3509919999924,0.0,142.0,0.0,20.0,30.0,-10.0,0.800000012,0.0799999982,4.0,0.0,RF mapping
2820.3679999999877,2820.6179999999877,1.57079637,142.0,0.0,20.0,-30.0,10.0,0.800000012,0.0799999982,4.0,1.571,RF mapping
2820.633984,2820.883984,0.0,142.0,0.0,20.0,-30.0,10.0,0.800000012,0.0799999982,4.0,0.0,RF mapping
2820.9009919999953,2821.1509919999953,0.0,142.0,0.0,20.0,0.0,10.0,0.800000012,0.0799999982,4.0,0.0,RF mapping
2821.1679999999906,2821.4179999999906,1.57079637,142.0,0.0,20.0,20.0,0.0,0.800000012,0.0799999982,4.0,1.571,RF mapping
2821.4349759999895,2821.6849759999895,1.57079637,142.0,0.0,20.0,-10.0,0.0,0.800000012,0.0799999982,4.0,1.571,RF mapping
2821.7019839999994,2821.9519839999994,1.57079637,142.0,0.0,20.0,-20.0,-30.0,0.800000012,0.0799999982,4.0,1.571,RF mapping
2821.9689919999946,2822.2189919999946,1.57079637,142.0,0.0,20.0,-30.0,0.0,0.800000012,0.0799999982,4.0,1.571,RF mapping
2822.23599999999,2822.48599999999,0.785398185,142.0,0.0,20.0,10.0,30.0,0.800000012,0.0799999982,4.0,0.785,RF mapping
2822.5019839999877,2822.7519839999877,0.0,142.0,0.0,20.0,20.0,-30.0,0.800000012,0.0799999982,4.0,0.0,RF mapping
2822.7689919999975,2823.0189919999975,1.57079637,142.0,0.0,20.0,-10.0,-30.0,0.800000012,0.0799999982,4.0,1.571,RF mapping
2823.035999999993,2823.285999999993,0.785398185,142.0,0.0,20.0,0.0,-10.0,0.800000012,0.0799999982,4.0,0.785,RF mapping
2823.3019839999906,2823.5519839999906,0.785398185,142.0,0.0,20.0,10.0,0.0,0.800000012,0.0799999982,4.0,0.785,RF mapping
2823.568991999986,2823.818991999986,1.57079637,142.0,0.0,20.0,0.0,0.0,0.800000012,0.0799999982,4.0,1.571,RF mapping
2823.8359999999957,2824.0859999999957,1.57079637,142.0,0.0,20.0,10.0,-10.0,0.800000012,0.0799999982,4.0,1.571,RF mapping
2824.1019839999935,2824.3519839999935,0.0,142.0,0.0,20.0,0.0,-20.0,0.800000012,0.0799999982,4.0,0.0,RF mapping
2824.368991999989,2824.618991999989,0.0,142.0,0.0,20.0,10.0,10.0,0.800000012,0.0799999982,4.0,0.0,RF mapping
2824.6359999999986,2824.8859999999986,1.57079637,142.0,0.0,20.0,-20.0,-30.0,0.800000012,0.0799999982,4.0,1.571,RF mapping
2824.9029759999976,2825.1529759999976,1.57079637,142.0,0.0,20.0,10.0,30.0,0.800000012,0.0799999982,4.0,1.571,RF mapping
2825.1689919999917,2825.4189919999917,1.57079637,142.0,0.0,20.0,-20.0,-10.0,0.800000012,0.0799999982,4.0,1.571,RF mapping
2825.436991999988,2825.686991999988,1.57079637,142.0,0.0,20.0,-30.0,30.0,0.800000012,0.0799999982,4.0,1.571,RF mapping
2825.703999999998,2825.953999999998,0.785398185,142.0,0.0,20.0,10.0,-20.0,0.800000012,0.0799999982,4.0,0.785,RF mapping
2825.9699839999957,2826.2199839999957,1.57079637,142.0,0.0,20.0,-10.0,20.0,0.800000012,0.0799999982,4.0,1.571,RF mapping
2826.236991999991,2826.486991999991,0.0,142.0,0.0,20.0,-30.0,-10.0,0.800000012,0.0799999982,4.0,0.0,RF mapping
2826.5039999999863,2826.7539999999863,1.57079637,142.0,0.0,20.0,-20.0,30.0,0.800000012,0.0799999982,4.0,1.571,RF mapping
2826.7699839999987,2827.0199839999987,0.0,142.0,0.0,20.0,20.0,30.0,0.800000012,0.0799999982,4.0,0.0,RF mapping
2827.036991999994,2827.286991999994,1.57079637,142.0,0.0,20.0,20.0,-20.0,0.800000012,0.0799999982,4.0,1.571,RF mapping
2827.303999999989,2827.553999999989,0.785398185,142.0,0.0,20.0,-30.0,10.0,0.800000012,0.0799999982,4.0,0.785,RF mapping
2827.569983999987,2827.819983999987,1.57079637,142.0,0.0,20.0,0.0,0.0,0.800000012,0.0799999982,4.0,1.571,RF mapping
2827.836991999997,2828.086991999997,0.0,142.0,0.0,20.0,0.0,0.0,0.800000012,0.0799999982,4.0,0.0,RF mapping
2828.103999999992,2828.353999999992,0.0,142.0,0.0,20.0,20.0,0.0,0.800000012,0.0799999982,4.0,0.0,RF mapping
2828.36998399999,2828.61998399999,0.0,142.0,0.0,20.0,10.0,0.0,0.800000012,0.0799999982,4.0,0.0,RF mapping
2828.6369919999997,2828.8869919999997,0.785398185,142.0,0.0,20.0,-10.0,20.0,0.800000012,0.0799999982,4.0,0.785,RF mapping
2828.903999999995,2829.153999999995,0.0,142.0,0.0,20.0,-30.0,20.0,0.800000012,0.0799999982,4.0,0.0,RF mapping
2829.169983999993,2829.419983999993,0.785398185,142.0,0.0,20.0,0.0,-30.0,0.800000012,0.0799999982,4.0,0.785,RF mapping
2829.436991999988,2829.686991999988,0.785398185,142.0,0.0,20.0,20.0,-10.0,0.800000012,0.0799999982,4.0,0.785,RF mapping
2829.703999999998,2829.953999999998,0.785398185,142.0,0.0,20.0,0.0,-10.0,0.800000012,0.0799999982,4.0,0.785,RF mapping
2829.970975999997,2830.220975999997,0.785398185,142.0,0.0,20.0,0.0,-30.0,0.800000012,0.0799999982,4.0,0.785,RF mapping
2830.237983999992,2830.487983999992,0.785398185,142.0,0.0,20.0,-30.0,0.0,0.800000012,0.0799999982,4.0,0.785,RF mapping
2830.5049919999874,2830.7549919999874,1.57079637,142.0,0.0,20.0,0.0,-20.0,0.800000012,0.0799999982,4.0,1.571,RF mapping
2830.770976,2831.020976,1.57079637,142.0,0.0,20.0,-30.0,-30.0,0.800000012,0.0799999982,4.0,1.571,RF mapping
2831.037983999995,2831.287983999995,0.785398185,142.0,0.0,20.0,0.0,30.0,0.800000012,0.0799999982,4.0,0.785,RF mapping
2831.3049919999903,2831.5549919999903,1.57079637,142.0,0.0,20.0,-20.0,-30.0,0.800000012,0.0799999982,4.0,1.571,RF mapping
2831.572,2831.822,0.785398185,142.0,0.0,20.0,20.0,30.0,0.800000012,0.0799999982,4.0,0.785,RF mapping
2831.837983999998,2832.087983999998,0.0,142.0,0.0,20.0,0.0,-30.0,0.800000012,0.0799999982,4.0,0.0,RF mapping
2832.104991999993,2832.354991999993,0.785398185,142.0,0.0,20.0,0.0,-30.0,0.800000012,0.0799999982,4.0,0.785,RF mapping
2832.3719999999885,2832.6219999999885,1.57079637,142.0,0.0,20.0,-10.0,10.0,0.800000012,0.0799999982,4.0,1.571,RF mapping
2832.6389759999875,2832.8889759999875,0.0,142.0,0.0,20.0,-30.0,-20.0,0.800000012,0.0799999982,4.0,0.0,RF mapping
2832.9059839999973,2833.1559839999973,0.785398185,142.0,0.0,20.0,10.0,-10.0,0.800000012,0.0799999982,4.0,0.785,RF mapping
2833.1719999999914,2833.4219999999914,1.57079637,142.0,0.0,20.0,0.0,10.0,0.800000012,0.0799999982,4.0,1.571,RF mapping
2833.4389759999904,2833.6889759999904,1.57079637,142.0,0.0,20.0,10.0,30.0,0.800000012,0.0799999982,4.0,1.571,RF mapping
2833.705984,2833.955984,0.785398185,142.0,0.0,20.0,-30.0,-10.0,0.800000012,0.0799999982,4.0,0.785,RF mapping
2833.9719999999943,2834.2219999999943,0.785398185,142.0,0.0,20.0,10.0,10.0,0.800000012,0.0799999982,4.0,0.785,RF mapping
2834.2389759999933,2834.4889759999933,0.785398185,142.0,0.0,20.0,-30.0,30.0,0.800000012,0.0799999982,4.0,0.785,RF mapping
2834.5059839999885,2834.7559839999885,0.0,142.0,0.0,20.0,-20.0,-30.0,0.800000012,0.0799999982,4.0,0.0,RF mapping
2834.771999999997,2835.021999999997,0.0,142.0,0.0,20.0,-30.0,20.0,0.800000012,0.0799999982,4.0,0.0,RF mapping
2835.0399999999936,2835.2899999999936,0.785398185,142.0,0.0,20.0,-20.0,-10.0,0.800000012,0.0799999982,4.0,0.785,RF mapping
2835.3059839999914,2835.5559839999914,1.57079637,142.0,0.0,20.0,30.0,10.0,0.800000012,0.0799999982,4.0,1.571,RF mapping
2835.5729919999867,2835.8229919999867,1.57079637,142.0,0.0,20.0,20.0,30.0,0.800000012,0.0799999982,4.0,1.571,RF mapping
2835.8399999999965,2836.0899999999965,0.0,142.0,0.0,20.0,10.0,30.0,0.800000012,0.0799999982,4.0,0.0,RF mapping
2836.1059839999944,2836.3559839999944,0.0,142.0,0.0,20.0,10.0,-10.0,0.800000012,0.0799999982,4.0,0.0,RF mapping
2836.3729919999896,2836.6229919999896,0.785398185,142.0,0.0,20.0,-30.0,0.0,0.800000012,0.0799999982,4.0,0.785,RF mapping
2836.6399999999994,2836.8899999999994,1.57079637,142.0,0.0,20.0,10.0,10.0,0.800000012,0.0799999982,4.0,1.571,RF mapping
2836.9069759999984,2837.1569759999984,0.785398185,142.0,0.0,20.0,20.0,-30.0,0.800000012,0.0799999982,4.0,0.785,RF mapping
2837.1739839999937,2837.4239839999937,0.0,142.0,0.0,20.0,20.0,-10.0,0.800000012,0.0799999982,4.0,0.0,RF mapping
2837.440991999989,2837.690991999989,0.785398185,142.0,0.0,20.0,10.0,10.0,0.800000012,0.0799999982,4.0,0.785,RF mapping
2837.7069759999868,2837.9569759999868,0.0,142.0,0.0,20.0,-10.0,-10.0,0.800000012,0.0799999982,4.0,0.0,RF mapping
2837.9739839999966,2838.2239839999966,0.0,142.0,0.0,20.0,20.0,30.0,0.800000012,0.0799999982,4.0,0.0,RF mapping
2838.240991999992,2838.490991999992,1.57079637,142.0,0.0,20.0,-20.0,-30.0,0.800000012,0.0799999982,4.0,1.571,RF mapping
2838.5069759999897,2838.7569759999897,0.785398185,142.0,0.0,20.0,-10.0,-20.0,0.800000012,0.0799999982,4.0,0.785,RF mapping
2838.7739839999995,2839.0239839999995,1.57079637,142.0,0.0,20.0,30.0,30.0,0.800000012,0.0799999982,4.0,1.571,RF mapping
2839.0409919999947,2839.2909919999947,1.57079637,142.0,0.0,20.0,10.0,20.0,0.800000012,0.0799999982,4.0,1.571,RF mapping
2839.30799999999,2839.55799999999,0.785398185,142.0,0.0,20.0,-20.0,10.0,0.800000012,0.0799999982,4.0,0.785,RF mapping
2839.574975999989,2839.824975999989,0.785398185,-1.0,0.0,20.0,10.0,0.0,0.800000012,0.0799999982,4.0,0.785,RF mapping
2839.841983999999,2840.091983999999,0.785398185,-1.0,0.0,20.0,-10.0,0.0,0.800000012,0.0799999982,4.0,0.785,RF mapping
2840.108991999994,2840.358991999994,0.0,143.0,0.0,20.0,-30.0,30.0,0.800000012,0.0799999982,4.0,0.0,RF mapping
2840.3759999999893,2840.6259999999893,1.57079637,143.0,0.0,20.0,-20.0,-30.0,0.800000012,0.0799999982,4.0,1.571,RF mapping
2840.6429759999883,2840.8929759999883,0.785398185,143.0,0.0,20.0,-30.0,20.0,0.800000012,0.0799999982,4.0,0.785,RF mapping
2840.908991999997,2841.158991999997,0.0,143.0,0.0,20.0,-30.0,-20.0,0.800000012,0.0799999982,4.0,0.0,RF mapping
2841.175999999992,2841.425999999992,0.785398185,143.0,0.0,20.0,20.0,-30.0,0.800000012,0.0799999982,4.0,0.785,RF mapping
2841.44198399999,2841.69198399999,0.785398185,143.0,0.0,20.0,0.0,-20.0,0.800000012,0.0799999982,4.0,0.785,RF mapping
2841.7099839999864,2841.9599839999864,0.785398185,143.0,0.0,20.0,-20.0,-10.0,0.800000012,0.0799999982,4.0,0.785,RF mapping
2841.9769919999962,2842.2269919999962,0.0,143.0,0.0,20.0,30.0,-20.0,0.800000012,0.0799999982,4.0,0.0,RF mapping
2842.242975999994,2842.492975999994,0.0,143.0,0.0,20.0,0.0,-20.0,0.800000012,0.0799999982,4.0,0.0,RF mapping
2842.5099839999893,2842.7599839999893,0.785398185,143.0,0.0,20.0,-30.0,20.0,0.800000012,0.0799999982,4.0,0.785,RF mapping
2842.776991999999,2843.026991999999,1.57079637,143.0,0.0,20.0,-20.0,-10.0,0.800000012,0.0799999982,4.0,1.571,RF mapping
2843.0439999999944,2843.2939999999944,1.57079637,143.0,0.0,20.0,-30.0,30.0,0.800000012,0.0799999982,4.0,1.571,RF mapping
2843.3109759999934,2843.5609759999934,1.57079637,143.0,0.0,20.0,-30.0,-10.0,0.800000012,0.0799999982,4.0,1.571,RF mapping
2843.5769919999875,2843.8269919999875,1.57079637,143.0,0.0,20.0,-10.0,0.0,0.800000012,0.0799999982,4.0,1.571,RF mapping
2843.8439999999973,2844.0939999999973,1.57079637,143.0,0.0,20.0,10.0,-20.0,0.800000012,0.0799999982,4.0,1.571,RF mapping
2844.1109759999963,2844.3609759999963,0.0,143.0,0.0,20.0,-30.0,-30.0,0.800000012,0.0799999982,4.0,0.0,RF mapping
2844.3769919999904,2844.6269919999904,0.0,143.0,0.0,20.0,30.0,-20.0,0.800000012,0.0799999982,4.0,0.0,RF mapping
2844.6439999999857,2844.8939999999857,0.785398185,143.0,0.0,20.0,-10.0,20.0,0.800000012,0.0799999982,4.0,0.785,RF mapping
2844.910975999999,2845.160975999999,0.785398185,143.0,0.0,20.0,-10.0,-30.0,0.800000012,0.0799999982,4.0,0.785,RF mapping
2845.1779839999945,2845.4279839999945,1.57079637,143.0,0.0,20.0,-20.0,-20.0,0.800000012,0.0799999982,4.0,1.571,RF mapping
2845.4439999999886,2845.6939999999886,0.785398185,143.0,0.0,20.0,10.0,-30.0,0.800000012,0.0799999982,4.0,0.785,RF mapping
2845.7109759999876,2845.9609759999876,1.57079637,143.0,0.0,20.0,10.0,0.0,0.800000012,0.0799999982,4.0,1.571,RF mapping
2845.979999999996,2846.229999999996,0.0,143.0,0.0,20.0,20.0,-10.0,0.800000012,0.0799999982,4.0,0.0,RF mapping
2846.2459839999938,2846.4959839999938,0.0,143.0,0.0,20.0,20.0,20.0,0.800000012,0.0799999982,4.0,0.0,RF mapping
2846.512991999989,2846.762991999989,0.785398185,143.0,0.0,20.0,20.0,-20.0,0.800000012,0.0799999982,4.0,0.785,RF mapping
2846.779999999999,2847.029999999999,0.785398185,143.0,0.0,20.0,-30.0,-20.0,0.800000012,0.0799999982,4.0,0.785,RF mapping
2847.046975999998,2847.296975999998,0.785398185,143.0,0.0,20.0,-20.0,0.0,0.800000012,0.0799999982,4.0,0.785,RF mapping
2847.313983999993,2847.563983999993,1.57079637,143.0,0.0,20.0,20.0,0.0,0.800000012,0.0799999982,4.0,1.571,RF mapping
2847.5809919999883,2847.8309919999883,0.0,143.0,0.0,20.0,-10.0,20.0,0.800000012,0.0799999982,4.0,0.0,RF mapping
2847.847999999998,2848.097999999998,0.785398185,143.0,0.0,20.0,-20.0,30.0,0.800000012,0.0799999982,4.0,0.785,RF mapping
2848.114975999997,2848.364975999997,0.785398185,143.0,0.0,20.0,-10.0,10.0,0.800000012,0.0799999982,4.0,0.785,RF mapping
2848.3819839999924,2848.6319839999924,0.785398185,143.0,0.0,20.0,-30.0,10.0,0.800000012,0.0799999982,4.0,0.785,RF mapping
2848.6479999999865,2848.8979999999865,0.785398185,143.0,0.0,20.0,20.0,10.0,0.800000012,0.0799999982,4.0,0.785,RF mapping
2848.914976,2849.164976,0.0,143.0,0.0,20.0,-30.0,20.0,0.800000012,0.0799999982,4.0,0.0,RF mapping
2849.1819839999953,2849.4319839999953,0.785398185,143.0,0.0,20.0,0.0,-30.0,0.800000012,0.0799999982,4.0,0.785,RF mapping
2849.4479999999894,2849.6979999999894,0.785398185,143.0,0.0,20.0,-10.0,-30.0,0.800000012,0.0799999982,4.0,0.785,RF mapping
2849.7149759999884,2849.9649759999884,1.57079637,143.0,0.0,20.0,20.0,20.0,0.800000012,0.0799999982,4.0,1.571,RF mapping
2849.981983999998,2850.231983999998,1.57079637,143.0,0.0,20.0,-30.0,30.0,0.800000012,0.0799999982,4.0,1.571,RF mapping
2850.2499839999946,2850.4999839999946,0.785398185,143.0,0.0,20.0,0.0,20.0,0.800000012,0.0799999982,4.0,0.785,RF mapping
2850.5159999999887,2850.7659999999887,0.0,143.0,0.0,20.0,20.0,-20.0,0.800000012,0.0799999982,4.0,0.0,RF mapping
2850.7819839999866,2851.0319839999866,1.57079637,143.0,0.0,20.0,0.0,10.0,0.800000012,0.0799999982,4.0,1.571,RF mapping
2851.0499839999975,2851.2999839999975,1.57079637,143.0,0.0,20.0,10.0,-20.0,0.800000012,0.0799999982,4.0,1.571,RF mapping
2851.3169919999928,2851.5669919999928,1.57079637,143.0,0.0,20.0,10.0,20.0,0.800000012,0.0799999982,4.0,1.571,RF mapping
2851.5829759999906,2851.8329759999906,0.0,143.0,0.0,20.0,-10.0,20.0,0.800000012,0.0799999982,4.0,0.0,RF mapping
2851.849983999986,2852.099983999986,1.57079637,143.0,0.0,20.0,0.0,0.0,0.800000012,0.0799999982,4.0,1.571,RF mapping
2852.117023999992,2852.367023999992,0.785398185,143.0,0.0,20.0,10.0,10.0,0.800000012,0.0799999982,4.0,0.785,RF mapping
2852.383999999991,2852.633999999991,0.0,143.0,0.0,20.0,-20.0,20.0,0.800000012,0.0799999982,4.0,0.0,RF mapping
2852.6499839999888,2852.8999839999888,0.785398185,143.0,0.0,20.0,-20.0,0.0,0.800000012,0.0799999982,4.0,0.785,RF mapping
2852.9169919999986,2853.1669919999986,1.57079637,143.0,0.0,20.0,10.0,20.0,0.800000012,0.0799999982,4.0,1.571,RF mapping
2853.183999999994,2853.433999999994,0.0,143.0,0.0,20.0,30.0,30.0,0.800000012,0.0799999982,4.0,0.0,RF mapping
2853.4499839999917,2853.6999839999917,1.57079637,143.0,0.0,20.0,10.0,20.0,0.800000012,0.0799999982,4.0,1.571,RF mapping
2853.716991999987,2853.966991999987,0.0,143.0,0.0,20.0,0.0,20.0,0.800000012,0.0799999982,4.0,0.0,RF mapping
2853.984991999998,2854.234991999998,0.0,143.0,0.0,20.0,-20.0,20.0,0.800000012,0.0799999982,4.0,0.0,RF mapping
2854.2509759999957,2854.5009759999957,0.0,143.0,0.0,20.0,0.0,-30.0,0.800000012,0.0799999982,4.0,0.0,RF mapping
2854.517983999991,2854.767983999991,0.785398185,143.0,0.0,20.0,-30.0,-30.0,0.800000012,0.0799999982,4.0,0.785,RF mapping
2854.7859839999874,2855.0359839999874,0.785398185,143.0,0.0,20.0,-20.0,-30.0,0.800000012,0.0799999982,4.0,0.785,RF mapping
2855.051999999996,2855.301999999996,0.785398185,143.0,0.0,20.0,20.0,20.0,0.800000012,0.0799999982,4.0,0.785,RF mapping
2855.318975999995,2855.568975999995,0.785398185,143.0,0.0,20.0,30.0,20.0,0.800000012,0.0799999982,4.0,0.785,RF mapping
2855.5859839999903,2855.8359839999903,0.785398185,143.0,0.0,20.0,20.0,10.0,0.800000012,0.0799999982,4.0,0.785,RF mapping
2855.852992,2856.102992,0.0,143.0,0.0,20.0,10.0,10.0,0.800000012,0.0799999982,4.0,0.0,RF mapping
2856.1199999999953,2856.3699999999953,0.0,143.0,0.0,20.0,30.0,10.0,0.800000012,0.0799999982,4.0,0.0,RF mapping
2856.385983999993,2856.635983999993,0.785398185,143.0,0.0,20.0,20.0,-20.0,0.800000012,0.0799999982,4.0,0.785,RF mapping
2856.6529919999884,2856.9029919999884,0.785398185,143.0,0.0,20.0,10.0,10.0,0.800000012,0.0799999982,4.0,0.785,RF mapping
2856.9199999999983,2857.1699999999983,0.785398185,143.0,0.0,20.0,10.0,30.0,0.800000012,0.0799999982,4.0,0.785,RF mapping
2857.185983999996,2857.435983999996,1.57079637,143.0,0.0,20.0,30.0,30.0,0.800000012,0.0799999982,4.0,1.571,RF mapping
2857.4529919999914,2857.7029919999914,0.0,143.0,0.0,20.0,20.0,-20.0,0.800000012,0.0799999982,4.0,0.0,RF mapping
2857.7199999999866,2857.9699999999866,0.0,143.0,0.0,20.0,0.0,30.0,0.800000012,0.0799999982,4.0,0.0,RF mapping
2857.985983999999,2858.235983999999,0.0,143.0,0.0,20.0,20.0,-30.0,0.800000012,0.0799999982,4.0,0.0,RF mapping
2858.236991999991,2858.486991999991,0.0,143.0,0.0,20.0,10.0,30.0,0.800000012,0.0799999982,4.0,0.0,RF mapping
2858.5039999999863,2858.7539999999863,0.0,143.0,0.0,20.0,10.0,10.0,0.800000012,0.0799999982,4.0,0.0,RF mapping
2858.7699839999987,2859.0199839999987,0.785398185,143.0,0.0,20.0,20.0,30.0,0.800000012,0.0799999982,4.0,0.785,RF mapping
2859.036991999994,2859.286991999994,1.57079637,143.0,0.0,20.0,20.0,20.0,0.800000012,0.0799999982,4.0,1.571,RF mapping
2859.303999999989,2859.553999999989,0.0,143.0,0.0,20.0,20.0,30.0,0.800000012,0.0799999982,4.0,0.0,RF mapping
2859.569983999987,2859.819983999987,1.57079637,-1.0,0.0,20.0,-10.0,20.0,0.800000012,0.0799999982,4.0,1.571,RF mapping
2859.836991999997,2860.086991999997,0.0,-1.0,0.0,20.0,10.0,-30.0,0.800000012,0.0799999982,4.0,0.0,RF mapping
2860.103999999992,2860.353999999992,1.57079637,144.0,0.0,20.0,-10.0,0.0,0.800000012,0.0799999982,4.0,1.571,RF mapping
2860.370975999991,2860.620975999991,1.57079637,144.0,0.0,20.0,20.0,10.0,0.800000012,0.0799999982,4.0,1.571,RF mapping
2860.6379839999863,2860.8879839999863,0.0,144.0,0.0,20.0,-10.0,0.0,0.800000012,0.0799999982,4.0,0.0,RF mapping
2860.904991999996,2861.154991999996,1.57079637,144.0,0.0,20.0,-30.0,-30.0,0.800000012,0.0799999982,4.0,1.571,RF mapping
2861.170975999994,2861.420975999994,0.0,144.0,0.0,20.0,20.0,10.0,0.800000012,0.0799999982,4.0,0.0,RF mapping
2861.4379839999892,2861.6879839999892,0.785398185,144.0,0.0,20.0,10.0,20.0,0.800000012,0.0799999982,4.0,0.785,RF mapping
2861.704991999999,2861.954991999999,0.0,144.0,0.0,20.0,0.0,30.0,0.800000012,0.0799999982,4.0,0.0,RF mapping
2861.9719999999943,2862.2219999999943,0.785398185,144.0,0.0,20.0,-30.0,30.0,0.800000012,0.0799999982,4.0,0.785,RF mapping
2862.237983999992,2862.487983999992,0.0,144.0,0.0,20.0,-10.0,20.0,0.800000012,0.0799999982,4.0,0.0,RF mapping
2862.5049919999874,2862.7549919999874,0.0,144.0,0.0,20.0,20.0,-10.0,0.800000012,0.0799999982,4.0,0.0,RF mapping
2862.771999999997,2863.021999999997,0.0,144.0,0.0,20.0,-20.0,0.0,0.800000012,0.0799999982,4.0,0.0,RF mapping
2863.037983999995,2863.287983999995,1.57079637,144.0,0.0,20.0,10.0,-20.0,0.800000012,0.0799999982,4.0,1.571,RF mapping
2863.3049919999903,2863.5549919999903,1.57079637,144.0,0.0,20.0,30.0,10.0,0.800000012,0.0799999982,4.0,1.571,RF mapping
2863.572,2863.822,1.57079637,144.0,0.0,20.0,10.0,-10.0,0.800000012,0.0799999982,4.0,1.571,RF mapping
2863.837983999998,2864.087983999998,0.0,144.0,0.0,20.0,0.0,-30.0,0.800000012,0.0799999982,4.0,0.0,RF mapping
2864.1059839999944,2864.3559839999944,1.57079637,144.0,0.0,20.0,-10.0,-10.0,0.800000012,0.0799999982,4.0,1.571,RF mapping
2864.3719999999885,2864.6219999999885,0.0,144.0,0.0,20.0,-10.0,-30.0,0.800000012,0.0799999982,4.0,0.0,RF mapping
2864.6389759999875,2864.8889759999875,1.57079637,144.0,0.0,20.0,10.0,10.0,0.800000012,0.0799999982,4.0,1.571,RF mapping
2864.9059839999973,2865.1559839999973,0.0,144.0,0.0,20.0,-10.0,-20.0,0.800000012,0.0799999982,4.0,0.0,RF mapping
2865.1729919999925,2865.4229919999925,0.0,144.0,0.0,20.0,10.0,0.0,0.800000012,0.0799999982,4.0,0.0,RF mapping
2865.439999999988,2865.689999999988,0.0,144.0,0.0,20.0,30.0,-10.0,0.800000012,0.0799999982,4.0,0.0,RF mapping
2865.705984,2865.955984,0.0,144.0,0.0,20.0,-20.0,-30.0,0.800000012,0.0799999982,4.0,0.0,RF mapping
2865.9729919999954,2866.2229919999954,0.785398185,144.0,0.0,20.0,30.0,-10.0,0.800000012,0.0799999982,4.0,0.785,RF mapping
2866.2399999999907,2866.4899999999907,0.785398185,144.0,0.0,20.0,30.0,-20.0,0.800000012,0.0799999982,4.0,0.785,RF mapping
2866.5059839999885,2866.7559839999885,0.0,144.0,0.0,20.0,30.0,20.0,0.800000012,0.0799999982,4.0,0.0,RF mapping
2866.7739839999995,2867.0239839999995,0.0,144.0,0.0,20.0,-30.0,10.0,0.800000012,0.0799999982,4.0,0.0,RF mapping
2867.0399999999936,2867.2899999999936,1.57079637,144.0,0.0,20.0,0.0,-30.0,0.800000012,0.0799999982,4.0,1.571,RF mapping
2867.3069759999926,2867.5569759999926,1.57079637,144.0,0.0,20.0,10.0,0.0,0.800000012,0.0799999982,4.0,1.571,RF mapping
2867.573983999988,2867.823983999988,0.0,144.0,0.0,20.0,-10.0,-20.0,0.800000012,0.0799999982,4.0,0.0,RF mapping
2867.8409919999976,2868.0909919999976,0.785398185,144.0,0.0,20.0,-20.0,20.0,0.800000012,0.0799999982,4.0,0.785,RF mapping
2868.1069759999955,2868.3569759999955,0.0,144.0,0.0,20.0,-30.0,-30.0,0.800000012,0.0799999982,4.0,0.0,RF mapping
2868.374975999992,2868.624975999992,1.57079637,144.0,0.0,20.0,30.0,10.0,0.800000012,0.0799999982,4.0,1.571,RF mapping
2868.645983999988,2868.895983999988,0.785398185,144.0,0.0,20.0,-30.0,0.0,0.800000012,0.0799999982,4.0,0.785,RF mapping
2868.9119999999966,2869.1619999999966,1.57079637,144.0,0.0,20.0,0.0,10.0,0.800000012,0.0799999982,4.0,1.571,RF mapping
2869.1789759999956,2869.4289759999956,1.57079637,144.0,0.0,20.0,30.0,-30.0,0.800000012,0.0799999982,4.0,1.571,RF mapping
2869.445983999991,2869.695983999991,0.785398185,144.0,0.0,20.0,0.0,20.0,0.800000012,0.0799999982,4.0,0.785,RF mapping
2869.712991999986,2869.962991999986,1.57079637,144.0,0.0,20.0,-30.0,-30.0,0.800000012,0.0799999982,4.0,1.571,RF mapping
2869.9789759999985,2870.2289759999985,0.785398185,144.0,0.0,20.0,0.0,30.0,0.800000012,0.0799999982,4.0,0.785,RF mapping
2870.2459839999938,2870.4959839999938,1.57079637,144.0,0.0,20.0,10.0,-10.0,0.800000012,0.0799999982,4.0,1.571,RF mapping
2870.512991999989,2870.762991999989,0.0,144.0,0.0,20.0,-10.0,-30.0,0.800000012,0.0799999982,4.0,0.0,RF mapping
2870.778975999987,2871.028975999987,0.0,144.0,0.0,20.0,30.0,-20.0,0.800000012,0.0799999982,4.0,0.0,RF mapping
2871.0459839999967,2871.2959839999967,1.57079637,144.0,0.0,20.0,30.0,20.0,0.800000012,0.0799999982,4.0,1.571,RF mapping
2871.312991999992,2871.562991999992,1.57079637,144.0,0.0,20.0,30.0,-10.0,0.800000012,0.0799999982,4.0,1.571,RF mapping
2871.57897599999,2871.82897599999,0.785398185,144.0,0.0,20.0,10.0,-20.0,0.800000012,0.0799999982,4.0,0.785,RF mapping
2871.8459839999996,2872.0959839999996,0.0,144.0,0.0,20.0,-30.0,-30.0,0.800000012,0.0799999982,4.0,0.0,RF mapping
2872.112991999995,2872.362991999995,0.0,144.0,0.0,20.0,-30.0,-30.0,0.800000012,0.0799999982,4.0,0.0,RF mapping
2872.3789759999927,2872.6289759999927,0.785398185,144.0,0.0,20.0,-10.0,-10.0,0.800000012,0.0799999982,4.0,0.785,RF mapping
2872.645983999988,2872.895983999988,0.0,144.0,0.0,20.0,-10.0,-30.0,0.800000012,0.0799999982,4.0,0.0,RF mapping
2872.9129919999978,2873.1629919999978,0.0,144.0,0.0,20.0,-30.0,-30.0,0.800000012,0.0799999982,4.0,0.0,RF mapping
2873.1789759999956,2873.4289759999956,0.785398185,144.0,0.0,20.0,10.0,10.0,0.800000012,0.0799999982,4.0,0.785,RF mapping
2873.445983999991,2873.695983999991,0.0,144.0,0.0,20.0,10.0,-10.0,0.800000012,0.0799999982,4.0,0.0,RF mapping
2873.712991999986,2873.962991999986,0.0,144.0,0.0,20.0,20.0,0.0,0.800000012,0.0799999982,4.0,0.0,RF mapping
2873.9789759999985,2874.2289759999985,1.57079637,144.0,0.0,20.0,-10.0,-30.0,0.800000012,0.0799999982,4.0,1.571,RF mapping
2874.2459839999938,2874.4959839999938,0.785398185,144.0,0.0,20.0,-10.0,20.0,0.800000012,0.0799999982,4.0,0.785,RF mapping
2874.512991999989,2874.762991999989,1.57079637,144.0,0.0,20.0,10.0,-10.0,0.800000012,0.0799999982,4.0,1.571,RF mapping
2874.7790079999977,2875.0290079999977,1.57079637,144.0,0.0,20.0,10.0,20.0,0.800000012,0.0799999982,4.0,1.571,RF mapping
2875.046975999998,2875.296975999998,1.57079637,144.0,0.0,20.0,-30.0,-30.0,0.800000012,0.0799999982,4.0,1.571,RF mapping
2875.312991999992,2875.562991999992,0.785398185,144.0,0.0,20.0,-10.0,30.0,0.800000012,0.0799999982,4.0,0.785,RF mapping
2875.579999999987,2875.829999999987,1.57079637,144.0,0.0,20.0,-20.0,0.0,0.800000012,0.0799999982,4.0,1.571,RF mapping
2875.846975999986,2876.096975999986,0.785398185,144.0,0.0,20.0,-30.0,-20.0,0.800000012,0.0799999982,4.0,0.785,RF mapping
2876.113983999996,2876.363983999996,1.57079637,144.0,0.0,20.0,30.0,-20.0,0.800000012,0.0799999982,4.0,1.571,RF mapping
2876.37999999999,2876.62999999999,0.785398185,144.0,0.0,20.0,10.0,20.0,0.800000012,0.0799999982,4.0,0.785,RF mapping
2876.646975999989,2876.896975999989,0.785398185,144.0,0.0,20.0,-30.0,-30.0,0.800000012,0.0799999982,4.0,0.785,RF mapping
2876.913983999999,2877.163983999999,1.57079637,144.0,0.0,20.0,0.0,0.0,0.800000012,0.0799999982,4.0,1.571,RF mapping
2877.179999999993,2877.429999999993,0.785398185,144.0,0.0,20.0,0.0,-10.0,0.800000012,0.0799999982,4.0,0.785,RF mapping
2877.446975999992,2877.696975999992,1.57079637,144.0,0.0,20.0,-10.0,-30.0,0.800000012,0.0799999982,4.0,1.571,RF mapping
2877.7139839999872,2877.9639839999872,0.0,144.0,0.0,20.0,30.0,20.0,0.800000012,0.0799999982,4.0,0.0,RF mapping
2877.980991999997,2878.230991999997,1.57079637,144.0,0.0,20.0,0.0,20.0,0.800000012,0.0799999982,4.0,1.571,RF mapping
2878.2479999999923,2878.4979999999923,0.0,144.0,0.0,20.0,-10.0,-30.0,0.800000012,0.0799999982,4.0,0.0,RF mapping
2878.5149759999913,2878.7649759999913,0.0,144.0,0.0,20.0,-10.0,-20.0,0.800000012,0.0799999982,4.0,0.0,RF mapping
2878.7819839999866,2879.0319839999866,0.0,144.0,0.0,20.0,0.0,0.0,0.800000012,0.0799999982,4.0,0.0,RF mapping
2879.047999999995,2879.297999999995,0.0,144.0,0.0,20.0,-20.0,-10.0,0.800000012,0.0799999982,4.0,0.0,RF mapping
2879.314975999994,2879.564975999994,0.785398185,144.0,0.0,20.0,-10.0,0.0,0.800000012,0.0799999982,4.0,0.785,RF mapping
2879.5819839999895,2879.8319839999895,0.785398185,-1.0,0.0,20.0,-30.0,-20.0,0.800000012,0.0799999982,4.0,0.785,RF mapping
2879.8489919999993,2880.0989919999993,0.785398185,-1.0,0.0,20.0,-20.0,0.0,0.800000012,0.0799999982,4.0,0.785,RF mapping
2880.1159999999945,2880.3659999999945,0.0,145.0,0.0,20.0,20.0,0.0,0.800000012,0.0799999982,4.0,0.0,RF mapping
2880.3829759999935,2880.6329759999935,0.0,145.0,0.0,20.0,-10.0,-30.0,0.800000012,0.0799999982,4.0,0.0,RF mapping
2880.6489919999876,2880.8989919999876,0.785398185,145.0,0.0,20.0,20.0,-30.0,0.800000012,0.0799999982,4.0,0.785,RF mapping
2880.9159999999974,2881.1659999999974,0.785398185,145.0,0.0,20.0,0.0,0.0,0.800000012,0.0799999982,4.0,0.785,RF mapping
2881.1829759999964,2881.4329759999964,1.57079637,145.0,0.0,20.0,10.0,0.0,0.800000012,0.0799999982,4.0,1.571,RF mapping
2881.4499839999917,2881.6999839999917,0.785398185,145.0,0.0,20.0,10.0,30.0,0.800000012,0.0799999982,4.0,0.785,RF mapping
2881.715999999986,2881.965999999986,1.57079637,145.0,0.0,20.0,-30.0,-10.0,0.800000012,0.0799999982,4.0,1.571,RF mapping
2881.9829759999993,2882.2329759999993,0.0,145.0,0.0,20.0,-20.0,10.0,0.800000012,0.0799999982,4.0,0.0,RF mapping
2882.2499839999946,2882.4999839999946,0.785398185,145.0,0.0,20.0,-30.0,0.0,0.800000012,0.0799999982,4.0,0.785,RF mapping
2882.5159999999887,2882.7659999999887,0.0,145.0,0.0,20.0,30.0,20.0,0.800000012,0.0799999982,4.0,0.0,RF mapping
2882.7839999999997,2883.0339999999997,0.0,145.0,0.0,20.0,-30.0,20.0,0.800000012,0.0799999982,4.0,0.0,RF mapping
2883.0499839999975,2883.2999839999975,1.57079637,145.0,0.0,20.0,-20.0,0.0,0.800000012,0.0799999982,4.0,1.571,RF mapping
2883.3169919999928,2883.5669919999928,1.57079637,145.0,0.0,20.0,30.0,-10.0,0.800000012,0.0799999982,4.0,1.571,RF mapping
2883.583999999988,2883.833999999988,0.0,145.0,0.0,20.0,-20.0,20.0,0.800000012,0.0799999982,4.0,0.0,RF mapping
2883.849983999986,2884.099983999986,0.785398185,145.0,0.0,20.0,20.0,-10.0,0.800000012,0.0799999982,4.0,0.785,RF mapping
2884.117023999992,2884.367023999992,0.0,145.0,0.0,20.0,10.0,-20.0,0.800000012,0.0799999982,4.0,0.0,RF mapping
2884.383999999991,2884.633999999991,1.57079637,145.0,0.0,20.0,-10.0,0.0,0.800000012,0.0799999982,4.0,1.571,RF mapping
2884.6519999999873,2884.9019999999873,1.57079637,145.0,0.0,20.0,10.0,-30.0,0.800000012,0.0799999982,4.0,1.571,RF mapping
2884.9189759999863,2885.1689759999863,0.0,145.0,0.0,20.0,0.0,10.0,0.800000012,0.0799999982,4.0,0.0,RF mapping
2885.185983999996,2885.435983999996,1.57079637,145.0,0.0,20.0,20.0,30.0,0.800000012,0.0799999982,4.0,1.571,RF mapping
2885.45199999999,2885.70199999999,0.785398185,145.0,0.0,20.0,30.0,10.0,0.800000012,0.0799999982,4.0,0.785,RF mapping
2885.718975999989,2885.968975999989,0.785398185,145.0,0.0,20.0,20.0,0.0,0.800000012,0.0799999982,4.0,0.785,RF mapping
2885.985983999999,2886.235983999999,0.0,145.0,0.0,20.0,-30.0,-30.0,0.800000012,0.0799999982,4.0,0.0,RF mapping
2886.251999999993,2886.501999999993,0.785398185,145.0,0.0,20.0,-20.0,-30.0,0.800000012,0.0799999982,4.0,0.785,RF mapping
2886.518975999992,2886.768975999992,0.0,145.0,0.0,20.0,0.0,30.0,0.800000012,0.0799999982,4.0,0.0,RF mapping
2886.7859839999874,2887.0359839999874,0.0,145.0,0.0,20.0,-30.0,10.0,0.800000012,0.0799999982,4.0,0.0,RF mapping
2887.052991999997,2887.302991999997,0.0,145.0,0.0,20.0,20.0,10.0,0.800000012,0.0799999982,4.0,0.0,RF mapping
2887.318975999995,2887.568975999995,0.785398185,145.0,0.0,20.0,10.0,-20.0,0.800000012,0.0799999982,4.0,0.785,RF mapping
2887.5859839999903,2887.8359839999903,0.0,145.0,0.0,20.0,-30.0,10.0,0.800000012,0.0799999982,4.0,0.0,RF mapping
2887.851999999999,2888.101999999999,0.0,145.0,0.0,20.0,0.0,-30.0,0.800000012,0.0799999982,4.0,0.0,RF mapping
2888.1199999999953,2888.3699999999953,0.785398185,145.0,0.0,20.0,0.0,0.0,0.800000012,0.0799999982,4.0,0.785,RF mapping
2888.385983999993,2888.635983999993,1.57079637,145.0,0.0,20.0,0.0,30.0,0.800000012,0.0799999982,4.0,1.571,RF mapping
2888.6529919999884,2888.9029919999884,0.0,145.0,0.0,20.0,-30.0,30.0,0.800000012,0.0799999982,4.0,0.0,RF mapping
2888.9199999999983,2889.1699999999983,0.785398185,145.0,0.0,20.0,-20.0,30.0,0.800000012,0.0799999982,4.0,0.785,RF mapping
2889.1869759999972,2889.4369759999972,1.57079637,145.0,0.0,20.0,30.0,-10.0,0.800000012,0.0799999982,4.0,1.571,RF mapping
2889.4529919999914,2889.7029919999914,1.57079637,145.0,0.0,20.0,-30.0,20.0,0.800000012,0.0799999982,4.0,1.571,RF mapping
2889.7199999999866,2889.9699999999866,1.57079637,145.0,0.0,20.0,20.0,10.0,0.800000012,0.0799999982,4.0,1.571,RF mapping
2889.986976,2890.236976,0.0,145.0,0.0,20.0,30.0,-10.0,0.800000012,0.0799999982,4.0,0.0,RF mapping
2890.236991999991,2890.486991999991,0.0,145.0,0.0,20.0,20.0,30.0,0.800000012,0.0799999982,4.0,0.0,RF mapping
2890.5039999999863,2890.7539999999863,0.0,145.0,0.0,20.0,0.0,-30.0,0.800000012,0.0799999982,4.0,0.0,RF mapping
2890.7699839999987,2891.0199839999987,1.57079637,145.0,0.0,20.0,-20.0,-30.0,0.800000012,0.0799999982,4.0,1.571,RF mapping
2891.036991999994,2891.286991999994,0.785398185,145.0,0.0,20.0,30.0,0.0,0.800000012,0.0799999982,4.0,0.785,RF mapping
2891.303999999989,2891.553999999989,0.0,145.0,0.0,20.0,0.0,-10.0,0.800000012,0.0799999982,4.0,0.0,RF mapping
2891.569983999987,2891.819983999987,1.57079637,145.0,0.0,20.0,30.0,0.0,0.800000012,0.0799999982,4.0,1.571,RF mapping
2891.837983999998,2892.087983999998,0.785398185,145.0,0.0,20.0,30.0,-30.0,0.800000012,0.0799999982,4.0,0.785,RF mapping
2892.103999999992,2892.353999999992,1.57079637,145.0,0.0,20.0,0.0,10.0,0.800000012,0.0799999982,4.0,1.571,RF mapping
2892.36998399999,2892.61998399999,0.785398185,145.0,0.0,20.0,0.0,20.0,0.800000012,0.0799999982,4.0,0.785,RF mapping
2892.6369919999997,2892.8869919999997,0.0,145.0,0.0,20.0,10.0,20.0,0.800000012,0.0799999982,4.0,0.0,RF mapping
2892.903999999995,2893.153999999995,0.0,145.0,0.0,20.0,30.0,20.0,0.800000012,0.0799999982,4.0,0.0,RF mapping
2893.170975999994,2893.420975999994,0.0,145.0,0.0,20.0,0.0,10.0,0.800000012,0.0799999982,4.0,0.0,RF mapping
2893.4379839999892,2893.6879839999892,1.57079637,145.0,0.0,20.0,10.0,-30.0,0.800000012,0.0799999982,4.0,1.571,RF mapping
2893.703999999998,2893.953999999998,0.0,145.0,0.0,20.0,10.0,20.0,0.800000012,0.0799999982,4.0,0.0,RF mapping
2893.9719999999943,2894.2219999999943,1.57079637,145.0,0.0,20.0,10.0,-10.0,0.800000012,0.0799999982,4.0,1.571,RF mapping
2894.237983999992,2894.487983999992,0.0,145.0,0.0,20.0,30.0,0.0,0.800000012,0.0799999982,4.0,0.0,RF mapping
2894.5049919999874,2894.7549919999874,0.0,145.0,0.0,20.0,10.0,10.0,0.800000012,0.0799999982,4.0,0.0,RF mapping
2894.771999999997,2895.021999999997,0.785398185,145.0,0.0,20.0,-10.0,-20.0,0.800000012,0.0799999982,4.0,0.785,RF mapping
2895.038975999996,2895.288975999996,0.0,145.0,0.0,20.0,30.0,30.0,0.800000012,0.0799999982,4.0,0.0,RF mapping
2895.3059839999914,2895.5559839999914,1.57079637,145.0,0.0,20.0,0.0,-20.0,0.800000012,0.0799999982,4.0,1.571,RF mapping
2895.5729919999867,2895.8229919999867,0.785398185,145.0,0.0,20.0,30.0,10.0,0.800000012,0.0799999982,4.0,0.785,RF mapping
2895.838975999999,2896.088975999999,0.785398185,145.0,0.0,20.0,20.0,10.0,0.800000012,0.0799999982,4.0,0.785,RF mapping
2896.1059839999944,2896.3559839999944,0.0,145.0,0.0,20.0,20.0,20.0,0.800000012,0.0799999982,4.0,0.0,RF mapping
2896.3729919999896,2896.6229919999896,0.0,145.0,0.0,20.0,30.0,-30.0,0.800000012,0.0799999982,4.0,0.0,RF mapping
2896.6399999999994,2896.8899999999994,1.57079637,145.0,0.0,20.0,-30.0,0.0,0.800000012,0.0799999982,4.0,1.571,RF mapping
2896.9059839999973,2897.1559839999973,0.0,145.0,0.0,20.0,-20.0,-20.0,0.800000012,0.0799999982,4.0,0.0,RF mapping
2897.1729919999925,2897.4229919999925,1.57079637,145.0,0.0,20.0,-10.0,-10.0,0.800000012,0.0799999982,4.0,1.571,RF mapping
2897.439999999988,2897.689999999988,0.785398185,145.0,0.0,20.0,10.0,-10.0,0.800000012,0.0799999982,4.0,0.785,RF mapping
2897.7079999999987,2897.9579999999987,1.57079637,145.0,0.0,20.0,0.0,-10.0,0.800000012,0.0799999982,4.0,1.571,RF mapping
2897.9749759999977,2898.2249759999977,0.785398185,145.0,0.0,20.0,-20.0,-20.0,0.800000012,0.0799999982,4.0,0.785,RF mapping
2898.241983999993,2898.491983999993,0.785398185,145.0,0.0,20.0,10.0,-20.0,0.800000012,0.0799999982,4.0,0.785,RF mapping
2898.507999999987,2898.757999999987,0.785398185,145.0,0.0,20.0,20.0,10.0,0.800000012,0.0799999982,4.0,0.785,RF mapping
2898.774975999986,2899.024975999986,0.0,145.0,0.0,20.0,-10.0,10.0,0.800000012,0.0799999982,4.0,0.0,RF mapping
2899.041983999996,2899.291983999996,0.785398185,145.0,0.0,20.0,-20.0,-10.0,0.800000012,0.0799999982,4.0,0.785,RF mapping
2899.30799999999,2899.55799999999,1.57079637,145.0,0.0,20.0,10.0,0.0,0.800000012,0.0799999982,4.0,1.571,RF mapping
2899.5759999999864,2899.8259999999864,0.785398185,-1.0,0.0,20.0,20.0,0.0,0.800000012,0.0799999982,4.0,0.785,RF mapping
2899.841983999999,2900.091983999999,0.0,-1.0,0.0,20.0,30.0,0.0,0.800000012,0.0799999982,4.0,0.0,RF mapping
2900.108991999994,2900.358991999994,1.57079637,146.0,0.0,20.0,-20.0,20.0,0.800000012,0.0799999982,4.0,1.571,RF mapping
2900.3759999999893,2900.6259999999893,0.0,146.0,0.0,20.0,-30.0,10.0,0.800000012,0.0799999982,4.0,0.0,RF mapping
2900.641983999987,2900.891983999987,0.0,146.0,0.0,20.0,-30.0,-10.0,0.800000012,0.0799999982,4.0,0.0,RF mapping
2900.908991999997,2901.158991999997,0.0,146.0,0.0,20.0,0.0,20.0,0.800000012,0.0799999982,4.0,0.0,RF mapping
2901.175999999992,2901.425999999992,0.785398185,146.0,0.0,20.0,10.0,-10.0,0.800000012,0.0799999982,4.0,0.785,RF mapping
2901.442975999991,2901.692975999991,1.57079637,146.0,0.0,20.0,20.0,-30.0,0.800000012,0.0799999982,4.0,1.571,RF mapping
2901.7099839999864,2901.9599839999864,0.0,146.0,0.0,20.0,-30.0,0.0,0.800000012,0.0799999982,4.0,0.0,RF mapping
2901.9769919999962,2902.2269919999962,0.0,146.0,0.0,20.0,0.0,30.0,0.800000012,0.0799999982,4.0,0.0,RF mapping
2902.242975999994,2902.492975999994,1.57079637,146.0,0.0,20.0,-30.0,-10.0,0.800000012,0.0799999982,4.0,1.571,RF mapping
2902.5099839999893,2902.7599839999893,0.785398185,146.0,0.0,20.0,-30.0,10.0,0.800000012,0.0799999982,4.0,0.785,RF mapping
2902.776991999999,2903.026991999999,0.785398185,146.0,0.0,20.0,0.0,-20.0,0.800000012,0.0799999982,4.0,0.785,RF mapping
2903.0439999999944,2903.2939999999944,1.57079637,146.0,0.0,20.0,0.0,-30.0,0.800000012,0.0799999982,4.0,1.571,RF mapping
2903.3109759999934,2903.5609759999934,1.57079637,146.0,0.0,20.0,10.0,-30.0,0.800000012,0.0799999982,4.0,1.571,RF mapping
2903.5779839999886,2903.8279839999886,0.0,146.0,0.0,20.0,10.0,-10.0,0.800000012,0.0799999982,4.0,0.0,RF mapping
2903.8449919999985,2904.0949919999985,1.57079637,146.0,0.0,20.0,-30.0,10.0,0.800000012,0.0799999982,4.0,1.571,RF mapping
2904.1119999999937,2904.3619999999937,1.57079637,146.0,0.0,20.0,10.0,10.0,0.800000012,0.0799999982,4.0,1.571,RF mapping
2904.3789759999927,2904.6289759999927,0.785398185,146.0,0.0,20.0,-10.0,-10.0,0.800000012,0.0799999982,4.0,0.785,RF mapping
2904.645983999988,2904.895983999988,1.57079637,146.0,0.0,20.0,0.0,20.0,0.800000012,0.0799999982,4.0,1.571,RF mapping
2904.9129919999978,2905.1629919999978,0.0,146.0,0.0,20.0,30.0,10.0,0.800000012,0.0799999982,4.0,0.0,RF mapping
2905.179999999993,2905.429999999993,0.785398185,146.0,0.0,20.0,0.0,30.0,0.800000012,0.0799999982,4.0,0.785,RF mapping
2905.446975999992,2905.696975999992,0.785398185,146.0,0.0,20.0,-30.0,10.0,0.800000012,0.0799999982,4.0,0.785,RF mapping
2905.7139839999872,2905.9639839999872,0.785398185,146.0,0.0,20.0,-30.0,-20.0,0.800000012,0.0799999982,4.0,0.785,RF mapping
2905.980991999997,2906.230991999997,0.0,146.0,0.0,20.0,10.0,-30.0,0.800000012,0.0799999982,4.0,0.0,RF mapping
2906.246975999995,2906.496975999995,1.57079637,146.0,0.0,20.0,-20.0,10.0,0.800000012,0.0799999982,4.0,1.571,RF mapping
2906.51398399999,2906.76398399999,0.0,146.0,0.0,20.0,20.0,-30.0,0.800000012,0.0799999982,4.0,0.0,RF mapping
2906.780992,2907.030992,0.0,146.0,0.0,20.0,30.0,10.0,0.800000012,0.0799999982,4.0,0.0,RF mapping
2907.047999999995,2907.297999999995,0.785398185,146.0,0.0,20.0,0.0,-20.0,0.800000012,0.0799999982,4.0,0.785,RF mapping
2907.314975999994,2907.564975999994,0.785398185,146.0,0.0,20.0,-10.0,30.0,0.800000012,0.0799999982,4.0,0.785,RF mapping
2907.5809919999883,2907.8309919999883,1.57079637,146.0,0.0,20.0,20.0,10.0,0.800000012,0.0799999982,4.0,1.571,RF mapping
2907.847999999998,2908.097999999998,0.785398185,146.0,0.0,20.0,0.0,-30.0,0.800000012,0.0799999982,4.0,0.785,RF mapping
2908.114975999997,2908.364975999997,0.0,146.0,0.0,20.0,-20.0,10.0,0.800000012,0.0799999982,4.0,0.0,RF mapping
2908.3819839999924,2908.6319839999924,0.785398185,146.0,0.0,20.0,10.0,-20.0,0.800000012,0.0799999982,4.0,0.785,RF mapping
2908.6490239999985,2908.8990239999985,1.57079637,146.0,0.0,20.0,-30.0,-20.0,0.800000012,0.0799999982,4.0,1.571,RF mapping
2908.9159999999974,2909.1659999999974,1.57079637,146.0,0.0,20.0,0.0,-10.0,0.800000012,0.0799999982,4.0,1.571,RF mapping
2909.1829759999964,2909.4329759999964,0.785398185,146.0,0.0,20.0,-20.0,-20.0,0.800000012,0.0799999982,4.0,0.785,RF mapping
2909.4499839999917,2909.6999839999917,1.57079637,146.0,0.0,20.0,10.0,30.0,0.800000012,0.0799999982,4.0,1.571,RF mapping
2909.716991999987,2909.966991999987,0.0,146.0,0.0,20.0,0.0,0.0,0.800000012,0.0799999982,4.0,0.0,RF mapping
2909.9839999999967,2910.2339999999967,0.0,146.0,0.0,20.0,20.0,-10.0,0.800000012,0.0799999982,4.0,0.0,RF mapping
2910.2499839999946,2910.4999839999946,0.785398185,146.0,0.0,20.0,-20.0,10.0,0.800000012,0.0799999982,4.0,0.785,RF mapping
2910.51699199999,2910.76699199999,1.57079637,146.0,0.0,20.0,-20.0,-20.0,0.800000012,0.0799999982,4.0,1.571,RF mapping
2910.7839999999997,2911.0339999999997,0.0,146.0,0.0,20.0,-10.0,-30.0,0.800000012,0.0799999982,4.0,0.0,RF mapping
2911.0499839999975,2911.2999839999975,1.57079637,146.0,0.0,20.0,0.0,20.0,0.800000012,0.0799999982,4.0,1.571,RF mapping
2911.3169919999928,2911.5669919999928,0.785398185,146.0,0.0,20.0,20.0,-30.0,0.800000012,0.0799999982,4.0,0.785,RF mapping
2911.583999999988,2911.833999999988,0.0,146.0,0.0,20.0,-20.0,10.0,0.800000012,0.0799999982,4.0,0.0,RF mapping
2911.850975999987,2912.100975999987,0.0,146.0,0.0,20.0,-30.0,-30.0,0.800000012,0.0799999982,4.0,0.0,RF mapping
2912.1169919999957,2912.3669919999957,1.57079637,146.0,0.0,20.0,-10.0,-30.0,0.800000012,0.0799999982,4.0,1.571,RF mapping
2912.383999999991,2912.633999999991,0.785398185,146.0,0.0,20.0,30.0,0.0,0.800000012,0.0799999982,4.0,0.785,RF mapping
2912.65097599999,2912.90097599999,0.785398185,146.0,0.0,20.0,-30.0,20.0,0.800000012,0.0799999982,4.0,0.785,RF mapping
2912.9169919999986,2913.1669919999986,1.57079637,146.0,0.0,20.0,-10.0,-20.0,0.800000012,0.0799999982,4.0,1.571,RF mapping
2913.183999999994,2913.433999999994,1.57079637,146.0,0.0,20.0,10.0,-30.0,0.800000012,0.0799999982,4.0,1.571,RF mapping
2913.450975999993,2913.700975999993,0.785398185,146.0,0.0,20.0,30.0,-10.0,0.800000012,0.0799999982,4.0,0.785,RF mapping
2913.716991999987,2913.966991999987,0.785398185,146.0,0.0,20.0,-30.0,30.0,0.800000012,0.0799999982,4.0,0.785,RF mapping
2913.9839999999967,2914.2339999999967,1.57079637,146.0,0.0,20.0,10.0,10.0,0.800000012,0.0799999982,4.0,1.571,RF mapping
2914.2509759999957,2914.5009759999957,1.57079637,146.0,0.0,20.0,10.0,10.0,0.800000012,0.0799999982,4.0,1.571,RF mapping
2914.517983999991,2914.767983999991,0.785398185,146.0,0.0,20.0,20.0,30.0,0.800000012,0.0799999982,4.0,0.785,RF mapping
2914.7849919999862,2915.0349919999862,0.785398185,146.0,0.0,20.0,-30.0,0.0,0.800000012,0.0799999982,4.0,0.785,RF mapping
2915.0509759999986,2915.3009759999986,1.57079637,146.0,0.0,20.0,30.0,-10.0,0.800000012,0.0799999982,4.0,1.571,RF mapping
2915.317983999994,2915.567983999994,1.57079637,146.0,0.0,20.0,30.0,0.0,0.800000012,0.0799999982,4.0,1.571,RF mapping
2915.584991999989,2915.834991999989,0.0,146.0,0.0,20.0,20.0,-30.0,0.800000012,0.0799999982,4.0,0.0,RF mapping
2915.851999999999,2916.101999999999,0.0,146.0,0.0,20.0,10.0,20.0,0.800000012,0.0799999982,4.0,0.0,RF mapping
2916.117983999997,2916.367983999997,0.785398185,146.0,0.0,20.0,20.0,10.0,0.800000012,0.0799999982,4.0,0.785,RF mapping
2916.384991999992,2916.634991999992,1.57079637,146.0,0.0,20.0,30.0,10.0,0.800000012,0.0799999982,4.0,1.571,RF mapping
2916.6519999999873,2916.9019999999873,1.57079637,146.0,0.0,20.0,10.0,0.0,0.800000012,0.0799999982,4.0,1.571,RF mapping
2916.9189759999863,2917.1689759999863,0.785398185,146.0,0.0,20.0,-20.0,-10.0,0.800000012,0.0799999982,4.0,0.785,RF mapping
2917.185983999996,2917.435983999996,1.57079637,146.0,0.0,20.0,10.0,-30.0,0.800000012,0.0799999982,4.0,1.571,RF mapping
2917.45199999999,2917.70199999999,0.0,146.0,0.0,20.0,0.0,30.0,0.800000012,0.0799999982,4.0,0.0,RF mapping
2917.718975999989,2917.968975999989,1.57079637,146.0,0.0,20.0,20.0,30.0,0.800000012,0.0799999982,4.0,1.571,RF mapping
2917.985983999999,2918.235983999999,1.57079637,146.0,0.0,20.0,-20.0,20.0,0.800000012,0.0799999982,4.0,1.571,RF mapping
2918.251999999993,2918.501999999993,1.57079637,146.0,0.0,20.0,30.0,-20.0,0.800000012,0.0799999982,4.0,1.571,RF mapping
2918.518975999992,2918.768975999992,1.57079637,146.0,0.0,20.0,-30.0,0.0,0.800000012,0.0799999982,4.0,1.571,RF mapping
2918.7859839999874,2919.0359839999874,1.57079637,146.0,0.0,20.0,0.0,-10.0,0.800000012,0.0799999982,4.0,1.571,RF mapping
2919.051999999996,2919.301999999996,1.57079637,146.0,0.0,20.0,0.0,20.0,0.800000012,0.0799999982,4.0,1.571,RF mapping
2919.318975999995,2919.568975999995,0.0,146.0,0.0,20.0,20.0,-20.0,0.800000012,0.0799999982,4.0,0.0,RF mapping
2919.5859839999903,2919.8359839999903,0.785398185,-1.0,0.0,20.0,0.0,-20.0,0.800000012,0.0799999982,4.0,0.785,RF mapping
2919.851999999999,2920.101999999999,1.57079637,-1.0,0.0,20.0,-10.0,30.0,0.800000012,0.0799999982,4.0,1.571,RF mapping
2920.118975999998,2920.368975999998,1.57079637,147.0,0.0,20.0,-10.0,30.0,0.800000012,0.0799999982,4.0,1.571,RF mapping
2920.385983999993,2920.635983999993,0.0,147.0,0.0,20.0,-30.0,-20.0,0.800000012,0.0799999982,4.0,0.0,RF mapping
2920.6529919999884,2920.9029919999884,0.0,147.0,0.0,20.0,10.0,10.0,0.800000012,0.0799999982,4.0,0.0,RF mapping
2920.9189759999863,2921.1689759999863,0.785398185,147.0,0.0,20.0,20.0,-30.0,0.800000012,0.0799999982,4.0,0.785,RF mapping
2921.185983999996,2921.435983999996,0.0,147.0,0.0,20.0,-30.0,30.0,0.800000012,0.0799999982,4.0,0.0,RF mapping
2921.4529919999914,2921.7029919999914,0.0,147.0,0.0,20.0,-30.0,20.0,0.800000012,0.0799999982,4.0,0.0,RF mapping
2921.718975999989,2921.968975999989,0.0,147.0,0.0,20.0,-20.0,10.0,0.800000012,0.0799999982,4.0,0.0,RF mapping
2921.985983999999,2922.235983999999,0.0,147.0,0.0,20.0,30.0,20.0,0.800000012,0.0799999982,4.0,0.0,RF mapping
2922.2529919999943,2922.5029919999943,0.0,147.0,0.0,20.0,0.0,30.0,0.800000012,0.0799999982,4.0,0.0,RF mapping
2922.518975999992,2922.768975999992,0.785398185,147.0,0.0,20.0,10.0,-10.0,0.800000012,0.0799999982,4.0,0.785,RF mapping
2922.7859839999874,2923.0359839999874,1.57079637,147.0,0.0,20.0,-10.0,-10.0,0.800000012,0.0799999982,4.0,1.571,RF mapping
2923.052991999997,2923.302991999997,0.0,147.0,0.0,20.0,-20.0,20.0,0.800000012,0.0799999982,4.0,0.0,RF mapping
2923.318975999995,2923.568975999995,1.57079637,147.0,0.0,20.0,30.0,10.0,0.800000012,0.0799999982,4.0,1.571,RF mapping
2923.5859839999903,2923.8359839999903,0.0,147.0,0.0,20.0,30.0,0.0,0.800000012,0.0799999982,4.0,0.0,RF mapping
2923.852992,2924.102992,0.0,147.0,0.0,20.0,0.0,20.0,0.800000012,0.0799999982,4.0,0.0,RF mapping
2924.1199999999953,2924.3699999999953,1.57079637,147.0,0.0,20.0,10.0,-10.0,0.800000012,0.0799999982,4.0,1.571,RF mapping
2924.3869759999943,2924.6369759999943,0.0,147.0,0.0,20.0,30.0,30.0,0.800000012,0.0799999982,4.0,0.0,RF mapping
2924.6369919999997,2924.8869919999997,0.785398185,147.0,0.0,20.0,0.0,-30.0,0.800000012,0.0799999982,4.0,0.785,RF mapping
2924.903999999995,2925.153999999995,0.785398185,147.0,0.0,20.0,-30.0,30.0,0.800000012,0.0799999982,4.0,0.785,RF mapping
2925.170975999994,2925.420975999994,0.785398185,147.0,0.0,20.0,-30.0,-30.0,0.800000012,0.0799999982,4.0,0.785,RF mapping
2925.4379839999892,2925.6879839999892,1.57079637,147.0,0.0,20.0,30.0,30.0,0.800000012,0.0799999982,4.0,1.571,RF mapping
2925.703999999998,2925.953999999998,0.0,147.0,0.0,20.0,0.0,-30.0,0.800000012,0.0799999982,4.0,0.0,RF mapping
2925.970975999997,2926.220975999997,0.0,147.0,0.0,20.0,-20.0,-30.0,0.800000012,0.0799999982,4.0,0.0,RF mapping
2926.2389759999933,2926.4889759999933,0.785398185,147.0,0.0,20.0,10.0,-20.0,0.800000012,0.0799999982,4.0,0.785,RF mapping
2926.5039999999863,2926.7539999999863,1.57079637,147.0,0.0,20.0,20.0,-20.0,0.800000012,0.0799999982,4.0,1.571,RF mapping
2926.770976,2927.020976,0.785398185,147.0,0.0,20.0,0.0,-10.0,0.800000012,0.0799999982,4.0,0.785,RF mapping
2927.037983999995,2927.287983999995,0.0,147.0,0.0,20.0,-20.0,0.0,0.800000012,0.0799999982,4.0,0.0,RF mapping
2927.303999999989,2927.553999999989,1.57079637,147.0,0.0,20.0,-30.0,10.0,0.800000012,0.0799999982,4.0,1.571,RF mapping
2927.570975999988,2927.820975999988,0.0,147.0,0.0,20.0,30.0,-10.0,0.800000012,0.0799999982,4.0,0.0,RF mapping
2927.837983999998,2928.087983999998,0.785398185,147.0,0.0,20.0,20.0,10.0,0.800000012,0.0799999982,4.0,0.785,RF mapping
2928.104991999993,2928.354991999993,0.785398185,147.0,0.0,20.0,30.0,-30.0,0.800000012,0.0799999982,4.0,0.785,RF mapping
2928.370975999991,2928.620975999991,0.785398185,147.0,0.0,20.0,20.0,-10.0,0.800000012,0.0799999982,4.0,0.785,RF mapping
2928.6379839999863,2928.8879839999863,0.785398185,147.0,0.0,20.0,0.0,10.0,0.800000012,0.0799999982,4.0,0.785,RF mapping
2928.904991999996,2929.154991999996,0.785398185,147.0,0.0,20.0,0.0,-20.0,0.800000012,0.0799999982,4.0,0.785,RF mapping
2929.170975999994,2929.420975999994,0.785398185,147.0,0.0,20.0,-10.0,20.0,0.800000012,0.0799999982,4.0,0.785,RF mapping
2929.4379839999892,2929.6879839999892,0.0,147.0,0.0,20.0,10.0,-20.0,0.800000012,0.0799999982,4.0,0.0,RF mapping
2929.704991999999,2929.954991999999,1.57079637,147.0,0.0,20.0,0.0,-20.0,0.800000012,0.0799999982,4.0,1.571,RF mapping
2929.9719999999943,2930.2219999999943,1.57079637,147.0,0.0,20.0,-20.0,10.0,0.800000012,0.0799999982,4.0,1.571,RF mapping
2930.237983999992,2930.487983999992,0.785398185,147.0,0.0,20.0,10.0,0.0,0.800000012,0.0799999982,4.0,0.785,RF mapping
2930.5049919999874,2930.7549919999874,1.57079637,147.0,0.0,20.0,20.0,-30.0,0.800000012,0.0799999982,4.0,1.571,RF mapping
2930.771999999997,2931.021999999997,1.57079637,147.0,0.0,20.0,30.0,30.0,0.800000012,0.0799999982,4.0,1.571,RF mapping
2931.038975999996,2931.288975999996,1.57079637,147.0,0.0,20.0,-20.0,30.0,0.800000012,0.0799999982,4.0,1.571,RF mapping
2931.3050239999866,2931.5550239999866,1.57079637,147.0,0.0,20.0,-30.0,-10.0,0.800000012,0.0799999982,4.0,1.571,RF mapping
2931.572,2931.822,0.785398185,147.0,0.0,20.0,-10.0,20.0,0.800000012,0.0799999982,4.0,0.785,RF mapping
2931.838975999999,2932.088975999999,1.57079637,147.0,0.0,20.0,-20.0,10.0,0.800000012,0.0799999982,4.0,1.571,RF mapping
2932.1059839999944,2932.3559839999944,1.57079637,147.0,0.0,20.0,0.0,10.0,0.800000012,0.0799999982,4.0,1.571,RF mapping
2932.3729919999896,2932.6229919999896,0.785398185,147.0,0.0,20.0,30.0,-20.0,0.800000012,0.0799999982,4.0,0.785,RF mapping
2932.6389759999875,2932.8889759999875,0.0,147.0,0.0,20.0,-20.0,-10.0,0.800000012,0.0799999982,4.0,0.0,RF mapping
2932.9059839999973,2933.1559839999973,1.57079637,147.0,0.0,20.0,0.0,-10.0,0.800000012,0.0799999982,4.0,1.571,RF mapping
2933.1729919999925,2933.4229919999925,0.785398185,147.0,0.0,20.0,30.0,-20.0,0.800000012,0.0799999982,4.0,0.785,RF mapping
2933.4389759999904,2933.6889759999904,0.0,147.0,0.0,20.0,-30.0,-10.0,0.800000012,0.0799999982,4.0,0.0,RF mapping
2933.705984,2933.955984,1.57079637,147.0,0.0,20.0,10.0,10.0,0.800000012,0.0799999982,4.0,1.571,RF mapping
2933.9729919999954,2934.2229919999954,0.785398185,147.0,0.0,20.0,-10.0,30.0,0.800000012,0.0799999982,4.0,0.785,RF mapping
2934.2399999999907,2934.4899999999907,0.0,147.0,0.0,20.0,-10.0,-30.0,0.800000012,0.0799999982,4.0,0.0,RF mapping
2934.5059839999885,2934.7559839999885,0.785398185,147.0,0.0,20.0,10.0,-10.0,0.800000012,0.0799999982,4.0,0.785,RF mapping
2934.7729919999983,2935.0229919999983,0.0,147.0,0.0,20.0,0.0,20.0,0.800000012,0.0799999982,4.0,0.0,RF mapping
2935.0399999999936,2935.2899999999936,0.785398185,147.0,0.0,20.0,10.0,-10.0,0.800000012,0.0799999982,4.0,0.785,RF mapping
2935.3059839999914,2935.5559839999914,0.0,147.0,0.0,20.0,0.0,10.0,0.800000012,0.0799999982,4.0,0.0,RF mapping
2935.573983999988,2935.823983999988,0.785398185,147.0,0.0,20.0,-10.0,0.0,0.800000012,0.0799999982,4.0,0.785,RF mapping
2935.8399999999965,2936.0899999999965,0.785398185,147.0,0.0,20.0,-20.0,20.0,0.800000012,0.0799999982,4.0,0.785,RF mapping
2936.107999999993,2936.357999999993,0.0,147.0,0.0,20.0,0.0,0.0,0.800000012,0.0799999982,4.0,0.0,RF mapping
2936.374975999992,2936.624975999992,1.57079637,147.0,0.0,20.0,-30.0,-30.0,0.800000012,0.0799999982,4.0,1.571,RF mapping
2936.641983999987,2936.891983999987,0.785398185,147.0,0.0,20.0,-30.0,0.0,0.800000012,0.0799999982,4.0,0.785,RF mapping
2936.907999999996,2937.157999999996,0.0,147.0,0.0,20.0,-10.0,30.0,0.800000012,0.0799999982,4.0,0.0,RF mapping
2937.174975999995,2937.424975999995,0.0,147.0,0.0,20.0,30.0,0.0,0.800000012,0.0799999982,4.0,0.0,RF mapping
2937.44198399999,2937.69198399999,0.0,147.0,0.0,20.0,-20.0,0.0,0.800000012,0.0799999982,4.0,0.0,RF mapping
2937.7079999999987,2937.9579999999987,0.0,147.0,0.0,20.0,0.0,0.0,0.800000012,0.0799999982,4.0,0.0,RF mapping
2937.9749759999977,2938.2249759999977,0.0,147.0,0.0,20.0,20.0,20.0,0.800000012,0.0799999982,4.0,0.0,RF mapping
2938.241983999993,2938.491983999993,0.785398185,147.0,0.0,20.0,30.0,20.0,0.800000012,0.0799999982,4.0,0.785,RF mapping
2938.508991999988,2938.758991999988,0.785398185,147.0,0.0,20.0,30.0,-10.0,0.800000012,0.0799999982,4.0,0.785,RF mapping
2938.774975999986,2939.024975999986,0.0,147.0,0.0,20.0,-20.0,0.0,0.800000012,0.0799999982,4.0,0.0,RF mapping
2939.041983999996,2939.291983999996,0.785398185,147.0,0.0,20.0,30.0,0.0,0.800000012,0.0799999982,4.0,0.785,RF mapping
2939.308991999991,2939.558991999991,0.785398185,147.0,0.0,20.0,20.0,-20.0,0.800000012,0.0799999982,4.0,0.785,RF mapping
2939.574975999989,2939.824975999989,1.57079637,-1.0,0.0,20.0,30.0,-20.0,0.800000012,0.0799999982,4.0,1.571,RF mapping
2939.841983999999,2940.091983999999,0.785398185,-1.0,0.0,20.0,30.0,20.0,0.800000012,0.0799999982,4.0,0.785,RF mapping
2940.108991999994,2940.358991999994,0.785398185,148.0,0.0,20.0,-10.0,-30.0,0.800000012,0.0799999982,4.0,0.785,RF mapping
2940.3759999999893,2940.6259999999893,0.785398185,148.0,0.0,20.0,20.0,20.0,0.800000012,0.0799999982,4.0,0.785,RF mapping
2940.641983999987,2940.891983999987,0.785398185,148.0,0.0,20.0,-10.0,-10.0,0.800000012,0.0799999982,4.0,0.785,RF mapping
2940.908991999997,2941.158991999997,0.785398185,148.0,0.0,20.0,0.0,-20.0,0.800000012,0.0799999982,4.0,0.785,RF mapping
2941.175999999992,2941.425999999992,0.0,148.0,0.0,20.0,-10.0,20.0,0.800000012,0.0799999982,4.0,0.0,RF mapping
2941.442975999991,2941.692975999991,1.57079637,148.0,0.0,20.0,0.0,-30.0,0.800000012,0.0799999982,4.0,1.571,RF mapping
2941.7099839999864,2941.9599839999864,1.57079637,148.0,0.0,20.0,-30.0,-30.0,0.800000012,0.0799999982,4.0,1.571,RF mapping
2941.9769919999962,2942.2269919999962,0.0,148.0,0.0,20.0,-10.0,-20.0,0.800000012,0.0799999982,4.0,0.0,RF mapping
2942.2439999999915,2942.4939999999915,1.57079637,148.0,0.0,20.0,30.0,-30.0,0.800000012,0.0799999982,4.0,1.571,RF mapping
2942.5099839999893,2942.7599839999893,0.0,148.0,0.0,20.0,20.0,20.0,0.800000012,0.0799999982,4.0,0.0,RF mapping
2942.776991999999,2943.026991999999,0.785398185,148.0,0.0,20.0,30.0,10.0,0.800000012,0.0799999982,4.0,0.785,RF mapping
2943.0439999999944,2943.2939999999944,0.785398185,148.0,0.0,20.0,-10.0,30.0,0.800000012,0.0799999982,4.0,0.785,RF mapping
2943.3109759999934,2943.5609759999934,1.57079637,148.0,0.0,20.0,-30.0,-10.0,0.800000012,0.0799999982,4.0,1.571,RF mapping
2943.5779839999886,2943.8279839999886,1.57079637,148.0,0.0,20.0,30.0,-10.0,0.800000012,0.0799999982,4.0,1.571,RF mapping
2943.8440319999936,2944.0940319999936,1.57079637,148.0,0.0,20.0,-10.0,30.0,0.800000012,0.0799999982,4.0,1.571,RF mapping
2944.11203199999,2944.36203199999,0.0,148.0,0.0,20.0,20.0,20.0,0.800000012,0.0799999982,4.0,0.0,RF mapping
2944.3789759999927,2944.6289759999927,0.0,148.0,0.0,20.0,20.0,-10.0,0.800000012,0.0799999982,4.0,0.0,RF mapping
2944.645983999988,2944.895983999988,0.0,148.0,0.0,20.0,-10.0,-20.0,0.800000012,0.0799999982,4.0,0.0,RF mapping
2944.9129919999978,2945.1629919999978,1.57079637,148.0,0.0,20.0,-20.0,20.0,0.800000012,0.0799999982,4.0,1.571,RF mapping
2945.1789759999956,2945.4289759999956,0.785398185,148.0,0.0,20.0,-30.0,10.0,0.800000012,0.0799999982,4.0,0.785,RF mapping
2945.445983999991,2945.695983999991,1.57079637,148.0,0.0,20.0,-10.0,-20.0,0.800000012,0.0799999982,4.0,1.571,RF mapping
2945.7119999999995,2945.9619999999995,1.57079637,148.0,0.0,20.0,20.0,-10.0,0.800000012,0.0799999982,4.0,1.571,RF mapping
2945.9789759999985,2946.2289759999985,1.57079637,148.0,0.0,20.0,20.0,-20.0,0.800000012,0.0799999982,4.0,1.571,RF mapping
2946.2459839999938,2946.4959839999938,1.57079637,148.0,0.0,20.0,30.0,10.0,0.800000012,0.0799999982,4.0,1.571,RF mapping
2946.512991999989,2946.762991999989,0.0,148.0,0.0,20.0,-20.0,30.0,0.800000012,0.0799999982,4.0,0.0,RF mapping
2946.778975999987,2947.028975999987,1.57079637,148.0,0.0,20.0,-30.0,10.0,0.800000012,0.0799999982,4.0,1.571,RF mapping
2947.0459839999967,2947.2959839999967,0.0,148.0,0.0,20.0,-20.0,10.0,0.800000012,0.0799999982,4.0,0.0,RF mapping
2947.312991999992,2947.562991999992,0.785398185,148.0,0.0,20.0,10.0,10.0,0.800000012,0.0799999982,4.0,0.785,RF mapping
2947.579999999987,2947.829999999987,0.785398185,148.0,0.0,20.0,-10.0,-30.0,0.800000012,0.0799999982,4.0,0.785,RF mapping
2947.8459839999996,2948.0959839999996,0.0,148.0,0.0,20.0,0.0,0.0,0.800000012,0.0799999982,4.0,0.0,RF mapping
2948.112991999995,2948.362991999995,0.785398185,148.0,0.0,20.0,-30.0,20.0,0.800000012,0.0799999982,4.0,0.785,RF mapping
2948.37999999999,2948.62999999999,0.785398185,148.0,0.0,20.0,-30.0,0.0,0.800000012,0.0799999982,4.0,0.785,RF mapping
2948.645983999988,2948.895983999988,1.57079637,148.0,0.0,20.0,30.0,-10.0,0.800000012,0.0799999982,4.0,1.571,RF mapping
2948.9129919999978,2949.1629919999978,0.0,148.0,0.0,20.0,-20.0,-20.0,0.800000012,0.0799999982,4.0,0.0,RF mapping
2949.179999999993,2949.429999999993,0.0,148.0,0.0,20.0,-30.0,0.0,0.800000012,0.0799999982,4.0,0.0,RF mapping
2949.445983999991,2949.695983999991,0.0,148.0,0.0,20.0,20.0,10.0,0.800000012,0.0799999982,4.0,0.0,RF mapping
2949.712991999986,2949.962991999986,0.785398185,148.0,0.0,20.0,10.0,30.0,0.800000012,0.0799999982,4.0,0.785,RF mapping
2949.979999999996,2950.229999999996,0.0,148.0,0.0,20.0,-30.0,0.0,0.800000012,0.0799999982,4.0,0.0,RF mapping
2950.246975999995,2950.496975999995,0.785398185,148.0,0.0,20.0,20.0,-30.0,0.800000012,0.0799999982,4.0,0.785,RF mapping
2950.51398399999,2950.76398399999,0.785398185,148.0,0.0,20.0,-20.0,-10.0,0.800000012,0.0799999982,4.0,0.785,RF mapping
2950.780031999995,2951.030031999995,0.785398185,148.0,0.0,20.0,20.0,0.0,0.800000012,0.0799999982,4.0,0.785,RF mapping
2951.046975999998,2951.296975999998,1.57079637,148.0,0.0,20.0,-10.0,-20.0,0.800000012,0.0799999982,4.0,1.571,RF mapping
2951.313983999993,2951.563983999993,1.57079637,148.0,0.0,20.0,10.0,-20.0,0.800000012,0.0799999982,4.0,1.571,RF mapping
2951.579999999987,2951.829999999987,0.785398185,148.0,0.0,20.0,10.0,20.0,0.800000012,0.0799999982,4.0,0.785,RF mapping
2951.846975999986,2952.096975999986,0.785398185,148.0,0.0,20.0,30.0,-20.0,0.800000012,0.0799999982,4.0,0.785,RF mapping
2952.113983999996,2952.363983999996,0.785398185,148.0,0.0,20.0,-30.0,-30.0,0.800000012,0.0799999982,4.0,0.785,RF mapping
2952.37999999999,2952.62999999999,0.0,148.0,0.0,20.0,10.0,-20.0,0.800000012,0.0799999982,4.0,0.0,RF mapping
2952.646975999989,2952.896975999989,0.785398185,148.0,0.0,20.0,20.0,30.0,0.800000012,0.0799999982,4.0,0.785,RF mapping
2952.913983999999,2953.163983999999,0.0,148.0,0.0,20.0,20.0,30.0,0.800000012,0.0799999982,4.0,0.0,RF mapping
2953.179999999993,2953.429999999993,0.0,148.0,0.0,20.0,0.0,30.0,0.800000012,0.0799999982,4.0,0.0,RF mapping
2953.446975999992,2953.696975999992,0.0,148.0,0.0,20.0,-10.0,-20.0,0.800000012,0.0799999982,4.0,0.0,RF mapping
2953.7139839999872,2953.9639839999872,0.0,148.0,0.0,20.0,-10.0,20.0,0.800000012,0.0799999982,4.0,0.0,RF mapping
2953.980991999997,2954.230991999997,0.0,148.0,0.0,20.0,10.0,-20.0,0.800000012,0.0799999982,4.0,0.0,RF mapping
2954.2479999999923,2954.4979999999923,0.0,148.0,0.0,20.0,-30.0,-30.0,0.800000012,0.0799999982,4.0,0.0,RF mapping
2954.51398399999,2954.76398399999,0.0,148.0,0.0,20.0,30.0,-10.0,0.800000012,0.0799999982,4.0,0.0,RF mapping
2954.780992,2955.030992,0.785398185,148.0,0.0,20.0,-30.0,-30.0,0.800000012,0.0799999982,4.0,0.785,RF mapping
2955.047999999995,2955.297999999995,0.785398185,148.0,0.0,20.0,-30.0,30.0,0.800000012,0.0799999982,4.0,0.785,RF mapping
2955.314975999994,2955.564975999994,0.0,148.0,0.0,20.0,20.0,20.0,0.800000012,0.0799999982,4.0,0.0,RF mapping
2955.5819839999895,2955.8319839999895,0.785398185,148.0,0.0,20.0,0.0,-10.0,0.800000012,0.0799999982,4.0,0.785,RF mapping
2955.8489919999993,2956.0989919999993,0.785398185,148.0,0.0,20.0,-20.0,20.0,0.800000012,0.0799999982,4.0,0.785,RF mapping
2956.1159999999945,2956.3659999999945,0.785398185,148.0,0.0,20.0,20.0,-10.0,0.800000012,0.0799999982,4.0,0.785,RF mapping
2956.3829759999935,2956.6329759999935,0.0,148.0,0.0,20.0,-10.0,30.0,0.800000012,0.0799999982,4.0,0.0,RF mapping
2956.6499839999888,2956.8999839999888,0.0,148.0,0.0,20.0,10.0,20.0,0.800000012,0.0799999982,4.0,0.0,RF mapping
2956.9169919999986,2957.1669919999986,0.785398185,148.0,0.0,20.0,10.0,30.0,0.800000012,0.0799999982,4.0,0.785,RF mapping
2957.183999999994,2957.433999999994,0.0,148.0,0.0,20.0,30.0,10.0,0.800000012,0.0799999982,4.0,0.0,RF mapping
2957.450975999993,2957.700975999993,1.57079637,148.0,0.0,20.0,-10.0,-10.0,0.800000012,0.0799999982,4.0,1.571,RF mapping
2957.716991999987,2957.966991999987,0.0,148.0,0.0,20.0,-30.0,0.0,0.800000012,0.0799999982,4.0,0.0,RF mapping
2957.9839999999967,2958.2339999999967,1.57079637,148.0,0.0,20.0,0.0,20.0,0.800000012,0.0799999982,4.0,1.571,RF mapping
2958.2509759999957,2958.5009759999957,0.785398185,148.0,0.0,20.0,30.0,0.0,0.800000012,0.0799999982,4.0,0.785,RF mapping
2958.51699199999,2958.76699199999,1.57079637,148.0,0.0,20.0,0.0,30.0,0.800000012,0.0799999982,4.0,1.571,RF mapping
2958.7839999999997,2959.0339999999997,0.0,148.0,0.0,20.0,20.0,-30.0,0.800000012,0.0799999982,4.0,0.0,RF mapping
2959.0509759999986,2959.3009759999986,0.785398185,148.0,0.0,20.0,20.0,20.0,0.800000012,0.0799999982,4.0,0.785,RF mapping
2959.317983999994,2959.567983999994,1.57079637,148.0,0.0,20.0,-20.0,-10.0,0.800000012,0.0799999982,4.0,1.571,RF mapping
2959.583999999988,2959.833999999988,0.0,-1.0,0.0,20.0,20.0,-10.0,0.800000012,0.0799999982,4.0,0.0,RF mapping
2959.850975999987,2960.100975999987,1.57079637,-1.0,0.0,20.0,-20.0,-20.0,0.800000012,0.0799999982,4.0,1.571,RF mapping
2960.117983999997,2960.367983999997,1.57079637,149.0,0.0,20.0,30.0,20.0,0.800000012,0.0799999982,4.0,1.571,RF mapping
2960.384991999992,2960.634991999992,0.785398185,149.0,0.0,20.0,-30.0,30.0,0.800000012,0.0799999982,4.0,0.785,RF mapping
2960.65097599999,2960.90097599999,0.0,149.0,0.0,20.0,10.0,0.0,0.800000012,0.0799999982,4.0,0.0,RF mapping
2960.9179839999997,2961.1679839999997,0.785398185,149.0,0.0,20.0,0.0,10.0,0.800000012,0.0799999982,4.0,0.785,RF mapping
2961.184991999995,2961.434991999995,0.0,149.0,0.0,20.0,-20.0,10.0,0.800000012,0.0799999982,4.0,0.0,RF mapping
2961.45199999999,2961.70199999999,0.785398185,149.0,0.0,20.0,10.0,30.0,0.800000012,0.0799999982,4.0,0.785,RF mapping
2961.718975999989,2961.968975999989,1.57079637,149.0,0.0,20.0,-20.0,0.0,0.800000012,0.0799999982,4.0,1.571,RF mapping
2961.984991999998,2962.234991999998,0.0,149.0,0.0,20.0,-20.0,-30.0,0.800000012,0.0799999982,4.0,0.0,RF mapping
2962.251999999993,2962.501999999993,1.57079637,149.0,0.0,20.0,-10.0,-20.0,0.800000012,0.0799999982,4.0,1.571,RF mapping
2962.518975999992,2962.768975999992,0.785398185,149.0,0.0,20.0,30.0,-20.0,0.800000012,0.0799999982,4.0,0.785,RF mapping
2962.7849919999862,2963.0349919999862,0.785398185,149.0,0.0,20.0,-10.0,20.0,0.800000012,0.0799999982,4.0,0.785,RF mapping
2963.051999999996,2963.301999999996,0.785398185,149.0,0.0,20.0,-30.0,-20.0,0.800000012,0.0799999982,4.0,0.785,RF mapping
2963.318975999995,2963.568975999995,0.785398185,149.0,0.0,20.0,10.0,-10.0,0.800000012,0.0799999982,4.0,0.785,RF mapping
2963.5859839999903,2963.8359839999903,1.57079637,149.0,0.0,20.0,10.0,-30.0,0.800000012,0.0799999982,4.0,1.571,RF mapping
2963.852992,2964.102992,1.57079637,149.0,0.0,20.0,-30.0,-10.0,0.800000012,0.0799999982,4.0,1.571,RF mapping
2964.118975999998,2964.368975999998,1.57079637,149.0,0.0,20.0,-10.0,-20.0,0.800000012,0.0799999982,4.0,1.571,RF mapping
2964.385983999993,2964.635983999993,0.0,149.0,0.0,20.0,-20.0,-10.0,0.800000012,0.0799999982,4.0,0.0,RF mapping
2964.6529919999884,2964.9029919999884,0.785398185,149.0,0.0,20.0,30.0,20.0,0.800000012,0.0799999982,4.0,0.785,RF mapping
2964.9199999999983,2965.1699999999983,0.0,149.0,0.0,20.0,-20.0,-30.0,0.800000012,0.0799999982,4.0,0.0,RF mapping
2965.1869759999972,2965.4369759999972,0.785398185,149.0,0.0,20.0,20.0,20.0,0.800000012,0.0799999982,4.0,0.785,RF mapping
2965.4539839999925,2965.7039839999925,1.57079637,149.0,0.0,20.0,0.0,-30.0,0.800000012,0.0799999982,4.0,1.571,RF mapping
2965.703999999998,2965.953999999998,1.57079637,149.0,0.0,20.0,-30.0,20.0,0.800000012,0.0799999982,4.0,1.571,RF mapping
2965.970975999997,2966.220975999997,0.0,149.0,0.0,20.0,10.0,-30.0,0.800000012,0.0799999982,4.0,0.0,RF mapping
2966.237983999992,2966.487983999992,0.785398185,149.0,0.0,20.0,-30.0,10.0,0.800000012,0.0799999982,4.0,0.785,RF mapping
2966.5049919999874,2966.7549919999874,0.785398185,149.0,0.0,20.0,20.0,-10.0,0.800000012,0.0799999982,4.0,0.785,RF mapping
2966.770976,2967.020976,1.57079637,149.0,0.0,20.0,-10.0,-20.0,0.800000012,0.0799999982,4.0,1.571,RF mapping
2967.037983999995,2967.287983999995,0.0,149.0,0.0,20.0,0.0,-20.0,0.800000012,0.0799999982,4.0,0.0,RF mapping
2967.3049919999903,2967.5549919999903,0.0,149.0,0.0,20.0,10.0,20.0,0.800000012,0.0799999982,4.0,0.0,RF mapping
2967.570975999988,2967.820975999988,0.785398185,149.0,0.0,20.0,20.0,0.0,0.800000012,0.0799999982,4.0,0.785,RF mapping
2967.837983999998,2968.087983999998,0.0,149.0,0.0,20.0,-20.0,30.0,0.800000012,0.0799999982,4.0,0.0,RF mapping
2968.104991999993,2968.354991999993,1.57079637,149.0,0.0,20.0,-10.0,-30.0,0.800000012,0.0799999982,4.0,1.571,RF mapping
2968.370975999991,2968.620975999991,0.0,149.0,0.0,20.0,30.0,10.0,0.800000012,0.0799999982,4.0,0.0,RF mapping
2968.6379839999863,2968.8879839999863,1.57079637,149.0,0.0,20.0,-30.0,0.0,0.800000012,0.0799999982,4.0,1.571,RF mapping
2968.904991999996,2969.154991999996,0.785398185,149.0,0.0,20.0,10.0,0.0,0.800000012,0.0799999982,4.0,0.785,RF mapping
2969.170975999994,2969.420975999994,1.57079637,149.0,0.0,20.0,-10.0,-30.0,0.800000012,0.0799999982,4.0,1.571,RF mapping
2969.4379839999892,2969.6879839999892,1.57079637,149.0,0.0,20.0,10.0,-10.0,0.800000012,0.0799999982,4.0,1.571,RF mapping
2969.704991999999,2969.954991999999,0.785398185,149.0,0.0,20.0,10.0,0.0,0.800000012,0.0799999982,4.0,0.785,RF mapping
2969.970975999997,2970.220975999997,0.785398185,149.0,0.0,20.0,-20.0,30.0,0.800000012,0.0799999982,4.0,0.785,RF mapping
2970.237983999992,2970.487983999992,0.785398185,149.0,0.0,20.0,10.0,30.0,0.800000012,0.0799999982,4.0,0.785,RF mapping
2970.5049919999874,2970.7549919999874,1.57079637,149.0,0.0,20.0,20.0,10.0,0.800000012,0.0799999982,4.0,1.571,RF mapping
2970.770976,2971.020976,0.0,149.0,0.0,20.0,30.0,0.0,0.800000012,0.0799999982,4.0,0.0,RF mapping
2971.038975999996,2971.288975999996,1.57079637,149.0,0.0,20.0,-20.0,20.0,0.800000012,0.0799999982,4.0,1.571,RF mapping
2971.3049919999903,2971.5549919999903,1.57079637,149.0,0.0,20.0,-10.0,-20.0,0.800000012,0.0799999982,4.0,1.571,RF mapping
2971.572,2971.822,0.785398185,149.0,0.0,20.0,20.0,-20.0,0.800000012,0.0799999982,4.0,0.785,RF mapping
2971.838975999999,2972.088975999999,0.785398185,149.0,0.0,20.0,-10.0,-10.0,0.800000012,0.0799999982,4.0,0.785,RF mapping
2972.1059839999944,2972.3559839999944,0.785398185,149.0,0.0,20.0,-20.0,-10.0,0.800000012,0.0799999982,4.0,0.785,RF mapping
2972.3719999999885,2972.6219999999885,0.0,149.0,0.0,20.0,-30.0,10.0,0.800000012,0.0799999982,4.0,0.0,RF mapping
2972.6389759999875,2972.8889759999875,0.0,149.0,0.0,20.0,-30.0,30.0,0.800000012,0.0799999982,4.0,0.0,RF mapping
2972.904991999996,2973.154991999996,0.0,149.0,0.0,20.0,-30.0,-20.0,0.800000012,0.0799999982,4.0,0.0,RF mapping
2973.1719999999914,2973.4219999999914,1.57079637,149.0,0.0,20.0,-30.0,-30.0,0.800000012,0.0799999982,4.0,1.571,RF mapping
2973.4389759999904,2973.6889759999904,0.0,149.0,0.0,20.0,20.0,-20.0,0.800000012,0.0799999982,4.0,0.0,RF mapping
2973.705984,2973.955984,1.57079637,149.0,0.0,20.0,-30.0,-20.0,0.800000012,0.0799999982,4.0,1.571,RF mapping
2973.9729919999954,2974.2229919999954,1.57079637,149.0,0.0,20.0,-10.0,10.0,0.800000012,0.0799999982,4.0,1.571,RF mapping
2974.2389759999933,2974.4889759999933,0.0,149.0,0.0,20.0,-30.0,20.0,0.800000012,0.0799999982,4.0,0.0,RF mapping
2974.5059839999885,2974.7559839999885,0.785398185,149.0,0.0,20.0,30.0,0.0,0.800000012,0.0799999982,4.0,0.785,RF mapping
2974.7729919999983,2975.0229919999983,0.785398185,149.0,0.0,20.0,10.0,-10.0,0.800000012,0.0799999982,4.0,0.785,RF mapping
2975.0399999999936,2975.2899999999936,0.785398185,149.0,0.0,20.0,20.0,-30.0,0.800000012,0.0799999982,4.0,0.785,RF mapping
2975.3069759999926,2975.5569759999926,1.57079637,149.0,0.0,20.0,0.0,30.0,0.800000012,0.0799999982,4.0,1.571,RF mapping
2975.5729919999867,2975.8229919999867,0.785398185,149.0,0.0,20.0,-10.0,-30.0,0.800000012,0.0799999982,4.0,0.785,RF mapping
2975.8399999999965,2976.0899999999965,1.57079637,149.0,0.0,20.0,0.0,30.0,0.800000012,0.0799999982,4.0,1.571,RF mapping
2976.1069759999955,2976.3569759999955,1.57079637,149.0,0.0,20.0,-30.0,20.0,0.800000012,0.0799999982,4.0,1.571,RF mapping
2976.3729919999896,2976.6229919999896,0.0,149.0,0.0,20.0,30.0,-10.0,0.800000012,0.0799999982,4.0,0.0,RF mapping
2976.6399999999994,2976.8899999999994,1.57079637,149.0,0.0,20.0,30.0,-30.0,0.800000012,0.0799999982,4.0,1.571,RF mapping
2976.9069759999984,2977.1569759999984,0.785398185,149.0,0.0,20.0,30.0,-20.0,0.800000012,0.0799999982,4.0,0.785,RF mapping
2977.1739839999937,2977.4239839999937,0.0,149.0,0.0,20.0,30.0,-30.0,0.800000012,0.0799999982,4.0,0.0,RF mapping
2977.440991999989,2977.690991999989,0.785398185,149.0,0.0,20.0,-20.0,30.0,0.800000012,0.0799999982,4.0,0.785,RF mapping
2977.7079999999987,2977.9579999999987,1.57079637,149.0,0.0,20.0,-30.0,30.0,0.800000012,0.0799999982,4.0,1.571,RF mapping
2977.9749759999977,2978.2249759999977,1.57079637,149.0,0.0,20.0,-10.0,-10.0,0.800000012,0.0799999982,4.0,1.571,RF mapping
2978.240991999992,2978.490991999992,1.57079637,149.0,0.0,20.0,-10.0,-30.0,0.800000012,0.0799999982,4.0,1.571,RF mapping
2978.507999999987,2978.757999999987,0.0,149.0,0.0,20.0,30.0,-30.0,0.800000012,0.0799999982,4.0,0.0,RF mapping
2978.774975999986,2979.024975999986,0.0,149.0,0.0,20.0,-20.0,30.0,0.800000012,0.0799999982,4.0,0.0,RF mapping
2979.041983999996,2979.291983999996,0.0,149.0,0.0,20.0,20.0,30.0,0.800000012,0.0799999982,4.0,0.0,RF mapping
2979.308991999991,2979.558991999991,0.0,149.0,0.0,20.0,20.0,0.0,0.800000012,0.0799999982,4.0,0.0,RF mapping
2979.5759999999864,2979.8259999999864,0.0,-1.0,0.0,20.0,0.0,-20.0,0.800000012,0.0799999982,4.0,0.0,RF mapping
2979.841983999999,2980.091983999999,1.57079637,-1.0,0.0,20.0,-10.0,30.0,0.800000012,0.0799999982,4.0,1.571,RF mapping
2980.108991999994,2980.358991999994,1.57079637,150.0,0.0,20.0,10.0,0.0,0.800000012,0.0799999982,4.0,1.571,RF mapping
2980.3759999999893,2980.6259999999893,0.0,150.0,0.0,20.0,0.0,30.0,0.800000012,0.0799999982,4.0,0.0,RF mapping
2980.6429759999883,2980.8929759999883,1.57079637,150.0,0.0,20.0,30.0,30.0,0.800000012,0.0799999982,4.0,1.571,RF mapping
2980.908991999997,2981.158991999997,0.785398185,150.0,0.0,20.0,30.0,-30.0,0.800000012,0.0799999982,4.0,0.785,RF mapping
2981.175999999992,2981.425999999992,0.0,150.0,0.0,20.0,10.0,-30.0,0.800000012,0.0799999982,4.0,0.0,RF mapping
2981.442975999991,2981.692975999991,1.57079637,150.0,0.0,20.0,20.0,-20.0,0.800000012,0.0799999982,4.0,1.571,RF mapping
2981.7099839999864,2981.9599839999864,1.57079637,150.0,0.0,20.0,20.0,20.0,0.800000012,0.0799999982,4.0,1.571,RF mapping
2981.975999999995,2982.225999999995,0.785398185,150.0,0.0,20.0,30.0,30.0,0.800000012,0.0799999982,4.0,0.785,RF mapping
2982.242975999994,2982.492975999994,0.0,150.0,0.0,20.0,-30.0,-10.0,0.800000012,0.0799999982,4.0,0.0,RF mapping
2982.5099839999893,2982.7599839999893,0.0,150.0,0.0,20.0,0.0,0.0,0.800000012,0.0799999982,4.0,0.0,RF mapping
2982.776991999999,2983.026991999999,0.785398185,150.0,0.0,20.0,-20.0,-30.0,0.800000012,0.0799999982,4.0,0.785,RF mapping
2983.042975999997,2983.292975999997,1.57079637,150.0,0.0,20.0,-10.0,0.0,0.800000012,0.0799999982,4.0,1.571,RF mapping
2983.3099839999923,2983.5599839999923,0.785398185,150.0,0.0,20.0,10.0,-30.0,0.800000012,0.0799999982,4.0,0.785,RF mapping
2983.5769919999875,2983.8269919999875,0.785398185,150.0,0.0,20.0,-30.0,-10.0,0.800000012,0.0799999982,4.0,0.785,RF mapping
2983.8439999999973,2984.0939999999973,1.57079637,150.0,0.0,20.0,20.0,-20.0,0.800000012,0.0799999982,4.0,1.571,RF mapping
2984.1109759999963,2984.3609759999963,0.0,150.0,0.0,20.0,10.0,20.0,0.800000012,0.0799999982,4.0,0.0,RF mapping
2984.3769919999904,2984.6269919999904,1.57079637,150.0,0.0,20.0,30.0,30.0,0.800000012,0.0799999982,4.0,1.571,RF mapping
2984.6439999999857,2984.8939999999857,1.57079637,150.0,0.0,20.0,-20.0,30.0,0.800000012,0.0799999982,4.0,1.571,RF mapping
2984.910975999999,2985.160975999999,1.57079637,150.0,0.0,20.0,-20.0,10.0,0.800000012,0.0799999982,4.0,1.571,RF mapping
2985.1779839999945,2985.4279839999945,0.0,150.0,0.0,20.0,10.0,-20.0,0.800000012,0.0799999982,4.0,0.0,RF mapping
2985.4449919999897,2985.6949919999897,0.0,150.0,0.0,20.0,-20.0,10.0,0.800000012,0.0799999982,4.0,0.0,RF mapping
2985.7109759999876,2985.9609759999876,1.57079637,150.0,0.0,20.0,20.0,20.0,0.800000012,0.0799999982,4.0,1.571,RF mapping
2985.9779839999974,2986.2279839999974,0.0,150.0,0.0,20.0,-20.0,-20.0,0.800000012,0.0799999982,4.0,0.0,RF mapping
2986.2449919999926,2986.4949919999926,0.785398185,150.0,0.0,20.0,-10.0,0.0,0.800000012,0.0799999982,4.0,0.785,RF mapping
2986.5109759999905,2986.7609759999905,1.57079637,150.0,0.0,20.0,0.0,0.0,0.800000012,0.0799999982,4.0,1.571,RF mapping
2986.7779839999857,2987.0279839999857,0.785398185,150.0,0.0,20.0,-30.0,-10.0,0.800000012,0.0799999982,4.0,0.785,RF mapping
2987.0449919999955,2987.2949919999955,0.0,150.0,0.0,20.0,0.0,-10.0,0.800000012,0.0799999982,4.0,0.0,RF mapping
2987.311999999991,2987.561999999991,0.0,150.0,0.0,20.0,-10.0,20.0,0.800000012,0.0799999982,4.0,0.0,RF mapping
2987.5779839999886,2987.8279839999886,0.0,150.0,0.0,20.0,10.0,-30.0,0.800000012,0.0799999982,4.0,0.0,RF mapping
2987.8449919999985,2988.0949919999985,0.0,150.0,0.0,20.0,-20.0,-20.0,0.800000012,0.0799999982,4.0,0.0,RF mapping
2988.1119999999937,2988.3619999999937,0.785398185,150.0,0.0,20.0,30.0,10.0,0.800000012,0.0799999982,4.0,0.785,RF mapping
2988.3789759999927,2988.6289759999927,0.785398185,150.0,0.0,20.0,20.0,20.0,0.800000012,0.0799999982,4.0,0.785,RF mapping
2988.645983999988,2988.895983999988,1.57079637,150.0,0.0,20.0,20.0,20.0,0.800000012,0.0799999982,4.0,1.571,RF mapping
2988.9119999999966,2989.1619999999966,0.0,150.0,0.0,20.0,0.0,-20.0,0.800000012,0.0799999982,4.0,0.0,RF mapping
2989.1789759999956,2989.4289759999956,1.57079637,150.0,0.0,20.0,10.0,0.0,0.800000012,0.0799999982,4.0,1.571,RF mapping
2989.445983999991,2989.695983999991,0.0,150.0,0.0,20.0,-10.0,10.0,0.800000012,0.0799999982,4.0,0.0,RF mapping
2989.712991999986,2989.962991999986,0.785398185,150.0,0.0,20.0,10.0,-20.0,0.800000012,0.0799999982,4.0,0.785,RF mapping
2989.979999999996,2990.229999999996,1.57079637,150.0,0.0,20.0,-20.0,20.0,0.800000012,0.0799999982,4.0,1.571,RF mapping
2990.2459839999938,2990.4959839999938,1.57079637,150.0,0.0,20.0,20.0,-20.0,0.800000012,0.0799999982,4.0,1.571,RF mapping
2990.512991999989,2990.762991999989,0.0,150.0,0.0,20.0,10.0,30.0,0.800000012,0.0799999982,4.0,0.0,RF mapping
2990.779999999999,2991.029999999999,1.57079637,150.0,0.0,20.0,30.0,20.0,0.800000012,0.0799999982,4.0,1.571,RF mapping
2991.0459839999967,2991.2959839999967,0.785398185,150.0,0.0,20.0,-30.0,-10.0,0.800000012,0.0799999982,4.0,0.785,RF mapping
2991.312991999992,2991.562991999992,0.0,150.0,0.0,20.0,-20.0,10.0,0.800000012,0.0799999982,4.0,0.0,RF mapping
2991.57897599999,2991.82897599999,0.785398185,150.0,0.0,20.0,-30.0,20.0,0.800000012,0.0799999982,4.0,0.785,RF mapping
2991.8459839999996,2992.0959839999996,0.0,150.0,0.0,20.0,0.0,30.0,0.800000012,0.0799999982,4.0,0.0,RF mapping
2992.112991999995,2992.362991999995,0.0,150.0,0.0,20.0,30.0,20.0,0.800000012,0.0799999982,4.0,0.0,RF mapping
2992.37999999999,2992.62999999999,0.785398185,150.0,0.0,20.0,30.0,10.0,0.800000012,0.0799999982,4.0,0.785,RF mapping
2992.646975999989,2992.896975999989,1.57079637,150.0,0.0,20.0,-10.0,-10.0,0.800000012,0.0799999982,4.0,1.571,RF mapping
2992.9129919999978,2993.1629919999978,1.57079637,150.0,0.0,20.0,20.0,-30.0,0.800000012,0.0799999982,4.0,1.571,RF mapping
2993.179999999993,2993.429999999993,1.57079637,150.0,0.0,20.0,30.0,20.0,0.800000012,0.0799999982,4.0,1.571,RF mapping
2993.446975999992,2993.696975999992,1.57079637,150.0,0.0,20.0,-20.0,-30.0,0.800000012,0.0799999982,4.0,1.571,RF mapping
2993.712991999986,2993.962991999986,0.0,150.0,0.0,20.0,20.0,30.0,0.800000012,0.0799999982,4.0,0.0,RF mapping
2993.979999999996,2994.229999999996,0.785398185,150.0,0.0,20.0,-30.0,10.0,0.800000012,0.0799999982,4.0,0.785,RF mapping
2994.246975999995,2994.496975999995,1.57079637,150.0,0.0,20.0,0.0,0.0,0.800000012,0.0799999982,4.0,1.571,RF mapping
2994.512991999989,2994.762991999989,1.57079637,150.0,0.0,20.0,0.0,30.0,0.800000012,0.0799999982,4.0,1.571,RF mapping
2994.780992,2995.030992,1.57079637,150.0,0.0,20.0,20.0,0.0,0.800000012,0.0799999982,4.0,1.571,RF mapping
2995.046975999998,2995.296975999998,1.57079637,150.0,0.0,20.0,-10.0,10.0,0.800000012,0.0799999982,4.0,1.571,RF mapping
2995.313983999993,2995.563983999993,0.0,150.0,0.0,20.0,0.0,-20.0,0.800000012,0.0799999982,4.0,0.0,RF mapping
2995.5809919999883,2995.8309919999883,0.0,150.0,0.0,20.0,30.0,20.0,0.800000012,0.0799999982,4.0,0.0,RF mapping
2995.846975999986,2996.096975999986,0.785398185,150.0,0.0,20.0,-30.0,-10.0,0.800000012,0.0799999982,4.0,0.785,RF mapping
2996.113983999996,2996.363983999996,1.57079637,150.0,0.0,20.0,30.0,30.0,0.800000012,0.0799999982,4.0,1.571,RF mapping
2996.3809919999912,2996.6309919999912,0.785398185,150.0,0.0,20.0,-20.0,-10.0,0.800000012,0.0799999982,4.0,0.785,RF mapping
2996.6479999999865,2996.8979999999865,0.0,150.0,0.0,20.0,10.0,30.0,0.800000012,0.0799999982,4.0,0.0,RF mapping
2996.914976,2997.164976,0.0,150.0,0.0,20.0,20.0,-30.0,0.800000012,0.0799999982,4.0,0.0,RF mapping
2997.1819839999953,2997.4319839999953,0.785398185,150.0,0.0,20.0,0.0,30.0,0.800000012,0.0799999982,4.0,0.785,RF mapping
2997.4489919999905,2997.6989919999905,0.0,150.0,0.0,20.0,0.0,10.0,0.800000012,0.0799999982,4.0,0.0,RF mapping
2997.715999999986,2997.965999999986,0.0,150.0,0.0,20.0,-30.0,20.0,0.800000012,0.0799999982,4.0,0.0,RF mapping
2997.9829759999993,2998.2329759999993,0.0,150.0,0.0,20.0,-20.0,-30.0,0.800000012,0.0799999982,4.0,0.0,RF mapping
2998.2499839999946,2998.4999839999946,1.57079637,150.0,0.0,20.0,-10.0,20.0,0.800000012,0.0799999982,4.0,1.571,RF mapping
2998.51699199999,2998.76699199999,0.0,150.0,0.0,20.0,-30.0,-20.0,0.800000012,0.0799999982,4.0,0.0,RF mapping
2998.7839999999997,2999.0339999999997,0.785398185,150.0,0.0,20.0,0.0,20.0,0.800000012,0.0799999982,4.0,0.785,RF mapping
2999.0499839999975,2999.2999839999975,1.57079637,150.0,0.0,20.0,-20.0,20.0,0.800000012,0.0799999982,4.0,1.571,RF mapping
2999.3169919999928,2999.5669919999928,0.785398185,150.0,0.0,20.0,-30.0,10.0,0.800000012,0.0799999982,4.0,0.785,RF mapping
2999.583999999988,2999.833999999988,1.57079637,-1.0,0.0,20.0,0.0,0.0,0.800000012,0.0799999982,4.0,1.571,RF mapping
2999.850975999987,3000.100975999987,0.785398185,-1.0,0.0,20.0,20.0,10.0,0.800000012,0.0799999982,4.0,0.785,RF mapping
3000.1169919999957,3000.3669919999957,0.785398185,151.0,0.0,20.0,10.0,0.0,0.800000012,0.0799999982,4.0,0.785,RF mapping
3000.383999999991,3000.633999999991,0.785398185,151.0,0.0,20.0,-30.0,-30.0,0.800000012,0.0799999982,4.0,0.785,RF mapping
3000.65097599999,3000.90097599999,1.57079637,151.0,0.0,20.0,30.0,20.0,0.800000012,0.0799999982,4.0,1.571,RF mapping
3000.9169919999986,3001.1669919999986,1.57079637,151.0,0.0,20.0,20.0,-10.0,0.800000012,0.0799999982,4.0,1.571,RF mapping
3001.183999999994,3001.433999999994,0.0,151.0,0.0,20.0,20.0,0.0,0.800000012,0.0799999982,4.0,0.0,RF mapping
3001.450975999993,3001.700975999993,0.0,151.0,0.0,20.0,-10.0,-10.0,0.800000012,0.0799999982,4.0,0.0,RF mapping
3001.717983999988,3001.967983999988,0.785398185,151.0,0.0,20.0,-20.0,-30.0,0.800000012,0.0799999982,4.0,0.785,RF mapping
3001.9839999999967,3002.2339999999967,1.57079637,151.0,0.0,20.0,-20.0,0.0,0.800000012,0.0799999982,4.0,1.571,RF mapping
3002.2509759999957,3002.5009759999957,1.57079637,151.0,0.0,20.0,0.0,30.0,0.800000012,0.0799999982,4.0,1.571,RF mapping
3002.517983999991,3002.767983999991,1.57079637,151.0,0.0,20.0,-30.0,-10.0,0.800000012,0.0799999982,4.0,1.571,RF mapping
3002.7839999999997,3003.0339999999997,0.0,151.0,0.0,20.0,30.0,30.0,0.800000012,0.0799999982,4.0,0.0,RF mapping
3003.0509759999986,3003.3009759999986,0.0,151.0,0.0,20.0,0.0,-20.0,0.800000012,0.0799999982,4.0,0.0,RF mapping
3003.317983999994,3003.567983999994,1.57079637,151.0,0.0,20.0,-20.0,-20.0,0.800000012,0.0799999982,4.0,1.571,RF mapping
3003.583999999988,3003.833999999988,0.0,151.0,0.0,20.0,20.0,10.0,0.800000012,0.0799999982,4.0,0.0,RF mapping
3003.850975999987,3004.100975999987,0.0,151.0,0.0,20.0,10.0,0.0,0.800000012,0.0799999982,4.0,0.0,RF mapping
3004.117983999997,3004.367983999997,0.785398185,151.0,0.0,20.0,-20.0,10.0,0.800000012,0.0799999982,4.0,0.785,RF mapping
3004.384031999987,3004.634031999987,0.785398185,151.0,0.0,20.0,-10.0,30.0,0.800000012,0.0799999982,4.0,0.785,RF mapping
3004.65097599999,3004.90097599999,1.57079637,151.0,0.0,20.0,-30.0,-20.0,0.800000012,0.0799999982,4.0,1.571,RF mapping
3004.9179839999997,3005.1679839999997,0.0,151.0,0.0,20.0,-10.0,-10.0,0.800000012,0.0799999982,4.0,0.0,RF mapping
3005.184991999995,3005.434991999995,1.57079637,151.0,0.0,20.0,0.0,-30.0,0.800000012,0.0799999982,4.0,1.571,RF mapping
3005.450975999993,3005.700975999993,1.57079637,151.0,0.0,20.0,10.0,30.0,0.800000012,0.0799999982,4.0,1.571,RF mapping
3005.717983999988,3005.967983999988,0.785398185,151.0,0.0,20.0,20.0,-30.0,0.800000012,0.0799999982,4.0,0.785,RF mapping
3005.984991999998,3006.234991999998,0.0,151.0,0.0,20.0,-20.0,-20.0,0.800000012,0.0799999982,4.0,0.0,RF mapping
3006.251999999993,3006.501999999993,0.0,151.0,0.0,20.0,-30.0,-20.0,0.800000012,0.0799999982,4.0,0.0,RF mapping
3006.518975999992,3006.768975999992,0.0,151.0,0.0,20.0,-10.0,10.0,0.800000012,0.0799999982,4.0,0.0,RF mapping
3006.7859839999874,3007.0359839999874,0.0,151.0,0.0,20.0,-10.0,-20.0,0.800000012,0.0799999982,4.0,0.0,RF mapping
3007.0520319999923,3007.3020319999923,1.57079637,151.0,0.0,20.0,30.0,20.0,0.800000012,0.0799999982,4.0,1.571,RF mapping
3007.318975999995,3007.568975999995,0.0,151.0,0.0,20.0,20.0,-20.0,0.800000012,0.0799999982,4.0,0.0,RF mapping
3007.5859839999903,3007.8359839999903,1.57079637,151.0,0.0,20.0,30.0,-20.0,0.800000012,0.0799999982,4.0,1.571,RF mapping
3007.851999999999,3008.101999999999,0.785398185,151.0,0.0,20.0,-10.0,-10.0,0.800000012,0.0799999982,4.0,0.785,RF mapping
3008.118975999998,3008.368975999998,0.785398185,151.0,0.0,20.0,-10.0,10.0,0.800000012,0.0799999982,4.0,0.785,RF mapping
3008.385983999993,3008.635983999993,1.57079637,151.0,0.0,20.0,-20.0,0.0,0.800000012,0.0799999982,4.0,1.571,RF mapping
3008.6519999999873,3008.9019999999873,1.57079637,151.0,0.0,20.0,-30.0,30.0,0.800000012,0.0799999982,4.0,1.571,RF mapping
3008.9189759999863,3009.1689759999863,1.57079637,151.0,0.0,20.0,20.0,0.0,0.800000012,0.0799999982,4.0,1.571,RF mapping
3009.185983999996,3009.435983999996,0.785398185,151.0,0.0,20.0,-20.0,0.0,0.800000012,0.0799999982,4.0,0.785,RF mapping
3009.45199999999,3009.70199999999,0.0,151.0,0.0,20.0,10.0,30.0,0.800000012,0.0799999982,4.0,0.0,RF mapping
3009.718975999989,3009.968975999989,0.785398185,151.0,0.0,20.0,30.0,30.0,0.800000012,0.0799999982,4.0,0.785,RF mapping
3009.985983999999,3010.235983999999,1.57079637,151.0,0.0,20.0,0.0,30.0,0.800000012,0.0799999982,4.0,1.571,RF mapping
3010.251999999993,3010.501999999993,0.0,151.0,0.0,20.0,0.0,-10.0,0.800000012,0.0799999982,4.0,0.0,RF mapping
3010.518975999992,3010.768975999992,1.57079637,151.0,0.0,20.0,30.0,-30.0,0.800000012,0.0799999982,4.0,1.571,RF mapping
3010.7859839999874,3011.0359839999874,0.785398185,151.0,0.0,20.0,0.0,30.0,0.800000012,0.0799999982,4.0,0.785,RF mapping
3011.051999999996,3011.301999999996,0.785398185,151.0,0.0,20.0,-30.0,0.0,0.800000012,0.0799999982,4.0,0.785,RF mapping
3011.3199999999924,3011.5699999999924,0.0,151.0,0.0,20.0,-30.0,-10.0,0.800000012,0.0799999982,4.0,0.0,RF mapping
3011.5859839999903,3011.8359839999903,0.785398185,151.0,0.0,20.0,30.0,-20.0,0.800000012,0.0799999982,4.0,0.785,RF mapping
3011.852992,3012.102992,0.0,151.0,0.0,20.0,-10.0,-30.0,0.800000012,0.0799999982,4.0,0.0,RF mapping
3012.1199999999953,3012.3699999999953,0.785398185,151.0,0.0,20.0,10.0,30.0,0.800000012,0.0799999982,4.0,0.785,RF mapping
3012.385983999993,3012.635983999993,0.0,151.0,0.0,20.0,-20.0,30.0,0.800000012,0.0799999982,4.0,0.0,RF mapping
3012.6529919999884,3012.9029919999884,0.785398185,151.0,0.0,20.0,-30.0,-10.0,0.800000012,0.0799999982,4.0,0.785,RF mapping
3012.9199999999983,3013.1699999999983,1.57079637,151.0,0.0,20.0,0.0,30.0,0.800000012,0.0799999982,4.0,1.571,RF mapping
3013.1869759999972,3013.4369759999972,1.57079637,151.0,0.0,20.0,10.0,30.0,0.800000012,0.0799999982,4.0,1.571,RF mapping
3013.4529919999914,3013.7029919999914,0.785398185,151.0,0.0,20.0,-30.0,-20.0,0.800000012,0.0799999982,4.0,0.785,RF mapping
3013.7199999999866,3013.9699999999866,1.57079637,151.0,0.0,20.0,-20.0,-20.0,0.800000012,0.0799999982,4.0,1.571,RF mapping
3013.986976,3014.236976,0.785398185,151.0,0.0,20.0,30.0,30.0,0.800000012,0.0799999982,4.0,0.785,RF mapping
3014.2529919999943,3014.5029919999943,1.57079637,151.0,0.0,20.0,-10.0,-20.0,0.800000012,0.0799999982,4.0,1.571,RF mapping
3014.5199999999895,3014.7699999999895,0.785398185,151.0,0.0,20.0,10.0,20.0,0.800000012,0.0799999982,4.0,0.785,RF mapping
3014.7869759999885,3015.0369759999885,0.0,151.0,0.0,20.0,-30.0,20.0,0.800000012,0.0799999982,4.0,0.0,RF mapping
3015.0539839999983,3015.3039839999983,1.57079637,151.0,0.0,20.0,20.0,0.0,0.800000012,0.0799999982,4.0,1.571,RF mapping
3015.3199999999924,3015.5699999999924,0.785398185,151.0,0.0,20.0,30.0,-30.0,0.800000012,0.0799999982,4.0,0.785,RF mapping
3015.5869759999914,3015.8369759999914,1.57079637,151.0,0.0,20.0,10.0,30.0,0.800000012,0.0799999982,4.0,1.571,RF mapping
3015.8539839999867,3016.1039839999867,0.785398185,151.0,0.0,20.0,0.0,20.0,0.800000012,0.0799999982,4.0,0.785,RF mapping
3016.1209919999965,3016.3709919999965,1.57079637,151.0,0.0,20.0,30.0,0.0,0.800000012,0.0799999982,4.0,1.571,RF mapping
3016.370975999991,3016.620975999991,0.0,151.0,0.0,20.0,-30.0,-10.0,0.800000012,0.0799999982,4.0,0.0,RF mapping
3016.6379839999863,3016.8879839999863,0.785398185,151.0,0.0,20.0,-30.0,0.0,0.800000012,0.0799999982,4.0,0.785,RF mapping
3016.903999999995,3017.153999999995,0.0,151.0,0.0,20.0,10.0,30.0,0.800000012,0.0799999982,4.0,0.0,RF mapping
3017.170975999994,3017.420975999994,0.0,151.0,0.0,20.0,-20.0,20.0,0.800000012,0.0799999982,4.0,0.0,RF mapping
3017.4379839999892,3017.6879839999892,0.785398185,151.0,0.0,20.0,-10.0,10.0,0.800000012,0.0799999982,4.0,0.785,RF mapping
3017.704991999999,3017.954991999999,1.57079637,151.0,0.0,20.0,30.0,10.0,0.800000012,0.0799999982,4.0,1.571,RF mapping
3017.9719999999943,3018.2219999999943,1.57079637,151.0,0.0,20.0,0.0,0.0,0.800000012,0.0799999982,4.0,1.571,RF mapping
3018.237983999992,3018.487983999992,1.57079637,151.0,0.0,20.0,0.0,-20.0,0.800000012,0.0799999982,4.0,1.571,RF mapping
3018.5049919999874,3018.7549919999874,1.57079637,151.0,0.0,20.0,-10.0,10.0,0.800000012,0.0799999982,4.0,1.571,RF mapping
3018.771999999997,3019.021999999997,1.57079637,151.0,0.0,20.0,0.0,-20.0,0.800000012,0.0799999982,4.0,1.571,RF mapping
3019.038975999996,3019.288975999996,0.0,151.0,0.0,20.0,-30.0,10.0,0.800000012,0.0799999982,4.0,0.0,RF mapping
3019.3059839999914,3019.5559839999914,1.57079637,151.0,0.0,20.0,-10.0,-30.0,0.800000012,0.0799999982,4.0,1.571,RF mapping
3019.5729919999867,3019.8229919999867,1.57079637,-1.0,0.0,20.0,30.0,0.0,0.800000012,0.0799999982,4.0,1.571,RF mapping
3019.838975999999,3020.088975999999,0.785398185,-1.0,0.0,20.0,-30.0,20.0,0.800000012,0.0799999982,4.0,0.785,RF mapping
3020.1059839999944,3020.3559839999944,1.57079637,152.0,0.0,20.0,0.0,-20.0,0.800000012,0.0799999982,4.0,1.571,RF mapping
3020.3729919999896,3020.6229919999896,1.57079637,152.0,0.0,20.0,10.0,10.0,0.800000012,0.0799999982,4.0,1.571,RF mapping
3020.6399999999994,3020.8899999999994,0.0,152.0,0.0,20.0,10.0,-30.0,0.800000012,0.0799999982,4.0,0.0,RF mapping
3020.9069759999984,3021.1569759999984,0.785398185,152.0,0.0,20.0,30.0,10.0,0.800000012,0.0799999982,4.0,0.785,RF mapping
3021.1729919999925,3021.4229919999925,1.57079637,152.0,0.0,20.0,0.0,30.0,0.800000012,0.0799999982,4.0,1.571,RF mapping
3021.439999999988,3021.689999999988,0.785398185,152.0,0.0,20.0,0.0,-10.0,0.800000012,0.0799999982,4.0,0.785,RF mapping
3021.7069759999868,3021.9569759999868,0.785398185,152.0,0.0,20.0,-20.0,20.0,0.800000012,0.0799999982,4.0,0.785,RF mapping
3021.9739839999966,3022.2239839999966,0.785398185,152.0,0.0,20.0,-10.0,30.0,0.800000012,0.0799999982,4.0,0.785,RF mapping
3022.240031999987,3022.490031999987,1.57079637,152.0,0.0,20.0,-20.0,30.0,0.800000012,0.0799999982,4.0,1.571,RF mapping
3022.5069759999897,3022.7569759999897,0.785398185,152.0,0.0,20.0,10.0,20.0,0.800000012,0.0799999982,4.0,0.785,RF mapping
3022.7739839999995,3023.0239839999995,1.57079637,152.0,0.0,20.0,-10.0,20.0,0.800000012,0.0799999982,4.0,1.571,RF mapping
3023.0399999999936,3023.2899999999936,0.785398185,152.0,0.0,20.0,-20.0,-20.0,0.800000012,0.0799999982,4.0,0.785,RF mapping
3023.30799999999,3023.55799999999,1.57079637,152.0,0.0,20.0,20.0,-10.0,0.800000012,0.0799999982,4.0,1.571,RF mapping
3023.574975999989,3023.824975999989,0.0,152.0,0.0,20.0,30.0,30.0,0.800000012,0.0799999982,4.0,0.0,RF mapping
3023.8409919999976,3024.0909919999976,0.0,152.0,0.0,20.0,10.0,0.0,0.800000012,0.0799999982,4.0,0.0,RF mapping
3024.107999999993,3024.357999999993,0.0,152.0,0.0,20.0,-20.0,10.0,0.800000012,0.0799999982,4.0,0.0,RF mapping
3024.374975999992,3024.624975999992,0.785398185,152.0,0.0,20.0,20.0,20.0,0.800000012,0.0799999982,4.0,0.785,RF mapping
3024.640991999986,3024.890991999986,0.0,152.0,0.0,20.0,30.0,30.0,0.800000012,0.0799999982,4.0,0.0,RF mapping
3024.907999999996,3025.157999999996,1.57079637,152.0,0.0,20.0,-20.0,0.0,0.800000012,0.0799999982,4.0,1.571,RF mapping
3025.174975999995,3025.424975999995,0.785398185,152.0,0.0,20.0,-30.0,-10.0,0.800000012,0.0799999982,4.0,0.785,RF mapping
3025.44198399999,3025.69198399999,0.0,152.0,0.0,20.0,-10.0,20.0,0.800000012,0.0799999982,4.0,0.0,RF mapping
3025.708992,3025.958992,0.0,152.0,0.0,20.0,-30.0,0.0,0.800000012,0.0799999982,4.0,0.0,RF mapping
3025.975999999995,3026.225999999995,1.57079637,152.0,0.0,20.0,0.0,20.0,0.800000012,0.0799999982,4.0,1.571,RF mapping
3026.242975999994,3026.492975999994,0.785398185,152.0,0.0,20.0,0.0,20.0,0.800000012,0.0799999982,4.0,0.785,RF mapping
3026.508991999988,3026.758991999988,0.785398185,152.0,0.0,20.0,10.0,-30.0,0.800000012,0.0799999982,4.0,0.785,RF mapping
3026.775999999998,3027.025999999998,0.0,152.0,0.0,20.0,-30.0,20.0,0.800000012,0.0799999982,4.0,0.0,RF mapping
3027.042975999997,3027.292975999997,1.57079637,152.0,0.0,20.0,-10.0,20.0,0.800000012,0.0799999982,4.0,1.571,RF mapping
3027.308991999991,3027.558991999991,0.0,152.0,0.0,20.0,-30.0,0.0,0.800000012,0.0799999982,4.0,0.0,RF mapping
3027.5769919999875,3027.8269919999875,1.57079637,152.0,0.0,20.0,0.0,10.0,0.800000012,0.0799999982,4.0,1.571,RF mapping
3027.8439999999973,3028.0939999999973,0.0,152.0,0.0,20.0,-20.0,30.0,0.800000012,0.0799999982,4.0,0.0,RF mapping
3028.109983999995,3028.359983999995,0.0,152.0,0.0,20.0,0.0,-30.0,0.800000012,0.0799999982,4.0,0.0,RF mapping
3028.3770239999867,3028.6270239999867,1.57079637,152.0,0.0,20.0,10.0,-20.0,0.800000012,0.0799999982,4.0,1.571,RF mapping
3028.6439999999857,3028.8939999999857,0.0,152.0,0.0,20.0,20.0,30.0,0.800000012,0.0799999982,4.0,0.0,RF mapping
3028.910975999999,3029.160975999999,0.785398185,152.0,0.0,20.0,0.0,-20.0,0.800000012,0.0799999982,4.0,0.785,RF mapping
3029.1769919999933,3029.4269919999933,1.57079637,152.0,0.0,20.0,20.0,10.0,0.800000012,0.0799999982,4.0,1.571,RF mapping
3029.4439999999886,3029.6939999999886,0.0,152.0,0.0,20.0,-10.0,-10.0,0.800000012,0.0799999982,4.0,0.0,RF mapping
3029.7109759999876,3029.9609759999876,1.57079637,152.0,0.0,20.0,-10.0,20.0,0.800000012,0.0799999982,4.0,1.571,RF mapping
3029.9769919999962,3030.2269919999962,0.785398185,152.0,0.0,20.0,-10.0,10.0,0.800000012,0.0799999982,4.0,0.785,RF mapping
3030.2439999999915,3030.4939999999915,0.785398185,152.0,0.0,20.0,30.0,-10.0,0.800000012,0.0799999982,4.0,0.785,RF mapping
3030.5109759999905,3030.7609759999905,1.57079637,152.0,0.0,20.0,10.0,30.0,0.800000012,0.0799999982,4.0,1.571,RF mapping
3030.776991999999,3031.026991999999,0.0,152.0,0.0,20.0,30.0,30.0,0.800000012,0.0799999982,4.0,0.0,RF mapping
3031.0439999999944,3031.2939999999944,0.0,152.0,0.0,20.0,-20.0,-30.0,0.800000012,0.0799999982,4.0,0.0,RF mapping
3031.311999999991,3031.561999999991,1.57079637,152.0,0.0,20.0,30.0,-20.0,0.800000012,0.0799999982,4.0,1.571,RF mapping
3031.57897599999,3031.82897599999,0.785398185,152.0,0.0,20.0,20.0,0.0,0.800000012,0.0799999982,4.0,0.785,RF mapping
3031.8449919999985,3032.0949919999985,0.0,152.0,0.0,20.0,0.0,-10.0,0.800000012,0.0799999982,4.0,0.0,RF mapping
3032.1119999999937,3032.3619999999937,0.0,152.0,0.0,20.0,0.0,0.0,0.800000012,0.0799999982,4.0,0.0,RF mapping
3032.3789759999927,3032.6289759999927,0.0,152.0,0.0,20.0,20.0,-20.0,0.800000012,0.0799999982,4.0,0.0,RF mapping
3032.645983999988,3032.895983999988,1.57079637,152.0,0.0,20.0,-30.0,20.0,0.800000012,0.0799999982,4.0,1.571,RF mapping
3032.9119999999966,3033.1619999999966,1.57079637,152.0,0.0,20.0,20.0,20.0,0.800000012,0.0799999982,4.0,1.571,RF mapping
3033.1789759999956,3033.4289759999956,0.0,152.0,0.0,20.0,10.0,-10.0,0.800000012,0.0799999982,4.0,0.0,RF mapping
3033.445983999991,3033.695983999991,1.57079637,152.0,0.0,20.0,-30.0,0.0,0.800000012,0.0799999982,4.0,1.571,RF mapping
3033.7119999999995,3033.9619999999995,0.785398185,152.0,0.0,20.0,0.0,-20.0,0.800000012,0.0799999982,4.0,0.785,RF mapping
3033.9789759999985,3034.2289759999985,0.0,152.0,0.0,20.0,0.0,10.0,0.800000012,0.0799999982,4.0,0.0,RF mapping
3034.2459839999938,3034.4959839999938,1.57079637,152.0,0.0,20.0,-20.0,20.0,0.800000012,0.0799999982,4.0,1.571,RF mapping
3034.512991999989,3034.762991999989,1.57079637,152.0,0.0,20.0,30.0,-30.0,0.800000012,0.0799999982,4.0,1.571,RF mapping
3034.779999999999,3035.029999999999,0.785398185,152.0,0.0,20.0,-20.0,20.0,0.800000012,0.0799999982,4.0,0.785,RF mapping
3035.0459839999967,3035.2959839999967,0.0,152.0,0.0,20.0,30.0,30.0,0.800000012,0.0799999982,4.0,0.0,RF mapping
3035.312991999992,3035.562991999992,1.57079637,152.0,0.0,20.0,0.0,0.0,0.800000012,0.0799999982,4.0,1.571,RF mapping
3035.579999999987,3035.829999999987,0.785398185,152.0,0.0,20.0,20.0,-20.0,0.800000012,0.0799999982,4.0,0.785,RF mapping
3035.846975999986,3036.096975999986,0.0,152.0,0.0,20.0,20.0,10.0,0.800000012,0.0799999982,4.0,0.0,RF mapping
3036.112991999995,3036.362991999995,0.785398185,152.0,0.0,20.0,-20.0,20.0,0.800000012,0.0799999982,4.0,0.785,RF mapping
3036.3809919999912,3036.6309919999912,0.785398185,152.0,0.0,20.0,-20.0,-20.0,0.800000012,0.0799999982,4.0,0.785,RF mapping
3036.6479999999865,3036.8979999999865,1.57079637,152.0,0.0,20.0,-20.0,-10.0,0.800000012,0.0799999982,4.0,1.571,RF mapping
3036.913983999999,3037.163983999999,0.0,152.0,0.0,20.0,20.0,30.0,0.800000012,0.0799999982,4.0,0.0,RF mapping
3037.180991999994,3037.430991999994,1.57079637,152.0,0.0,20.0,20.0,10.0,0.800000012,0.0799999982,4.0,1.571,RF mapping
3037.4479999999894,3037.6979999999894,0.785398185,152.0,0.0,20.0,0.0,30.0,0.800000012,0.0799999982,4.0,0.785,RF mapping
3037.7139839999872,3037.9639839999872,0.0,152.0,0.0,20.0,-30.0,-10.0,0.800000012,0.0799999982,4.0,0.0,RF mapping
3037.980991999997,3038.230991999997,0.0,152.0,0.0,20.0,30.0,-20.0,0.800000012,0.0799999982,4.0,0.0,RF mapping
3038.2479999999923,3038.4979999999923,1.57079637,152.0,0.0,20.0,-10.0,-30.0,0.800000012,0.0799999982,4.0,1.571,RF mapping
3038.5149759999913,3038.7649759999913,0.785398185,152.0,0.0,20.0,-30.0,-10.0,0.800000012,0.0799999982,4.0,0.785,RF mapping
3038.780992,3039.030992,0.785398185,152.0,0.0,20.0,-20.0,10.0,0.800000012,0.0799999982,4.0,0.785,RF mapping
3039.047999999995,3039.297999999995,0.785398185,152.0,0.0,20.0,10.0,-10.0,0.800000012,0.0799999982,4.0,0.785,RF mapping
3039.314975999994,3039.564975999994,0.785398185,152.0,0.0,20.0,-30.0,-30.0,0.800000012,0.0799999982,4.0,0.785,RF mapping
3039.5809919999883,3039.8309919999883,0.785398185,-1.0,0.0,20.0,10.0,10.0,0.800000012,0.0799999982,4.0,0.785,RF mapping
3039.847999999998,3040.097999999998,0.785398185,-1.0,0.0,20.0,-10.0,-10.0,0.800000012,0.0799999982,4.0,0.785,RF mapping
3040.114975999997,3040.364975999997,0.0,153.0,0.0,20.0,0.0,20.0,0.800000012,0.0799999982,4.0,0.0,RF mapping
3040.3819839999924,3040.6319839999924,0.0,153.0,0.0,20.0,-30.0,30.0,0.800000012,0.0799999982,4.0,0.0,RF mapping
3040.6489919999876,3040.8989919999876,1.57079637,153.0,0.0,20.0,0.0,-10.0,0.800000012,0.0799999982,4.0,1.571,RF mapping
3040.914976,3041.164976,1.57079637,153.0,0.0,20.0,0.0,-30.0,0.800000012,0.0799999982,4.0,1.571,RF mapping
3041.1819839999953,3041.4319839999953,1.57079637,153.0,0.0,20.0,-10.0,20.0,0.800000012,0.0799999982,4.0,1.571,RF mapping
3041.4489919999905,3041.6989919999905,0.785398185,153.0,0.0,20.0,10.0,-30.0,0.800000012,0.0799999982,4.0,0.785,RF mapping
3041.715999999986,3041.965999999986,1.57079637,153.0,0.0,20.0,-10.0,-20.0,0.800000012,0.0799999982,4.0,1.571,RF mapping
3041.9830079999956,3042.2330079999956,0.0,153.0,0.0,20.0,-30.0,-20.0,0.800000012,0.0799999982,4.0,0.0,RF mapping
3042.2499839999946,3042.4999839999946,1.57079637,153.0,0.0,20.0,-20.0,0.0,0.800000012,0.0799999982,4.0,1.571,RF mapping
3042.51699199999,3042.76699199999,0.0,153.0,0.0,20.0,-10.0,10.0,0.800000012,0.0799999982,4.0,0.0,RF mapping
3042.7839999999997,3043.0339999999997,1.57079637,153.0,0.0,20.0,30.0,30.0,0.800000012,0.0799999982,4.0,1.571,RF mapping
3043.0509759999986,3043.3009759999986,1.57079637,153.0,0.0,20.0,-20.0,10.0,0.800000012,0.0799999982,4.0,1.571,RF mapping
3043.317983999994,3043.567983999994,1.57079637,153.0,0.0,20.0,30.0,20.0,0.800000012,0.0799999982,4.0,1.571,RF mapping
3043.584991999989,3043.834991999989,1.57079637,153.0,0.0,20.0,-10.0,0.0,0.800000012,0.0799999982,4.0,1.571,RF mapping
3043.850975999987,3044.100975999987,0.0,153.0,0.0,20.0,-20.0,20.0,0.800000012,0.0799999982,4.0,0.0,RF mapping
3044.117983999997,3044.367983999997,1.57079637,153.0,0.0,20.0,-20.0,-30.0,0.800000012,0.0799999982,4.0,1.571,RF mapping
3044.384991999992,3044.634991999992,0.0,153.0,0.0,20.0,30.0,0.0,0.800000012,0.0799999982,4.0,0.0,RF mapping
3044.65097599999,3044.90097599999,0.0,153.0,0.0,20.0,-30.0,0.0,0.800000012,0.0799999982,4.0,0.0,RF mapping
3044.9179839999997,3045.1679839999997,0.0,153.0,0.0,20.0,20.0,20.0,0.800000012,0.0799999982,4.0,0.0,RF mapping
3045.185983999996,3045.435983999996,0.785398185,153.0,0.0,20.0,10.0,0.0,0.800000012,0.0799999982,4.0,0.785,RF mapping
3045.45199999999,3045.70199999999,0.785398185,153.0,0.0,20.0,30.0,-10.0,0.800000012,0.0799999982,4.0,0.785,RF mapping
3045.718975999989,3045.968975999989,0.785398185,153.0,0.0,20.0,-20.0,-20.0,0.800000012,0.0799999982,4.0,0.785,RF mapping
3045.985983999999,3046.235983999999,1.57079637,153.0,0.0,20.0,30.0,20.0,0.800000012,0.0799999982,4.0,1.571,RF mapping
3046.2529919999943,3046.5029919999943,1.57079637,153.0,0.0,20.0,-30.0,0.0,0.800000012,0.0799999982,4.0,1.571,RF mapping
3046.518975999992,3046.768975999992,0.0,153.0,0.0,20.0,0.0,20.0,0.800000012,0.0799999982,4.0,0.0,RF mapping
3046.7859839999874,3047.0359839999874,0.785398185,153.0,0.0,20.0,-20.0,10.0,0.800000012,0.0799999982,4.0,0.785,RF mapping
3047.052991999997,3047.302991999997,1.57079637,153.0,0.0,20.0,30.0,-30.0,0.800000012,0.0799999982,4.0,1.571,RF mapping
3047.3199999999924,3047.5699999999924,1.57079637,153.0,0.0,20.0,-30.0,10.0,0.800000012,0.0799999982,4.0,1.571,RF mapping
3047.5859839999903,3047.8359839999903,1.57079637,153.0,0.0,20.0,-30.0,10.0,0.800000012,0.0799999982,4.0,1.571,RF mapping
3047.852992,3048.102992,0.0,153.0,0.0,20.0,-20.0,0.0,0.800000012,0.0799999982,4.0,0.0,RF mapping
3048.1199999999953,3048.3699999999953,0.0,153.0,0.0,20.0,0.0,20.0,0.800000012,0.0799999982,4.0,0.0,RF mapping
3048.385983999993,3048.635983999993,0.785398185,153.0,0.0,20.0,30.0,20.0,0.800000012,0.0799999982,4.0,0.785,RF mapping
3048.6529919999884,3048.9029919999884,0.0,153.0,0.0,20.0,-20.0,30.0,0.800000012,0.0799999982,4.0,0.0,RF mapping
3048.9199999999983,3049.1699999999983,0.0,153.0,0.0,20.0,-30.0,-10.0,0.800000012,0.0799999982,4.0,0.0,RF mapping
3049.1869759999972,3049.4369759999972,0.785398185,153.0,0.0,20.0,-10.0,20.0,0.800000012,0.0799999982,4.0,0.785,RF mapping
3049.4529919999914,3049.7029919999914,0.0,153.0,0.0,20.0,-10.0,20.0,0.800000012,0.0799999982,4.0,0.0,RF mapping
3049.7199999999866,3049.9699999999866,0.785398185,153.0,0.0,20.0,0.0,-10.0,0.800000012,0.0799999982,4.0,0.785,RF mapping
3049.986976,3050.236976,0.0,153.0,0.0,20.0,10.0,-10.0,0.800000012,0.0799999982,4.0,0.0,RF mapping
3050.2539839999954,3050.5039839999954,0.785398185,153.0,0.0,20.0,20.0,-20.0,0.800000012,0.0799999982,4.0,0.785,RF mapping
3050.5209919999907,3050.7709919999907,0.785398185,153.0,0.0,20.0,20.0,-10.0,0.800000012,0.0799999982,4.0,0.785,RF mapping
3050.7869759999885,3051.0369759999885,0.0,153.0,0.0,20.0,-10.0,10.0,0.800000012,0.0799999982,4.0,0.0,RF mapping
3051.0539839999983,3051.3039839999983,0.785398185,153.0,0.0,20.0,10.0,10.0,0.800000012,0.0799999982,4.0,0.785,RF mapping
3051.32102399999,3051.57102399999,0.785398185,153.0,0.0,20.0,-20.0,-30.0,0.800000012,0.0799999982,4.0,0.785,RF mapping
3051.587999999989,3051.837999999989,1.57079637,153.0,0.0,20.0,10.0,-10.0,0.800000012,0.0799999982,4.0,1.571,RF mapping
3051.8539839999867,3052.1039839999867,1.57079637,153.0,0.0,20.0,0.0,10.0,0.800000012,0.0799999982,4.0,1.571,RF mapping
3052.1209919999965,3052.3709919999965,0.0,153.0,0.0,20.0,0.0,-10.0,0.800000012,0.0799999982,4.0,0.0,RF mapping
3052.3879999999917,3052.6379999999917,1.57079637,153.0,0.0,20.0,-20.0,-10.0,0.800000012,0.0799999982,4.0,1.571,RF mapping
3052.6549759999907,3052.9049759999907,0.0,153.0,0.0,20.0,20.0,0.0,0.800000012,0.0799999982,4.0,0.0,RF mapping
3052.9209919999994,3053.1709919999994,0.785398185,153.0,0.0,20.0,30.0,20.0,0.800000012,0.0799999982,4.0,0.785,RF mapping
3053.1879999999946,3053.4379999999946,0.785398185,153.0,0.0,20.0,-10.0,10.0,0.800000012,0.0799999982,4.0,0.785,RF mapping
3053.4549759999936,3053.7049759999936,1.57079637,153.0,0.0,20.0,30.0,30.0,0.800000012,0.0799999982,4.0,1.571,RF mapping
3053.704991999999,3053.954991999999,0.0,153.0,0.0,20.0,30.0,-30.0,0.800000012,0.0799999982,4.0,0.0,RF mapping
3053.9719999999943,3054.2219999999943,0.0,153.0,0.0,20.0,30.0,-30.0,0.800000012,0.0799999982,4.0,0.0,RF mapping
3054.237983999992,3054.487983999992,1.57079637,153.0,0.0,20.0,-10.0,30.0,0.800000012,0.0799999982,4.0,1.571,RF mapping
3054.5049919999874,3054.7549919999874,1.57079637,153.0,0.0,20.0,-10.0,-20.0,0.800000012,0.0799999982,4.0,1.571,RF mapping
3054.771999999997,3055.021999999997,0.0,153.0,0.0,20.0,10.0,-30.0,0.800000012,0.0799999982,4.0,0.0,RF mapping
3055.037983999995,3055.287983999995,0.785398185,153.0,0.0,20.0,-30.0,-10.0,0.800000012,0.0799999982,4.0,0.785,RF mapping
3055.3049919999903,3055.5549919999903,0.785398185,153.0,0.0,20.0,-30.0,-30.0,0.800000012,0.0799999982,4.0,0.785,RF mapping
3055.5729919999867,3055.8229919999867,0.0,153.0,0.0,20.0,-10.0,-30.0,0.800000012,0.0799999982,4.0,0.0,RF mapping
3055.838975999999,3056.088975999999,0.0,153.0,0.0,20.0,10.0,0.0,0.800000012,0.0799999982,4.0,0.0,RF mapping
3056.1059839999944,3056.3559839999944,1.57079637,153.0,0.0,20.0,20.0,20.0,0.800000012,0.0799999982,4.0,1.571,RF mapping
3056.3729919999896,3056.6229919999896,0.0,153.0,0.0,20.0,30.0,0.0,0.800000012,0.0799999982,4.0,0.0,RF mapping
3056.6389759999875,3056.8889759999875,1.57079637,153.0,0.0,20.0,0.0,-20.0,0.800000012,0.0799999982,4.0,1.571,RF mapping
3056.9069759999984,3057.1569759999984,0.0,153.0,0.0,20.0,0.0,20.0,0.800000012,0.0799999982,4.0,0.0,RF mapping
3057.1739839999937,3057.4239839999937,0.0,153.0,0.0,20.0,-10.0,0.0,0.800000012,0.0799999982,4.0,0.0,RF mapping
3057.439999999988,3057.689999999988,1.57079637,153.0,0.0,20.0,-20.0,10.0,0.800000012,0.0799999982,4.0,1.571,RF mapping
3057.7069759999868,3057.9569759999868,0.0,153.0,0.0,20.0,-30.0,-10.0,0.800000012,0.0799999982,4.0,0.0,RF mapping
3057.9739839999966,3058.2239839999966,1.57079637,153.0,0.0,20.0,-20.0,10.0,0.800000012,0.0799999982,4.0,1.571,RF mapping
3058.2399999999907,3058.4899999999907,0.0,153.0,0.0,20.0,-20.0,0.0,0.800000012,0.0799999982,4.0,0.0,RF mapping
3058.5069759999897,3058.7569759999897,0.0,153.0,0.0,20.0,30.0,-30.0,0.800000012,0.0799999982,4.0,0.0,RF mapping
3058.7739839999995,3059.0239839999995,0.0,153.0,0.0,20.0,10.0,30.0,0.800000012,0.0799999982,4.0,0.0,RF mapping
3059.0399999999936,3059.2899999999936,0.0,153.0,0.0,20.0,20.0,0.0,0.800000012,0.0799999982,4.0,0.0,RF mapping
3059.30799999999,3059.55799999999,0.785398185,153.0,0.0,20.0,-10.0,-20.0,0.800000012,0.0799999982,4.0,0.785,RF mapping
3059.573983999988,3059.823983999988,0.785398185,-1.0,0.0,20.0,-10.0,-20.0,0.800000012,0.0799999982,4.0,0.785,RF mapping
3059.8409919999976,3060.0909919999976,0.785398185,-1.0,0.0,20.0,30.0,30.0,0.800000012,0.0799999982,4.0,0.785,RF mapping
3060.107999999993,3060.357999999993,1.57079637,154.0,0.0,20.0,20.0,-30.0,0.800000012,0.0799999982,4.0,1.571,RF mapping
3060.3739839999907,3060.6239839999907,1.57079637,154.0,0.0,20.0,0.0,-20.0,0.800000012,0.0799999982,4.0,1.571,RF mapping
3060.640991999986,3060.890991999986,0.785398185,154.0,0.0,20.0,-20.0,-30.0,0.800000012,0.0799999982,4.0,0.785,RF mapping
3060.907999999996,3061.157999999996,0.0,154.0,0.0,20.0,10.0,30.0,0.800000012,0.0799999982,4.0,0.0,RF mapping
3061.174975999995,3061.424975999995,0.0,154.0,0.0,20.0,10.0,20.0,0.800000012,0.0799999982,4.0,0.0,RF mapping
3061.440991999989,3061.690991999989,1.57079637,154.0,0.0,20.0,-30.0,-20.0,0.800000012,0.0799999982,4.0,1.571,RF mapping
3061.7079999999987,3061.9579999999987,1.57079637,154.0,0.0,20.0,0.0,-30.0,0.800000012,0.0799999982,4.0,1.571,RF mapping
3061.9739839999966,3062.2239839999966,0.0,154.0,0.0,20.0,20.0,0.0,0.800000012,0.0799999982,4.0,0.0,RF mapping
3062.240991999992,3062.490991999992,0.785398185,154.0,0.0,20.0,30.0,30.0,0.800000012,0.0799999982,4.0,0.785,RF mapping
3062.507999999987,3062.757999999987,0.785398185,154.0,0.0,20.0,30.0,-30.0,0.800000012,0.0799999982,4.0,0.785,RF mapping
3062.774975999986,3063.024975999986,0.785398185,154.0,0.0,20.0,0.0,0.0,0.800000012,0.0799999982,4.0,0.785,RF mapping
3063.041983999996,3063.291983999996,1.57079637,154.0,0.0,20.0,-30.0,0.0,0.800000012,0.0799999982,4.0,1.571,RF mapping
3063.30799999999,3063.55799999999,0.785398185,154.0,0.0,20.0,-10.0,-30.0,0.800000012,0.0799999982,4.0,0.785,RF mapping
3063.574975999989,3063.824975999989,1.57079637,154.0,0.0,20.0,-10.0,30.0,0.800000012,0.0799999982,4.0,1.571,RF mapping
3063.841983999999,3064.091983999999,0.785398185,154.0,0.0,20.0,0.0,10.0,0.800000012,0.0799999982,4.0,0.785,RF mapping
3064.108991999994,3064.358991999994,0.785398185,154.0,0.0,20.0,-10.0,-20.0,0.800000012,0.0799999982,4.0,0.785,RF mapping
3064.374975999992,3064.624975999992,0.0,154.0,0.0,20.0,0.0,-20.0,0.800000012,0.0799999982,4.0,0.0,RF mapping
3064.641983999987,3064.891983999987,0.785398185,154.0,0.0,20.0,30.0,0.0,0.800000012,0.0799999982,4.0,0.785,RF mapping
3064.908991999997,3065.158991999997,0.785398185,154.0,0.0,20.0,30.0,-30.0,0.800000012,0.0799999982,4.0,0.785,RF mapping
3065.174975999995,3065.424975999995,1.57079637,154.0,0.0,20.0,-10.0,20.0,0.800000012,0.0799999982,4.0,1.571,RF mapping
3065.44198399999,3065.69198399999,1.57079637,154.0,0.0,20.0,10.0,30.0,0.800000012,0.0799999982,4.0,1.571,RF mapping
3065.708992,3065.958992,0.785398185,154.0,0.0,20.0,30.0,-30.0,0.800000012,0.0799999982,4.0,0.785,RF mapping
3065.975999999995,3066.225999999995,0.0,154.0,0.0,20.0,-10.0,20.0,0.800000012,0.0799999982,4.0,0.0,RF mapping
3066.241983999993,3066.491983999993,0.0,154.0,0.0,20.0,-20.0,-20.0,0.800000012,0.0799999982,4.0,0.0,RF mapping
3066.508991999988,3066.758991999988,0.0,154.0,0.0,20.0,-10.0,-10.0,0.800000012,0.0799999982,4.0,0.0,RF mapping
3066.775999999998,3067.025999999998,0.785398185,154.0,0.0,20.0,-20.0,0.0,0.800000012,0.0799999982,4.0,0.785,RF mapping
3067.042975999997,3067.292975999997,0.785398185,154.0,0.0,20.0,-20.0,-30.0,0.800000012,0.0799999982,4.0,0.785,RF mapping
3067.3099839999923,3067.5599839999923,0.0,154.0,0.0,20.0,-30.0,10.0,0.800000012,0.0799999982,4.0,0.0,RF mapping
3067.5769919999875,3067.8269919999875,1.57079637,154.0,0.0,20.0,-10.0,20.0,0.800000012,0.0799999982,4.0,1.571,RF mapping
3067.8439999999973,3068.0939999999973,0.785398185,154.0,0.0,20.0,-10.0,-10.0,0.800000012,0.0799999982,4.0,0.785,RF mapping
3068.109983999995,3068.359983999995,0.785398185,154.0,0.0,20.0,-20.0,20.0,0.800000012,0.0799999982,4.0,0.785,RF mapping
3068.3769919999904,3068.6269919999904,0.785398185,154.0,0.0,20.0,-10.0,-10.0,0.800000012,0.0799999982,4.0,0.785,RF mapping
3068.6439999999857,3068.8939999999857,0.785398185,154.0,0.0,20.0,-20.0,10.0,0.800000012,0.0799999982,4.0,0.785,RF mapping
3068.910975999999,3069.160975999999,0.785398185,154.0,0.0,20.0,-20.0,30.0,0.800000012,0.0799999982,4.0,0.785,RF mapping
3069.1779839999945,3069.4279839999945,1.57079637,154.0,0.0,20.0,10.0,10.0,0.800000012,0.0799999982,4.0,1.571,RF mapping
3069.4449919999897,3069.6949919999897,0.785398185,154.0,0.0,20.0,0.0,20.0,0.800000012,0.0799999982,4.0,0.785,RF mapping
3069.7119999999995,3069.9619999999995,0.785398185,154.0,0.0,20.0,20.0,30.0,0.800000012,0.0799999982,4.0,0.785,RF mapping
3069.9779839999974,3070.2279839999974,0.0,154.0,0.0,20.0,-10.0,-20.0,0.800000012,0.0799999982,4.0,0.0,RF mapping
3070.2449919999926,3070.4949919999926,0.785398185,154.0,0.0,20.0,20.0,30.0,0.800000012,0.0799999982,4.0,0.785,RF mapping
3070.511999999988,3070.761999999988,0.0,154.0,0.0,20.0,30.0,30.0,0.800000012,0.0799999982,4.0,0.0,RF mapping
3070.7779839999857,3071.0279839999857,0.0,154.0,0.0,20.0,0.0,-30.0,0.800000012,0.0799999982,4.0,0.0,RF mapping
3071.0449919999955,3071.2949919999955,1.57079637,154.0,0.0,20.0,-30.0,30.0,0.800000012,0.0799999982,4.0,1.571,RF mapping
3071.311999999991,3071.561999999991,0.785398185,154.0,0.0,20.0,10.0,-30.0,0.800000012,0.0799999982,4.0,0.785,RF mapping
3071.57897599999,3071.82897599999,0.0,154.0,0.0,20.0,-10.0,10.0,0.800000012,0.0799999982,4.0,0.0,RF mapping
3071.8459839999996,3072.0959839999996,0.785398185,154.0,0.0,20.0,-30.0,-10.0,0.800000012,0.0799999982,4.0,0.785,RF mapping
3072.112991999995,3072.362991999995,0.0,154.0,0.0,20.0,-20.0,-20.0,0.800000012,0.0799999982,4.0,0.0,RF mapping
3072.37999999999,3072.62999999999,1.57079637,154.0,0.0,20.0,0.0,-10.0,0.800000012,0.0799999982,4.0,1.571,RF mapping
3072.646975999989,3072.896975999989,0.785398185,154.0,0.0,20.0,-10.0,10.0,0.800000012,0.0799999982,4.0,0.785,RF mapping
3072.913983999999,3073.163983999999,0.0,154.0,0.0,20.0,-20.0,10.0,0.800000012,0.0799999982,4.0,0.0,RF mapping
3073.180991999994,3073.430991999994,0.785398185,154.0,0.0,20.0,-30.0,20.0,0.800000012,0.0799999982,4.0,0.785,RF mapping
3073.4479999999894,3073.6979999999894,0.785398185,154.0,0.0,20.0,0.0,-30.0,0.800000012,0.0799999982,4.0,0.785,RF mapping
3073.7139839999872,3073.9639839999872,1.57079637,154.0,0.0,20.0,30.0,0.0,0.800000012,0.0799999982,4.0,1.571,RF mapping
3073.980991999997,3074.230991999997,0.785398185,154.0,0.0,20.0,10.0,10.0,0.800000012,0.0799999982,4.0,0.785,RF mapping
3074.2479999999923,3074.4979999999923,0.0,154.0,0.0,20.0,10.0,-30.0,0.800000012,0.0799999982,4.0,0.0,RF mapping
3074.5149759999913,3074.7649759999913,0.0,154.0,0.0,20.0,20.0,-30.0,0.800000012,0.0799999982,4.0,0.0,RF mapping
3074.780992,3075.030992,1.57079637,154.0,0.0,20.0,10.0,-20.0,0.800000012,0.0799999982,4.0,1.571,RF mapping
3075.047999999995,3075.297999999995,1.57079637,154.0,0.0,20.0,20.0,30.0,0.800000012,0.0799999982,4.0,1.571,RF mapping
3075.314975999994,3075.564975999994,0.785398185,154.0,0.0,20.0,20.0,20.0,0.800000012,0.0799999982,4.0,0.785,RF mapping
3075.5819839999895,3075.8319839999895,0.785398185,154.0,0.0,20.0,20.0,20.0,0.800000012,0.0799999982,4.0,0.785,RF mapping
3075.8489919999993,3076.0989919999993,0.0,154.0,0.0,20.0,-10.0,0.0,0.800000012,0.0799999982,4.0,0.0,RF mapping
3076.114975999997,3076.364975999997,0.0,154.0,0.0,20.0,30.0,0.0,0.800000012,0.0799999982,4.0,0.0,RF mapping
3076.3819839999924,3076.6319839999924,1.57079637,154.0,0.0,20.0,-10.0,10.0,0.800000012,0.0799999982,4.0,1.571,RF mapping
3076.6489919999876,3076.8989919999876,1.57079637,154.0,0.0,20.0,0.0,-20.0,0.800000012,0.0799999982,4.0,1.571,RF mapping
3076.9159999999974,3077.1659999999974,1.57079637,154.0,0.0,20.0,20.0,-10.0,0.800000012,0.0799999982,4.0,1.571,RF mapping
3077.1829759999964,3077.4329759999964,0.785398185,154.0,0.0,20.0,0.0,30.0,0.800000012,0.0799999982,4.0,0.785,RF mapping
3077.4489919999905,3077.6989919999905,0.785398185,154.0,0.0,20.0,-10.0,0.0,0.800000012,0.0799999982,4.0,0.785,RF mapping
3077.715999999986,3077.965999999986,0.785398185,154.0,0.0,20.0,0.0,10.0,0.800000012,0.0799999982,4.0,0.785,RF mapping
3077.9829759999993,3078.2329759999993,0.0,154.0,0.0,20.0,-20.0,30.0,0.800000012,0.0799999982,4.0,0.0,RF mapping
3078.2499839999946,3078.4999839999946,0.0,154.0,0.0,20.0,20.0,-20.0,0.800000012,0.0799999982,4.0,0.0,RF mapping
3078.5159999999887,3078.7659999999887,1.57079637,154.0,0.0,20.0,20.0,10.0,0.800000012,0.0799999982,4.0,1.571,RF mapping
3078.7829759999877,3079.0329759999877,0.0,154.0,0.0,20.0,-20.0,0.0,0.800000012,0.0799999982,4.0,0.0,RF mapping
3079.0499839999975,3079.2999839999975,0.0,154.0,0.0,20.0,20.0,-30.0,0.800000012,0.0799999982,4.0,0.0,RF mapping
3079.3159999999916,3079.5659999999916,1.57079637,154.0,0.0,20.0,-30.0,20.0,0.800000012,0.0799999982,4.0,1.571,RF mapping
3079.5829759999906,3079.8329759999906,0.0,-1.0,0.0,20.0,0.0,0.0,0.800000012,0.0799999982,4.0,0.0,RF mapping
3079.849983999986,3080.099983999986,1.57079637,-1.0,0.0,20.0,-20.0,10.0,0.800000012,0.0799999982,4.0,1.571,RF mapping
3080.1159999999945,3080.3659999999945,0.785398185,155.0,0.0,20.0,-10.0,20.0,0.800000012,0.0799999982,4.0,0.785,RF mapping
3080.383999999991,3080.633999999991,0.785398185,155.0,0.0,20.0,-20.0,20.0,0.800000012,0.0799999982,4.0,0.785,RF mapping
3080.6499839999888,3080.8999839999888,0.785398185,155.0,0.0,20.0,-10.0,20.0,0.800000012,0.0799999982,4.0,0.785,RF mapping
3080.9169919999986,3081.1669919999986,1.57079637,155.0,0.0,20.0,20.0,-10.0,0.800000012,0.0799999982,4.0,1.571,RF mapping
3081.183999999994,3081.433999999994,0.0,155.0,0.0,20.0,0.0,-10.0,0.800000012,0.0799999982,4.0,0.0,RF mapping
3081.4499839999917,3081.6999839999917,0.0,155.0,0.0,20.0,30.0,-30.0,0.800000012,0.0799999982,4.0,0.0,RF mapping
3081.716991999987,3081.966991999987,0.785398185,155.0,0.0,20.0,-30.0,30.0,0.800000012,0.0799999982,4.0,0.785,RF mapping
3081.9839999999967,3082.2339999999967,1.57079637,155.0,0.0,20.0,20.0,-30.0,0.800000012,0.0799999982,4.0,1.571,RF mapping
3082.2509759999957,3082.5009759999957,1.57079637,155.0,0.0,20.0,20.0,20.0,0.800000012,0.0799999982,4.0,1.571,RF mapping
3082.51699199999,3082.76699199999,0.785398185,155.0,0.0,20.0,-20.0,10.0,0.800000012,0.0799999982,4.0,0.785,RF mapping
3082.7839999999997,3083.0339999999997,0.785398185,155.0,0.0,20.0,0.0,0.0,0.800000012,0.0799999982,4.0,0.785,RF mapping
3083.0509759999986,3083.3009759999986,0.0,155.0,0.0,20.0,-10.0,-10.0,0.800000012,0.0799999982,4.0,0.0,RF mapping
3083.317983999994,3083.567983999994,0.0,155.0,0.0,20.0,-30.0,0.0,0.800000012,0.0799999982,4.0,0.0,RF mapping
3083.584991999989,3083.834991999989,0.785398185,155.0,0.0,20.0,0.0,0.0,0.800000012,0.0799999982,4.0,0.785,RF mapping
3083.850975999987,3084.100975999987,0.785398185,155.0,0.0,20.0,0.0,-10.0,0.800000012,0.0799999982,4.0,0.785,RF mapping
3084.117983999997,3084.367983999997,0.785398185,155.0,0.0,20.0,-10.0,30.0,0.800000012,0.0799999982,4.0,0.785,RF mapping
3084.384991999992,3084.634991999992,0.0,155.0,0.0,20.0,-10.0,0.0,0.800000012,0.0799999982,4.0,0.0,RF mapping
3084.6519999999873,3084.9019999999873,0.0,155.0,0.0,20.0,-10.0,0.0,0.800000012,0.0799999982,4.0,0.0,RF mapping
3084.9179839999997,3085.1679839999997,0.0,155.0,0.0,20.0,-20.0,-10.0,0.800000012,0.0799999982,4.0,0.0,RF mapping
3085.184991999995,3085.434991999995,1.57079637,155.0,0.0,20.0,0.0,-30.0,0.800000012,0.0799999982,4.0,1.571,RF mapping
3085.45199999999,3085.70199999999,0.785398185,155.0,0.0,20.0,-20.0,10.0,0.800000012,0.0799999982,4.0,0.785,RF mapping
3085.717983999988,3085.967983999988,1.57079637,155.0,0.0,20.0,20.0,-20.0,0.800000012,0.0799999982,4.0,1.571,RF mapping
3085.984991999998,3086.234991999998,0.785398185,155.0,0.0,20.0,10.0,-30.0,0.800000012,0.0799999982,4.0,0.785,RF mapping
3086.251999999993,3086.501999999993,0.0,155.0,0.0,20.0,30.0,-20.0,0.800000012,0.0799999982,4.0,0.0,RF mapping
3086.518975999992,3086.768975999992,0.785398185,155.0,0.0,20.0,-30.0,30.0,0.800000012,0.0799999982,4.0,0.785,RF mapping
3086.7859839999874,3087.0359839999874,0.785398185,155.0,0.0,20.0,-30.0,-30.0,0.800000012,0.0799999982,4.0,0.785,RF mapping
3087.051999999996,3087.301999999996,0.0,155.0,0.0,20.0,10.0,-10.0,0.800000012,0.0799999982,4.0,0.0,RF mapping
3087.318975999995,3087.568975999995,0.785398185,155.0,0.0,20.0,10.0,20.0,0.800000012,0.0799999982,4.0,0.785,RF mapping
3087.5860159999866,3087.8360159999866,0.785398185,155.0,0.0,20.0,-10.0,-30.0,0.800000012,0.0799999982,4.0,0.785,RF mapping
3087.852992,3088.102992,0.785398185,155.0,0.0,20.0,10.0,30.0,0.800000012,0.0799999982,4.0,0.785,RF mapping
3088.118975999998,3088.368975999998,1.57079637,155.0,0.0,20.0,-10.0,30.0,0.800000012,0.0799999982,4.0,1.571,RF mapping
